{"type":"FeatureCollection","features":[{"type":"Feature","geometry":{"type":"Polygon","coordinates":[[[11.06912,49.4525],[11.06622,49.44815],[11.08593,49.44582],[11.10473,49.44781],[11.10828,49.44922],[11.11207,49.45706],[11.09817,49.45105],[11.08646,49.45297],[11.06912,49.4525]]]},"properties":{"plz":"90402","name":"90402 Nürnberg"}},{"type":"Feature","geometry":{"type":"Polygon","coordinates":[[[11.08646,49.45297],[11.08933,49.45766],[11.08151,49.45878],[11.07315,49.45845],[11.06955,49.45466],[11.06912,49.4525],[11.08646,49.45297]]]},"properties":{"plz":"90403","name":"90403 Nürnberg"}},{"type":"Feature","geometry":{"type":"Polygon","coordinates":[[[11.08151,49.45878],[11.08166,49.47235],[11.06812,49.46944],[11.07315,49.45845],[11.08151,49.45878]]]},"properties":{"plz":"90408","name":"90408 Nürnberg"}},{"type":"Feature","geometry":{"type":"Polygon","coordinates":[[[11.08933,49.45766],[11.098,49.46706],[11.10343,49.47345],[11.09444,49.47259],[11.08166,49.47235],[11.08151,49.45878],[11.08933,49.45766]]]},"properties":{"plz":"90409","name":"90409 Nürnberg"}},{"type":"Feature","geometry":{"type":"Polygon","coordinates":[[[11.10343,49.47345],[11.12805,49.47666],[11.12993,49.48842],[11.12317,49.49127],[11.12018,49.51288],[11.11408,49.51504],[11.09589,49.50773],[11.09726,49.50099],[11.07589,49.50382],[11.07672,49.50809],[11.05297,49.5039],[11.0545,49.4976],[11.06622,49.49282],[11.08316,49.49229],[11.08193,49.48437],[11.09363,49.48443],[11.09444,49.47259],[11.10343,49.47345]]]},"properties":{"plz":"90411","name":"90411 Nürnberg"}},{"type":"Feature","geometry":{"type":"Polygon","coordinates":[[[11.07315,49.45845],[11.06812,49.46944],[11.05169,49.46426],[11.03639,49.46651],[11.03259,49.46524],[11.05061,49.4563],[11.06955,49.45466],[11.07315,49.45845]]]},"properties":{"plz":"90419","name":"90419 Nürnberg"}},{"type":"Feature","geometry":{"type":"Polygon","coordinates":[[[11.08166,49.47235],[11.09444,49.47259],[11.09363,49.48443],[11.08193,49.48437],[11.0592,49.48409],[11.05632,49.48686],[11.03657,49.48555],[11.05049,49.47435],[11.03639,49.46651],[11.05169,49.46426],[11.06812,49.46944],[11.08166,49.47235]]]},"properties":{"plz":"90425","name":"90425 Nürnberg"}},{"type":"Feature","geometry":{"type":"Polygon","coordinates":[[[11.09589,49.50773],[11.05905,49.50903],[11.06644,49.52017],[11.07841,49.51972],[11.0523,49.53174],[11.03919,49.53036],[11.03148,49.53566],[11.01596,49.53578],[10.99159,49.54075],[10.98873,49.53654],[10.99274,49.52688],[11.0039,49.52251],[10.99942,49.51371],[11.01392,49.50753],[11.02848,49.50872],[11.02355,49.49855],[11.01446,49.49258],[11.02329,49.48107],[11.02477,49.4716],[11.01662,49.4692],[11.03259,49.46524],[11.03639,49.46651],[11.05049,49.47435],[11.03657,49.48555],[11.05632,49.48686],[11.0592,49.48409],[11.08193,49.48437],[11.08316,49.49229],[11.06622,49.49282],[11.0545,49.4976],[11.05297,49.5039],[11.07672,49.50809],[11.07589,49.50382],[11.09726,49.50099],[11.09589,49.50773]]]},"properties":{"plz":"90427","name":"90427 Nürnberg"}},{"type":"Feature","geometry":{"type":"Polygon","coordinates":[[[11.06912,49.4525],[11.06955,49.45466],[11.05061,49.4563],[11.03259,49.46524],[11.01662,49.4692],[11.01155,49.46494],[11.03929,49.45605],[11.04896,49.44737],[11.05528,49.44496],[11.06622,49.44815],[11.06912,49.4525]]]},"properties":{"plz":"90429","name":"90429 Nürnberg"}},{"type":"Feature","geometry":{"type":"Polygon","coordinates":[[[11.01155,49.46494],[11.00898,49.45454],[10.99785,49.4487],[11.0068,49.43546],[11.02619,49.4282],[11.03896,49.4323],[11.03436,49.4474],[11.04896,49.44737],[11.03929,49.45605],[11.01155,49.46494]]]},"properties":{"plz":"90431","name":"90431 Nürnberg"}},{"type":"Feature","geometry":{"type":"Polygon","coordinates":[[[11.04896,49.44737],[11.03436,49.4474],[11.03896,49.4323],[11.06227,49.4413],[11.05528,49.44496],[11.04896,49.44737]]]},"properties":{"plz":"90439","name":"90439 Nürnberg"}},{"type":"Feature","geometry":{"type":"Polygon","coordinates":[[[11.02619,49.4282],[11.03765,49.42317],[11.06562,49.41343],[11.06751,49.42047],[11.08173,49.41858],[11.07329,49.42113],[11.07629,49.43056],[11.06334,49.42817],[11.06227,49.4413],[11.03896,49.4323],[11.02619,49.4282]]]},"properties":{"plz":"90441","name":"90441 Nürnberg"}},{"type":"Feature","geometry":{"type":"Polygon","coordinates":[[[11.06622,49.44815],[11.05528,49.44496],[11.06227,49.4413],[11.06334,49.42817],[11.07629,49.43056],[11.07581,49.44406],[11.08593,49.44582],[11.06622,49.44815]]]},"properties":{"plz":"90443","name":"90443 Nürnberg"}},{"type":"Feature","geometry":{"type":"Polygon","coordinates":[[[10.99785,49.4487],[11.00042,49.43978],[10.99129,49.43618],[10.99863,49.42601],[11.00846,49.41811],[11.02215,49.4176],[11.03368,49.41119],[11.03765,49.42317],[11.02619,49.4282],[11.0068,49.43546],[10.99785,49.4487]]]},"properties":{"plz":"90449","name":"90449 Nürnberg"}},{"type":"Feature","geometry":{"type":"Polygon","coordinates":[[[11.03765,49.42317],[11.03368,49.41119],[11.02215,49.4176],[11.01538,49.41078],[11.0251,49.40436],[11.02519,49.39815],[11.03895,49.39428],[11.04546,49.38722],[11.06575,49.3855],[11.07251,49.40458],[11.06562,49.41343],[11.03765,49.42317]]]},"properties":{"plz":"90451","name":"90451 Nürnberg"}},{"type":"Feature","geometry":{"type":"Polygon","coordinates":[[[11.02519,49.39815],[11.00837,49.38704],[10.99802,49.388],[10.9927,49.38142],[10.99781,49.37603],[11.01633,49.3694],[11.03298,49.37205],[11.04415,49.36352],[11.04397,49.35753],[11.05025,49.35116],[11.0639,49.35572],[11.06054,49.36956],[11.06575,49.3855],[11.04546,49.38722],[11.03895,49.39428],[11.02519,49.39815]]]},"properties":{"plz":"90453","name":"90453 Nürnberg"}},{"type":"Feature","geometry":{"type":"Polygon","coordinates":[[[11.06575,49.3855],[11.06054,49.36956],[11.0639,49.35572],[11.05025,49.35116],[11.04397,49.35753],[11.05349,49.34183],[11.06471,49.33935],[11.06958,49.33143],[11.07979,49.33936],[11.09117,49.34244],[11.08809,49.34786],[11.10956,49.35186],[11.12221,49.35744],[11.09989,49.37247],[11.12275,49.36853],[11.10661,49.37787],[11.1005,49.37705],[11.11826,49.39062],[11.10845,49.3948],[11.08197,49.39536],[11.07251,49.40458],[11.06575,49.3855]]]},"properties":{"plz":"90455","name":"90455 Nürnberg"}},{"type":"Feature","geometry":{"type":"Polygon","coordinates":[[[11.07629,49.43056],[11.08742,49.43006],[11.09016,49.44063],[11.08589,49.44539],[11.08593,49.44582],[11.07581,49.44406],[11.07629,49.43056]]]},"properties":{"plz":"90459","name":"90459 Nürnberg"}},{"type":"Feature","geometry":{"type":"Polygon","coordinates":[[[11.08173,49.41858],[11.10142,49.41125],[11.10444,49.42565],[11.1048,49.44093],[11.09038,49.44122],[11.08589,49.44539],[11.09016,49.44063],[11.08742,49.43006],[11.07629,49.43056],[11.07329,49.42113],[11.08173,49.41858]]]},"properties":{"plz":"90461","name":"90461 Nürnberg"}},{"type":"Feature","geometry":{"type":"Polygon","coordinates":[[[11.06562,49.41343],[11.07251,49.40458],[11.08197,49.39536],[11.10845,49.3948],[11.11826,49.39062],[11.12946,49.39163],[11.12795,49.39358],[11.12421,49.39843],[11.12618,49.40094],[11.10142,49.41125],[11.08173,49.41858],[11.06751,49.42047],[11.06562,49.41343]]]},"properties":{"plz":"90469","name":"90469 Nürnberg"}},{"type":"Feature","geometry":{"type":"Polygon","coordinates":[[[11.10142,49.41125],[11.12618,49.40094],[11.12421,49.39843],[11.14153,49.41092],[11.14618,49.4104],[11.14733,49.41686],[11.15999,49.42108],[11.14716,49.42608],[11.14514,49.42405],[11.1179,49.43677],[11.10444,49.42565],[11.10142,49.41125]]]},"properties":{"plz":"90471","name":"90471 Nürnberg"}},{"type":"Feature","geometry":{"type":"Polygon","coordinates":[[[11.12795,49.39358],[11.13683,49.39373],[11.15592,49.40321],[11.14618,49.4104],[11.14153,49.41092],[11.12421,49.39843],[11.12795,49.39358]]]},"properties":{"plz":"90473","name":"90473 Nürnberg"}},{"type":"Feature","geometry":{"type":"Polygon","coordinates":[[[11.12946,49.39163],[11.15715,49.38534],[11.18456,49.3853],[11.19713,49.39987],[11.20383,49.39703],[11.21916,49.39963],[11.22582,49.40814],[11.24622,49.40687],[11.25597,49.40326],[11.26442,49.41012],[11.26231,49.41644],[11.2826,49.4166],[11.26856,49.43723],[11.27857,49.42995],[11.30242,49.43224],[11.28333,49.43755],[11.27523,49.45441],[11.25997,49.45236],[11.24803,49.45789],[11.22537,49.44615],[11.21174,49.44845],[11.21199,49.45705],[11.20136,49.46497],[11.18846,49.46749],[11.16116,49.45915],[11.14924,49.45843],[11.13898,49.4508],[11.15286,49.45332],[11.14826,49.44358],[11.13722,49.44683],[11.13011,49.4403],[11.13258,49.43232],[11.14716,49.42608],[11.15999,49.42108],[11.14733,49.41686],[11.14618,49.4104],[11.15592,49.40321],[11.13683,49.39373],[11.12795,49.39358],[11.12946,49.39163]]]},"properties":{"plz":"90475","name":"90475 Nürnberg"}},{"type":"Feature","geometry":{"type":"Polygon","coordinates":[[[11.08593,49.44582],[11.08589,49.44539],[11.09038,49.44122],[11.1048,49.44093],[11.10444,49.42565],[11.1179,49.43677],[11.10473,49.44781],[11.08593,49.44582]]]},"properties":{"plz":"90478","name":"90478 Nürnberg"}},{"type":"Feature","geometry":{"type":"Polygon","coordinates":[[[11.10473,49.44781],[11.1179,49.43677],[11.14514,49.42405],[11.14716,49.42608],[11.13258,49.43232],[11.13011,49.4403],[11.13722,49.44683],[11.14826,49.44358],[11.15286,49.45332],[11.13898,49.4508],[11.14924,49.45843],[11.1455,49.46167],[11.13124,49.45862],[11.10828,49.44922],[11.10473,49.44781]]]},"properties":{"plz":"90480","name":"90480 Nürnberg"}},{"type":"Feature","geometry":{"type":"Polygon","coordinates":[[[11.10828,49.44922],[11.13124,49.45862],[11.1455,49.46167],[11.14924,49.45843],[11.16116,49.45915],[11.18846,49.46749],[11.17953,49.47446],[11.17648,49.46981],[11.16478,49.47213],[11.14876,49.46934],[11.13525,49.47103],[11.12861,49.46261],[11.11599,49.45825],[11.11207,49.45706],[11.10828,49.44922]]]},"properties":{"plz":"90482","name":"90482 Nürnberg"}},{"type":"Feature","geometry":{"type":"Polygon","coordinates":[[[11.11207,49.45706],[11.11599,49.45825],[11.10739,49.45887],[11.098,49.46706],[11.08933,49.45766],[11.08646,49.45297],[11.09817,49.45105],[11.11207,49.45706]]]},"properties":{"plz":"90489","name":"90489 Nürnberg"}},{"type":"Feature","geometry":{"type":"Polygon","coordinates":[[[11.098,49.46706],[11.10739,49.45887],[11.11599,49.45825],[11.12861,49.46261],[11.13525,49.47103],[11.14876,49.46934],[11.16478,49.47213],[11.17648,49.46981],[11.17953,49.47446],[11.17987,49.47596],[11.15029,49.4731],[11.14328,49.48757],[11.12993,49.48842],[11.12805,49.47666],[11.10343,49.47345],[11.098,49.46706]]]},"properties":{"plz":"90491","name":"90491 Nürnberg"}},{"type":"Feature","geometry":{"type":"Polygon","coordinates":[[[10.86949,49.435],[10.8814,49.42127],[10.87581,49.41317],[10.88771,49.41046],[10.90888,49.41518],[10.92853,49.40412],[10.9416,49.40449],[10.93916,49.41448],[10.94743,49.42286],[10.94728,49.4326],[10.95849,49.43137],[10.98461,49.44518],[10.98148,49.45303],[10.97122,49.45186],[10.96317,49.45826],[10.933,49.45855],[10.91122,49.4627],[10.91009,49.44784],[10.88915,49.44806],[10.89701,49.43249],[10.8853,49.43838],[10.86949,49.435]]]},"properties":{"plz":"90513","name":"90513 Zirndorf"}},{"type":"Feature","geometry":{"type":"Polygon","coordinates":[[[11.34686,49.40809],[11.31148,49.39764],[11.31664,49.38801],[11.31305,49.37784],[11.32083,49.37498],[11.32278,49.36635],[11.33983,49.37156],[11.35624,49.37116],[11.35609,49.36275],[11.37282,49.35706],[11.39379,49.35678],[11.40629,49.36693],[11.39448,49.37005],[11.4208,49.37594],[11.4233,49.39278],[11.43811,49.39557],[11.44392,49.40581],[11.45995,49.4108],[11.45888,49.41581],[11.44538,49.41396],[11.44859,49.42175],[11.42549,49.42437],[11.41375,49.41904],[11.3746,49.43297],[11.37584,49.42388],[11.35244,49.40787],[11.34686,49.40809]]]},"properties":{"plz":"90518","name":"90518 Altdorf bei Nürnberg"}},{"type":"Feature","geometry":{"type":"Polygon","coordinates":[[[10.99129,49.43618],[10.98461,49.44518],[10.95849,49.43137],[10.94728,49.4326],[10.94743,49.42286],[10.93916,49.41448],[10.9416,49.40449],[10.95744,49.40182],[10.97553,49.41277],[10.9912,49.41314],[10.99863,49.42601],[10.99129,49.43618]]]},"properties":{"plz":"90522","name":"90522 Oberasbach"}},{"type":"Feature","geometry":{"type":"Polygon","coordinates":[[[11.07979,49.33936],[11.08585,49.31724],[11.09009,49.31386],[11.09699,49.3168],[11.09528,49.32424],[11.11046,49.32548],[11.12076,49.33375],[11.13566,49.33503],[11.15952,49.32977],[11.16938,49.33042],[11.16225,49.31947],[11.17063,49.32388],[11.17202,49.311],[11.18595,49.29781],[11.18718,49.29777],[11.18836,49.30484],[11.20245,49.30552],[11.21987,49.31593],[11.24343,49.30662],[11.25131,49.30886],[11.25184,49.31612],[11.23901,49.32096],[11.24719,49.32518],[11.24867,49.33128],[11.23778,49.33446],[11.23664,49.3426],[11.227,49.34295],[11.22701,49.3509],[11.20673,49.35374],[11.20053,49.37325],[11.19225,49.38057],[11.15565,49.37713],[11.15715,49.38534],[11.12946,49.39163],[11.11826,49.39062],[11.1005,49.37705],[11.10661,49.37787],[11.12275,49.36853],[11.09989,49.37247],[11.12221,49.35744],[11.10956,49.35186],[11.08809,49.34786],[11.09117,49.34244],[11.07979,49.33936]]]},"properties":{"plz":"90530","name":"90530 Wendelstein"}},{"type":"Feature","geometry":{"type":"Polygon","coordinates":[[[11.15715,49.38534],[11.15565,49.37713],[11.19225,49.38057],[11.20053,49.37325],[11.20673,49.35374],[11.21386,49.35896],[11.24765,49.35972],[11.26031,49.3701],[11.27503,49.36937],[11.27256,49.37343],[11.28868,49.37713],[11.28365,49.38611],[11.28816,49.39916],[11.25597,49.40326],[11.24622,49.40687],[11.22582,49.40814],[11.21916,49.39963],[11.20383,49.39703],[11.19713,49.39987],[11.18456,49.3853],[11.15715,49.38534]]]},"properties":{"plz":"90537","name":"90537 Nürnberg-Feucht, Feuchter Forst"}},{"type":"Feature","geometry":{"type":"Polygon","coordinates":[[[11.14512,49.58846],[11.15784,49.57814],[11.15113,49.57456],[11.15304,49.56392],[11.17506,49.56635],[11.19063,49.56118],[11.21599,49.56846],[11.23491,49.56745],[11.23805,49.57328],[11.24905,49.57125],[11.25956,49.57522],[11.26313,49.57062],[11.2671,49.57798],[11.28266,49.57801],[11.26816,49.58245],[11.28857,49.59284],[11.28049,49.60384],[11.2641,49.60696],[11.2525,49.59724],[11.23023,49.59851],[11.22596,49.60819],[11.21811,49.60946],[11.2079,49.60145],[11.20763,49.59436],[11.18608,49.5911],[11.18028,49.5874],[11.16958,49.59055],[11.14512,49.58846]]]},"properties":{"plz":"90542","name":"90542 Eckental"}},{"type":"Feature","geometry":{"type":"Polygon","coordinates":[[[10.99863,49.42601],[10.9912,49.41314],[10.97553,49.41277],[10.95744,49.40182],[10.9416,49.40449],[10.92853,49.40412],[10.92272,49.39894],[10.925,49.39063],[10.94196,49.38917],[10.9553,49.38199],[10.97048,49.38056],[10.97834,49.38452],[10.9927,49.38142],[10.99802,49.388],[11.00837,49.38704],[11.02519,49.39815],[11.0251,49.40436],[11.01538,49.41078],[11.02215,49.4176],[11.00846,49.41811],[10.99863,49.42601]]]},"properties":{"plz":"90547","name":"90547 Stein"}},{"type":"Feature","geometry":{"type":"Polygon","coordinates":[[[11.27523,49.45441],[11.28848,49.46597],[11.31579,49.46568],[11.30988,49.47502],[11.30402,49.47316],[11.28739,49.48273],[11.27,49.48581],[11.26079,49.49632],[11.25418,49.49419],[11.24162,49.48664],[11.22836,49.48515],[11.2199,49.4767],[11.2073,49.47323],[11.21912,49.46652],[11.20136,49.46497],[11.21199,49.45705],[11.21174,49.44845],[11.22537,49.44615],[11.24803,49.45789],[11.25997,49.45236],[11.27523,49.45441]]]},"properties":{"plz":"90552","name":"90552 Röthenbach an der Pegnitz"}},{"type":"Feature","geometry":{"type":"Polygon","coordinates":[[[10.91122,49.4627],[10.91218,49.47349],[10.90371,49.47658],[10.9021,49.48852],[10.89324,49.4958],[10.88351,49.50052],[10.86019,49.49874],[10.85621,49.49308],[10.84719,49.49516],[10.83371,49.48616],[10.83516,49.4819],[10.81128,49.48248],[10.80116,49.47574],[10.81055,49.45947],[10.79876,49.45021],[10.78546,49.45303],[10.7793,49.44672],[10.78001,49.43842],[10.7937,49.43353],[10.79371,49.4217],[10.82278,49.4216],[10.8508,49.42785],[10.86949,49.435],[10.8853,49.43838],[10.89701,49.43249],[10.88915,49.44806],[10.91009,49.44784],[10.91122,49.4627]]]},"properties":{"plz":"90556","name":"90556 Cadolzburg"}},{"type":"Feature","geometry":{"type":"Polygon","coordinates":[[[11.32278,49.36635],[11.30563,49.36074],[11.29255,49.36423],[11.29104,49.35787],[11.27335,49.35836],[11.26523,49.35156],[11.29537,49.34114],[11.305,49.34239],[11.31419,49.33714],[11.28815,49.3307],[11.27198,49.32244],[11.27792,49.31536],[11.29071,49.31317],[11.2928,49.31723],[11.30399,49.30875],[11.31696,49.30871],[11.3262,49.30252],[11.34267,49.31114],[11.3451,49.31957],[11.35948,49.31843],[11.3644,49.32616],[11.38298,49.32772],[11.39004,49.34193],[11.37715,49.34758],[11.37282,49.35706],[11.35609,49.36275],[11.35624,49.37116],[11.33983,49.37156],[11.32278,49.36635]]]},"properties":{"plz":"90559","name":"90559 Burgthann"}},{"type":"Feature","geometry":{"type":"Polygon","coordinates":[[[11.12993,49.48842],[11.14328,49.48757],[11.15029,49.4731],[11.17987,49.47596],[11.17335,49.47748],[11.16832,49.49095],[11.17771,49.49386],[11.18429,49.50254],[11.18254,49.51232],[11.18029,49.51463],[11.19247,49.53096],[11.19774,49.54478],[11.19063,49.56118],[11.17506,49.56635],[11.15304,49.56392],[11.15113,49.57456],[11.15784,49.57814],[11.14512,49.58846],[11.11781,49.58911],[11.10294,49.58456],[11.09856,49.58824],[11.08496,49.58648],[11.06526,49.58841],[11.05851,49.58629],[11.04198,49.59089],[11.03376,49.58164],[11.03255,49.55277],[11.03894,49.54349],[11.03148,49.53566],[11.03919,49.53036],[11.0523,49.53174],[11.07841,49.51972],[11.06644,49.52017],[11.05905,49.50903],[11.09589,49.50773],[11.11408,49.51504],[11.12018,49.51288],[11.12317,49.49127],[11.12993,49.48842]]]},"properties":{"plz":"90562","name":"90562 Heroldsberg"}},{"type":"Feature","geometry":{"type":"Polygon","coordinates":[[[11.20136,49.46497],[11.21912,49.46652],[11.2073,49.47323],[11.2199,49.4767],[11.22836,49.48515],[11.22501,49.49483],[11.23189,49.49847],[11.22038,49.51435],[11.20524,49.51745],[11.19679,49.50978],[11.18254,49.51232],[11.18429,49.50254],[11.17771,49.49386],[11.16832,49.49095],[11.17335,49.47748],[11.17987,49.47596],[11.17953,49.47446],[11.18846,49.46749],[11.20136,49.46497]]]},"properties":{"plz":"90571","name":"90571 Schwaig b. Nürnberg, Behringersdorfer Forst"}},{"type":"Feature","geometry":{"type":"Polygon","coordinates":[[[10.8814,49.42127],[10.86441,49.41637],[10.8532,49.41866],[10.83586,49.4165],[10.82821,49.41127],[10.83085,49.40234],[10.84439,49.39609],[10.84167,49.37909],[10.82782,49.37868],[10.82446,49.37405],[10.86777,49.35617],[10.90707,49.3554],[10.91234,49.36033],[10.92876,49.35617],[10.93768,49.37741],[10.9505,49.37464],[10.9553,49.38199],[10.94196,49.38917],[10.925,49.39063],[10.92272,49.39894],[10.92853,49.40412],[10.90888,49.41518],[10.88771,49.41046],[10.87581,49.41317],[10.8814,49.42127]]]},"properties":{"plz":"90574","name":"90574 Roßtal"}},{"type":"Feature","geometry":{"type":"Polygon","coordinates":[[[10.84719,49.49516],[10.845,49.49984],[10.83148,49.50252],[10.83155,49.51282],[10.80994,49.52977],[10.80302,49.53141],[10.79718,49.52404],[10.78737,49.52548],[10.78955,49.51018],[10.77121,49.51101],[10.75915,49.52096],[10.75594,49.51169],[10.7439,49.51463],[10.74047,49.50318],[10.7211,49.50212],[10.72468,49.48836],[10.73386,49.47071],[10.74658,49.47256],[10.75976,49.46888],[10.76057,49.46129],[10.74906,49.45592],[10.75947,49.44663],[10.7793,49.44672],[10.78546,49.45303],[10.79876,49.45021],[10.81055,49.45947],[10.80116,49.47574],[10.81128,49.48248],[10.83516,49.4819],[10.83371,49.48616],[10.84719,49.49516]]]},"properties":{"plz":"90579","name":"90579 Langenzenn"}},{"type":"Feature","geometry":{"type":"Polygon","coordinates":[[[11.20301,49.27668],[11.18126,49.28196],[11.16421,49.27689],[11.16969,49.25795],[11.16214,49.25729],[11.16358,49.24734],[11.18658,49.2463],[11.20429,49.23635],[11.19126,49.22622],[11.18607,49.21764],[11.19538,49.2132],[11.2248,49.216],[11.23523,49.20581],[11.26213,49.20787],[11.26291,49.2114],[11.31216,49.20967],[11.32229,49.20279],[11.31473,49.21448],[11.30287,49.22096],[11.29284,49.23593],[11.30343,49.24373],[11.29008,49.25036],[11.28827,49.26007],[11.2777,49.25337],[11.27731,49.25961],[11.26404,49.26056],[11.27731,49.26775],[11.29105,49.26517],[11.2838,49.272],[11.25993,49.27388],[11.24645,49.26946],[11.23885,49.27609],[11.22741,49.27449],[11.21634,49.27831],[11.20301,49.27668]]]},"properties":{"plz":"90584","name":"90584 Allersberg"}},{"type":"Feature","geometry":{"type":"Polygon","coordinates":[[[10.89324,49.4958],[10.90028,49.49562],[10.90842,49.50634],[10.91863,49.50874],[10.93421,49.50689],[10.92935,49.52668],[10.93378,49.53464],[10.93267,49.53822],[10.91507,49.54233],[10.9043,49.54903],[10.89958,49.53992],[10.88473,49.54166],[10.88365,49.53614],[10.86866,49.54279],[10.85853,49.53928],[10.83402,49.53716],[10.83339,49.5348],[10.84291,49.52209],[10.83155,49.51282],[10.83148,49.50252],[10.845,49.49984],[10.84719,49.49516],[10.85621,49.49308],[10.86019,49.49874],[10.88351,49.50052],[10.89324,49.4958]]]},"properties":{"plz":"90587","name":"90587 Veitsbronn"}},{"type":"Feature","geometry":{"type":"Polygon","coordinates":[[[11.32083,49.37498],[11.30555,49.37356],[11.28868,49.37713],[11.27256,49.37343],[11.27503,49.36937],[11.26031,49.3701],[11.24765,49.35972],[11.21386,49.35896],[11.20673,49.35374],[11.22701,49.3509],[11.227,49.34295],[11.23664,49.3426],[11.23778,49.33446],[11.24867,49.33128],[11.24719,49.32518],[11.27198,49.32244],[11.28815,49.3307],[11.31419,49.33714],[11.305,49.34239],[11.29537,49.34114],[11.26523,49.35156],[11.27335,49.35836],[11.29104,49.35787],[11.29255,49.36423],[11.30563,49.36074],[11.32278,49.36635],[11.32083,49.37498]]]},"properties":{"plz":"90592","name":"90592 Schwarzenbruck"}},{"type":"Feature","geometry":{"type":"Polygon","coordinates":[[[11.09009,49.31386],[11.09383,49.30772],[11.08737,49.28597],[11.09285,49.2857],[11.11178,49.28432],[11.1146,49.27834],[11.13675,49.28188],[11.15251,49.27689],[11.16618,49.28365],[11.18637,49.2859],[11.18595,49.29781],[11.17202,49.311],[11.17063,49.32388],[11.16225,49.31947],[11.16938,49.33042],[11.15952,49.32977],[11.13566,49.33503],[11.12076,49.33375],[11.11046,49.32548],[11.09528,49.32424],[11.09699,49.3168],[11.09009,49.31386]]]},"properties":{"plz":"90596","name":"90596 Schwanstetten"}},{"type":"Feature","geometry":{"type":"Polygon","coordinates":[[[10.59798,49.42215],[10.59306,49.41851],[10.59895,49.40589],[10.61669,49.39947],[10.60956,49.39769],[10.62927,49.39259],[10.62534,49.38679],[10.63849,49.38559],[10.65929,49.3757],[10.65162,49.37351],[10.65525,49.36716],[10.67427,49.36022],[10.69727,49.36259],[10.70658,49.3672],[10.71797,49.36612],[10.71788,49.37275],[10.72915,49.37294],[10.73148,49.383],[10.75438,49.37954],[10.77607,49.38878],[10.7432,49.40029],[10.73855,49.41493],[10.75226,49.41726],[10.73984,49.42445],[10.73828,49.43381],[10.69739,49.43592],[10.67264,49.42986],[10.67181,49.42489],[10.65333,49.42561],[10.63368,49.42113],[10.61324,49.43008],[10.61117,49.42244],[10.59798,49.42215]]]},"properties":{"plz":"90599","name":"90599 Dietenhofen"}},{"type":"Feature","geometry":{"type":"Polygon","coordinates":[[[11.18718,49.29777],[11.19897,49.28979],[11.21569,49.29241],[11.21647,49.2885],[11.20301,49.27668],[11.21634,49.27831],[11.22741,49.27449],[11.23885,49.27609],[11.24645,49.26946],[11.25993,49.27388],[11.2838,49.272],[11.29105,49.26517],[11.27731,49.26775],[11.26404,49.26056],[11.27731,49.25961],[11.2777,49.25337],[11.28827,49.26007],[11.29008,49.25036],[11.30343,49.24373],[11.32258,49.2536],[11.31657,49.26495],[11.33648,49.27877],[11.32588,49.27764],[11.32977,49.28349],[11.34179,49.28623],[11.3262,49.30252],[11.31696,49.30871],[11.30399,49.30875],[11.2928,49.31723],[11.29071,49.31317],[11.27792,49.31536],[11.27198,49.32244],[11.24719,49.32518],[11.23901,49.32096],[11.25184,49.31612],[11.25131,49.30886],[11.24343,49.30662],[11.21987,49.31593],[11.20245,49.30552],[11.18836,49.30484],[11.18718,49.29777]]]},"properties":{"plz":"90602","name":"90602 Pyrbaum"}},{"type":"Feature","geometry":{"type":"Polygon","coordinates":[[[11.25418,49.49419],[11.25553,49.50038],[11.26585,49.50253],[11.26319,49.5103],[11.25442,49.51072],[11.25602,49.51803],[11.24925,49.52469],[11.22058,49.51897],[11.22038,49.51435],[11.23189,49.49847],[11.22501,49.49483],[11.22836,49.48515],[11.24162,49.48664],[11.25418,49.49419]]]},"properties":{"plz":"90607","name":"90607 Rückersdorf"}},{"type":"Feature","geometry":{"type":"Polygon","coordinates":[[[11.25597,49.40326],[11.28816,49.39916],[11.28365,49.38611],[11.28868,49.37713],[11.30555,49.37356],[11.32083,49.37498],[11.31305,49.37784],[11.31664,49.38801],[11.31148,49.39764],[11.34686,49.40809],[11.35457,49.42133],[11.3522,49.42919],[11.32652,49.4268],[11.30242,49.43224],[11.27857,49.42995],[11.26856,49.43723],[11.2826,49.4166],[11.26231,49.41644],[11.26442,49.41012],[11.25597,49.40326]]]},"properties":{"plz":"90610","name":"90610 Winkelhaid"}},{"type":"Feature","geometry":{"type":"Polygon","coordinates":[[[10.7793,49.44672],[10.75947,49.44663],[10.75594,49.4412],[10.73828,49.43381],[10.73984,49.42445],[10.75226,49.41726],[10.73855,49.41493],[10.7432,49.40029],[10.77607,49.38878],[10.78158,49.3831],[10.801,49.38297],[10.81117,49.3736],[10.82446,49.37405],[10.82782,49.37868],[10.84167,49.37909],[10.84439,49.39609],[10.83085,49.40234],[10.82821,49.41127],[10.82278,49.4216],[10.79371,49.4217],[10.7937,49.43353],[10.78001,49.43842],[10.7793,49.44672]]]},"properties":{"plz":"90613","name":"90613 Großhabersdorf"}},{"type":"Feature","geometry":{"type":"Polygon","coordinates":[[[10.86949,49.435],[10.8508,49.42785],[10.82278,49.4216],[10.82821,49.41127],[10.83586,49.4165],[10.8532,49.41866],[10.86441,49.41637],[10.8814,49.42127],[10.86949,49.435]]]},"properties":{"plz":"90614","name":"90614 Ammerndorf"}},{"type":"Feature","geometry":{"type":"Polygon","coordinates":[[[10.69739,49.43592],[10.69862,49.44323],[10.69058,49.44472],[10.696,49.45988],[10.69288,49.47825],[10.65342,49.46862],[10.64214,49.47684],[10.63855,49.47226],[10.61561,49.46959],[10.61055,49.45866],[10.61611,49.45857],[10.61983,49.44722],[10.614,49.44585],[10.61231,49.43204],[10.59613,49.43189],[10.59798,49.42215],[10.61117,49.42244],[10.61324,49.43008],[10.63368,49.42113],[10.65333,49.42561],[10.67181,49.42489],[10.67264,49.42986],[10.69739,49.43592]]]},"properties":{"plz":"90616","name":"90616 Neuhof a.d.Zenn"}},{"type":"Feature","geometry":{"type":"Polygon","coordinates":[[[10.83155,49.51282],[10.84291,49.52209],[10.83339,49.5348],[10.81584,49.53576],[10.80994,49.52977],[10.83155,49.51282]]]},"properties":{"plz":"90617","name":"90617 Puschendorf"}},{"type":"Feature","geometry":{"type":"Polygon","coordinates":[[[10.61561,49.46959],[10.60599,49.47016],[10.60473,49.47834],[10.61107,49.48525],[10.59576,49.48948],[10.58748,49.48683],[10.59639,49.48249],[10.58648,49.47885],[10.58681,49.47287],[10.55684,49.48071],[10.55201,49.4762],[10.54529,49.48542],[10.53002,49.49094],[10.53483,49.4838],[10.52951,49.48422],[10.53714,49.47102],[10.55413,49.46616],[10.54969,49.44734],[10.55727,49.44479],[10.57243,49.43811],[10.61145,49.44853],[10.614,49.44585],[10.61983,49.44722],[10.61611,49.45857],[10.61055,49.45866],[10.61561,49.46959]]]},"properties":{"plz":"90619","name":"90619 Trautskirchen"}},{"type":"Feature","geometry":{"type":"Polygon","coordinates":[[[11.01662,49.4692],[10.99325,49.47585],[10.98663,49.48685],[10.97934,49.48058],[10.98102,49.47132],[11.01155,49.46494],[11.01662,49.4692]]]},"properties":{"plz":"90762","name":"90762 Fürth"}},{"type":"Feature","geometry":{"type":"Polygon","coordinates":[[[11.01155,49.46494],[10.98102,49.47132],[10.98148,49.45303],[10.98461,49.44518],[10.99129,49.43618],[11.00042,49.43978],[10.99785,49.4487],[11.00898,49.45454],[11.01155,49.46494]]]},"properties":{"plz":"90763","name":"90763 Fürth"}},{"type":"Feature","geometry":{"type":"Polygon","coordinates":[[[10.98873,49.53654],[10.97557,49.54095],[10.97193,49.53536],[10.96902,49.50841],[10.97568,49.50054],[10.98663,49.48685],[10.99325,49.47585],[11.01662,49.4692],[11.02477,49.4716],[11.02329,49.48107],[11.01446,49.49258],[11.02355,49.49855],[11.02848,49.50872],[11.01392,49.50753],[10.99942,49.51371],[11.0039,49.52251],[10.99274,49.52688],[10.98873,49.53654]]]},"properties":{"plz":"90765","name":"90765 Fürth"}},{"type":"Feature","geometry":{"type":"Polygon","coordinates":[[[10.98663,49.48685],[10.97568,49.50054],[10.96424,49.49525],[10.95008,49.49606],[10.94281,49.4832],[10.94887,49.47691],[10.98102,49.47132],[10.97934,49.48058],[10.98663,49.48685]]]},"properties":{"plz":"90766","name":"90766 Fürth"}},{"type":"Feature","geometry":{"type":"Polygon","coordinates":[[[10.98148,49.45303],[10.98102,49.47132],[10.94887,49.47691],[10.94281,49.4832],[10.95008,49.49606],[10.96424,49.49525],[10.97568,49.50054],[10.96902,49.50841],[10.97193,49.53536],[10.95973,49.53277],[10.93378,49.53464],[10.92935,49.52668],[10.93421,49.50689],[10.91863,49.50874],[10.90842,49.50634],[10.90028,49.49562],[10.89324,49.4958],[10.9021,49.48852],[10.90371,49.47658],[10.91218,49.47349],[10.91122,49.4627],[10.933,49.45855],[10.96317,49.45826],[10.97122,49.45186],[10.98148,49.45303]]]},"properties":{"plz":"90768","name":"90768 Fürth"}},{"type":"Feature","geometry":{"type":"Polygon","coordinates":[[[11.04198,49.59089],[11.04542,49.59416],[11.01607,49.5972],[11.01015,49.59282],[10.99697,49.59673],[10.98246,49.58897],[10.98377,49.58287],[11.00879,49.57515],[11.02692,49.58351],[11.03376,49.58164],[11.04198,49.59089]]]},"properties":{"plz":"91052","name":"91052 Erlangen"}},{"type":"Feature","geometry":{"type":"Polygon","coordinates":[[[11.06526,49.58841],[11.05944,49.59974],[11.04712,49.5981],[11.04969,49.60815],[11.03794,49.61084],[11.03913,49.61554],[11.02173,49.61626],[11.00565,49.6121],[10.99789,49.61934],[10.99688,49.61732],[10.99329,49.60777],[10.99697,49.59673],[11.01015,49.59282],[11.01607,49.5972],[11.04542,49.59416],[11.04198,49.59089],[11.05851,49.58629],[11.06526,49.58841]]]},"properties":{"plz":"91054","name":"91054 Erlangen"}},{"type":"Feature","geometry":{"type":"Polygon","coordinates":[[[10.93378,49.53464],[10.95973,49.53277],[10.97193,49.53536],[10.97557,49.54095],[10.97527,49.55387],[10.98443,49.56204],[10.98377,49.58287],[10.98246,49.58897],[10.99697,49.59673],[10.99329,49.60777],[10.99688,49.61732],[10.98736,49.61385],[10.97512,49.61606],[10.97137,49.62292],[10.95697,49.62772],[10.96049,49.63215],[10.94394,49.6359],[10.9285,49.64558],[10.91984,49.62471],[10.9274,49.60609],[10.9251,49.57623],[10.91583,49.56901],[10.92255,49.5608],[10.93727,49.56178],[10.93768,49.54816],[10.93267,49.53822],[10.93378,49.53464]]]},"properties":{"plz":"91056","name":"91056 Erlangen"}},{"type":"Feature","geometry":{"type":"Polygon","coordinates":[[[11.03148,49.53566],[11.03894,49.54349],[11.03255,49.55277],[11.03376,49.58164],[11.02692,49.58351],[11.00879,49.57515],[10.98377,49.58287],[10.98443,49.56204],[10.97527,49.55387],[10.97557,49.54095],[10.98873,49.53654],[10.99159,49.54075],[11.01596,49.53578],[11.03148,49.53566]]]},"properties":{"plz":"91058","name":"91058 Erlangen"}},{"type":"Feature","geometry":{"type":"Polygon","coordinates":[[[10.93267,49.53822],[10.93768,49.54816],[10.93727,49.56178],[10.92255,49.5608],[10.91583,49.56901],[10.9251,49.57623],[10.9274,49.60609],[10.91145,49.60079],[10.88439,49.60177],[10.87008,49.6079],[10.85558,49.6119],[10.83885,49.61288],[10.83679,49.59301],[10.84494,49.59182],[10.86509,49.57396],[10.84348,49.57614],[10.84927,49.56393],[10.83898,49.56406],[10.83109,49.55434],[10.82157,49.55157],[10.81194,49.54957],[10.81584,49.53576],[10.83339,49.5348],[10.83402,49.53716],[10.85853,49.53928],[10.86866,49.54279],[10.88365,49.53614],[10.88473,49.54166],[10.89958,49.53992],[10.9043,49.54903],[10.91507,49.54233],[10.93267,49.53822]]]},"properties":{"plz":"91074","name":"91074 Herzogenaurach"}},{"type":"Feature","geometry":{"type":"Polygon","coordinates":[[[11.18608,49.5911],[11.18777,49.59603],[11.18004,49.61202],[11.18093,49.62524],[11.20066,49.62762],[11.19363,49.63233],[11.20791,49.64181],[11.20012,49.65387],[11.16532,49.64521],[11.14779,49.65187],[11.14914,49.6574],[11.13914,49.65819],[11.12139,49.65746],[11.11928,49.64892],[11.09328,49.64582],[11.09477,49.63825],[11.08024,49.62646],[11.07616,49.61598],[11.0875,49.60008],[11.10718,49.59975],[11.10884,49.58851],[11.11781,49.58911],[11.14512,49.58846],[11.16958,49.59055],[11.18028,49.5874],[11.18608,49.5911]]]},"properties":{"plz":"91077","name":"91077 Neunkirchen a. Brand"}},{"type":"Feature","geometry":{"type":"Polygon","coordinates":[[[11.11781,49.58911],[11.10884,49.58851],[11.10718,49.59975],[11.0875,49.60008],[11.07616,49.61598],[11.08024,49.62646],[11.07,49.62796],[11.06055,49.63788],[11.04463,49.63342],[11.03825,49.6238],[11.03233,49.6257],[11.02173,49.61626],[11.03913,49.61554],[11.03794,49.61084],[11.04969,49.60815],[11.04712,49.5981],[11.05944,49.59974],[11.06526,49.58841],[11.08496,49.58648],[11.09856,49.58824],[11.10294,49.58456],[11.11781,49.58911]]]},"properties":{"plz":"91080","name":"91080 Uttenreuth, Marloffstein"}},{"type":"Feature","geometry":{"type":"Polygon","coordinates":[[[11.0038,49.67396],[10.99437,49.67007],[11.00138,49.66445],[10.98728,49.66202],[11.00749,49.6611],[11.01784,49.65189],[11.01233,49.64262],[11.01648,49.63896],[11.03097,49.6386],[11.04894,49.64162],[11.04795,49.65243],[11.062,49.65572],[11.06339,49.66031],[11.04634,49.66238],[11.05462,49.68011],[11.0528,49.68189],[11.03297,49.67162],[11.0038,49.67396]]]},"properties":{"plz":"91083","name":"91083 Baiersdorf"}},{"type":"Feature","geometry":{"type":"Polygon","coordinates":[[[10.85558,49.6119],[10.86191,49.62035],[10.85222,49.63244],[10.87529,49.63705],[10.8625,49.64493],[10.86181,49.65122],[10.84824,49.6541],[10.84052,49.6551],[10.82877,49.64686],[10.81782,49.65327],[10.81791,49.66429],[10.79799,49.65953],[10.79815,49.6518],[10.78804,49.65199],[10.78096,49.64224],[10.78409,49.63423],[10.77459,49.62881],[10.761,49.62728],[10.76024,49.61668],[10.75387,49.60945],[10.77437,49.60563],[10.79063,49.6034],[10.80329,49.60453],[10.8032,49.61233],[10.81921,49.59017],[10.83679,49.59301],[10.83885,49.61288],[10.85558,49.6119]]]},"properties":{"plz":"91085","name":"91085 Weisendorf"}},{"type":"Feature","geometry":{"type":"Polygon","coordinates":[[[10.83679,49.59301],[10.81921,49.59017],[10.8032,49.61233],[10.80329,49.60453],[10.79063,49.6034],[10.78081,49.59286],[10.78234,49.5857],[10.79552,49.57953],[10.79586,49.56711],[10.80861,49.5625],[10.82157,49.55157],[10.83109,49.55434],[10.83898,49.56406],[10.84927,49.56393],[10.84348,49.57614],[10.86509,49.57396],[10.84494,49.59182],[10.83679,49.59301]]]},"properties":{"plz":"91086","name":"91086 Aurachtal"}},{"type":"Feature","geometry":{"type":"Polygon","coordinates":[[[11.02173,49.61626],[11.03233,49.6257],[11.02138,49.6328],[11.03097,49.6386],[11.01648,49.63896],[10.99789,49.61934],[11.00565,49.6121],[11.02173,49.61626]]]},"properties":{"plz":"91088","name":"91088 Bubenreuth"}},{"type":"Feature","geometry":{"type":"Polygon","coordinates":[[[11.13914,49.65819],[11.13524,49.68091],[11.11411,49.68178],[11.10477,49.67161],[11.08825,49.67384],[11.07637,49.66524],[11.07331,49.65276],[11.09328,49.64582],[11.11928,49.64892],[11.12139,49.65746],[11.13914,49.65819]]]},"properties":{"plz":"91090","name":"91090 Effeltrich"}},{"type":"Feature","geometry":{"type":"Polygon","coordinates":[[[10.87008,49.6079],[10.88849,49.61142],[10.89458,49.62566],[10.89456,49.63536],[10.88723,49.64165],[10.87529,49.63705],[10.85222,49.63244],[10.86191,49.62035],[10.85558,49.6119],[10.87008,49.6079]]]},"properties":{"plz":"91091","name":"91091 Großenseebach"}},{"type":"Feature","geometry":{"type":"Polygon","coordinates":[[[10.9285,49.64558],[10.92669,49.6514],[10.88834,49.66765],[10.87456,49.67297],[10.84693,49.66299],[10.84824,49.6541],[10.86181,49.65122],[10.8625,49.64493],[10.87529,49.63705],[10.88723,49.64165],[10.89456,49.63536],[10.89458,49.62566],[10.88849,49.61142],[10.87008,49.6079],[10.88439,49.60177],[10.91145,49.60079],[10.9274,49.60609],[10.91984,49.62471],[10.9285,49.64558]]]},"properties":{"plz":"91093","name":"91093 Heßdorf"}},{"type":"Feature","geometry":{"type":"Polygon","coordinates":[[[11.09328,49.64582],[11.07331,49.65276],[11.062,49.65572],[11.04795,49.65243],[11.04894,49.64162],[11.03097,49.6386],[11.02138,49.6328],[11.03233,49.6257],[11.03825,49.6238],[11.04463,49.63342],[11.06055,49.63788],[11.07,49.62796],[11.08024,49.62646],[11.09477,49.63825],[11.09328,49.64582]]]},"properties":{"plz":"91094","name":"91094 Langensendelbach"}},{"type":"Feature","geometry":{"type":"Polygon","coordinates":[[[10.99789,49.61934],[11.01648,49.63896],[11.01233,49.64262],[11.01784,49.65189],[11.00749,49.6611],[10.98728,49.66202],[11.00138,49.66445],[10.99437,49.67007],[11.0038,49.67396],[11.01336,49.67722],[11.01502,49.68378],[10.97228,49.68182],[10.94965,49.68458],[10.94198,49.67525],[10.93259,49.66113],[10.93867,49.65401],[10.92669,49.6514],[10.9285,49.64558],[10.94394,49.6359],[10.96049,49.63215],[10.95697,49.62772],[10.97137,49.62292],[10.97512,49.61606],[10.98736,49.61385],[10.99688,49.61732],[10.99789,49.61934]]]},"properties":{"plz":"91096","name":"91096 Möhrendorf/Mark"}},{"type":"Feature","geometry":{"type":"Polygon","coordinates":[[[10.77437,49.60563],[10.75524,49.60175],[10.75429,49.59153],[10.75778,49.58078],[10.78234,49.5857],[10.78081,49.59286],[10.79063,49.6034],[10.77437,49.60563]]]},"properties":{"plz":"91097","name":"91097 Oberreichenbach"}},{"type":"Feature","geometry":{"type":"Polygon","coordinates":[[[11.062,49.65572],[11.07331,49.65276],[11.07637,49.66524],[11.08825,49.67384],[11.08751,49.67394],[11.05462,49.68011],[11.04634,49.66238],[11.06339,49.66031],[11.062,49.65572]]]},"properties":{"plz":"91099","name":"91099 Poxdorf"}},{"type":"Feature","geometry":{"type":"Polygon","coordinates":[[[10.99781,49.37603],[10.98734,49.37436],[10.99197,49.36951],[10.98429,49.36171],[10.97041,49.35679],[10.97743,49.34606],[10.99262,49.33835],[10.97634,49.32431],[10.97103,49.32846],[10.92952,49.32906],[10.92574,49.31639],[10.92994,49.30469],[10.91113,49.3026],[10.90483,49.29371],[10.89905,49.27337],[10.90872,49.26859],[10.92538,49.27028],[10.92528,49.26569],[10.93986,49.26306],[10.97404,49.26975],[10.96874,49.2791],[10.98854,49.28143],[10.98547,49.29305],[11.00168,49.29832],[11.01212,49.29276],[11.04546,49.29867],[11.05181,49.28711],[11.06073,49.28712],[11.0591,49.27519],[11.0764,49.27218],[11.0783,49.28358],[11.09285,49.2857],[11.08737,49.28597],[11.09383,49.30772],[11.09009,49.31386],[11.08585,49.31724],[11.07979,49.33936],[11.06958,49.33143],[11.06471,49.33935],[11.05349,49.34183],[11.04397,49.35753],[11.04415,49.36352],[11.03298,49.37205],[11.01633,49.3694],[10.99781,49.37603]]]},"properties":{"plz":"91126","name":"91126 Schwabach"}},{"type":"Feature","geometry":{"type":"Polygon","coordinates":[[[11.18595,49.29781],[11.18637,49.2859],[11.16618,49.28365],[11.15251,49.27689],[11.13675,49.28188],[11.1146,49.27834],[11.11178,49.28432],[11.09285,49.2857],[11.0783,49.28358],[11.0764,49.27218],[11.0797,49.25135],[11.06709,49.25528],[11.04664,49.25378],[11.03283,49.23899],[11.0389,49.2257],[11.0512,49.22488],[11.04716,49.21175],[11.05326,49.21101],[11.04112,49.19584],[11.05898,49.18725],[11.07762,49.19105],[11.09577,49.17692],[11.13766,49.17719],[11.13903,49.1861],[11.12834,49.18828],[11.12792,49.182],[11.11503,49.18276],[11.12715,49.1916],[11.1371,49.19005],[11.15527,49.19473],[11.15069,49.2055],[11.15709,49.2099],[11.18243,49.21],[11.18607,49.21764],[11.19126,49.22622],[11.20429,49.23635],[11.18658,49.2463],[11.16358,49.24734],[11.16214,49.25729],[11.16969,49.25795],[11.16421,49.27689],[11.18126,49.28196],[11.20301,49.27668],[11.21647,49.2885],[11.21569,49.29241],[11.19897,49.28979],[11.18718,49.29777],[11.18595,49.29781]]]},"properties":{"plz":"91154","name":"91154 Roth"}},{"type":"Feature","geometry":{"type":"Polygon","coordinates":[[[11.18607,49.21764],[11.18243,49.21],[11.15709,49.2099],[11.15069,49.2055],[11.15527,49.19473],[11.1371,49.19005],[11.12715,49.1916],[11.11503,49.18276],[11.12792,49.182],[11.12834,49.18828],[11.13903,49.1861],[11.13766,49.17719],[11.15855,49.17311],[11.15077,49.16785],[11.1636,49.16197],[11.16366,49.15473],[11.14706,49.16132],[11.15995,49.14122],[11.17449,49.14201],[11.18992,49.13083],[11.1981,49.14501],[11.19585,49.15118],[11.20387,49.1565],[11.2181,49.15269],[11.23406,49.15674],[11.22663,49.14828],[11.22635,49.13702],[11.2407,49.13823],[11.23514,49.13331],[11.24946,49.12883],[11.26877,49.12866],[11.27521,49.13325],[11.28426,49.13097],[11.29277,49.12679],[11.31229,49.12825],[11.32137,49.13204],[11.32759,49.14193],[11.3259,49.15433],[11.31263,49.1559],[11.30816,49.16312],[11.31364,49.17828],[11.28654,49.18737],[11.26927,49.18864],[11.27158,49.1962],[11.26213,49.20787],[11.23523,49.20581],[11.2248,49.216],[11.19538,49.2132],[11.18607,49.21764]]]},"properties":{"plz":"91161","name":"91161 Hilpoltstein"}},{"type":"Feature","geometry":{"type":"Polygon","coordinates":[[[11.03283,49.23899],[11.02329,49.23185],[10.99824,49.23356],[10.99959,49.22459],[10.96464,49.22447],[10.96377,49.21243],[10.95799,49.20392],[10.96549,49.19716],[10.98378,49.20132],[10.98759,49.19228],[10.98209,49.18264],[10.98704,49.17286],[10.98767,49.16754],[11.01193,49.16463],[11.01732,49.17415],[11.04386,49.17146],[11.04965,49.15988],[11.06629,49.16124],[11.06921,49.15327],[11.07261,49.15888],[11.08315,49.15418],[11.09883,49.16226],[11.09577,49.17692],[11.07762,49.19105],[11.05898,49.18725],[11.04112,49.19584],[11.05326,49.21101],[11.04716,49.21175],[11.0512,49.22488],[11.0389,49.2257],[11.03283,49.23899]]]},"properties":{"plz":"91166","name":"91166 Georgensgmünd"}},{"type":"Feature","geometry":{"type":"Polygon","coordinates":[[[11.41445,49.03503],[11.4072,49.03789],[11.40504,49.05009],[11.42403,49.05137],[11.42593,49.05509],[11.41177,49.06313],[11.40393,49.05861],[11.39679,49.07187],[11.38549,49.07851],[11.37717,49.08886],[11.36692,49.09175],[11.35289,49.09],[11.36155,49.09922],[11.35674,49.11351],[11.3525,49.11781],[11.32526,49.11732],[11.32137,49.13204],[11.31229,49.12825],[11.29277,49.12679],[11.28426,49.13097],[11.28591,49.1141],[11.29146,49.10927],[11.26878,49.0956],[11.2811,49.08345],[11.29399,49.08289],[11.29386,49.07561],[11.28343,49.07036],[11.27771,49.06216],[11.2614,49.0626],[11.26606,49.05773],[11.25544,49.0528],[11.24889,49.04576],[11.26561,49.02725],[11.26677,49.01099],[11.28754,49.00409],[11.29733,49.01643],[11.30585,49.00381],[11.33277,48.99953],[11.3426,49.01388],[11.35553,49.01665],[11.36579,49.01403],[11.38142,49.01708],[11.38652,49.03102],[11.40055,49.03012],[11.41445,49.03503]]]},"properties":{"plz":"91171","name":"91171 Greding"}},{"type":"Feature","geometry":{"type":"Polygon","coordinates":[[[10.95799,49.20392],[10.93459,49.20375],[10.90533,49.19797],[10.90142,49.19254],[10.89769,49.20955],[10.87941,49.20618],[10.8627,49.20785],[10.83724,49.19838],[10.83769,49.19776],[10.84228,49.18809],[10.87583,49.18847],[10.85441,49.16108],[10.87217,49.15922],[10.87565,49.15368],[10.89562,49.15133],[10.91472,49.1378],[10.93781,49.13132],[10.94305,49.1411],[10.9388,49.14853],[10.96575,49.15177],[10.96273,49.15973],[10.98704,49.17286],[10.98209,49.18264],[10.98759,49.19228],[10.98378,49.20132],[10.96549,49.19716],[10.95799,49.20392]]]},"properties":{"plz":"91174","name":"91174 Spalt"}},{"type":"Feature","geometry":{"type":"Polygon","coordinates":[[[11.25544,49.0528],[11.26606,49.05773],[11.2614,49.0626],[11.27771,49.06216],[11.28343,49.07036],[11.29386,49.07561],[11.29399,49.08289],[11.2811,49.08345],[11.26878,49.0956],[11.29146,49.10927],[11.28591,49.1141],[11.28426,49.13097],[11.27521,49.13325],[11.26877,49.12866],[11.24946,49.12883],[11.23514,49.13331],[11.2407,49.13823],[11.22635,49.13702],[11.22663,49.14828],[11.23406,49.15674],[11.2181,49.15269],[11.20387,49.1565],[11.19585,49.15118],[11.1981,49.14501],[11.18992,49.13083],[11.17449,49.14201],[11.15995,49.14122],[11.17057,49.12515],[11.16754,49.1062],[11.17039,49.09737],[11.16258,49.08636],[11.17182,49.077],[11.16859,49.07272],[11.18109,49.05803],[11.20134,49.04661],[11.20947,49.04593],[11.22552,49.05172],[11.2473,49.04717],[11.25544,49.0528]]]},"properties":{"plz":"91177","name":"91177 Thalmässing"}},{"type":"Feature","geometry":{"type":"Polygon","coordinates":[[[11.09577,49.17692],[11.09883,49.16226],[11.08315,49.15418],[11.07261,49.15888],[11.06921,49.15327],[11.07074,49.14977],[11.05187,49.1407],[11.06707,49.14091],[11.06541,49.12954],[11.07093,49.12164],[11.08335,49.11756],[11.07909,49.1074],[11.0933,49.10263],[11.10837,49.09609],[11.11423,49.08916],[11.15272,49.08053],[11.16258,49.08636],[11.17039,49.09737],[11.16754,49.1062],[11.17057,49.12515],[11.15995,49.14122],[11.14706,49.16132],[11.16366,49.15473],[11.1636,49.16197],[11.15077,49.16785],[11.15855,49.17311],[11.13766,49.17719],[11.09577,49.17692]]]},"properties":{"plz":"91180","name":"91180 Heideck"}},{"type":"Feature","geometry":{"type":"Polygon","coordinates":[[[10.89905,49.27337],[10.90345,49.25262],[10.91138,49.25492],[10.91339,49.24664],[10.89812,49.24325],[10.89302,49.23189],[10.87728,49.23104],[10.85891,49.22054],[10.8627,49.20785],[10.87941,49.20618],[10.89769,49.20955],[10.90142,49.19254],[10.90533,49.19797],[10.93459,49.20375],[10.95799,49.20392],[10.96377,49.21243],[10.96464,49.22447],[10.99959,49.22459],[10.99824,49.23356],[11.00732,49.25327],[10.99053,49.25547],[10.98803,49.26667],[10.97404,49.26975],[10.93986,49.26306],[10.92528,49.26569],[10.92538,49.27028],[10.90872,49.26859],[10.89905,49.27337]]]},"properties":{"plz":"91183","name":"91183 Abenberg"}},{"type":"Feature","geometry":{"type":"Polygon","coordinates":[[[10.97404,49.26975],[10.98803,49.26667],[10.99053,49.25547],[11.00732,49.25327],[10.99824,49.23356],[11.02329,49.23185],[11.03283,49.23899],[11.04664,49.25378],[11.06709,49.25528],[11.0797,49.25135],[11.0764,49.27218],[11.0591,49.27519],[11.06073,49.28712],[11.05181,49.28711],[11.04546,49.29867],[11.01212,49.29276],[11.00168,49.29832],[10.98547,49.29305],[10.98854,49.28143],[10.96874,49.2791],[10.97404,49.26975]]]},"properties":{"plz":"91186","name":"91186 Büchenbach"}},{"type":"Feature","geometry":{"type":"Polygon","coordinates":[[[10.98704,49.17286],[10.96273,49.15973],[10.96575,49.15177],[10.99453,49.15623],[10.99527,49.14445],[11.01908,49.14312],[11.01796,49.13849],[11.0359,49.13568],[11.03863,49.12993],[11.05096,49.1249],[11.06541,49.12954],[11.06707,49.14091],[11.05187,49.1407],[11.07074,49.14977],[11.06921,49.15327],[11.06629,49.16124],[11.04965,49.15988],[11.04386,49.17146],[11.01732,49.17415],[11.01193,49.16463],[10.98767,49.16754],[10.98704,49.17286]]]},"properties":{"plz":"91187","name":"91187 Röttenbach"}},{"type":"Feature","geometry":{"type":"Polygon","coordinates":[[[10.9927,49.38142],[10.97834,49.38452],[10.97048,49.38056],[10.9553,49.38199],[10.9505,49.37464],[10.93768,49.37741],[10.92876,49.35617],[10.91234,49.36033],[10.90707,49.3554],[10.86777,49.35617],[10.86161,49.34305],[10.86548,49.32973],[10.873,49.32295],[10.86541,49.31513],[10.88753,49.31652],[10.88763,49.30653],[10.89719,49.30786],[10.90017,49.29458],[10.90483,49.29371],[10.91113,49.3026],[10.92994,49.30469],[10.92574,49.31639],[10.92952,49.32906],[10.97103,49.32846],[10.97634,49.32431],[10.99262,49.33835],[10.97743,49.34606],[10.97041,49.35679],[10.98429,49.36171],[10.99197,49.36951],[10.98734,49.37436],[10.99781,49.37603],[10.9927,49.38142]]]},"properties":{"plz":"91189","name":"91189 Rohr"}},{"type":"Feature","geometry":{"type":"Polygon","coordinates":[[[11.19063,49.56118],[11.19774,49.54478],[11.19247,49.53096],[11.18029,49.51463],[11.18254,49.51232],[11.19679,49.50978],[11.20524,49.51745],[11.22038,49.51435],[11.22058,49.51897],[11.24925,49.52469],[11.25602,49.51803],[11.25442,49.51072],[11.26319,49.5103],[11.26585,49.50253],[11.25553,49.50038],[11.25418,49.49419],[11.26079,49.49632],[11.27,49.48581],[11.28739,49.48273],[11.30402,49.47316],[11.30988,49.47502],[11.31579,49.46568],[11.32674,49.47358],[11.34928,49.47736],[11.34963,49.48331],[11.34765,49.49632],[11.33662,49.4992],[11.32822,49.49525],[11.31777,49.50197],[11.31977,49.51419],[11.30273,49.52705],[11.31282,49.53027],[11.31302,49.5415],[11.31873,49.54453],[11.30701,49.55565],[11.28986,49.55647],[11.26313,49.57062],[11.25956,49.57522],[11.24905,49.57125],[11.23805,49.57328],[11.23491,49.56745],[11.21599,49.56846],[11.19063,49.56118]]]},"properties":{"plz":"91207","name":"91207 Lauf an der Pegnitz"}},{"type":"Feature","geometry":{"type":"Polygon","coordinates":[[[11.3852,49.51047],[11.40272,49.50428],[11.42052,49.50496],[11.42056,49.49863],[11.40132,49.48899],[11.41472,49.47878],[11.43559,49.47104],[11.44129,49.4762],[11.45807,49.47863],[11.44921,49.48966],[11.45074,49.50576],[11.45809,49.50955],[11.45368,49.52005],[11.46164,49.52451],[11.45251,49.52874],[11.45889,49.53194],[11.44294,49.52781],[11.43247,49.53344],[11.42675,49.52841],[11.39755,49.53221],[11.39143,49.525],[11.3852,49.51047]]]},"properties":{"plz":"91217","name":"91217 Hersbruck"}},{"type":"Feature","geometry":{"type":"Polygon","coordinates":[[[11.26313,49.57062],[11.28986,49.55647],[11.30701,49.55565],[11.31873,49.54453],[11.34947,49.54815],[11.36561,49.5544],[11.38164,49.54569],[11.39228,49.55605],[11.38202,49.56783],[11.39126,49.577],[11.39042,49.59306],[11.40981,49.58872],[11.40711,49.59753],[11.39659,49.60445],[11.40762,49.60376],[11.42644,49.61392],[11.41334,49.62156],[11.40272,49.62283],[11.3999,49.63118],[11.39194,49.63256],[11.3932,49.62799],[11.37456,49.62203],[11.37645,49.61596],[11.36935,49.60861],[11.37274,49.59802],[11.3515,49.59411],[11.34731,49.58247],[11.33548,49.57557],[11.32451,49.57952],[11.2986,49.60113],[11.29238,49.61605],[11.28769,49.61878],[11.28653,49.60709],[11.28049,49.60384],[11.28857,49.59284],[11.26816,49.58245],[11.28266,49.57801],[11.2671,49.57798],[11.26313,49.57062]]]},"properties":{"plz":"91220","name":"91220 Schnaittach"}},{"type":"Feature","geometry":{"type":"Polygon","coordinates":[[[11.45809,49.50955],[11.47665,49.50557],[11.47866,49.5005],[11.49098,49.50066],[11.4967,49.48893],[11.52457,49.4756],[11.54799,49.47652],[11.55284,49.46541],[11.54948,49.45828],[11.55677,49.45478],[11.57786,49.4513],[11.59592,49.4721],[11.58902,49.47685],[11.59123,49.48511],[11.5708,49.49057],[11.56376,49.49845],[11.56727,49.50406],[11.53374,49.50744],[11.53448,49.51383],[11.54523,49.51679],[11.54287,49.52685],[11.55107,49.53881],[11.5492,49.54448],[11.51496,49.54851],[11.51093,49.55326],[11.49535,49.5448],[11.48423,49.54791],[11.47584,49.53885],[11.47912,49.5342],[11.46164,49.52451],[11.45368,49.52005],[11.45809,49.50955]]]},"properties":{"plz":"91224","name":"91224 Pommelsbrunn"}},{"type":"Feature","geometry":{"type":"Polygon","coordinates":[[[11.30242,49.43224],[11.32652,49.4268],[11.3522,49.42919],[11.35457,49.42133],[11.34686,49.40809],[11.35244,49.40787],[11.37584,49.42388],[11.3746,49.43297],[11.38014,49.44755],[11.38677,49.45343],[11.37069,49.46003],[11.35809,49.46091],[11.36521,49.47513],[11.35972,49.48094],[11.34963,49.48331],[11.34928,49.47736],[11.32674,49.47358],[11.31579,49.46568],[11.28848,49.46597],[11.27523,49.45441],[11.28333,49.43755],[11.30242,49.43224]]]},"properties":{"plz":"91227","name":"91227 Leinburg"}},{"type":"Feature","geometry":{"type":"Polygon","coordinates":[[[11.43559,49.47104],[11.44829,49.47012],[11.44695,49.45938],[11.45644,49.44848],[11.46517,49.44616],[11.46547,49.43462],[11.45871,49.43257],[11.46451,49.42188],[11.47858,49.42724],[11.48568,49.42524],[11.50083,49.43035],[11.49942,49.44204],[11.50824,49.45058],[11.5209,49.44284],[11.53552,49.44539],[11.54787,49.44344],[11.55677,49.45478],[11.54948,49.45828],[11.55284,49.46541],[11.54799,49.47652],[11.52457,49.4756],[11.4967,49.48893],[11.49098,49.50066],[11.47866,49.5005],[11.47665,49.50557],[11.45809,49.50955],[11.45074,49.50576],[11.44921,49.48966],[11.45807,49.47863],[11.44129,49.4762],[11.43559,49.47104]]]},"properties":{"plz":"91230","name":"91230 Happurg"}},{"type":"Feature","geometry":{"type":"Polygon","coordinates":[[[11.31977,49.51419],[11.33779,49.52159],[11.35507,49.51857],[11.36309,49.52845],[11.37938,49.53684],[11.38164,49.54569],[11.36561,49.5544],[11.34947,49.54815],[11.31873,49.54453],[11.31302,49.5415],[11.31282,49.53027],[11.30273,49.52705],[11.31977,49.51419]]]},"properties":{"plz":"91233","name":"91233 Neunkirchen am Sand"}},{"type":"Feature","geometry":{"type":"Polygon","coordinates":[[[11.46054,49.63551],[11.45623,49.62697],[11.429,49.62801],[11.43064,49.61795],[11.44832,49.61557],[11.46127,49.60976],[11.45939,49.59932],[11.46608,49.5923],[11.46086,49.58936],[11.46212,49.57764],[11.50091,49.58885],[11.517,49.58671],[11.51046,49.57847],[11.51367,49.57159],[11.53072,49.56505],[11.54382,49.55977],[11.55433,49.56445],[11.55158,49.57381],[11.57624,49.57919],[11.56473,49.58495],[11.57061,49.59241],[11.55161,49.60578],[11.54861,49.61962],[11.5388,49.61292],[11.52065,49.61658],[11.5268,49.63155],[11.53794,49.63588],[11.53523,49.64353],[11.51034,49.63944],[11.50167,49.63354],[11.49002,49.64093],[11.48101,49.64449],[11.47282,49.6446],[11.47132,49.63738],[11.46054,49.63551]]]},"properties":{"plz":"91235","name":"91235 Velden/Hartenstein"}},{"type":"Feature","geometry":{"type":"Polygon","coordinates":[[[11.55677,49.45478],[11.54787,49.44344],[11.53552,49.44539],[11.5209,49.44284],[11.50824,49.45058],[11.49942,49.44204],[11.50083,49.43035],[11.48568,49.42524],[11.49173,49.41903],[11.52499,49.41349],[11.53719,49.40907],[11.55325,49.41254],[11.55807,49.41955],[11.55729,49.43313],[11.56835,49.44567],[11.57786,49.4513],[11.55677,49.45478]]]},"properties":{"plz":"91236","name":"91236 Alfeld"}},{"type":"Feature","geometry":{"type":"Polygon","coordinates":[[[11.44859,49.42175],[11.44891,49.42831],[11.45871,49.43257],[11.46547,49.43462],[11.46517,49.44616],[11.45644,49.44848],[11.44695,49.45938],[11.44829,49.47012],[11.43559,49.47104],[11.41472,49.47878],[11.40132,49.48899],[11.39012,49.48258],[11.37137,49.49244],[11.37177,49.48755],[11.35972,49.48094],[11.36521,49.47513],[11.35809,49.46091],[11.37069,49.46003],[11.38677,49.45343],[11.38014,49.44755],[11.3746,49.43297],[11.41375,49.41904],[11.42549,49.42437],[11.44859,49.42175]]]},"properties":{"plz":"91238","name":"91238 Engelthal/Offenhausen"}},{"type":"Feature","geometry":{"type":"Polygon","coordinates":[[[11.3852,49.51047],[11.37032,49.50001],[11.37137,49.49244],[11.39012,49.48258],[11.40132,49.48899],[11.42056,49.49863],[11.42052,49.50496],[11.40272,49.50428],[11.3852,49.51047]]]},"properties":{"plz":"91239","name":"91239 Henfenfeld"}},{"type":"Feature","geometry":{"type":"Polygon","coordinates":[[[11.45889,49.53194],[11.45123,49.54018],[11.45406,49.54846],[11.44643,49.55708],[11.46212,49.57764],[11.46086,49.58936],[11.46608,49.5923],[11.45939,49.59932],[11.46127,49.60976],[11.44832,49.61557],[11.43064,49.61795],[11.42644,49.61392],[11.40762,49.60376],[11.39659,49.60445],[11.40711,49.59753],[11.40981,49.58872],[11.39042,49.59306],[11.39126,49.577],[11.38202,49.56783],[11.39228,49.55605],[11.38164,49.54569],[11.37938,49.53684],[11.39144,49.532],[11.39143,49.525],[11.39755,49.53221],[11.42675,49.52841],[11.43247,49.53344],[11.44294,49.52781],[11.45889,49.53194]]]},"properties":{"plz":"91241","name":"91241 Kirchensittenbach"}},{"type":"Feature","geometry":{"type":"Polygon","coordinates":[[[11.34963,49.48331],[11.35972,49.48094],[11.37177,49.48755],[11.37137,49.49244],[11.37032,49.50001],[11.36112,49.49948],[11.3638,49.51005],[11.35507,49.51857],[11.33779,49.52159],[11.31977,49.51419],[11.31777,49.50197],[11.32822,49.49525],[11.33662,49.4992],[11.34765,49.49632],[11.34963,49.48331]]]},"properties":{"plz":"91242","name":"91242 Ottensoos"}},{"type":"Feature","geometry":{"type":"Polygon","coordinates":[[[11.39143,49.525],[11.39144,49.532],[11.37938,49.53684],[11.36309,49.52845],[11.35507,49.51857],[11.3638,49.51005],[11.36112,49.49948],[11.37032,49.50001],[11.3852,49.51047],[11.39143,49.525]]]},"properties":{"plz":"91244","name":"91244 Reichenschwand"}},{"type":"Feature","geometry":{"type":"Polygon","coordinates":[[[11.39194,49.63256],[11.39448,49.6425],[11.38763,49.6541],[11.37101,49.65882],[11.37746,49.66855],[11.3685,49.66665],[11.34432,49.66058],[11.34194,49.65221],[11.33322,49.64711],[11.33212,49.63702],[11.30826,49.63342],[11.29713,49.62721],[11.30031,49.62093],[11.29238,49.61605],[11.2986,49.60113],[11.32451,49.57952],[11.33548,49.57557],[11.34731,49.58247],[11.3515,49.59411],[11.37274,49.59802],[11.36935,49.60861],[11.37645,49.61596],[11.37456,49.62203],[11.3932,49.62799],[11.39194,49.63256]]]},"properties":{"plz":"91245","name":"91245 Simmelsdorf"}},{"type":"Feature","geometry":{"type":"Polygon","coordinates":[[[11.46164,49.52451],[11.47912,49.5342],[11.47584,49.53885],[11.48423,49.54791],[11.49535,49.5448],[11.51093,49.55326],[11.52712,49.55977],[11.53072,49.56505],[11.51367,49.57159],[11.51046,49.57847],[11.517,49.58671],[11.50091,49.58885],[11.46212,49.57764],[11.44643,49.55708],[11.45406,49.54846],[11.45123,49.54018],[11.45889,49.53194],[11.45251,49.52874],[11.46164,49.52451]]]},"properties":{"plz":"91247","name":"91247 Vorra"}},{"type":"Feature","geometry":{"type":"Polygon","coordinates":[[[11.59123,49.48511],[11.61841,49.48243],[11.62537,49.4849],[11.61853,49.48887],[11.61724,49.49937],[11.59037,49.51372],[11.56123,49.51066],[11.54523,49.51679],[11.53448,49.51383],[11.53374,49.50744],[11.56727,49.50406],[11.56376,49.49845],[11.5708,49.49057],[11.59123,49.48511]]]},"properties":{"plz":"91249","name":"91249 Weigendorf"}},{"type":"Feature","geometry":{"type":"Polygon","coordinates":[[[11.49002,49.64093],[11.49325,49.64657],[11.51391,49.64976],[11.54666,49.64039],[11.56069,49.65086],[11.55739,49.65988],[11.56473,49.66449],[11.55567,49.67745],[11.56421,49.68573],[11.54074,49.69332],[11.54609,49.69615],[11.56099,49.69753],[11.55501,49.7043],[11.55937,49.71457],[11.56428,49.72387],[11.55239,49.73381],[11.56813,49.73218],[11.56985,49.72767],[11.58706,49.72854],[11.59778,49.73912],[11.59389,49.75333],[11.6197,49.7602],[11.63147,49.76062],[11.63026,49.77376],[11.61772,49.776],[11.61722,49.78141],[11.60213,49.78576],[11.59252,49.79589],[11.57402,49.79354],[11.57719,49.79812],[11.56831,49.80355],[11.55592,49.80016],[11.55194,49.80519],[11.56389,49.8072],[11.55722,49.82023],[11.54874,49.82411],[11.54067,49.81573],[11.52834,49.81287],[11.51559,49.82587],[11.50351,49.82899],[11.50119,49.83795],[11.47926,49.83409],[11.47536,49.8097],[11.48568,49.80809],[11.49029,49.79448],[11.4792,49.79304],[11.47272,49.77992],[11.4657,49.77872],[11.46133,49.76139],[11.4702,49.75719],[11.46244,49.75185],[11.45238,49.73092],[11.43783,49.73492],[11.42392,49.72702],[11.42737,49.72383],[11.43961,49.72144],[11.46502,49.72281],[11.46886,49.71544],[11.45184,49.70446],[11.44765,49.6927],[11.45459,49.6909],[11.45571,49.68181],[11.46111,49.67884],[11.50682,49.67568],[11.50885,49.66981],[11.48368,49.66086],[11.47741,49.65166],[11.48101,49.64449],[11.49002,49.64093]]]},"properties":{"plz":"91257","name":"91257 Pegnitz"}},{"type":"Feature","geometry":{"type":"Polygon","coordinates":[[[11.55937,49.71457],[11.55762,49.70248],[11.56312,49.69609],[11.54393,49.6947],[11.54399,49.69248],[11.56194,49.68897],[11.56534,49.68598],[11.56019,49.67862],[11.57572,49.66426],[11.56303,49.66006],[11.57481,49.64653],[11.5708,49.63995],[11.58933,49.64136],[11.60136,49.62324],[11.61793,49.63165],[11.63278,49.64366],[11.64241,49.6453],[11.65423,49.6549],[11.64862,49.66372],[11.65129,49.67167],[11.66166,49.6743],[11.64736,49.68794],[11.65457,49.70169],[11.66481,49.70364],[11.65948,49.71318],[11.66402,49.71797],[11.65615,49.71176],[11.6478,49.72568],[11.64731,49.74909],[11.63718,49.75279],[11.63147,49.76062],[11.6197,49.7602],[11.59389,49.75333],[11.59778,49.73912],[11.58706,49.72854],[11.56985,49.72767],[11.56813,49.73218],[11.55239,49.73381],[11.56428,49.72387],[11.55937,49.71457]]]},"properties":{"plz":"91275","name":"91275 Auerbach i.d. OPf."}},{"type":"Feature","geometry":{"type":"Polygon","coordinates":[[[11.47926,49.83409],[11.47127,49.83621],[11.45399,49.81904],[11.42715,49.81843],[11.4247,49.81495],[11.40465,49.8166],[11.39518,49.81292],[11.39243,49.80417],[11.36682,49.80364],[11.35307,49.78575],[11.35691,49.77965],[11.38,49.77815],[11.37734,49.77146],[11.38431,49.76595],[11.38404,49.75477],[11.37165,49.74962],[11.36292,49.73862],[11.36628,49.73341],[11.35585,49.72394],[11.36692,49.71264],[11.35614,49.70401],[11.38325,49.70044],[11.40244,49.70666],[11.39889,49.71135],[11.41699,49.71229],[11.42737,49.72383],[11.42392,49.72702],[11.43783,49.73492],[11.45238,49.73092],[11.46244,49.75185],[11.4702,49.75719],[11.46133,49.76139],[11.4657,49.77872],[11.47272,49.77992],[11.4792,49.79304],[11.49029,49.79448],[11.48568,49.80809],[11.47536,49.8097],[11.47926,49.83409]]]},"properties":{"plz":"91278","name":"91278 Pottenstein"}},{"type":"Feature","geometry":{"type":"Polygon","coordinates":[[[11.42644,49.61392],[11.43064,49.61795],[11.429,49.62801],[11.45623,49.62697],[11.46054,49.63551],[11.45613,49.64086],[11.43779,49.65027],[11.43638,49.66072],[11.44286,49.66441],[11.43598,49.67434],[11.45571,49.68181],[11.45459,49.6909],[11.44765,49.6927],[11.45184,49.70446],[11.46886,49.71544],[11.46502,49.72281],[11.43961,49.72144],[11.42737,49.72383],[11.41699,49.71229],[11.39889,49.71135],[11.40244,49.70666],[11.38325,49.70044],[11.37251,49.7016],[11.37052,49.69266],[11.37622,49.68905],[11.36148,49.67954],[11.35348,49.67895],[11.34695,49.67578],[11.36613,49.67165],[11.3685,49.66665],[11.37746,49.66855],[11.37101,49.65882],[11.38763,49.6541],[11.39448,49.6425],[11.39194,49.63256],[11.3999,49.63118],[11.40272,49.62283],[11.41334,49.62156],[11.42644,49.61392]]]},"properties":{"plz":"91282","name":"91282 Betzenstein"}},{"type":"Feature","geometry":{"type":"Polygon","coordinates":[[[11.55161,49.60578],[11.56282,49.60921],[11.56047,49.61248],[11.57816,49.6143],[11.58057,49.6186],[11.59125,49.61153],[11.60136,49.62324],[11.58933,49.64136],[11.5708,49.63995],[11.57481,49.64653],[11.56303,49.66006],[11.57572,49.66426],[11.56019,49.67862],[11.56534,49.68598],[11.56194,49.68897],[11.54399,49.69248],[11.54393,49.6947],[11.56312,49.69609],[11.55762,49.70248],[11.55937,49.71457],[11.55501,49.7043],[11.56099,49.69753],[11.54609,49.69615],[11.54074,49.69332],[11.56421,49.68573],[11.55567,49.67745],[11.56473,49.66449],[11.55739,49.65988],[11.56069,49.65086],[11.54666,49.64039],[11.51391,49.64976],[11.49325,49.64657],[11.49002,49.64093],[11.50167,49.63354],[11.51034,49.63944],[11.53523,49.64353],[11.53794,49.63588],[11.5268,49.63155],[11.52065,49.61658],[11.5388,49.61292],[11.54861,49.61962],[11.55161,49.60578]]]},"properties":{"plz":"91284","name":"91284 Neuhaus a.d.Pegnitz"}},{"type":"Feature","geometry":{"type":"Polygon","coordinates":[[[11.35585,49.72394],[11.33459,49.71881],[11.31843,49.72],[11.31336,49.72558],[11.30353,49.70721],[11.29101,49.69764],[11.28854,49.68989],[11.27738,49.68682],[11.28324,49.68085],[11.29899,49.67904],[11.30857,49.68654],[11.3233,49.69011],[11.34668,49.68718],[11.35348,49.67895],[11.36148,49.67954],[11.37622,49.68905],[11.37052,49.69266],[11.37251,49.7016],[11.38325,49.70044],[11.35614,49.70401],[11.36692,49.71264],[11.35585,49.72394]]]},"properties":{"plz":"91286","name":"91286 Obertrubach"}},{"type":"Feature","geometry":{"type":"Polygon","coordinates":[[[11.48101,49.64449],[11.47741,49.65166],[11.48368,49.66086],[11.50885,49.66981],[11.50682,49.67568],[11.46111,49.67884],[11.45571,49.68181],[11.43598,49.67434],[11.44286,49.66441],[11.43638,49.66072],[11.43779,49.65027],[11.45613,49.64086],[11.46054,49.63551],[11.47132,49.63738],[11.47282,49.6446],[11.48101,49.64449]]]},"properties":{"plz":"91287","name":"91287 Plech"}},{"type":"Feature","geometry":{"type":"Polygon","coordinates":[[[11.05462,49.68011],[11.08751,49.67394],[11.08646,49.68488],[11.07935,49.69517],[11.09403,49.70708],[11.10459,49.70647],[11.1189,49.71589],[11.12522,49.72434],[11.12589,49.72936],[11.12434,49.73758],[11.10496,49.74872],[11.09966,49.74484],[11.07712,49.74172],[11.04054,49.74931],[11.01341,49.75066],[10.99961,49.73667],[11.00589,49.72463],[11.00609,49.71997],[11.02106,49.71252],[11.02469,49.70004],[11.05285,49.70323],[11.04724,49.69041],[11.0528,49.68189],[11.05462,49.68011]]]},"properties":{"plz":"91301","name":"91301 Forchheim"}},{"type":"Feature","geometry":{"type":"Polygon","coordinates":[[[10.84824,49.6541],[10.84693,49.66299],[10.84052,49.66197],[10.82589,49.67224],[10.82543,49.6997],[10.84869,49.70652],[10.86455,49.70471],[10.87083,49.71229],[10.86381,49.71648],[10.86315,49.73057],[10.86702,49.73678],[10.88825,49.73455],[10.89284,49.7425],[10.91906,49.74301],[10.93036,49.75193],[10.93191,49.75937],[10.92111,49.7631],[10.92653,49.76774],[10.91686,49.77702],[10.93185,49.78494],[10.92088,49.78536],[10.91481,49.78022],[10.89986,49.77833],[10.87251,49.7708],[10.87789,49.75638],[10.85648,49.75878],[10.82899,49.74957],[10.82731,49.74239],[10.80336,49.738],[10.7888,49.73124],[10.7806,49.72917],[10.77186,49.71998],[10.78582,49.70108],[10.76919,49.68758],[10.75553,49.68376],[10.74425,49.67477],[10.7655,49.65913],[10.78202,49.65719],[10.78804,49.65199],[10.79815,49.6518],[10.79799,49.65953],[10.81791,49.66429],[10.81782,49.65327],[10.82877,49.64686],[10.84052,49.6551],[10.84824,49.6541]]]},"properties":{"plz":"91315","name":"91315 Höchstadt a.d.Aisch"}},{"type":"Feature","geometry":{"type":"Polygon","coordinates":[[[11.15971,49.81669],[11.15106,49.8135],[11.14743,49.81953],[11.13458,49.81215],[11.14057,49.80871],[11.13842,49.79918],[11.12668,49.79423],[11.11423,49.77397],[11.12076,49.76655],[11.12856,49.76831],[11.13687,49.76029],[11.14573,49.76195],[11.1599,49.75776],[11.17045,49.76236],[11.17153,49.76952],[11.20257,49.76398],[11.21175,49.76035],[11.21392,49.75251],[11.23513,49.75491],[11.24467,49.74727],[11.24157,49.75256],[11.25429,49.75586],[11.25423,49.7608],[11.27288,49.759],[11.28623,49.76733],[11.30165,49.77127],[11.29308,49.77874],[11.27818,49.78851],[11.25621,49.78037],[11.25596,49.7856],[11.2401,49.77783],[11.23268,49.78402],[11.21472,49.78403],[11.20671,49.79378],[11.21265,49.80611],[11.20287,49.81659],[11.18943,49.80817],[11.17269,49.80945],[11.15971,49.81669]]]},"properties":{"plz":"91320","name":"91320 Ebermannstadt"}},{"type":"Feature","geometry":{"type":"Polygon","coordinates":[[[11.20791,49.64181],[11.22625,49.6454],[11.2266,49.63487],[11.23621,49.63721],[11.24671,49.63319],[11.25502,49.63731],[11.26345,49.62972],[11.27799,49.63436],[11.27844,49.62618],[11.29713,49.62721],[11.30826,49.63342],[11.27553,49.65413],[11.27254,49.66895],[11.28972,49.6739],[11.28324,49.68085],[11.27738,49.68682],[11.26164,49.69516],[11.24058,49.69339],[11.23075,49.70205],[11.21142,49.69762],[11.21048,49.69184],[11.22049,49.68539],[11.22329,49.67158],[11.21487,49.66941],[11.19725,49.67263],[11.16947,49.66177],[11.18864,49.65917],[11.20012,49.65387],[11.20791,49.64181]]]},"properties":{"plz":"91322","name":"91322 Gräfenberg"}},{"type":"Feature","geometry":{"type":"Polygon","coordinates":[[[10.88834,49.66765],[10.8995,49.67598],[10.91122,49.6776],[10.90866,49.68387],[10.91741,49.6853],[10.92423,49.69705],[10.93211,49.70089],[10.92202,49.70692],[10.92272,49.71417],[10.95575,49.71186],[10.96242,49.71681],[10.95123,49.7176],[10.94122,49.72942],[10.93241,49.7287],[10.91906,49.74301],[10.89284,49.7425],[10.88825,49.73455],[10.86702,49.73678],[10.86315,49.73057],[10.86381,49.71648],[10.87083,49.71229],[10.86455,49.70471],[10.87013,49.69846],[10.86589,49.68642],[10.87329,49.68374],[10.87456,49.67297],[10.88834,49.66765]]]},"properties":{"plz":"91325","name":"91325 Adelsdorf"}},{"type":"Feature","geometry":{"type":"Polygon","coordinates":[[[11.36682,49.80364],[11.34279,49.81282],[11.3287,49.81762],[11.33263,49.81141],[11.32037,49.80191],[11.3108,49.79973],[11.30159,49.79433],[11.29308,49.77874],[11.30165,49.77127],[11.28623,49.76733],[11.27288,49.759],[11.25423,49.7608],[11.25429,49.75586],[11.24157,49.75256],[11.24467,49.74727],[11.23286,49.74235],[11.23846,49.73467],[11.24889,49.73749],[11.26072,49.73404],[11.25412,49.7303],[11.2703,49.73021],[11.27579,49.73697],[11.30067,49.73997],[11.31019,49.73487],[11.31336,49.72558],[11.31843,49.72],[11.33459,49.71881],[11.35585,49.72394],[11.36628,49.73341],[11.36292,49.73862],[11.37165,49.74962],[11.38404,49.75477],[11.38431,49.76595],[11.37734,49.77146],[11.38,49.77815],[11.35691,49.77965],[11.35307,49.78575],[11.36682,49.80364]]]},"properties":{"plz":"91327","name":"91327 Gößweinstein"}},{"type":"Feature","geometry":{"type":"Polygon","coordinates":[[[11.10496,49.74872],[11.12076,49.76655],[11.11423,49.77397],[11.12668,49.79423],[11.13842,49.79918],[11.14057,49.80871],[11.13458,49.81215],[11.14743,49.81953],[11.15106,49.8135],[11.15971,49.81669],[11.13802,49.82972],[11.13776,49.84059],[11.12476,49.83757],[11.11627,49.84006],[11.10435,49.83571],[11.10329,49.81982],[11.09892,49.81882],[11.1001,49.80562],[11.0838,49.80302],[11.08129,49.794],[11.07585,49.79803],[11.04884,49.7949],[11.00929,49.78181],[11.03213,49.7668],[11.03911,49.76606],[11.04054,49.74931],[11.07712,49.74172],[11.09966,49.74484],[11.10496,49.74872]]]},"properties":{"plz":"91330","name":"91330 Eggolsheim"}},{"type":"Feature","geometry":{"type":"Polygon","coordinates":[[[11.13776,49.84059],[11.14147,49.84476],[11.17007,49.84484],[11.16692,49.83668],[11.174,49.83261],[11.18816,49.83588],[11.19917,49.83275],[11.20207,49.83836],[11.23167,49.83747],[11.22614,49.85746],[11.22832,49.86233],[11.24385,49.86479],[11.23846,49.87095],[11.23407,49.87522],[11.22126,49.87437],[11.21259,49.87924],[11.19254,49.88109],[11.19911,49.89278],[11.18417,49.90888],[11.17473,49.91147],[11.17437,49.91807],[11.15094,49.91933],[11.15149,49.92527],[11.13613,49.91071],[11.12432,49.90694],[11.10267,49.91067],[11.1112,49.91544],[11.10545,49.92013],[11.07919,49.90511],[11.06359,49.90523],[11.07774,49.89715],[11.07569,49.88935],[11.0846,49.88201],[11.08137,49.87711],[11.08958,49.86917],[11.08199,49.86124],[11.09831,49.8589],[11.09194,49.85121],[11.10491,49.8442],[11.09607,49.83647],[11.10435,49.83571],[11.11627,49.84006],[11.12476,49.83757],[11.13776,49.84059]]]},"properties":{"plz":"91332","name":"91332 Heiligenstadt i. OFr."}},{"type":"Feature","geometry":{"type":"Polygon","coordinates":[[[10.97228,49.68182],[10.97331,49.69198],[10.96108,49.69227],[10.93211,49.70089],[10.92423,49.69705],[10.91741,49.6853],[10.9182,49.68226],[10.94198,49.67525],[10.94965,49.68458],[10.97228,49.68182]]]},"properties":{"plz":"91334","name":"91334 Hemhofen"}},{"type":"Feature","geometry":{"type":"Polygon","coordinates":[[[11.01502,49.68378],[11.01405,49.69872],[10.98522,49.71081],[10.97356,49.72242],[10.96242,49.71681],[10.95575,49.71186],[10.92272,49.71417],[10.92202,49.70692],[10.93211,49.70089],[10.96108,49.69227],[10.97331,49.69198],[10.97228,49.68182],[11.01502,49.68378]]]},"properties":{"plz":"91336","name":"91336 Heroldsbach"}},{"type":"Feature","geometry":{"type":"MultiPolygon","coordinates":[[[[11.28049,49.60384],[11.28653,49.60709],[11.28769,49.61878],[11.27071,49.61698],[11.25851,49.62002],[11.24935,49.62962],[11.23621,49.63721],[11.2266,49.63487],[11.22625,49.6454],[11.20791,49.64181],[11.19363,49.63233],[11.20066,49.62762],[11.18093,49.62524],[11.18004,49.61202],[11.18777,49.59603],[11.18608,49.5911],[11.20763,49.59436],[11.2079,49.60145],[11.21811,49.60946],[11.22596,49.60819],[11.23023,49.59851],[11.2525,49.59724],[11.2641,49.60696],[11.28049,49.60384]]],[[[11.20012,49.65387],[11.18864,49.65917],[11.16947,49.66177],[11.14914,49.6574],[11.14779,49.65187],[11.16532,49.64521],[11.20012,49.65387]]]]},"properties":{"plz":"91338","name":"91338 Igensdorf"}},{"type":"Feature","geometry":{"type":"Polygon","coordinates":[[[10.92669,49.6514],[10.93867,49.65401],[10.93259,49.66113],[10.94198,49.67525],[10.9182,49.68226],[10.91741,49.6853],[10.90866,49.68387],[10.91122,49.6776],[10.8995,49.67598],[10.88834,49.66765],[10.92669,49.6514]]]},"properties":{"plz":"91341","name":"91341 Röttenbach"}},{"type":"Feature","geometry":{"type":"Polygon","coordinates":[[[11.34279,49.81282],[11.35342,49.82269],[11.35247,49.82709],[11.37136,49.82633],[11.38837,49.84067],[11.38235,49.84733],[11.39416,49.85713],[11.39309,49.86764],[11.40957,49.87836],[11.39207,49.8767],[11.36985,49.88209],[11.36066,49.88282],[11.33565,49.87311],[11.31311,49.87529],[11.28712,49.8728],[11.28098,49.86595],[11.26138,49.87304],[11.27034,49.86066],[11.2567,49.85669],[11.2702,49.83414],[11.29622,49.80431],[11.3108,49.79973],[11.32037,49.80191],[11.33263,49.81141],[11.3287,49.81762],[11.34279,49.81282]]]},"properties":{"plz":"91344","name":"91344 Waischenfeld"}},{"type":"Feature","geometry":{"type":"Polygon","coordinates":[[[11.29308,49.77874],[11.30159,49.79433],[11.3108,49.79973],[11.29622,49.80431],[11.2702,49.83414],[11.2567,49.85669],[11.27034,49.86066],[11.26138,49.87304],[11.2439,49.87404],[11.23846,49.87095],[11.24385,49.86479],[11.22832,49.86233],[11.22614,49.85746],[11.23167,49.83747],[11.20207,49.83836],[11.19917,49.83275],[11.20568,49.82969],[11.20287,49.81659],[11.21265,49.80611],[11.20671,49.79378],[11.21472,49.78403],[11.23268,49.78402],[11.2401,49.77783],[11.25596,49.7856],[11.25621,49.78037],[11.27818,49.78851],[11.29308,49.77874]]]},"properties":{"plz":"91346","name":"91346 Wiesenttal"}},{"type":"Feature","geometry":{"type":"Polygon","coordinates":[[[11.31336,49.72558],[11.31019,49.73487],[11.30067,49.73997],[11.27579,49.73697],[11.2703,49.73021],[11.25412,49.7303],[11.26072,49.73404],[11.24889,49.73749],[11.23846,49.73467],[11.23829,49.72984],[11.25026,49.72427],[11.23959,49.71975],[11.22089,49.72605],[11.20983,49.72187],[11.2059,49.71377],[11.21142,49.69762],[11.23075,49.70205],[11.24058,49.69339],[11.26164,49.69516],[11.27738,49.68682],[11.28854,49.68989],[11.29101,49.69764],[11.30353,49.70721],[11.31336,49.72558]]]},"properties":{"plz":"91349","name":"91349 Egloffstein"}},{"type":"Feature","geometry":{"type":"Polygon","coordinates":[[[10.87456,49.67297],[10.87329,49.68374],[10.86589,49.68642],[10.87013,49.69846],[10.86455,49.70471],[10.84869,49.70652],[10.82543,49.6997],[10.82589,49.67224],[10.84052,49.66197],[10.84693,49.66299],[10.87456,49.67297]]]},"properties":{"plz":"91350","name":"91350 Gremsdorf"}},{"type":"Feature","geometry":{"type":"Polygon","coordinates":[[[11.04054,49.74931],[11.03911,49.76606],[11.03213,49.7668],[11.00929,49.78181],[11.00891,49.78468],[10.98239,49.78563],[10.97923,49.77525],[10.96219,49.77046],[10.95424,49.77601],[10.93496,49.779],[10.92653,49.76774],[10.92111,49.7631],[10.93191,49.75937],[10.93036,49.75193],[10.91906,49.74301],[10.93241,49.7287],[10.94122,49.72942],[10.95123,49.7176],[10.96242,49.71681],[10.97356,49.72242],[11.00589,49.72463],[10.99961,49.73667],[11.01341,49.75066],[11.04054,49.74931]]]},"properties":{"plz":"91352","name":"91352 Hallerndorf"}},{"type":"Feature","geometry":{"type":"Polygon","coordinates":[[[11.0528,49.68189],[11.04724,49.69041],[11.05285,49.70323],[11.02469,49.70004],[11.02106,49.71252],[11.00609,49.71997],[11.00589,49.72463],[10.97356,49.72242],[10.98522,49.71081],[11.01405,49.69872],[11.01502,49.68378],[11.01336,49.67722],[11.0038,49.67396],[11.03297,49.67162],[11.0528,49.68189]]]},"properties":{"plz":"91353","name":"91353 Hausen"}},{"type":"Feature","geometry":{"type":"Polygon","coordinates":[[[11.3685,49.66665],[11.36613,49.67165],[11.34695,49.67578],[11.35348,49.67895],[11.34668,49.68718],[11.3233,49.69011],[11.30857,49.68654],[11.29899,49.67904],[11.28324,49.68085],[11.28972,49.6739],[11.27254,49.66895],[11.27553,49.65413],[11.30826,49.63342],[11.33212,49.63702],[11.33322,49.64711],[11.34194,49.65221],[11.34432,49.66058],[11.3685,49.66665]]]},"properties":{"plz":"91355","name":"91355 Hiltpoltstein"}},{"type":"Feature","geometry":{"type":"Polygon","coordinates":[[[11.12522,49.72434],[11.15643,49.71826],[11.16393,49.72431],[11.18094,49.72581],[11.1813,49.73592],[11.15816,49.74403],[11.15326,49.74856],[11.12589,49.72936],[11.12522,49.72434]]]},"properties":{"plz":"91356","name":"91356 Kirchehrenbach"}},{"type":"Feature","geometry":{"type":"Polygon","coordinates":[[[11.14914,49.6574],[11.16947,49.66177],[11.19725,49.67263],[11.18401,49.67559],[11.17463,49.68372],[11.15764,49.68133],[11.15575,49.69031],[11.14726,49.68977],[11.13635,49.68653],[11.13524,49.68091],[11.13914,49.65819],[11.14914,49.6574]]]},"properties":{"plz":"91358","name":"91358 Kunreuth"}},{"type":"Feature","geometry":{"type":"Polygon","coordinates":[[[11.21142,49.69762],[11.2059,49.71377],[11.18115,49.71799],[11.18094,49.72581],[11.16393,49.72431],[11.15643,49.71826],[11.16162,49.71083],[11.1577,49.69722],[11.14536,49.69459],[11.14726,49.68977],[11.15575,49.69031],[11.15764,49.68133],[11.17463,49.68372],[11.18401,49.67559],[11.19725,49.67263],[11.21487,49.66941],[11.22329,49.67158],[11.22049,49.68539],[11.21048,49.69184],[11.21142,49.69762]]]},"properties":{"plz":"91359","name":"91359 Leutenbach"}},{"type":"Feature","geometry":{"type":"Polygon","coordinates":[[[11.13524,49.68091],[11.13635,49.68653],[11.14726,49.68977],[11.14536,49.69459],[11.1203,49.70623],[11.12632,49.71317],[11.1189,49.71589],[11.10459,49.70647],[11.09403,49.70708],[11.07935,49.69517],[11.08646,49.68488],[11.08751,49.67394],[11.08825,49.67384],[11.10477,49.67161],[11.11411,49.68178],[11.13524,49.68091]]]},"properties":{"plz":"91361","name":"91361 Pinzberg"}},{"type":"Feature","geometry":{"type":"Polygon","coordinates":[[[11.1599,49.75776],[11.15326,49.74856],[11.15816,49.74403],[11.1813,49.73592],[11.18094,49.72581],[11.18115,49.71799],[11.2059,49.71377],[11.20983,49.72187],[11.22089,49.72605],[11.23959,49.71975],[11.25026,49.72427],[11.23829,49.72984],[11.23846,49.73467],[11.23286,49.74235],[11.24467,49.74727],[11.23513,49.75491],[11.21392,49.75251],[11.21175,49.76035],[11.20257,49.76398],[11.17153,49.76952],[11.17045,49.76236],[11.1599,49.75776]]]},"properties":{"plz":"91362","name":"91362 Pretzfeld"}},{"type":"Feature","geometry":{"type":"Polygon","coordinates":[[[11.20287,49.81659],[11.20568,49.82969],[11.19917,49.83275],[11.18816,49.83588],[11.174,49.83261],[11.16692,49.83668],[11.17007,49.84484],[11.14147,49.84476],[11.13776,49.84059],[11.13802,49.82972],[11.15971,49.81669],[11.17269,49.80945],[11.18943,49.80817],[11.20287,49.81659]]]},"properties":{"plz":"91364","name":"91364 Unterleinleiter"}},{"type":"Feature","geometry":{"type":"Polygon","coordinates":[[[11.12589,49.72936],[11.15326,49.74856],[11.1599,49.75776],[11.14573,49.76195],[11.13687,49.76029],[11.12856,49.76831],[11.12076,49.76655],[11.10496,49.74872],[11.12434,49.73758],[11.12589,49.72936]]]},"properties":{"plz":"91365","name":"91365 Weilersbach"}},{"type":"Feature","geometry":{"type":"Polygon","coordinates":[[[11.29238,49.61605],[11.30031,49.62093],[11.29713,49.62721],[11.27844,49.62618],[11.27799,49.63436],[11.26345,49.62972],[11.25502,49.63731],[11.24671,49.63319],[11.23621,49.63721],[11.24935,49.62962],[11.25851,49.62002],[11.27071,49.61698],[11.28769,49.61878],[11.29238,49.61605]]]},"properties":{"plz":"91367","name":"91367 Weißenohe"}},{"type":"Feature","geometry":{"type":"Polygon","coordinates":[[[11.1189,49.71589],[11.12632,49.71317],[11.1203,49.70623],[11.14536,49.69459],[11.1577,49.69722],[11.16162,49.71083],[11.15643,49.71826],[11.12522,49.72434],[11.1189,49.71589]]]},"properties":{"plz":"91369","name":"91369 Wiesenthau"}},{"type":"Feature","geometry":{"type":"Polygon","coordinates":[[[10.46462,49.58687],[10.4619,49.57545],[10.47408,49.5665],[10.47294,49.57004],[10.48874,49.57116],[10.50479,49.56762],[10.51386,49.57022],[10.53364,49.56349],[10.55869,49.56881],[10.56378,49.55826],[10.57062,49.55794],[10.57892,49.54901],[10.59037,49.55135],[10.6036,49.5453],[10.61116,49.54717],[10.60036,49.53459],[10.60115,49.52943],[10.60784,49.53271],[10.63201,49.53248],[10.64657,49.54226],[10.64659,49.55439],[10.67074,49.56161],[10.66407,49.56928],[10.67729,49.56887],[10.67919,49.57697],[10.66203,49.57861],[10.65053,49.57426],[10.63851,49.58317],[10.61836,49.59118],[10.599,49.59464],[10.58899,49.60211],[10.56978,49.59968],[10.55862,49.59768],[10.54064,49.60023],[10.53531,49.595],[10.50886,49.59639],[10.49989,49.60017],[10.49021,49.60074],[10.46462,49.58687]]]},"properties":{"plz":"91413","name":"91413 Neustadt a.d.Aisch"}},{"type":"Feature","geometry":{"type":"Polygon","coordinates":[[[10.53483,49.4838],[10.52971,49.48855],[10.5039,49.49342],[10.48795,49.50186],[10.46005,49.50981],[10.45742,49.51364],[10.44225,49.50858],[10.45192,49.51711],[10.43721,49.53096],[10.44018,49.53887],[10.45269,49.5437],[10.45695,49.56032],[10.45432,49.56983],[10.4619,49.57545],[10.46462,49.58687],[10.459,49.58394],[10.4416,49.58658],[10.43347,49.57606],[10.41489,49.57547],[10.37686,49.56558],[10.37614,49.55838],[10.36464,49.55835],[10.38316,49.54811],[10.35905,49.54415],[10.36529,49.52746],[10.3579,49.52542],[10.3558,49.51066],[10.34754,49.50189],[10.3694,49.49138],[10.37789,49.4942],[10.40375,49.49316],[10.40107,49.48998],[10.41319,49.47265],[10.42641,49.47041],[10.45177,49.46151],[10.46736,49.46789],[10.48419,49.46981],[10.48918,49.47651],[10.5038,49.47525],[10.51055,49.48651],[10.52951,49.48422],[10.53483,49.4838]]]},"properties":{"plz":"91438","name":"91438 Bad Windsheim"}},{"type":"Feature","geometry":{"type":"Polygon","coordinates":[[[10.7439,49.51463],[10.74309,49.51818],[10.72592,49.52322],[10.74298,49.53647],[10.75739,49.53719],[10.76251,49.55205],[10.77158,49.55516],[10.77163,49.5469],[10.78028,49.54379],[10.77679,49.52811],[10.78737,49.52548],[10.79718,49.52404],[10.80302,49.53141],[10.80994,49.52977],[10.81584,49.53576],[10.81194,49.54957],[10.82157,49.55157],[10.80861,49.5625],[10.79586,49.56711],[10.79552,49.57953],[10.78234,49.5857],[10.75778,49.58078],[10.75121,49.56919],[10.74524,49.56818],[10.75192,49.55802],[10.7273,49.55944],[10.72595,49.57347],[10.71409,49.57627],[10.71488,49.5854],[10.72744,49.58369],[10.72591,49.58896],[10.75429,49.59153],[10.75524,49.60175],[10.73983,49.60297],[10.72756,49.59671],[10.71694,49.60006],[10.70687,49.58971],[10.69871,49.58764],[10.68533,49.58978],[10.67919,49.57697],[10.67729,49.56887],[10.66407,49.56928],[10.67074,49.56161],[10.64659,49.55439],[10.64657,49.54226],[10.65716,49.54114],[10.66028,49.52816],[10.67085,49.51789],[10.71044,49.51514],[10.71126,49.50485],[10.7211,49.50212],[10.74047,49.50318],[10.7439,49.51463]]]},"properties":{"plz":"91448","name":"91448 Emskirchen"}},{"type":"Feature","geometry":{"type":"Polygon","coordinates":[[[10.7211,49.50212],[10.71126,49.50485],[10.70343,49.49586],[10.68964,49.49769],[10.68293,49.48176],[10.69288,49.47825],[10.696,49.45988],[10.69058,49.44472],[10.69862,49.44323],[10.69739,49.43592],[10.73828,49.43381],[10.75594,49.4412],[10.75947,49.44663],[10.74906,49.45592],[10.76057,49.46129],[10.75976,49.46888],[10.74658,49.47256],[10.73386,49.47071],[10.72468,49.48836],[10.7211,49.50212]]]},"properties":{"plz":"91452","name":"91452 Wilhermsdorf"}},{"type":"Feature","geometry":{"type":"Polygon","coordinates":[[[10.67919,49.57697],[10.68533,49.58978],[10.69871,49.58764],[10.68814,49.59366],[10.687,49.59965],[10.66816,49.59965],[10.65807,49.59413],[10.65064,49.60197],[10.63067,49.6105],[10.6132,49.60344],[10.60937,49.61455],[10.59002,49.62153],[10.58734,49.61488],[10.57805,49.61829],[10.5557,49.61975],[10.5452,49.61563],[10.55346,49.60842],[10.56861,49.60839],[10.56978,49.59968],[10.58899,49.60211],[10.599,49.59464],[10.61836,49.59118],[10.63851,49.58317],[10.65053,49.57426],[10.66203,49.57861],[10.67919,49.57697]]]},"properties":{"plz":"91456","name":"91456 Diespeck"}},{"type":"Feature","geometry":{"type":"Polygon","coordinates":[[[10.69288,49.47825],[10.68293,49.48176],[10.68964,49.49769],[10.70343,49.49586],[10.71126,49.50485],[10.71044,49.51514],[10.67085,49.51789],[10.66028,49.52816],[10.65716,49.54114],[10.64657,49.54226],[10.63201,49.53248],[10.60784,49.53271],[10.60115,49.52943],[10.58803,49.53543],[10.59061,49.52122],[10.5835,49.51816],[10.57512,49.51495],[10.58011,49.50666],[10.5612,49.50471],[10.56557,49.49274],[10.55532,49.49776],[10.5472,49.49538],[10.5252,49.50469],[10.51227,49.50333],[10.51563,49.49619],[10.5039,49.49342],[10.52971,49.48855],[10.53483,49.4838],[10.53002,49.49094],[10.54529,49.48542],[10.55201,49.4762],[10.55684,49.48071],[10.58681,49.47287],[10.58648,49.47885],[10.59639,49.48249],[10.58748,49.48683],[10.59576,49.48948],[10.61107,49.48525],[10.60473,49.47834],[10.60599,49.47016],[10.61561,49.46959],[10.63855,49.47226],[10.64214,49.47684],[10.65342,49.46862],[10.69288,49.47825]]]},"properties":{"plz":"91459","name":"91459 Markt Erlbach"}},{"type":"Feature","geometry":{"type":"Polygon","coordinates":[[[10.56978,49.59968],[10.56861,49.60839],[10.55346,49.60842],[10.5452,49.61563],[10.5557,49.61975],[10.57129,49.62602],[10.56626,49.63218],[10.58427,49.64889],[10.57516,49.65502],[10.56298,49.65194],[10.55504,49.65691],[10.54169,49.6544],[10.52716,49.6566],[10.51943,49.6456],[10.487,49.6334],[10.50209,49.62574],[10.53122,49.62022],[10.5269,49.60992],[10.54064,49.60023],[10.55862,49.59768],[10.56978,49.59968]]]},"properties":{"plz":"91460","name":"91460 Baudenbach"}},{"type":"Feature","geometry":{"type":"Polygon","coordinates":[[[10.78096,49.64224],[10.76561,49.64895],[10.73768,49.65265],[10.73069,49.64918],[10.71436,49.66064],[10.6915,49.66053],[10.65094,49.65272],[10.66738,49.63636],[10.67336,49.63418],[10.69665,49.64049],[10.71022,49.63205],[10.72611,49.63248],[10.73164,49.63618],[10.761,49.62728],[10.77459,49.62881],[10.78409,49.63423],[10.78096,49.64224]]]},"properties":{"plz":"91462","name":"91462 Dachsbach"}},{"type":"Feature","geometry":{"type":"Polygon","coordinates":[[[10.47408,49.5665],[10.48397,49.55794],[10.4842,49.54708],[10.4951,49.54603],[10.49635,49.53526],[10.51497,49.53214],[10.52808,49.53371],[10.53626,49.52531],[10.54216,49.52869],[10.55686,49.52298],[10.56066,49.52959],[10.57202,49.52938],[10.5835,49.51816],[10.59061,49.52122],[10.58803,49.53543],[10.60115,49.52943],[10.60036,49.53459],[10.61116,49.54717],[10.6036,49.5453],[10.59037,49.55135],[10.57892,49.54901],[10.57062,49.55794],[10.56378,49.55826],[10.55869,49.56881],[10.53364,49.56349],[10.51386,49.57022],[10.50479,49.56762],[10.48874,49.57116],[10.47294,49.57004],[10.47408,49.5665]]]},"properties":{"plz":"91463","name":"91463 Dietersheim"}},{"type":"Feature","geometry":{"type":"Polygon","coordinates":[[[10.761,49.62728],[10.73164,49.63618],[10.72611,49.63248],[10.71022,49.63205],[10.69665,49.64049],[10.67336,49.63418],[10.66738,49.63636],[10.65729,49.63372],[10.66086,49.62306],[10.6714,49.61557],[10.66816,49.59965],[10.687,49.59965],[10.68814,49.59366],[10.69871,49.58764],[10.70687,49.58971],[10.71694,49.60006],[10.72756,49.59671],[10.73983,49.60297],[10.75524,49.60175],[10.77437,49.60563],[10.75387,49.60945],[10.76024,49.61668],[10.761,49.62728]]]},"properties":{"plz":"91466","name":"91466 Gerhardshofen"}},{"type":"Feature","geometry":{"type":"Polygon","coordinates":[[[10.66816,49.59965],[10.6714,49.61557],[10.66086,49.62306],[10.65729,49.63372],[10.66738,49.63636],[10.65094,49.65272],[10.63746,49.65525],[10.61616,49.64346],[10.61712,49.63569],[10.60596,49.63412],[10.59884,49.62321],[10.59002,49.62153],[10.60937,49.61455],[10.6132,49.60344],[10.63067,49.6105],[10.65064,49.60197],[10.65807,49.59413],[10.66816,49.59965]]]},"properties":{"plz":"91468","name":"91468 Gutenstetten"}},{"type":"Feature","geometry":{"type":"Polygon","coordinates":[[[10.78737,49.52548],[10.77679,49.52811],[10.78028,49.54379],[10.77163,49.5469],[10.77158,49.55516],[10.76251,49.55205],[10.75739,49.53719],[10.74298,49.53647],[10.72592,49.52322],[10.74309,49.51818],[10.7439,49.51463],[10.75594,49.51169],[10.75915,49.52096],[10.77121,49.51101],[10.78955,49.51018],[10.78737,49.52548]]]},"properties":{"plz":"91469","name":"91469 Hagenbüchach"}},{"type":"Feature","geometry":{"type":"Polygon","coordinates":[[[10.37789,49.4942],[10.37459,49.48436],[10.35777,49.4752],[10.36376,49.46993],[10.38271,49.46489],[10.39049,49.45921],[10.39701,49.43983],[10.39663,49.42862],[10.40244,49.43271],[10.42272,49.42972],[10.41966,49.44643],[10.4493,49.45242],[10.45177,49.46151],[10.42641,49.47041],[10.41319,49.47265],[10.40107,49.48998],[10.40375,49.49316],[10.37789,49.4942]]]},"properties":{"plz":"91471","name":"91471 Illesheim"}},{"type":"Feature","geometry":{"type":"Polygon","coordinates":[[[10.4619,49.57545],[10.45432,49.56983],[10.45695,49.56032],[10.45269,49.5437],[10.44018,49.53887],[10.43721,49.53096],[10.45192,49.51711],[10.44225,49.50858],[10.45742,49.51364],[10.46005,49.50981],[10.48795,49.50186],[10.5039,49.49342],[10.51563,49.49619],[10.51227,49.50333],[10.5252,49.50469],[10.5472,49.49538],[10.55532,49.49776],[10.56557,49.49274],[10.5612,49.50471],[10.58011,49.50666],[10.57512,49.51495],[10.5835,49.51816],[10.57202,49.52938],[10.56066,49.52959],[10.55686,49.52298],[10.54216,49.52869],[10.53626,49.52531],[10.52808,49.53371],[10.51497,49.53214],[10.49635,49.53526],[10.4951,49.54603],[10.4842,49.54708],[10.48397,49.55794],[10.47408,49.5665],[10.4619,49.57545]]]},"properties":{"plz":"91472","name":"91472 Ipsheim"}},{"type":"Feature","geometry":{"type":"Polygon","coordinates":[[[10.54064,49.60023],[10.5269,49.60992],[10.53122,49.62022],[10.50209,49.62574],[10.487,49.6334],[10.48274,49.63077],[10.49967,49.62392],[10.50302,49.61637],[10.49802,49.60999],[10.49989,49.60017],[10.50886,49.59639],[10.53531,49.595],[10.54064,49.60023]]]},"properties":{"plz":"91474","name":"91474 Langenfeld"}},{"type":"Feature","geometry":{"type":"Polygon","coordinates":[[[10.7888,49.73124],[10.76441,49.73464],[10.74766,49.73425],[10.74826,49.7271],[10.7392,49.72927],[10.72453,49.72471],[10.72117,49.72834],[10.70687,49.72564],[10.70317,49.71743],[10.72679,49.70961],[10.71161,49.70007],[10.71214,49.69481],[10.6969,49.69157],[10.70014,49.68835],[10.72974,49.6857],[10.74425,49.67477],[10.75553,49.68376],[10.76919,49.68758],[10.78582,49.70108],[10.77186,49.71998],[10.7806,49.72917],[10.7888,49.73124]]]},"properties":{"plz":"91475","name":"91475 Lonnerstadt"}},{"type":"Feature","geometry":{"type":"Polygon","coordinates":[[[10.52716,49.6566],[10.54169,49.6544],[10.55504,49.65691],[10.55755,49.66889],[10.55009,49.67526],[10.55818,49.68408],[10.58633,49.68682],[10.59433,49.69143],[10.59191,49.70294],[10.59811,49.7095],[10.59561,49.71273],[10.57431,49.70984],[10.57431,49.72482],[10.56127,49.72217],[10.55126,49.71266],[10.51288,49.70933],[10.51595,49.69653],[10.53438,49.69244],[10.5172,49.68985],[10.51161,49.67642],[10.51127,49.66124],[10.52716,49.6566]]]},"properties":{"plz":"91480","name":"91480 Markt Taschendorf"}},{"type":"Feature","geometry":{"type":"Polygon","coordinates":[[[10.59002,49.62153],[10.59884,49.62321],[10.60596,49.63412],[10.61712,49.63569],[10.61616,49.64346],[10.63746,49.65525],[10.62073,49.67129],[10.62428,49.67784],[10.60275,49.67934],[10.61823,49.68922],[10.59433,49.69143],[10.58633,49.68682],[10.55818,49.68408],[10.55009,49.67526],[10.55755,49.66889],[10.55504,49.65691],[10.56298,49.65194],[10.57516,49.65502],[10.58427,49.64889],[10.56626,49.63218],[10.57129,49.62602],[10.5557,49.61975],[10.57805,49.61829],[10.58734,49.61488],[10.59002,49.62153]]]},"properties":{"plz":"91481","name":"91481 Münchsteinach"}},{"type":"Feature","geometry":{"type":"Polygon","coordinates":[[[10.78804,49.65199],[10.78202,49.65719],[10.7655,49.65913],[10.74425,49.67477],[10.72974,49.6857],[10.70014,49.68835],[10.6969,49.69157],[10.68791,49.6854],[10.62428,49.67784],[10.62073,49.67129],[10.63746,49.65525],[10.65094,49.65272],[10.6915,49.66053],[10.71436,49.66064],[10.73069,49.64918],[10.73768,49.65265],[10.76561,49.64895],[10.78096,49.64224],[10.78804,49.65199]]]},"properties":{"plz":"91486","name":"91486 Uehlfeld"}},{"type":"Feature","geometry":{"type":"Polygon","coordinates":[[[10.70317,49.71743],[10.67123,49.72237],[10.65432,49.72109],[10.62399,49.72044],[10.61231,49.70703],[10.59811,49.7095],[10.59191,49.70294],[10.59433,49.69143],[10.61823,49.68922],[10.60275,49.67934],[10.62428,49.67784],[10.68791,49.6854],[10.6969,49.69157],[10.71214,49.69481],[10.71161,49.70007],[10.72679,49.70961],[10.70317,49.71743]]]},"properties":{"plz":"91487","name":"91487 Vestenbergsgreuth"}},{"type":"Feature","geometry":{"type":"Polygon","coordinates":[[[10.75429,49.59153],[10.72591,49.58896],[10.72744,49.58369],[10.71488,49.5854],[10.71409,49.57627],[10.72595,49.57347],[10.7273,49.55944],[10.75192,49.55802],[10.74524,49.56818],[10.75121,49.56919],[10.75778,49.58078],[10.75429,49.59153]]]},"properties":{"plz":"91489","name":"91489 Wilhelmsdorf"}},{"type":"Feature","geometry":{"type":"Polygon","coordinates":[[[10.48395,49.32694],[10.47358,49.32605],[10.47862,49.31326],[10.49262,49.30621],[10.49921,49.29149],[10.48121,49.28605],[10.48128,49.29284],[10.46551,49.2932],[10.45568,49.2842],[10.46525,49.27564],[10.48312,49.27443],[10.47257,49.26551],[10.48727,49.2681],[10.50049,49.26614],[10.50648,49.25896],[10.51827,49.25708],[10.53102,49.2632],[10.5539,49.25923],[10.5609,49.25191],[10.58005,49.25025],[10.58097,49.2457],[10.6088,49.23838],[10.64022,49.23439],[10.63614,49.24629],[10.64577,49.2574],[10.62565,49.26435],[10.624,49.27298],[10.61456,49.27822],[10.62565,49.28117],[10.61173,49.28281],[10.62991,49.28838],[10.6351,49.3023],[10.64576,49.30473],[10.65629,49.31473],[10.65003,49.32229],[10.62697,49.32511],[10.62633,49.32773],[10.6025,49.32959],[10.59173,49.33279],[10.58744,49.3426],[10.57701,49.34371],[10.57032,49.33835],[10.54713,49.33997],[10.53499,49.33323],[10.52849,49.32268],[10.4964,49.32818],[10.48395,49.32694]]]},"properties":{"plz":"91522","name":"91522 Ansbach"}},{"type":"Feature","geometry":{"type":"Polygon","coordinates":[[[10.82446,49.37405],[10.81117,49.3736],[10.801,49.38297],[10.78158,49.3831],[10.77607,49.38878],[10.75438,49.37954],[10.73148,49.383],[10.72915,49.37294],[10.71788,49.37275],[10.71797,49.36612],[10.72029,49.35991],[10.73894,49.36111],[10.73708,49.35071],[10.747,49.34645],[10.73975,49.34145],[10.75389,49.33717],[10.7533,49.32657],[10.76698,49.32829],[10.7701,49.31707],[10.78363,49.32077],[10.79674,49.31829],[10.80319,49.31266],[10.80832,49.31734],[10.83142,49.30998],[10.83819,49.30395],[10.85034,49.30336],[10.86097,49.31117],[10.86541,49.31513],[10.873,49.32295],[10.86548,49.32973],[10.86161,49.34305],[10.86777,49.35617],[10.82446,49.37405]]]},"properties":{"plz":"91560","name":"91560 Heilsbronn"}},{"type":"Feature","geometry":{"type":"Polygon","coordinates":[[[10.7701,49.31707],[10.78812,49.30262],[10.77486,49.29499],[10.77453,49.2897],[10.75857,49.28863],[10.75868,49.28493],[10.77178,49.2767],[10.76512,49.2664],[10.77437,49.26055],[10.76769,49.25826],[10.78887,49.25142],[10.79605,49.25874],[10.81036,49.25666],[10.82541,49.26261],[10.8229,49.27382],[10.84916,49.28001],[10.84987,49.28762],[10.86375,49.28904],[10.86919,49.30171],[10.86097,49.31117],[10.85034,49.30336],[10.83819,49.30395],[10.83142,49.30998],[10.80832,49.31734],[10.80319,49.31266],[10.79674,49.31829],[10.78363,49.32077],[10.7701,49.31707]]]},"properties":{"plz":"91564","name":"91564 Neuendettelsau"}},{"type":"Feature","geometry":{"type":"Polygon","coordinates":[[[10.48733,49.19537],[10.48704,49.19178],[10.50256,49.18768],[10.50864,49.18202],[10.50719,49.16958],[10.51559,49.16008],[10.52418,49.15555],[10.5165,49.15048],[10.51296,49.13512],[10.50721,49.1326],[10.5369,49.13149],[10.53827,49.12538],[10.57829,49.12466],[10.58649,49.12988],[10.59027,49.14367],[10.5828,49.14782],[10.59302,49.15718],[10.61353,49.15421],[10.6144,49.16044],[10.62648,49.16158],[10.6187,49.16687],[10.63039,49.17162],[10.62378,49.18137],[10.61234,49.186],[10.59566,49.1977],[10.56914,49.19854],[10.56985,49.21143],[10.54545,49.21381],[10.54101,49.20963],[10.52345,49.21662],[10.51631,49.20242],[10.50004,49.20349],[10.48733,49.19537]]]},"properties":{"plz":"91572","name":"91572 Bechhofen"}},{"type":"Feature","geometry":{"type":"Polygon","coordinates":[[[10.90483,49.29371],[10.90017,49.29458],[10.89719,49.30786],[10.88763,49.30653],[10.88753,49.31652],[10.86541,49.31513],[10.86097,49.31117],[10.86919,49.30171],[10.86375,49.28904],[10.84987,49.28762],[10.84916,49.28001],[10.8229,49.27382],[10.82541,49.26261],[10.81036,49.25666],[10.79605,49.25874],[10.78887,49.25142],[10.76769,49.25826],[10.7445,49.25098],[10.74389,49.24113],[10.7626,49.23614],[10.76634,49.22249],[10.77396,49.22128],[10.79198,49.22274],[10.79966,49.23229],[10.82619,49.22272],[10.81911,49.21589],[10.82369,49.20442],[10.83521,49.20427],[10.83724,49.19838],[10.8627,49.20785],[10.85891,49.22054],[10.87728,49.23104],[10.89302,49.23189],[10.89812,49.24325],[10.91339,49.24664],[10.91138,49.25492],[10.90345,49.25262],[10.89905,49.27337],[10.90483,49.29371]]]},"properties":{"plz":"91575","name":"91575 Windsbach"}},{"type":"Feature","geometry":{"type":"Polygon","coordinates":[[[10.70658,49.3672],[10.70336,49.3545],[10.71699,49.34859],[10.69116,49.33992],[10.69193,49.33366],[10.67599,49.33191],[10.67025,49.33495],[10.66017,49.32228],[10.65003,49.32229],[10.65629,49.31473],[10.66974,49.30787],[10.69779,49.30431],[10.69466,49.29744],[10.72085,49.2973],[10.72827,49.30185],[10.74086,49.29548],[10.73449,49.2905],[10.74014,49.28543],[10.75868,49.28493],[10.75857,49.28863],[10.77453,49.2897],[10.77486,49.29499],[10.78812,49.30262],[10.7701,49.31707],[10.76698,49.32829],[10.7533,49.32657],[10.75389,49.33717],[10.73975,49.34145],[10.747,49.34645],[10.73708,49.35071],[10.73894,49.36111],[10.72029,49.35991],[10.71797,49.36612],[10.70658,49.3672]]]},"properties":{"plz":"91580","name":"91580 Petersaurach"}},{"type":"Feature","geometry":{"type":"Polygon","coordinates":[[[10.64022,49.23439],[10.65076,49.23016],[10.67548,49.23157],[10.67287,49.24064],[10.68136,49.24238],[10.69971,49.23776],[10.70888,49.23838],[10.70777,49.24863],[10.71853,49.25495],[10.73454,49.24941],[10.7445,49.25098],[10.76769,49.25826],[10.77437,49.26055],[10.76512,49.2664],[10.77178,49.2767],[10.75868,49.28493],[10.74014,49.28543],[10.73449,49.2905],[10.74086,49.29548],[10.72827,49.30185],[10.72085,49.2973],[10.69466,49.29744],[10.68888,49.28447],[10.67568,49.2843],[10.67329,49.27016],[10.65212,49.26452],[10.65692,49.25744],[10.64577,49.2574],[10.63614,49.24629],[10.64022,49.23439]]]},"properties":{"plz":"91586","name":"91586 Lichtenau"}},{"type":"Feature","geometry":{"type":"Polygon","coordinates":[[[10.67427,49.36022],[10.67025,49.33495],[10.67599,49.33191],[10.69193,49.33366],[10.69116,49.33992],[10.71699,49.34859],[10.70336,49.3545],[10.70658,49.3672],[10.69727,49.36259],[10.67427,49.36022]]]},"properties":{"plz":"91590","name":"91590 Bruckberg"}},{"type":"Feature","geometry":{"type":"Polygon","coordinates":[[[10.58097,49.2457],[10.56805,49.24137],[10.56807,49.22813],[10.56388,49.22074],[10.57433,49.21752],[10.56985,49.21143],[10.56914,49.19854],[10.59566,49.1977],[10.59593,49.20763],[10.6072,49.21518],[10.59833,49.22629],[10.605,49.22854],[10.6088,49.23838],[10.58097,49.2457]]]},"properties":{"plz":"91595","name":"91595 Burgoberbach"}},{"type":"Feature","geometry":{"type":"Polygon","coordinates":[[[10.48102,49.41587],[10.49111,49.40749],[10.48224,49.40596],[10.49026,49.39835],[10.46833,49.38984],[10.50081,49.36988],[10.52794,49.36907],[10.55078,49.36623],[10.54957,49.38471],[10.56549,49.38822],[10.57291,49.39609],[10.56739,49.40151],[10.55262,49.40136],[10.5411,49.40864],[10.55844,49.40995],[10.53574,49.41839],[10.5537,49.42822],[10.55498,49.43759],[10.53797,49.43814],[10.52038,49.45084],[10.50808,49.44901],[10.50907,49.43841],[10.49566,49.43602],[10.47155,49.42348],[10.48102,49.41587]]]},"properties":{"plz":"91604","name":"91604 Flachslanden"}},{"type":"Feature","geometry":{"type":"Polygon","coordinates":[[[10.57701,49.34371],[10.56509,49.35038],[10.58004,49.36462],[10.56877,49.37105],[10.57649,49.3826],[10.56549,49.38822],[10.54957,49.38471],[10.55078,49.36623],[10.52794,49.36907],[10.50081,49.36988],[10.46833,49.38984],[10.45489,49.38499],[10.44289,49.39015],[10.42088,49.39293],[10.41297,49.37472],[10.42265,49.37073],[10.42274,49.36167],[10.44286,49.36155],[10.45973,49.35719],[10.46103,49.34709],[10.46891,49.33912],[10.46069,49.33552],[10.48395,49.32694],[10.4964,49.32818],[10.52849,49.32268],[10.53499,49.33323],[10.54713,49.33997],[10.57032,49.33835],[10.57701,49.34371]]]},"properties":{"plz":"91611","name":"91611 Lehrberg"}},{"type":"Feature","geometry":{"type":"Polygon","coordinates":[[[10.39663,49.42862],[10.40515,49.42246],[10.39113,49.42005],[10.3869,49.41234],[10.38388,49.40108],[10.40198,49.40229],[10.40661,49.39576],[10.42088,49.39293],[10.44289,49.39015],[10.45489,49.38499],[10.46833,49.38984],[10.49026,49.39835],[10.48224,49.40596],[10.49111,49.40749],[10.48102,49.41587],[10.46797,49.41353],[10.46341,49.42431],[10.46099,49.4163],[10.44689,49.41255],[10.44856,49.41766],[10.43593,49.42826],[10.42272,49.42972],[10.40244,49.43271],[10.39663,49.42862]]]},"properties":{"plz":"91617","name":"91617 Oberdachstetten"}},{"type":"Feature","geometry":{"type":"Polygon","coordinates":[[[10.52951,49.48422],[10.51055,49.48651],[10.5038,49.47525],[10.48918,49.47651],[10.48419,49.46981],[10.46736,49.46789],[10.45177,49.46151],[10.4493,49.45242],[10.41966,49.44643],[10.42272,49.42972],[10.43593,49.42826],[10.44856,49.41766],[10.44689,49.41255],[10.46099,49.4163],[10.46341,49.42431],[10.46797,49.41353],[10.48102,49.41587],[10.47155,49.42348],[10.49566,49.43602],[10.50907,49.43841],[10.50808,49.44901],[10.52038,49.45084],[10.53797,49.43814],[10.55498,49.43759],[10.55727,49.44479],[10.54969,49.44734],[10.55413,49.46616],[10.53714,49.47102],[10.52951,49.48422]]]},"properties":{"plz":"91619","name":"91619 Obernzenn"}},{"type":"Feature","geometry":{"type":"Polygon","coordinates":[[[10.59798,49.42215],[10.59613,49.43189],[10.61231,49.43204],[10.614,49.44585],[10.61145,49.44853],[10.57243,49.43811],[10.55727,49.44479],[10.55498,49.43759],[10.5537,49.42822],[10.53574,49.41839],[10.55844,49.40995],[10.5411,49.40864],[10.55262,49.40136],[10.56739,49.40151],[10.57291,49.39609],[10.56549,49.38822],[10.57649,49.3826],[10.59997,49.39917],[10.60956,49.39769],[10.61669,49.39947],[10.59895,49.40589],[10.59306,49.41851],[10.59798,49.42215]]]},"properties":{"plz":"91622","name":"91622 Rügland"}},{"type":"Feature","geometry":{"type":"Polygon","coordinates":[[[10.64577,49.2574],[10.65692,49.25744],[10.65212,49.26452],[10.67329,49.27016],[10.67568,49.2843],[10.68888,49.28447],[10.69466,49.29744],[10.69779,49.30431],[10.66974,49.30787],[10.65629,49.31473],[10.64576,49.30473],[10.6351,49.3023],[10.62991,49.28838],[10.61173,49.28281],[10.62565,49.28117],[10.61456,49.27822],[10.624,49.27298],[10.62565,49.26435],[10.64577,49.2574]]]},"properties":{"plz":"91623","name":"91623 Sachsen b. Ansbach"}},{"type":"Feature","geometry":{"type":"Polygon","coordinates":[[[10.60956,49.39769],[10.59997,49.39917],[10.57649,49.3826],[10.56877,49.37105],[10.58004,49.36462],[10.56509,49.35038],[10.57701,49.34371],[10.58744,49.3426],[10.59173,49.33279],[10.6025,49.32959],[10.62633,49.32773],[10.62697,49.32511],[10.65003,49.32229],[10.66017,49.32228],[10.67025,49.33495],[10.67427,49.36022],[10.65525,49.36716],[10.65162,49.37351],[10.65929,49.3757],[10.63849,49.38559],[10.62534,49.38679],[10.62927,49.39259],[10.60956,49.39769]]]},"properties":{"plz":"91629","name":"91629 Weihenzell"}},{"type":"Feature","geometry":{"type":"Polygon","coordinates":[[[10.7445,49.25098],[10.73454,49.24941],[10.71853,49.25495],[10.70777,49.24863],[10.70888,49.23838],[10.69971,49.23776],[10.69825,49.23027],[10.68653,49.23103],[10.69017,49.22024],[10.70395,49.21498],[10.71578,49.22037],[10.73103,49.21539],[10.72663,49.20706],[10.71722,49.20787],[10.71481,49.194],[10.7311,49.18575],[10.74008,49.1971],[10.75916,49.2037],[10.76289,49.20062],[10.78413,49.20309],[10.78092,49.2124],[10.76257,49.21574],[10.77396,49.22128],[10.76634,49.22249],[10.7626,49.23614],[10.74389,49.24113],[10.7445,49.25098]]]},"properties":{"plz":"91639","name":"91639 Wolframs-Eschenbach"}},{"type":"Feature","geometry":{"type":"Polygon","coordinates":[[[10.64831,49.10222],[10.64562,49.0904],[10.65654,49.08301],[10.67578,49.08341],[10.67349,49.07238],[10.68795,49.07112],[10.70566,49.06956],[10.72498,49.0726],[10.72706,49.06711],[10.73643,49.06899],[10.75926,49.07999],[10.77624,49.0827],[10.78186,49.08739],[10.80105,49.08551],[10.80119,49.0968],[10.81122,49.0991],[10.81149,49.10976],[10.81923,49.11984],[10.80907,49.11887],[10.80242,49.12574],[10.77817,49.13356],[10.76812,49.1462],[10.77214,49.15087],[10.76223,49.16361],[10.74944,49.16524],[10.7452,49.15682],[10.73699,49.15909],[10.74043,49.14848],[10.73225,49.14102],[10.70047,49.14375],[10.6955,49.15158],[10.69382,49.15182],[10.68209,49.14772],[10.66812,49.13352],[10.6547,49.13267],[10.6508,49.12241],[10.65545,49.11594],[10.66376,49.11672],[10.66143,49.10907],[10.64831,49.10222]]]},"properties":{"plz":"91710","name":"91710 Gunzenhausen"}},{"type":"Feature","geometry":{"type":"Polygon","coordinates":[[[10.84228,49.18809],[10.83226,49.18613],[10.82864,49.17802],[10.81299,49.16874],[10.8427,49.15892],[10.83405,49.15416],[10.86179,49.14858],[10.85101,49.14098],[10.86205,49.13857],[10.84696,49.13392],[10.85597,49.13069],[10.87452,49.13444],[10.88505,49.12756],[10.8847,49.13518],[10.90618,49.13202],[10.91629,49.13169],[10.91472,49.1378],[10.89562,49.15133],[10.87565,49.15368],[10.87217,49.15922],[10.85441,49.16108],[10.87583,49.18847],[10.84228,49.18809]]]},"properties":{"plz":"91720","name":"91720 Absberg"}},{"type":"Feature","geometry":{"type":"Polygon","coordinates":[[[10.57829,49.12466],[10.58199,49.11974],[10.604,49.11999],[10.61846,49.10361],[10.64831,49.10222],[10.66143,49.10907],[10.66376,49.11672],[10.65545,49.11594],[10.6508,49.12241],[10.6547,49.13267],[10.66812,49.13352],[10.68209,49.14772],[10.69382,49.15182],[10.68179,49.15829],[10.62648,49.16158],[10.6144,49.16044],[10.61353,49.15421],[10.59302,49.15718],[10.5828,49.14782],[10.59027,49.14367],[10.58649,49.12988],[10.57829,49.12466]]]},"properties":{"plz":"91722","name":"91722 Arberg"}},{"type":"Feature","geometry":{"type":"Polygon","coordinates":[[[10.73643,49.06899],[10.73693,49.05966],[10.72915,49.04675],[10.73643,49.04064],[10.75443,49.03384],[10.76315,49.03612],[10.77341,49.03809],[10.79622,49.03447],[10.8013,49.04015],[10.81836,49.04282],[10.83421,49.04],[10.83719,49.04508],[10.83261,49.04593],[10.82173,49.0599],[10.81325,49.06134],[10.80112,49.07967],[10.80105,49.08551],[10.78186,49.08739],[10.77624,49.0827],[10.75926,49.07999],[10.73643,49.06899]]]},"properties":{"plz":"91723","name":"91723 Dittenheim"}},{"type":"Feature","geometry":{"type":"Polygon","coordinates":[[[10.83769,49.19776],[10.82462,49.19475],[10.80561,49.19888],[10.79415,49.19702],[10.78413,49.20309],[10.76289,49.20062],[10.75916,49.2037],[10.74008,49.1971],[10.7311,49.18575],[10.73552,49.17559],[10.73699,49.15909],[10.7452,49.15682],[10.74944,49.16524],[10.76223,49.16361],[10.77214,49.15087],[10.76812,49.1462],[10.77817,49.13356],[10.80242,49.12574],[10.80907,49.11887],[10.81923,49.11984],[10.84785,49.12829],[10.83217,49.13778],[10.84696,49.13392],[10.86205,49.13857],[10.85101,49.14098],[10.86179,49.14858],[10.83405,49.15416],[10.8427,49.15892],[10.81299,49.16874],[10.82864,49.17802],[10.83226,49.18613],[10.84228,49.18809],[10.83769,49.19776]]]},"properties":{"plz":"91729","name":"91729 Haundorf"}},{"type":"Feature","geometry":{"type":"Polygon","coordinates":[[[10.65076,49.23016],[10.64984,49.21818],[10.66256,49.21957],[10.66113,49.21166],[10.66678,49.19651],[10.66783,49.18154],[10.69087,49.17086],[10.69821,49.16182],[10.70303,49.16837],[10.71418,49.17009],[10.70882,49.17836],[10.72298,49.18671],[10.7311,49.18575],[10.71481,49.194],[10.71722,49.20787],[10.72663,49.20706],[10.73103,49.21539],[10.71578,49.22037],[10.70395,49.21498],[10.69017,49.22024],[10.68653,49.23103],[10.69825,49.23027],[10.69971,49.23776],[10.68136,49.24238],[10.67287,49.24064],[10.67548,49.23157],[10.65076,49.23016]]]},"properties":{"plz":"91732","name":"91732 Merkendorf"}},{"type":"Feature","geometry":{"type":"Polygon","coordinates":[[[10.83724,49.19838],[10.83521,49.20427],[10.82369,49.20442],[10.81911,49.21589],[10.82619,49.22272],[10.79966,49.23229],[10.79198,49.22274],[10.77396,49.22128],[10.76257,49.21574],[10.78092,49.2124],[10.78413,49.20309],[10.79415,49.19702],[10.80561,49.19888],[10.82462,49.19475],[10.83769,49.19776],[10.83724,49.19838]]]},"properties":{"plz":"91734","name":"91734 Mitteleschenbach"}},{"type":"Feature","geometry":{"type":"Polygon","coordinates":[[[10.73699,49.15909],[10.73552,49.17559],[10.7311,49.18575],[10.72298,49.18671],[10.70882,49.17836],[10.71418,49.17009],[10.70303,49.16837],[10.69821,49.16182],[10.6955,49.15158],[10.70047,49.14375],[10.73225,49.14102],[10.74043,49.14848],[10.73699,49.15909]]]},"properties":{"plz":"91735","name":"91735 Muhr a. See"}},{"type":"Feature","geometry":{"type":"Polygon","coordinates":[[[10.62648,49.16158],[10.68179,49.15829],[10.69382,49.15182],[10.6955,49.15158],[10.69821,49.16182],[10.69087,49.17086],[10.66783,49.18154],[10.66678,49.19651],[10.64731,49.19098],[10.64217,49.1864],[10.62474,49.19002],[10.61234,49.186],[10.62378,49.18137],[10.63039,49.17162],[10.6187,49.16687],[10.62648,49.16158]]]},"properties":{"plz":"91737","name":"91737 Ornbau"}},{"type":"Feature","geometry":{"type":"Polygon","coordinates":[[[10.81122,49.0991],[10.82598,49.09231],[10.84174,49.08979],[10.86173,49.09479],[10.85771,49.0995],[10.86966,49.11051],[10.87695,49.10423],[10.89976,49.10286],[10.90354,49.12051],[10.92042,49.11824],[10.92237,49.12714],[10.90618,49.13202],[10.8847,49.13518],[10.88505,49.12756],[10.87452,49.13444],[10.85597,49.13069],[10.84696,49.13392],[10.83217,49.13778],[10.84785,49.12829],[10.81923,49.11984],[10.81149,49.10976],[10.81122,49.0991]]]},"properties":{"plz":"91738","name":"91738 Pfofeld"}},{"type":"Feature","geometry":{"type":"Polygon","coordinates":[[[10.80105,49.08551],[10.80112,49.07967],[10.81325,49.06134],[10.82173,49.0599],[10.83261,49.04593],[10.84298,49.06242],[10.86828,49.06884],[10.87509,49.07896],[10.87166,49.08644],[10.88641,49.09701],[10.87704,49.09799],[10.87695,49.10423],[10.86966,49.11051],[10.85771,49.0995],[10.86173,49.09479],[10.84174,49.08979],[10.82598,49.09231],[10.81122,49.0991],[10.80119,49.0968],[10.80105,49.08551]]]},"properties":{"plz":"91741","name":"91741 Theilenhofen"}},{"type":"Feature","geometry":{"type":"Polygon","coordinates":[[[10.6088,49.23838],[10.605,49.22854],[10.59833,49.22629],[10.6072,49.21518],[10.59593,49.20763],[10.59566,49.1977],[10.61234,49.186],[10.62474,49.19002],[10.64217,49.1864],[10.64731,49.19098],[10.66678,49.19651],[10.66113,49.21166],[10.66256,49.21957],[10.64984,49.21818],[10.65076,49.23016],[10.64022,49.23439],[10.6088,49.23838]]]},"properties":{"plz":"91746","name":"91746 Weidenbach"}},{"type":"Feature","geometry":{"type":"Polygon","coordinates":[[[11.0879,48.96188],[11.08488,48.96726],[11.05784,48.96833],[11.05072,48.97805],[11.06299,48.98289],[11.07584,49.00619],[11.07023,49.00936],[11.07488,49.01875],[11.06555,49.02331],[11.07675,49.03157],[11.06441,49.04176],[11.05413,49.04737],[11.02901,49.05344],[11.01078,49.04292],[11.00125,49.04087],[10.9757,49.04689],[10.96085,49.04456],[10.95589,49.05424],[10.94288,49.05421],[10.93605,49.0622],[10.92017,49.06448],[10.91209,49.0555],[10.89964,49.05558],[10.88905,49.04094],[10.89454,49.03218],[10.88783,49.02707],[10.88843,49.01107],[10.91227,49.00807],[10.92637,49.00087],[10.93694,49.0005],[10.93548,48.98908],[10.92833,48.98801],[10.93621,48.97819],[10.95953,48.97671],[10.98257,48.97892],[10.99621,48.98242],[10.99748,48.9734],[11.01156,48.97804],[11.02671,48.97494],[11.03028,48.97827],[11.04797,48.9771],[11.05386,48.97173],[11.04818,48.95724],[11.06219,48.9626],[11.06923,48.95728],[11.08308,48.96052],[11.0879,48.96188]]]},"properties":{"plz":"91781","name":"91781 Weißenburg i. Bay."}},{"type":"Feature","geometry":{"type":"Polygon","coordinates":[[[10.91472,49.1378],[10.91629,49.13169],[10.90618,49.13202],[10.92237,49.12714],[10.92042,49.11824],[10.90354,49.12051],[10.89976,49.10286],[10.87695,49.10423],[10.87704,49.09799],[10.88641,49.09701],[10.90636,49.08332],[10.92264,49.09375],[10.93849,49.08985],[10.93646,49.08469],[10.95396,49.08532],[10.95629,49.09053],[10.97845,49.08924],[10.97645,49.08393],[10.98456,49.09259],[10.99583,49.09518],[11.00444,49.08933],[11.01903,49.08914],[11.04419,49.09872],[11.04823,49.09183],[11.06572,49.09315],[11.08182,49.08895],[11.08164,49.09654],[11.0933,49.10263],[11.07909,49.1074],[11.08335,49.11756],[11.07093,49.12164],[11.06541,49.12954],[11.05096,49.1249],[11.03863,49.12993],[11.0359,49.13568],[11.01796,49.13849],[11.01908,49.14312],[10.99527,49.14445],[10.99453,49.15623],[10.96575,49.15177],[10.9388,49.14853],[10.94305,49.1411],[10.93781,49.13132],[10.91472,49.1378]]]},"properties":{"plz":"91785","name":"91785 Pleinfeld"}},{"type":"Feature","geometry":{"type":"Polygon","coordinates":[[[11.14221,48.96505],[11.13934,48.96824],[11.14804,48.98477],[11.14323,48.99143],[11.16258,48.99603],[11.15541,49.00257],[11.16335,49.01484],[11.18975,49.01861],[11.17951,49.02594],[11.20134,49.04661],[11.18109,49.05803],[11.16859,49.07272],[11.17182,49.077],[11.16258,49.08636],[11.15272,49.08053],[11.11423,49.08916],[11.10393,49.08215],[11.07792,49.08454],[11.07809,49.07368],[11.06238,49.06736],[11.05799,49.06058],[11.06441,49.04176],[11.07675,49.03157],[11.06555,49.02331],[11.07488,49.01875],[11.07023,49.00936],[11.07584,49.00619],[11.06299,48.98289],[11.05072,48.97805],[11.05784,48.96833],[11.08488,48.96726],[11.0879,48.96188],[11.10213,48.96633],[11.12532,48.96545],[11.14221,48.96505]]]},"properties":{"plz":"91790","name":"91790 Nennslingen"}},{"type":"Feature","geometry":{"type":"Polygon","coordinates":[[[10.86828,49.06884],[10.87928,49.06405],[10.88123,49.05641],[10.89964,49.05558],[10.91209,49.0555],[10.92017,49.06448],[10.93605,49.0622],[10.94288,49.05421],[10.95589,49.05424],[10.96085,49.04456],[10.9757,49.04689],[10.99334,49.06185],[10.98867,49.07671],[10.97526,49.07894],[10.97645,49.08393],[10.97845,49.08924],[10.95629,49.09053],[10.95396,49.08532],[10.93646,49.08469],[10.93849,49.08985],[10.92264,49.09375],[10.90636,49.08332],[10.88641,49.09701],[10.87166,49.08644],[10.87509,49.07896],[10.86828,49.06884]]]},"properties":{"plz":"91792","name":"91792 Ellingen"}},{"type":"Feature","geometry":{"type":"Polygon","coordinates":[[[10.83719,49.04508],[10.85107,49.03061],[10.86415,49.02521],[10.85897,49.01916],[10.86151,49.00722],[10.86894,49.00487],[10.87743,49.00094],[10.88843,49.01107],[10.88783,49.02707],[10.89454,49.03218],[10.88905,49.04094],[10.89964,49.05558],[10.88123,49.05641],[10.87928,49.06405],[10.86828,49.06884],[10.84298,49.06242],[10.83261,49.04593],[10.83719,49.04508]]]},"properties":{"plz":"91793","name":"91793 Alesheim"}},{"type":"Feature","geometry":{"type":"Polygon","coordinates":[[[11.0933,49.10263],[11.08164,49.09654],[11.08182,49.08895],[11.06572,49.09315],[11.04823,49.09183],[11.02926,49.0789],[11.03745,49.07382],[11.03748,49.06122],[11.02901,49.05344],[11.05413,49.04737],[11.06441,49.04176],[11.05799,49.06058],[11.06238,49.06736],[11.07809,49.07368],[11.07792,49.08454],[11.10393,49.08215],[11.11423,49.08916],[11.10837,49.09609],[11.0933,49.10263]]]},"properties":{"plz":"91796","name":"91796 Ettenstatt"}},{"type":"Feature","geometry":{"type":"Polygon","coordinates":[[[11.02901,49.05344],[11.03748,49.06122],[11.03745,49.07382],[11.02926,49.0789],[11.04823,49.09183],[11.04419,49.09872],[11.01903,49.08914],[11.00444,49.08933],[10.99583,49.09518],[10.98456,49.09259],[10.97645,49.08393],[10.97526,49.07894],[10.98867,49.07671],[10.99334,49.06185],[10.9757,49.04689],[11.00125,49.04087],[11.01078,49.04292],[11.02901,49.05344]]]},"properties":{"plz":"91798","name":"91798 Höttingen"}},{"type":"Feature","geometry":{"type":"Polygon","coordinates":[[[11.69007,49.55049],[11.68623,49.54249],[11.69429,49.54144],[11.70592,49.5304],[11.69914,49.52248],[11.69241,49.52507],[11.67705,49.5199],[11.67644,49.50423],[11.68508,49.49332],[11.67455,49.49256],[11.68742,49.48533],[11.69725,49.48938],[11.70634,49.48665],[11.72776,49.49192],[11.73452,49.48162],[11.71973,49.47228],[11.72735,49.46223],[11.73641,49.46678],[11.74944,49.46611],[11.76315,49.47077],[11.7769,49.47159],[11.78175,49.47923],[11.80451,49.48169],[11.80524,49.48905],[11.81767,49.49488],[11.81244,49.50125],[11.79432,49.50236],[11.79156,49.50861],[11.77728,49.51138],[11.77496,49.51815],[11.75914,49.51952],[11.75879,49.52456],[11.74507,49.53457],[11.74501,49.53894],[11.72975,49.53696],[11.73473,49.54664],[11.7261,49.5564],[11.73442,49.55839],[11.72558,49.56299],[11.72557,49.55485],[11.71458,49.55012],[11.70121,49.55196],[11.69122,49.55115],[11.69007,49.55049]]]},"properties":{"plz":"92237","name":"92237 Sulzbach-Rosenberg"}},{"type":"Feature","geometry":{"type":"Polygon","coordinates":[[[11.62537,49.4849],[11.63014,49.48647],[11.64244,49.4976],[11.662,49.49803],[11.67455,49.49256],[11.68508,49.49332],[11.67644,49.50423],[11.67705,49.5199],[11.69241,49.52507],[11.69914,49.52248],[11.70592,49.5304],[11.69429,49.54144],[11.68623,49.54249],[11.69007,49.55049],[11.67883,49.56153],[11.6933,49.55867],[11.69122,49.55115],[11.70121,49.55196],[11.69504,49.56113],[11.66208,49.56977],[11.6527,49.57768],[11.64226,49.57009],[11.60845,49.56707],[11.60841,49.55627],[11.63052,49.54795],[11.61941,49.54184],[11.61738,49.52261],[11.59359,49.51839],[11.59037,49.51372],[11.61724,49.49937],[11.61853,49.48887],[11.62537,49.4849]]]},"properties":{"plz":"92259","name":"92259 Neukirchen b. Sulzbach-Rosen"}},{"type":"Feature","geometry":{"type":"Polygon","coordinates":[[[11.78133,49.4648],[11.759,49.46758],[11.76315,49.47077],[11.74944,49.46611],[11.75777,49.45733],[11.75879,49.44645],[11.74869,49.44506],[11.75175,49.43993],[11.7425,49.42845],[11.75158,49.42676],[11.75863,49.4193],[11.77095,49.42256],[11.76962,49.42774],[11.78116,49.42758],[11.78284,49.44107],[11.7767,49.44315],[11.78896,49.4595],[11.78133,49.4648]]]},"properties":{"plz":"92260","name":"92260 Ammerthal"}},{"type":"Feature","geometry":{"type":"Polygon","coordinates":[[[11.57786,49.4513],[11.56835,49.44567],[11.55729,49.43313],[11.55807,49.41955],[11.57303,49.41505],[11.57331,49.40212],[11.58352,49.39769],[11.58851,49.38966],[11.59717,49.38804],[11.61303,49.39695],[11.62806,49.38576],[11.63298,49.38914],[11.63958,49.39485],[11.64766,49.3913],[11.66259,49.40189],[11.6805,49.4067],[11.67752,49.41162],[11.66831,49.42134],[11.65609,49.42466],[11.66073,49.43285],[11.65515,49.43622],[11.65682,49.44645],[11.64726,49.44866],[11.65072,49.45591],[11.64617,49.46582],[11.66479,49.46956],[11.66383,49.47625],[11.6481,49.48161],[11.63853,49.4781],[11.63014,49.48647],[11.62537,49.4849],[11.61841,49.48243],[11.59123,49.48511],[11.58902,49.47685],[11.59592,49.4721],[11.57786,49.4513]]]},"properties":{"plz":"92262","name":"92262 Birgland"}},{"type":"Feature","geometry":{"type":"MultiPolygon","coordinates":[[[[11.69122,49.55115],[11.6933,49.55867],[11.67883,49.56153],[11.69007,49.55049],[11.69122,49.55115]]],[[[11.73442,49.55839],[11.77073,49.55966],[11.77302,49.56432],[11.76038,49.56802],[11.76102,49.57452],[11.74617,49.58038],[11.73683,49.59584],[11.72498,49.60151],[11.73983,49.61591],[11.7374,49.62383],[11.71473,49.62335],[11.71306,49.61577],[11.70194,49.6104],[11.68966,49.61392],[11.68557,49.59924],[11.66213,49.59209],[11.66617,49.57772],[11.66208,49.56977],[11.69504,49.56113],[11.70121,49.55196],[11.71458,49.55012],[11.72557,49.55485],[11.72558,49.56299],[11.73442,49.55839]]]]},"properties":{"plz":"92265","name":"92265 Edelsfeld"}},{"type":"Feature","geometry":{"type":"Polygon","coordinates":[[[11.54523,49.51679],[11.56123,49.51066],[11.59037,49.51372],[11.59359,49.51839],[11.61738,49.52261],[11.61941,49.54184],[11.63052,49.54795],[11.60841,49.55627],[11.58144,49.55118],[11.56247,49.558],[11.5492,49.54448],[11.55107,49.53881],[11.54287,49.52685],[11.54523,49.51679]]]},"properties":{"plz":"92268","name":"92268 Etzelwang"}},{"type":"Feature","geometry":{"type":"Polygon","coordinates":[[[11.5492,49.54448],[11.56247,49.558],[11.58144,49.55118],[11.60841,49.55627],[11.60845,49.56707],[11.64226,49.57009],[11.6527,49.57768],[11.65249,49.5852],[11.62978,49.59233],[11.62298,49.59899],[11.60396,49.60066],[11.59413,49.59341],[11.58413,49.60232],[11.56921,49.60099],[11.56282,49.60921],[11.55161,49.60578],[11.57061,49.59241],[11.56473,49.58495],[11.57624,49.57919],[11.55158,49.57381],[11.55433,49.56445],[11.54382,49.55977],[11.53072,49.56505],[11.52712,49.55977],[11.51093,49.55326],[11.51496,49.54851],[11.5492,49.54448]]]},"properties":{"plz":"92275","name":"92275 Hirschbach"}},{"type":"Feature","geometry":{"type":"Polygon","coordinates":[[[11.67455,49.49256],[11.662,49.49803],[11.64244,49.4976],[11.63014,49.48647],[11.63853,49.4781],[11.6481,49.48161],[11.66383,49.47625],[11.66479,49.46956],[11.64617,49.46582],[11.65072,49.45591],[11.64726,49.44866],[11.65682,49.44645],[11.65515,49.43622],[11.66073,49.43285],[11.65609,49.42466],[11.66831,49.42134],[11.67752,49.41162],[11.68942,49.41714],[11.71489,49.41535],[11.7319,49.41341],[11.7425,49.42845],[11.75175,49.43993],[11.74869,49.44506],[11.75879,49.44645],[11.75777,49.45733],[11.74944,49.46611],[11.73641,49.46678],[11.72735,49.46223],[11.71973,49.47228],[11.73452,49.48162],[11.72776,49.49192],[11.70634,49.48665],[11.69725,49.48938],[11.68742,49.48533],[11.67455,49.49256]]]},"properties":{"plz":"92278","name":"92278 Illschwang"}},{"type":"Feature","geometry":{"type":"Polygon","coordinates":[[[11.63298,49.38914],[11.63759,49.38119],[11.63009,49.37668],[11.64077,49.36661],[11.62905,49.36127],[11.63735,49.35157],[11.62917,49.34283],[11.63652,49.33636],[11.64909,49.33724],[11.66423,49.32811],[11.66189,49.31956],[11.67286,49.32311],[11.68065,49.31981],[11.68958,49.30742],[11.70159,49.31288],[11.7075,49.3353],[11.72177,49.33793],[11.73994,49.32851],[11.74695,49.33639],[11.74262,49.34883],[11.73631,49.35217],[11.74296,49.36058],[11.74099,49.36785],[11.74898,49.36967],[11.73737,49.38],[11.74093,49.39488],[11.72702,49.39832],[11.70776,49.39632],[11.70305,49.40424],[11.71489,49.41535],[11.68942,49.41714],[11.67752,49.41162],[11.6805,49.4067],[11.66259,49.40189],[11.64766,49.3913],[11.63958,49.39485],[11.63298,49.38914]]]},"properties":{"plz":"92280","name":"92280 Kastl"}},{"type":"Feature","geometry":{"type":"Polygon","coordinates":[[[11.60136,49.62324],[11.59125,49.61153],[11.58057,49.6186],[11.57816,49.6143],[11.56047,49.61248],[11.56282,49.60921],[11.56921,49.60099],[11.58413,49.60232],[11.59413,49.59341],[11.60396,49.60066],[11.62298,49.59899],[11.62978,49.59233],[11.65249,49.5852],[11.6527,49.57768],[11.66208,49.56977],[11.66617,49.57772],[11.66213,49.59209],[11.68557,49.59924],[11.68966,49.61392],[11.70194,49.6104],[11.71306,49.61577],[11.71473,49.62335],[11.70478,49.62872],[11.69271,49.62808],[11.68817,49.62308],[11.66412,49.62418],[11.64085,49.6297],[11.64241,49.6453],[11.63278,49.64366],[11.61793,49.63165],[11.60136,49.62324]]]},"properties":{"plz":"92281","name":"92281 Königstein"}},{"type":"Feature","geometry":{"type":"Polygon","coordinates":[[[11.45995,49.4108],[11.46406,49.40521],[11.47996,49.4041],[11.48524,49.39909],[11.48057,49.38247],[11.49326,49.37611],[11.50094,49.37898],[11.51251,49.37881],[11.5199,49.3714],[11.5362,49.36965],[11.52713,49.36451],[11.53899,49.35978],[11.54244,49.34139],[11.56132,49.34307],[11.5674,49.3357],[11.58304,49.32657],[11.59966,49.33245],[11.59404,49.32113],[11.602,49.32225],[11.60957,49.31569],[11.62716,49.30786],[11.63765,49.32183],[11.6452,49.32304],[11.65513,49.31407],[11.66189,49.31956],[11.66423,49.32811],[11.64909,49.33724],[11.63652,49.33636],[11.62917,49.34283],[11.63735,49.35157],[11.62905,49.36127],[11.64077,49.36661],[11.63009,49.37668],[11.63759,49.38119],[11.63298,49.38914],[11.62806,49.38576],[11.61303,49.39695],[11.59717,49.38804],[11.58851,49.38966],[11.58352,49.39769],[11.57331,49.40212],[11.57303,49.41505],[11.55807,49.41955],[11.55325,49.41254],[11.53719,49.40907],[11.52499,49.41349],[11.49173,49.41903],[11.48568,49.42524],[11.47858,49.42724],[11.46451,49.42188],[11.45871,49.43257],[11.44891,49.42831],[11.44859,49.42175],[11.44538,49.41396],[11.45888,49.41581],[11.45995,49.4108]]]},"properties":{"plz":"92283","name":"92283 Lauterhofen"}},{"type":"Feature","geometry":{"type":"Polygon","coordinates":[[[11.39137,49.31247],[11.37469,49.3086],[11.38896,49.29528],[11.38273,49.28935],[11.39478,49.27861],[11.39073,49.27165],[11.40033,49.2689],[11.40592,49.27758],[11.42553,49.26706],[11.41686,49.25922],[11.42777,49.24793],[11.41503,49.24646],[11.41936,49.23813],[11.43429,49.23663],[11.43229,49.24311],[11.44393,49.25],[11.45777,49.24228],[11.46846,49.24704],[11.4929,49.25037],[11.49919,49.25435],[11.51474,49.24976],[11.53263,49.26497],[11.55308,49.27008],[11.58065,49.27536],[11.57944,49.28514],[11.56428,49.2867],[11.55407,49.30278],[11.54401,49.30351],[11.51928,49.31519],[11.49537,49.30774],[11.4833,49.31622],[11.47601,49.31587],[11.47151,49.30732],[11.43664,49.3079],[11.42582,49.31971],[11.41124,49.31726],[11.40104,49.31152],[11.39137,49.31247]]]},"properties":{"plz":"92318","name":"92318 Neumarkt i.d. OPf."}},{"type":"Feature","geometry":{"type":"Polygon","coordinates":[[[11.38549,49.07851],[11.39376,49.08231],[11.42133,49.07231],[11.42755,49.06663],[11.45129,49.06378],[11.46611,49.06584],[11.48827,49.06379],[11.50361,49.0768],[11.51095,49.0722],[11.52969,49.07086],[11.54377,49.07439],[11.544,49.08488],[11.55039,49.08517],[11.53831,49.0954],[11.54596,49.09852],[11.54491,49.10854],[11.56052,49.11655],[11.57478,49.1167],[11.56174,49.12527],[11.54737,49.12558],[11.54891,49.13735],[11.54352,49.1533],[11.56038,49.15964],[11.55882,49.17142],[11.51893,49.1679],[11.51341,49.15901],[11.51185,49.1723],[11.51685,49.17527],[11.51036,49.18425],[11.50153,49.18775],[11.48819,49.18078],[11.48741,49.17002],[11.44973,49.16305],[11.44652,49.14451],[11.43102,49.15315],[11.40717,49.15419],[11.40679,49.15884],[11.38195,49.16381],[11.38052,49.14746],[11.39712,49.13032],[11.38354,49.1242],[11.3819,49.11911],[11.36242,49.11954],[11.35674,49.11351],[11.36155,49.09922],[11.35289,49.09],[11.36692,49.09175],[11.37717,49.08886],[11.38549,49.07851]]]},"properties":{"plz":"92334","name":"92334 Berching"}},{"type":"Feature","geometry":{"type":"Polygon","coordinates":[[[11.26213,49.20787],[11.27158,49.1962],[11.26927,49.18864],[11.28654,49.18737],[11.31364,49.17828],[11.30816,49.16312],[11.31263,49.1559],[11.3259,49.15433],[11.32759,49.14193],[11.32137,49.13204],[11.32526,49.11732],[11.3525,49.11781],[11.35674,49.11351],[11.36242,49.11954],[11.3819,49.11911],[11.38354,49.1242],[11.39712,49.13032],[11.38052,49.14746],[11.38195,49.16381],[11.37833,49.16922],[11.38626,49.17631],[11.37578,49.18871],[11.38043,49.19269],[11.37453,49.20363],[11.38149,49.20253],[11.40099,49.20755],[11.39485,49.22077],[11.39254,49.22548],[11.36818,49.22567],[11.36014,49.23003],[11.34523,49.22997],[11.35013,49.24333],[11.34393,49.24524],[11.35067,49.25464],[11.33062,49.25097],[11.32258,49.2536],[11.30343,49.24373],[11.29284,49.23593],[11.30287,49.22096],[11.31473,49.21448],[11.32229,49.20279],[11.31216,49.20967],[11.26291,49.2114],[11.26213,49.20787]]]},"properties":{"plz":"92342","name":"92342 Freystadt"}},{"type":"Feature","geometry":{"type":"Polygon","coordinates":[[[11.37282,49.35706],[11.37715,49.34758],[11.39004,49.34193],[11.38298,49.32772],[11.39185,49.3278],[11.38621,49.31585],[11.39137,49.31247],[11.40104,49.31152],[11.41124,49.31726],[11.42582,49.31971],[11.43664,49.3079],[11.47151,49.30732],[11.47601,49.31587],[11.4833,49.31622],[11.48893,49.32889],[11.48241,49.34814],[11.48889,49.3494],[11.49512,49.36008],[11.4926,49.37268],[11.50094,49.37898],[11.49326,49.37611],[11.48057,49.38247],[11.48524,49.39909],[11.47996,49.4041],[11.46406,49.40521],[11.45995,49.4108],[11.44392,49.40581],[11.43811,49.39557],[11.4233,49.39278],[11.4208,49.37594],[11.39448,49.37005],[11.40629,49.36693],[11.39379,49.35678],[11.37282,49.35706]]]},"properties":{"plz":"92348","name":"92348 Berg b.Neumarkt i.d.OPf."}},{"type":"Feature","geometry":{"type":"Polygon","coordinates":[[[11.3262,49.30252],[11.34179,49.28623],[11.32977,49.28349],[11.32588,49.27764],[11.33648,49.27877],[11.31657,49.26495],[11.32258,49.2536],[11.33062,49.25097],[11.35067,49.25464],[11.3633,49.26169],[11.36057,49.27742],[11.3807,49.28355],[11.38273,49.28935],[11.38896,49.29528],[11.37469,49.3086],[11.39137,49.31247],[11.38621,49.31585],[11.39185,49.3278],[11.38298,49.32772],[11.3644,49.32616],[11.35948,49.31843],[11.3451,49.31957],[11.34267,49.31114],[11.3262,49.30252]]]},"properties":{"plz":"92353","name":"92353 Postbauer-Heng"}},{"type":"Feature","geometry":{"type":"Polygon","coordinates":[[[11.72177,49.33793],[11.7075,49.3353],[11.70159,49.31288],[11.68958,49.30742],[11.68065,49.31981],[11.67286,49.32311],[11.66189,49.31956],[11.65513,49.31407],[11.6452,49.32304],[11.63765,49.32183],[11.62716,49.30786],[11.60957,49.31569],[11.60694,49.30454],[11.59794,49.2946],[11.60379,49.29183],[11.59866,49.2832],[11.57944,49.28514],[11.58065,49.27536],[11.55308,49.27008],[11.56178,49.26734],[11.56536,49.25437],[11.57351,49.24632],[11.58195,49.24567],[11.57978,49.23739],[11.58735,49.22585],[11.58413,49.21674],[11.59394,49.21573],[11.60058,49.2049],[11.62886,49.2017],[11.64211,49.19],[11.66625,49.19448],[11.66605,49.201],[11.68168,49.20434],[11.69226,49.18784],[11.70363,49.1884],[11.70845,49.1972],[11.71757,49.20168],[11.71721,49.20975],[11.72646,49.21411],[11.71884,49.22157],[11.72673,49.22893],[11.75754,49.22981],[11.78232,49.21885],[11.77952,49.22625],[11.78275,49.24639],[11.77758,49.26004],[11.78254,49.2676],[11.772,49.27388],[11.77775,49.2841],[11.7691,49.28929],[11.78738,49.29859],[11.77693,49.30634],[11.75955,49.31036],[11.75825,49.31533],[11.74067,49.31769],[11.74247,49.32423],[11.72177,49.33793]]]},"properties":{"plz":"92355","name":"92355 Velburg"}},{"type":"Feature","geometry":{"type":"Polygon","coordinates":[[[11.48819,49.18078],[11.48164,49.1916],[11.47094,49.19702],[11.47784,49.20787],[11.44764,49.20606],[11.43998,49.18913],[11.42504,49.19983],[11.41592,49.20069],[11.41268,49.20798],[11.40099,49.20755],[11.38149,49.20253],[11.37453,49.20363],[11.38043,49.19269],[11.37578,49.18871],[11.38626,49.17631],[11.37833,49.16922],[11.38195,49.16381],[11.40679,49.15884],[11.40717,49.15419],[11.43102,49.15315],[11.44652,49.14451],[11.44973,49.16305],[11.48741,49.17002],[11.48819,49.18078]]]},"properties":{"plz":"92360","name":"92360 Mühlhausen"}},{"type":"Feature","geometry":{"type":"Polygon","coordinates":[[[11.38273,49.28935],[11.3807,49.28355],[11.36057,49.27742],[11.3633,49.26169],[11.35067,49.25464],[11.34393,49.24524],[11.35013,49.24333],[11.34523,49.22997],[11.36014,49.23003],[11.36818,49.22567],[11.39254,49.22548],[11.39485,49.22077],[11.41109,49.2235],[11.40826,49.23529],[11.41936,49.23813],[11.41503,49.24646],[11.42777,49.24793],[11.41686,49.25922],[11.42553,49.26706],[11.40592,49.27758],[11.40033,49.2689],[11.39073,49.27165],[11.39478,49.27861],[11.38273,49.28935]]]},"properties":{"plz":"92361","name":"92361 Berngau"}},{"type":"Feature","geometry":{"type":"Polygon","coordinates":[[[11.4929,49.25037],[11.4986,49.24551],[11.48831,49.23457],[11.49399,49.23049],[11.48966,49.21152],[11.47455,49.21223],[11.47784,49.20787],[11.47094,49.19702],[11.48164,49.1916],[11.48819,49.18078],[11.50153,49.18775],[11.51036,49.18425],[11.51685,49.17527],[11.51185,49.1723],[11.51341,49.15901],[11.51893,49.1679],[11.55882,49.17142],[11.56038,49.15964],[11.56774,49.15695],[11.57226,49.16332],[11.58464,49.16517],[11.58965,49.17579],[11.58535,49.19089],[11.59103,49.19984],[11.60058,49.2049],[11.59394,49.21573],[11.58413,49.21674],[11.58735,49.22585],[11.57978,49.23739],[11.58195,49.24567],[11.57351,49.24632],[11.56536,49.25437],[11.56178,49.26734],[11.55308,49.27008],[11.53263,49.26497],[11.51474,49.24976],[11.49919,49.25435],[11.4929,49.25037]]]},"properties":{"plz":"92364","name":"92364 Deining"}},{"type":"Feature","geometry":{"type":"Polygon","coordinates":[[[11.50094,49.37898],[11.4926,49.37268],[11.49512,49.36008],[11.48889,49.3494],[11.48241,49.34814],[11.48893,49.32889],[11.4833,49.31622],[11.49537,49.30774],[11.51928,49.31519],[11.54401,49.30351],[11.55407,49.30278],[11.56428,49.2867],[11.57944,49.28514],[11.59866,49.2832],[11.60379,49.29183],[11.59794,49.2946],[11.60694,49.30454],[11.60957,49.31569],[11.602,49.32225],[11.59404,49.32113],[11.59966,49.33245],[11.58304,49.32657],[11.5674,49.3357],[11.56132,49.34307],[11.54244,49.34139],[11.53899,49.35978],[11.52713,49.36451],[11.5362,49.36965],[11.5199,49.3714],[11.51251,49.37881],[11.50094,49.37898]]]},"properties":{"plz":"92367","name":"92367 Pilsach"}},{"type":"Feature","geometry":{"type":"Polygon","coordinates":[[[11.41936,49.23813],[11.40826,49.23529],[11.41109,49.2235],[11.39485,49.22077],[11.40099,49.20755],[11.41268,49.20798],[11.41592,49.20069],[11.42504,49.19983],[11.43998,49.18913],[11.44764,49.20606],[11.47784,49.20787],[11.47455,49.21223],[11.48966,49.21152],[11.49399,49.23049],[11.48831,49.23457],[11.4986,49.24551],[11.4929,49.25037],[11.46846,49.24704],[11.45777,49.24228],[11.44393,49.25],[11.43229,49.24311],[11.43429,49.23663],[11.41936,49.23813]]]},"properties":{"plz":"92369","name":"92369 Sengenthal"}},{"type":"Feature","geometry":{"type":"Polygon","coordinates":[[[10.85975,49.90722],[10.84753,49.90721],[10.8265,49.89841],[10.83554,49.89321],[10.83315,49.88107],[10.84374,49.88297],[10.83845,49.87528],[10.85045,49.87623],[10.85862,49.86888],[10.86993,49.86869],[10.882,49.85576],[10.91347,49.84649],[10.93083,49.84304],[10.92916,49.85003],[10.92845,49.85058],[10.91787,49.86206],[10.92261,49.86464],[10.91299,49.87259],[10.90546,49.87018],[10.88643,49.89213],[10.85975,49.90722]]]},"properties":{"plz":"96049","name":"96049 Bamberg"}},{"type":"Feature","geometry":{"type":"Polygon","coordinates":[[[10.90546,49.87018],[10.91299,49.87259],[10.92261,49.86464],[10.91787,49.86206],[10.92845,49.85058],[10.94786,49.85608],[10.96069,49.84936],[10.9464,49.86874],[10.94986,49.89029],[10.9444,49.90668],[10.93579,49.90864],[10.89426,49.89493],[10.90296,49.88866],[10.90546,49.87018]]]},"properties":{"plz":"96050","name":"96050 Bamberg"}},{"type":"Feature","geometry":{"type":"Polygon","coordinates":[[[10.92653,49.76774],[10.93496,49.779],[10.95424,49.77601],[10.96219,49.77046],[10.97923,49.77525],[10.98239,49.78563],[10.9695,49.78855],[10.9818,49.79588],[10.9761,49.79941],[11.00065,49.80625],[11.01209,49.8136],[11.01463,49.80798],[11.01915,49.81195],[11.04348,49.82032],[11.05004,49.81906],[11.04715,49.83473],[11.05112,49.84932],[11.03985,49.84987],[11.01435,49.84508],[11.01359,49.83956],[11.00286,49.84501],[10.99234,49.83438],[10.97906,49.8291],[10.9585,49.83202],[10.95336,49.82774],[10.96328,49.81576],[10.93291,49.81927],[10.92412,49.81226],[10.91128,49.81022],[10.90524,49.8011],[10.91276,49.79359],[10.92134,49.79719],[10.93185,49.78494],[10.91686,49.77702],[10.92653,49.76774]]]},"properties":{"plz":"96114","name":"96114 Hirschaid"}},{"type":"Feature","geometry":{"type":"Polygon","coordinates":[[[11.06359,49.90523],[11.05964,49.8981],[11.04441,49.90287],[11.04931,49.89434],[11.03072,49.89319],[11.02467,49.8966],[11.00385,49.89682],[10.97832,49.91048],[10.97293,49.91749],[10.95308,49.92399],[10.93126,49.91973],[10.9444,49.90668],[10.94986,49.89029],[10.9464,49.86874],[10.96069,49.84936],[10.94786,49.85608],[10.92845,49.85058],[10.92916,49.85003],[10.94176,49.83683],[10.9585,49.83202],[10.97906,49.8291],[10.99234,49.83438],[11.00286,49.84501],[11.01359,49.83956],[11.01435,49.84508],[11.03985,49.84987],[11.05112,49.84932],[11.05332,49.85488],[11.06908,49.86034],[11.08199,49.86124],[11.08958,49.86917],[11.08137,49.87711],[11.0846,49.88201],[11.07569,49.88935],[11.07774,49.89715],[11.06359,49.90523]]]},"properties":{"plz":"96129","name":"96129 Strullendorf"}},{"type":"Feature","geometry":{"type":"Polygon","coordinates":[[[10.67123,49.72237],[10.67605,49.72995],[10.70184,49.73155],[10.70795,49.74745],[10.69123,49.74551],[10.68826,49.75207],[10.6722,49.75864],[10.69684,49.77564],[10.71564,49.78014],[10.72074,49.78825],[10.71456,49.79577],[10.69148,49.79982],[10.62962,49.79353],[10.61847,49.79439],[10.59962,49.79854],[10.58525,49.79846],[10.55721,49.79287],[10.53552,49.79291],[10.52482,49.78522],[10.5362,49.78297],[10.53912,49.77141],[10.55419,49.76971],[10.55143,49.75557],[10.61819,49.73898],[10.63891,49.7416],[10.64206,49.73259],[10.65432,49.72109],[10.67123,49.72237]]]},"properties":{"plz":"96132","name":"96132 Schlüsselfeld"}},{"type":"Feature","geometry":{"type":"Polygon","coordinates":[[[10.83315,49.88107],[10.82589,49.87865],[10.81794,49.88737],[10.80858,49.88491],[10.80768,49.86891],[10.79293,49.86493],[10.78651,49.85213],[10.79645,49.85286],[10.80963,49.84765],[10.81293,49.84051],[10.81958,49.84478],[10.84892,49.84433],[10.87195,49.83847],[10.88085,49.84054],[10.90544,49.8371],[10.906,49.84767],[10.91347,49.84649],[10.882,49.85576],[10.86993,49.86869],[10.85862,49.86888],[10.85045,49.87623],[10.83845,49.87528],[10.84374,49.88297],[10.83315,49.88107]]]},"properties":{"plz":"96135","name":"96135 Stegaurach"}},{"type":"Feature","geometry":{"type":"Polygon","coordinates":[[[10.72074,49.78825],[10.74854,49.77283],[10.75641,49.77238],[10.76826,49.77415],[10.76944,49.78589],[10.76167,49.78964],[10.7776,49.79003],[10.78382,49.80025],[10.82834,49.80229],[10.8272,49.82179],[10.81289,49.82096],[10.81293,49.84051],[10.80963,49.84765],[10.79645,49.85286],[10.78651,49.85213],[10.76734,49.85277],[10.74136,49.87079],[10.73234,49.86776],[10.73498,49.86176],[10.71284,49.85651],[10.70039,49.8417],[10.68949,49.84027],[10.66418,49.84453],[10.6388,49.84237],[10.6331,49.84466],[10.62898,49.83222],[10.64418,49.82819],[10.64347,49.81314],[10.62866,49.81148],[10.62874,49.80073],[10.61847,49.79439],[10.62962,49.79353],[10.69148,49.79982],[10.71456,49.79577],[10.72074,49.78825]]]},"properties":{"plz":"96138","name":"96138 Burgebrach"}},{"type":"Feature","geometry":{"type":"Polygon","coordinates":[[[11.04884,49.7949],[11.02518,49.79318],[11.01463,49.80798],[11.01209,49.8136],[11.00065,49.80625],[10.9761,49.79941],[10.9818,49.79588],[10.9695,49.78855],[10.98239,49.78563],[11.00891,49.78468],[11.00929,49.78181],[11.04884,49.7949]]]},"properties":{"plz":"96146","name":"96146 Altendorf"}},{"type":"Feature","geometry":{"type":"Polygon","coordinates":[[[10.51288,49.70933],[10.55126,49.71266],[10.56127,49.72217],[10.57431,49.72482],[10.57431,49.70984],[10.59561,49.71273],[10.59811,49.7095],[10.61231,49.70703],[10.62399,49.72044],[10.65432,49.72109],[10.64206,49.73259],[10.63891,49.7416],[10.61819,49.73898],[10.55143,49.75557],[10.53936,49.75305],[10.52661,49.75544],[10.50779,49.75183],[10.49626,49.75322],[10.49131,49.74278],[10.50984,49.73444],[10.49581,49.73371],[10.4779,49.72545],[10.48963,49.71814],[10.47965,49.70694],[10.49167,49.70428],[10.51288,49.70933]]]},"properties":{"plz":"96152","name":"96152 Burghaslach"}},{"type":"Feature","geometry":{"type":"Polygon","coordinates":[[[11.10435,49.83571],[11.09607,49.83647],[11.10491,49.8442],[11.09194,49.85121],[11.09831,49.8589],[11.08199,49.86124],[11.06908,49.86034],[11.05332,49.85488],[11.05112,49.84932],[11.04715,49.83473],[11.05004,49.81906],[11.04348,49.82032],[11.01915,49.81195],[11.01463,49.80798],[11.02518,49.79318],[11.04884,49.7949],[11.07585,49.79803],[11.08129,49.794],[11.0838,49.80302],[11.1001,49.80562],[11.09892,49.81882],[11.10329,49.81982],[11.10435,49.83571]]]},"properties":{"plz":"96155","name":"96155 Buttenheim"}},{"type":"Feature","geometry":{"type":"Polygon","coordinates":[[[10.93185,49.78494],[10.92134,49.79719],[10.91276,49.79359],[10.90524,49.8011],[10.91128,49.81022],[10.92412,49.81226],[10.93291,49.81927],[10.92948,49.82317],[10.90237,49.81712],[10.90676,49.82425],[10.89852,49.83404],[10.90544,49.8371],[10.88085,49.84054],[10.87195,49.83847],[10.84892,49.84433],[10.81958,49.84478],[10.81293,49.84051],[10.81289,49.82096],[10.8272,49.82179],[10.82834,49.80229],[10.8395,49.80357],[10.83801,49.79514],[10.8521,49.78893],[10.85306,49.77799],[10.87251,49.7708],[10.89986,49.77833],[10.91481,49.78022],[10.92088,49.78536],[10.93185,49.78494]]]},"properties":{"plz":"96158","name":"96158 Frensdorf"}},{"type":"Feature","geometry":{"type":"Polygon","coordinates":[[[10.80336,49.738],[10.801,49.74789],[10.79255,49.75011],[10.78365,49.76269],[10.75641,49.77238],[10.74854,49.77283],[10.72074,49.78825],[10.71564,49.78014],[10.72179,49.77272],[10.73917,49.76528],[10.72329,49.75478],[10.72918,49.74965],[10.76597,49.74618],[10.76441,49.73464],[10.7888,49.73124],[10.80336,49.738]]]},"properties":{"plz":"96172","name":"96172 Mühlhausen"}},{"type":"Feature","geometry":{"type":"Polygon","coordinates":[[[10.91347,49.84649],[10.906,49.84767],[10.90544,49.8371],[10.89852,49.83404],[10.90676,49.82425],[10.90237,49.81712],[10.92948,49.82317],[10.93291,49.81927],[10.96328,49.81576],[10.95336,49.82774],[10.9585,49.83202],[10.94176,49.83683],[10.92916,49.85003],[10.93083,49.84304],[10.91347,49.84649]]]},"properties":{"plz":"96175","name":"96175 Pettstadt"}},{"type":"Feature","geometry":{"type":"Polygon","coordinates":[[[10.87251,49.7708],[10.85306,49.77799],[10.8521,49.78893],[10.83801,49.79514],[10.8395,49.80357],[10.82834,49.80229],[10.78382,49.80025],[10.7776,49.79003],[10.76167,49.78964],[10.76944,49.78589],[10.76826,49.77415],[10.75641,49.77238],[10.78365,49.76269],[10.79255,49.75011],[10.801,49.74789],[10.80336,49.738],[10.82731,49.74239],[10.82899,49.74957],[10.85648,49.75878],[10.87789,49.75638],[10.87251,49.7708]]]},"properties":{"plz":"96178","name":"96178 Pommersfelden"}},{"type":"Feature","geometry":{"type":"Polygon","coordinates":[[[10.76441,49.73464],[10.76597,49.74618],[10.72918,49.74965],[10.72329,49.75478],[10.73917,49.76528],[10.72179,49.77272],[10.71564,49.78014],[10.69684,49.77564],[10.6722,49.75864],[10.68826,49.75207],[10.69123,49.74551],[10.70795,49.74745],[10.70184,49.73155],[10.67605,49.72995],[10.67123,49.72237],[10.70317,49.71743],[10.70687,49.72564],[10.72117,49.72834],[10.72453,49.72471],[10.7392,49.72927],[10.74826,49.7271],[10.74766,49.73425],[10.76441,49.73464]]]},"properties":{"plz":"96193","name":"96193 Wachenroth"}}]}