{"type":"FeatureCollection","features":[{"type":"Feature","geometry":{"type":"Polygon","coordinates":[[[6.78399,51.22569],[6.78261,51.2184],[6.79216,51.21716],[6.79824,51.22303],[6.79591,51.22468],[6.78399,51.22569]]]},"properties":{"plz":"40210","name":"40210 Düsseldorf"}},{"type":"Feature","geometry":{"type":"Polygon","coordinates":[[[6.79591,51.22468],[6.79802,51.22993],[6.79727,51.23639],[6.79399,51.23625],[6.7811,51.22928],[6.78399,51.22569],[6.79591,51.22468]]]},"properties":{"plz":"40211","name":"40211 Düsseldorf"}},{"type":"Feature","geometry":{"type":"Polygon","coordinates":[[[6.78399,51.22569],[6.7811,51.22928],[6.7771,51.22103],[6.78261,51.2184],[6.78399,51.22569]]]},"properties":{"plz":"40212","name":"40212 Düsseldorf"}},{"type":"Feature","geometry":{"type":"Polygon","coordinates":[[[6.7811,51.22928],[6.76866,51.2315],[6.76349,51.22105],[6.76587,51.21909],[6.76978,51.21722],[6.77741,51.21845],[6.7771,51.22103],[6.7811,51.22928]]]},"properties":{"plz":"40213","name":"40213 Düsseldorf"}},{"type":"Feature","geometry":{"type":"Polygon","coordinates":[[[6.78261,51.2184],[6.7771,51.22103],[6.77741,51.21845],[6.77987,51.20864],[6.79063,51.21256],[6.79216,51.21716],[6.78261,51.2184]]]},"properties":{"plz":"40215","name":"40215 Düsseldorf"}},{"type":"Feature","geometry":{"type":"Polygon","coordinates":[[[6.76978,51.21722],[6.76811,51.2082],[6.77987,51.20864],[6.77741,51.21845],[6.76978,51.21722]]]},"properties":{"plz":"40217","name":"40217 Düsseldorf"}},{"type":"Feature","geometry":{"type":"Polygon","coordinates":[[[6.76587,51.21909],[6.74792,51.21322],[6.76206,51.21091],[6.76811,51.2082],[6.76978,51.21722],[6.76587,51.21909]]]},"properties":{"plz":"40219","name":"40219 Düsseldorf"}},{"type":"Feature","geometry":{"type":"Polygon","coordinates":[[[6.76349,51.22105],[6.75404,51.22024],[6.73457,51.22912],[6.72352,51.22593],[6.73146,51.20521],[6.73215,51.18713],[6.74778,51.18094],[6.77382,51.18521],[6.76563,51.19011],[6.76973,51.19994],[6.76188,51.20183],[6.76206,51.21091],[6.74792,51.21322],[6.76587,51.21909],[6.76349,51.22105]]]},"properties":{"plz":"40221","name":"40221 Düsseldorf"}},{"type":"Feature","geometry":{"type":"Polygon","coordinates":[[[6.77987,51.20864],[6.76811,51.2082],[6.76206,51.21091],[6.76188,51.20183],[6.76973,51.19994],[6.76563,51.19011],[6.77382,51.18521],[6.79403,51.18026],[6.79194,51.18697],[6.77715,51.19358],[6.7752,51.20278],[6.79351,51.20946],[6.79063,51.21256],[6.77987,51.20864]]]},"properties":{"plz":"40223","name":"40223 Düsseldorf"}},{"type":"Feature","geometry":{"type":"Polygon","coordinates":[[[6.79194,51.18697],[6.80393,51.18063],[6.81007,51.19723],[6.80436,51.20752],[6.79351,51.20946],[6.7752,51.20278],[6.77715,51.19358],[6.79194,51.18697]]]},"properties":{"plz":"40225","name":"40225 Düsseldorf"}},{"type":"Feature","geometry":{"type":"Polygon","coordinates":[[[6.79216,51.21716],[6.79063,51.21256],[6.79351,51.20946],[6.80436,51.20752],[6.81435,51.20423],[6.82436,51.20533],[6.81421,51.2113],[6.79824,51.22303],[6.79216,51.21716]]]},"properties":{"plz":"40227","name":"40227 Düsseldorf"}},{"type":"Feature","geometry":{"type":"Polygon","coordinates":[[[6.81435,51.20423],[6.82591,51.1947],[6.84487,51.18987],[6.85022,51.19013],[6.87932,51.18997],[6.8472,51.2069],[6.83841,51.20196],[6.82436,51.20533],[6.81435,51.20423]]]},"properties":{"plz":"40229","name":"40229 Düsseldorf"}},{"type":"Feature","geometry":{"type":"Polygon","coordinates":[[[6.82436,51.20533],[6.83841,51.20196],[6.8472,51.2069],[6.83976,51.22045],[6.8307,51.22234],[6.81421,51.2113],[6.82436,51.20533]]]},"properties":{"plz":"40231","name":"40231 Düsseldorf"}},{"type":"Feature","geometry":{"type":"Polygon","coordinates":[[[6.79824,51.22303],[6.81421,51.2113],[6.8307,51.22234],[6.80911,51.22593],[6.80847,51.23122],[6.79802,51.22993],[6.79591,51.22468],[6.79824,51.22303]]]},"properties":{"plz":"40233","name":"40233 Düsseldorf"}},{"type":"Feature","geometry":{"type":"Polygon","coordinates":[[[6.83976,51.22045],[6.83212,51.23443],[6.82526,51.24612],[6.82196,51.24562],[6.82204,51.23526],[6.80847,51.23122],[6.80911,51.22593],[6.8307,51.22234],[6.83976,51.22045]]]},"properties":{"plz":"40235","name":"40235 Düsseldorf"}},{"type":"Feature","geometry":{"type":"Polygon","coordinates":[[[6.79802,51.22993],[6.80847,51.23122],[6.82204,51.23526],[6.82196,51.24562],[6.81393,51.24397],[6.79734,51.23712],[6.79727,51.23639],[6.79802,51.22993]]]},"properties":{"plz":"40237","name":"40237 Düsseldorf"}},{"type":"Feature","geometry":{"type":"Polygon","coordinates":[[[6.81393,51.24397],[6.80245,51.25176],[6.79501,51.24699],[6.79621,51.24363],[6.79734,51.23712],[6.81393,51.24397]]]},"properties":{"plz":"40239","name":"40239 Düsseldorf"}},{"type":"Feature","geometry":{"type":"Polygon","coordinates":[[[6.78178,51.28405],[6.77006,51.28013],[6.76037,51.27141],[6.75051,51.27141],[6.76291,51.25715],[6.77147,51.25325],[6.79347,51.25298],[6.79543,51.26299],[6.78757,51.28604],[6.78178,51.28405]]]},"properties":{"plz":"40468","name":"40468 Düsseldorf"}},{"type":"Feature","geometry":{"type":"Polygon","coordinates":[[[6.82526,51.24612],[6.82394,51.25138],[6.81425,51.26026],[6.79543,51.26299],[6.79347,51.25298],[6.79501,51.24699],[6.80245,51.25176],[6.81393,51.24397],[6.82196,51.24562],[6.82526,51.24612]]]},"properties":{"plz":"40470","name":"40470 Düsseldorf"}},{"type":"Feature","geometry":{"type":"Polygon","coordinates":[[[6.79543,51.26299],[6.81425,51.26026],[6.82394,51.25138],[6.85543,51.25832],[6.86225,51.26373],[6.85916,51.27427],[6.85091,51.27854],[6.83544,51.27728],[6.83069,51.28058],[6.81858,51.27486],[6.80366,51.27915],[6.80311,51.29031],[6.78996,51.29047],[6.78178,51.28405],[6.78757,51.28604],[6.79543,51.26299]]]},"properties":{"plz":"40472","name":"40472 Düsseldorf"}},{"type":"Feature","geometry":{"type":"Polygon","coordinates":[[[6.78178,51.28405],[6.78996,51.29047],[6.80311,51.29031],[6.80477,51.29997],[6.78052,51.30192],[6.75508,51.29009],[6.7412,51.28652],[6.72127,51.29245],[6.70701,51.28004],[6.70465,51.2671],[6.72632,51.25667],[6.75331,51.24968],[6.76671,51.23881],[6.77284,51.23671],[6.77306,51.23978],[6.77147,51.25325],[6.76291,51.25715],[6.75051,51.27141],[6.76037,51.27141],[6.77006,51.28013],[6.78178,51.28405]]]},"properties":{"plz":"40474","name":"40474 Düsseldorf"}},{"type":"Feature","geometry":{"type":"Polygon","coordinates":[[[6.79501,51.24699],[6.79347,51.25298],[6.77147,51.25325],[6.77306,51.23978],[6.79621,51.24363],[6.79501,51.24699]]]},"properties":{"plz":"40476","name":"40476 Düsseldorf"}},{"type":"Feature","geometry":{"type":"Polygon","coordinates":[[[6.79727,51.23639],[6.79734,51.23712],[6.79621,51.24363],[6.77306,51.23978],[6.77284,51.23671],[6.79399,51.23625],[6.79727,51.23639]]]},"properties":{"plz":"40477","name":"40477 Düsseldorf"}},{"type":"Feature","geometry":{"type":"Polygon","coordinates":[[[6.79399,51.23625],[6.77284,51.23671],[6.76671,51.23881],[6.76866,51.2315],[6.7811,51.22928],[6.79399,51.23625]]]},"properties":{"plz":"40479","name":"40479 Düsseldorf"}},{"type":"Feature","geometry":{"type":"Polygon","coordinates":[[[6.80477,51.29997],[6.80353,51.3069],[6.81747,51.32094],[6.80736,51.32324],[6.80305,51.33546],[6.80913,51.33744],[6.80587,51.35041],[6.79382,51.35221],[6.79181,51.34326],[6.78138,51.34258],[6.75459,51.3499],[6.74591,51.35196],[6.71534,51.33294],[6.73014,51.32435],[6.735,51.31529],[6.73228,51.30426],[6.72127,51.29245],[6.7412,51.28652],[6.75508,51.29009],[6.78052,51.30192],[6.80477,51.29997]]]},"properties":{"plz":"40489","name":"40489 Düsseldorf"}},{"type":"Feature","geometry":{"type":"Polygon","coordinates":[[[6.76866,51.2315],[6.76671,51.23881],[6.74504,51.23305],[6.73457,51.22912],[6.75404,51.22024],[6.76349,51.22105],[6.76866,51.2315]]]},"properties":{"plz":"40545","name":"40545 Düsseldorf"}},{"type":"Feature","geometry":{"type":"Polygon","coordinates":[[[6.72632,51.25667],[6.71678,51.24477],[6.74504,51.23305],[6.76671,51.23881],[6.75331,51.24968],[6.72632,51.25667]]]},"properties":{"plz":"40547","name":"40547 Düsseldorf"}},{"type":"Feature","geometry":{"type":"Polygon","coordinates":[[[6.73457,51.22912],[6.74504,51.23305],[6.71678,51.24477],[6.69898,51.23501],[6.68881,51.2295],[6.69532,51.22496],[6.72352,51.22593],[6.73457,51.22912]]]},"properties":{"plz":"40549","name":"40549 Düsseldorf"}},{"type":"Feature","geometry":{"type":"Polygon","coordinates":[[[6.79403,51.18026],[6.79835,51.16972],[6.79255,51.15212],[6.79772,51.14532],[6.81447,51.14387],[6.83553,51.16049],[6.85227,51.16124],[6.85467,51.16961],[6.84624,51.17837],[6.85022,51.19013],[6.84487,51.18987],[6.83268,51.17983],[6.81963,51.18419],[6.80896,51.17649],[6.80393,51.18063],[6.79194,51.18697],[6.79403,51.18026]]]},"properties":{"plz":"40589","name":"40589 Düsseldorf"}},{"type":"Feature","geometry":{"type":"Polygon","coordinates":[[[6.80393,51.18063],[6.80896,51.17649],[6.81963,51.18419],[6.83268,51.17983],[6.84487,51.18987],[6.82591,51.1947],[6.81435,51.20423],[6.80436,51.20752],[6.81007,51.19723],[6.80393,51.18063]]]},"properties":{"plz":"40591","name":"40591 Düsseldorf"}},{"type":"Feature","geometry":{"type":"Polygon","coordinates":[[[6.85748,51.15503],[6.84824,51.13806],[6.85615,51.12624],[6.85714,51.13123],[6.87291,51.13144],[6.88407,51.12712],[6.89441,51.12927],[6.89464,51.13796],[6.87707,51.14493],[6.89337,51.1487],[6.89068,51.1589],[6.87367,51.16064],[6.8706,51.15439],[6.85748,51.15503]]]},"properties":{"plz":"40593","name":"40593 Düsseldorf"}},{"type":"Feature","geometry":{"type":"Polygon","coordinates":[[[6.89441,51.12927],[6.90856,51.12649],[6.91894,51.12975],[6.92327,51.1405],[6.91767,51.14096],[6.89073,51.15893],[6.89068,51.1589],[6.89337,51.1487],[6.87707,51.14493],[6.89464,51.13796],[6.89441,51.12927]]]},"properties":{"plz":"40595","name":"40595 Düsseldorf"}},{"type":"Feature","geometry":{"type":"Polygon","coordinates":[[[6.85227,51.16124],[6.85748,51.15503],[6.8706,51.15439],[6.87367,51.16064],[6.89068,51.1589],[6.89073,51.15893],[6.89825,51.15875],[6.89542,51.17365],[6.88505,51.17662],[6.87216,51.16952],[6.85467,51.16961],[6.85227,51.16124]]]},"properties":{"plz":"40597","name":"40597 Düsseldorf"}},{"type":"Feature","geometry":{"type":"Polygon","coordinates":[[[6.85022,51.19013],[6.84624,51.17837],[6.85467,51.16961],[6.87216,51.16952],[6.88505,51.17662],[6.89542,51.17365],[6.90476,51.17646],[6.87932,51.18997],[6.85022,51.19013]]]},"properties":{"plz":"40599","name":"40599 Düsseldorf"}},{"type":"Feature","geometry":{"type":"Polygon","coordinates":[[[6.83976,51.22045],[6.87368,51.22055],[6.88006,51.22803],[6.87151,51.23979],[6.85656,51.24572],[6.83212,51.23443],[6.83976,51.22045]]]},"properties":{"plz":"40625","name":"40625 Düsseldorf"}},{"type":"Feature","geometry":{"type":"Polygon","coordinates":[[[6.87932,51.18997],[6.91561,51.19211],[6.92127,51.19282],[6.90524,51.20123],[6.91181,51.21076],[6.88118,51.21569],[6.87368,51.22055],[6.83976,51.22045],[6.8472,51.2069],[6.87932,51.18997]]]},"properties":{"plz":"40627","name":"40627 Düsseldorf"}},{"type":"Feature","geometry":{"type":"Polygon","coordinates":[[[6.83212,51.23443],[6.85656,51.24572],[6.87151,51.23979],[6.87836,51.24252],[6.90277,51.2371],[6.91022,51.24177],[6.92649,51.24253],[6.93122,51.23803],[6.93408,51.24843],[6.92684,51.25336],[6.93988,51.27256],[6.93582,51.27607],[6.91775,51.27269],[6.91277,51.27611],[6.90755,51.26735],[6.89595,51.2646],[6.88907,51.2694],[6.87638,51.26786],[6.85916,51.27427],[6.86225,51.26373],[6.85543,51.25832],[6.82394,51.25138],[6.82526,51.24612],[6.83212,51.23443]]]},"properties":{"plz":"40629","name":"40629 Düsseldorf"}},{"type":"Feature","geometry":{"type":"Polygon","coordinates":[[[6.70701,51.28004],[6.67836,51.28764],[6.6585,51.27511],[6.65343,51.26059],[6.64964,51.25236],[6.66307,51.23829],[6.67587,51.2336],[6.69898,51.23501],[6.71678,51.24477],[6.72632,51.25667],[6.70465,51.2671],[6.70701,51.28004]]]},"properties":{"plz":"40667","name":"40667 Meerbusch"}},{"type":"Feature","geometry":{"type":"Polygon","coordinates":[[[6.72127,51.29245],[6.73228,51.30426],[6.735,51.31529],[6.73014,51.32435],[6.71534,51.33294],[6.70621,51.33674],[6.69472,51.32394],[6.6755,51.32112],[6.65179,51.30902],[6.62144,51.30886],[6.62049,51.28901],[6.65511,51.29417],[6.67836,51.28764],[6.70701,51.28004],[6.72127,51.29245]]]},"properties":{"plz":"40668","name":"40668 Meerbusch"}},{"type":"Feature","geometry":{"type":"Polygon","coordinates":[[[6.67836,51.28764],[6.65511,51.29417],[6.62049,51.28901],[6.5859,51.28583],[6.58704,51.27647],[6.59631,51.26161],[6.61052,51.2634],[6.61605,51.25291],[6.62599,51.25035],[6.64737,51.26097],[6.65343,51.26059],[6.6585,51.27511],[6.67836,51.28764]]]},"properties":{"plz":"40670","name":"40670 Meerbusch"}},{"type":"Feature","geometry":{"type":"Polygon","coordinates":[[[6.87368,51.22055],[6.88118,51.21569],[6.91181,51.21076],[6.90524,51.20123],[6.92127,51.19282],[6.9598,51.19798],[6.98754,51.20328],[6.9846,51.2078],[6.99459,51.21211],[6.98303,51.21803],[6.96509,51.22473],[6.95438,51.22193],[6.93869,51.22813],[6.93122,51.23803],[6.92649,51.24253],[6.91022,51.24177],[6.90277,51.2371],[6.87836,51.24252],[6.87151,51.23979],[6.88006,51.22803],[6.87368,51.22055]]]},"properties":{"plz":"40699","name":"40699 Erkrath"}},{"type":"Feature","geometry":{"type":"Polygon","coordinates":[[[6.92327,51.1405],[6.9349,51.14413],[6.926,51.16418],[6.94037,51.16376],[6.93906,51.17598],[6.92756,51.17694],[6.92506,51.18615],[6.91561,51.19211],[6.87932,51.18997],[6.90476,51.17646],[6.89542,51.17365],[6.89825,51.15875],[6.89073,51.15893],[6.91767,51.14096],[6.92327,51.1405]]]},"properties":{"plz":"40721","name":"40721 Hilden, Düsseldorf"}},{"type":"Feature","geometry":{"type":"Polygon","coordinates":[[[6.9349,51.14413],[6.95137,51.14716],[6.96132,51.16471],[6.94037,51.16376],[6.926,51.16418],[6.9349,51.14413]]]},"properties":{"plz":"40723","name":"40723 Hilden"}},{"type":"Feature","geometry":{"type":"Polygon","coordinates":[[[6.91561,51.19211],[6.92506,51.18615],[6.92756,51.17694],[6.93906,51.17598],[6.94037,51.16376],[6.96132,51.16471],[6.98234,51.16571],[6.9862,51.17196],[6.98107,51.17233],[6.97786,51.19102],[6.9598,51.19798],[6.92127,51.19282],[6.91561,51.19211]]]},"properties":{"plz":"40724","name":"40724 Hilden"}},{"type":"Feature","geometry":{"type":"Polygon","coordinates":[[[6.90856,51.12649],[6.91428,51.11694],[6.90582,51.10962],[6.9234,51.10586],[6.93058,51.08347],[6.92822,51.0798],[6.94231,51.07153],[6.95929,51.0725],[6.97435,51.06749],[6.98656,51.07306],[6.98874,51.09146],[6.98827,51.10701],[7.00081,51.11533],[6.99831,51.11972],[6.99626,51.12493],[6.99441,51.14473],[6.98099,51.1447],[6.97102,51.14936],[6.96298,51.14403],[6.95137,51.14716],[6.9349,51.14413],[6.92327,51.1405],[6.91894,51.12975],[6.90856,51.12649]]]},"properties":{"plz":"40764","name":"40764 Langenfeld"}},{"type":"Feature","geometry":{"type":"Polygon","coordinates":[[[6.85615,51.12624],[6.86911,51.11962],[6.88065,51.11181],[6.88274,51.10184],[6.85874,51.09014],[6.85326,51.08418],[6.85993,51.07392],[6.89776,51.06476],[6.91679,51.07915],[6.92376,51.07327],[6.92822,51.0798],[6.93058,51.08347],[6.9234,51.10586],[6.90582,51.10962],[6.91428,51.11694],[6.90856,51.12649],[6.89441,51.12927],[6.88407,51.12712],[6.87291,51.13144],[6.85714,51.13123],[6.85615,51.12624]]]},"properties":{"plz":"40789","name":"40789 Monheim am Rhein"}},{"type":"Feature","geometry":{"type":"Polygon","coordinates":[[[6.93122,51.23803],[6.93869,51.22813],[6.95438,51.22193],[6.96509,51.22473],[6.98303,51.21803],[7.00397,51.23089],[7.0037,51.24228],[7.02189,51.24271],[7.02137,51.24997],[7.03477,51.24715],[7.04093,51.25471],[7.03409,51.26534],[7.0186,51.27096],[7.00481,51.28811],[6.9805,51.29492],[6.96836,51.29278],[6.95887,51.28562],[6.94444,51.28515],[6.93582,51.27607],[6.93988,51.27256],[6.92684,51.25336],[6.93408,51.24843],[6.93122,51.23803]]]},"properties":{"plz":"40822","name":"40822 Mettmann"}},{"type":"Feature","geometry":{"type":"Polygon","coordinates":[[[6.83696,51.30564],[6.82951,51.29891],[6.82696,51.28849],[6.83551,51.28864],[6.8356,51.28145],[6.83957,51.28524],[6.8586,51.28346],[6.8659,51.28909],[6.86553,51.2999],[6.85554,51.30242],[6.85954,51.30999],[6.83696,51.30564]]]},"properties":{"plz":"40878","name":"40878 Ratingen"}},{"type":"Feature","geometry":{"type":"Polygon","coordinates":[[[6.83544,51.27728],[6.8356,51.28145],[6.83551,51.28864],[6.82696,51.28849],[6.82951,51.29891],[6.83696,51.30564],[6.83051,51.31979],[6.81747,51.32094],[6.80353,51.3069],[6.80477,51.29997],[6.80311,51.29031],[6.80366,51.27915],[6.81858,51.27486],[6.83069,51.28058],[6.83544,51.27728]]]},"properties":{"plz":"40880","name":"40880 Ratingen"}},{"type":"Feature","geometry":{"type":"Polygon","coordinates":[[[6.85916,51.27427],[6.87638,51.26786],[6.88907,51.2694],[6.89595,51.2646],[6.90755,51.26735],[6.91277,51.27611],[6.91775,51.27269],[6.93582,51.27607],[6.94444,51.28515],[6.95887,51.28562],[6.96836,51.29278],[6.9805,51.29492],[6.98285,51.3008],[6.94798,51.29626],[6.95006,51.29957],[6.93396,51.30388],[6.9275,51.31745],[6.90904,51.30892],[6.89838,51.31037],[6.87941,51.30724],[6.88431,51.31835],[6.86854,51.32252],[6.8702,51.33332],[6.85003,51.31596],[6.83051,51.31979],[6.83696,51.30564],[6.85954,51.30999],[6.85554,51.30242],[6.86553,51.2999],[6.8659,51.28909],[6.8586,51.28346],[6.83957,51.28524],[6.8356,51.28145],[6.83544,51.27728],[6.85091,51.27854],[6.85916,51.27427]]]},"properties":{"plz":"40882","name":"40882 Ratingen"}},{"type":"Feature","geometry":{"type":"Polygon","coordinates":[[[6.9275,51.31745],[6.93475,51.32304],[6.93259,51.32993],[6.92277,51.3323],[6.91807,51.34135],[6.92694,51.34678],[6.91069,51.34507],[6.91403,51.35045],[6.88275,51.33986],[6.8702,51.33332],[6.86854,51.32252],[6.88431,51.31835],[6.87941,51.30724],[6.89838,51.31037],[6.90904,51.30892],[6.9275,51.31745]]]},"properties":{"plz":"40883","name":"40883 Ratingen"}},{"type":"Feature","geometry":{"type":"Polygon","coordinates":[[[6.81747,51.32094],[6.83051,51.31979],[6.85003,51.31596],[6.8702,51.33332],[6.88275,51.33986],[6.91403,51.35045],[6.91069,51.34507],[6.92694,51.34678],[6.92927,51.34813],[6.92495,51.3577],[6.90509,51.3676],[6.8903,51.37179],[6.87768,51.3634],[6.85308,51.36155],[6.84499,51.35475],[6.83025,51.35229],[6.80587,51.35041],[6.80913,51.33744],[6.80305,51.33546],[6.80736,51.32324],[6.81747,51.32094]]]},"properties":{"plz":"40885","name":"40885 Ratingen"}},{"type":"Feature","geometry":{"type":"Polygon","coordinates":[[[6.46512,51.20913],[6.48182,51.20793],[6.48806,51.21213],[6.49076,51.22796],[6.50751,51.22691],[6.51054,51.21962],[6.5222,51.22574],[6.51999,51.23043],[6.49948,51.2354],[6.47818,51.23595],[6.45781,51.24789],[6.4306,51.22616],[6.45396,51.21199],[6.46512,51.20913]]]},"properties":{"plz":"41066","name":"41066 Mönchengladbach"}},{"type":"Feature","geometry":{"type":"Polygon","coordinates":[[[6.49178,51.19039],[6.48006,51.17629],[6.48986,51.17063],[6.50834,51.17734],[6.51588,51.18375],[6.52691,51.17018],[6.5221,51.16428],[6.53258,51.15364],[6.53262,51.14596],[6.54372,51.13971],[6.56998,51.15855],[6.5733,51.15125],[6.58612,51.15211],[6.59431,51.15192],[6.60819,51.14197],[6.61482,51.15105],[6.61504,51.15986],[6.62668,51.16492],[6.62142,51.18039],[6.60044,51.17866],[6.58585,51.18907],[6.58763,51.19359],[6.5725,51.20035],[6.56877,51.21805],[6.56001,51.21946],[6.56152,51.22869],[6.5358,51.23119],[6.5299,51.22263],[6.5222,51.22574],[6.51054,51.21962],[6.50751,51.22691],[6.49076,51.22796],[6.48806,51.21213],[6.4931,51.1985],[6.49178,51.19039]]]},"properties":{"plz":"41352","name":"41352 Korschenbroich"}},{"type":"Feature","geometry":{"type":"Polygon","coordinates":[[[6.72352,51.22593],[6.69532,51.22496],[6.68881,51.2295],[6.68134,51.21934],[6.68573,51.20663],[6.67481,51.20064],[6.67988,51.1956],[6.71235,51.18876],[6.73215,51.18713],[6.73146,51.20521],[6.72352,51.22593]]]},"properties":{"plz":"41460","name":"41460 Neuss"}},{"type":"Feature","geometry":{"type":"Polygon","coordinates":[[[6.69898,51.23501],[6.67587,51.2336],[6.63954,51.23087],[6.64508,51.20979],[6.63383,51.20732],[6.63442,51.19809],[6.65335,51.19864],[6.6546,51.2053],[6.67481,51.20064],[6.68573,51.20663],[6.68134,51.21934],[6.68881,51.2295],[6.69898,51.23501]]]},"properties":{"plz":"41462","name":"41462 Neuss"}},{"type":"Feature","geometry":{"type":"Polygon","coordinates":[[[6.67481,51.20064],[6.6546,51.2053],[6.65335,51.19864],[6.63442,51.19809],[6.62913,51.18977],[6.63943,51.18529],[6.64938,51.18891],[6.66327,51.17503],[6.6739,51.1792],[6.70428,51.17717],[6.71235,51.18876],[6.67988,51.1956],[6.67481,51.20064]]]},"properties":{"plz":"41464","name":"41464 Neuss"}},{"type":"Feature","geometry":{"type":"Polygon","coordinates":[[[6.6739,51.1792],[6.66594,51.1675],[6.68636,51.16069],[6.68215,51.15442],[6.69285,51.14938],[6.70732,51.1494],[6.71416,51.1615],[6.70766,51.16679],[6.71373,51.1713],[6.70428,51.17717],[6.6739,51.1792]]]},"properties":{"plz":"41466","name":"41466 Neuss"}},{"type":"Feature","geometry":{"type":"Polygon","coordinates":[[[6.73215,51.18713],[6.71235,51.18876],[6.70428,51.17717],[6.71373,51.1713],[6.73368,51.16974],[6.75245,51.15438],[6.7667,51.14399],[6.77895,51.147],[6.79504,51.14394],[6.79772,51.14532],[6.79255,51.15212],[6.79835,51.16972],[6.79403,51.18026],[6.77382,51.18521],[6.74778,51.18094],[6.73215,51.18713]]]},"properties":{"plz":"41468","name":"41468 Neuss"}},{"type":"Feature","geometry":{"type":"Polygon","coordinates":[[[6.69285,51.14938],[6.68553,51.13553],[6.7096,51.13247],[6.70715,51.14919],[6.7332,51.1465],[6.75245,51.15438],[6.73368,51.16974],[6.71373,51.1713],[6.70766,51.16679],[6.71416,51.1615],[6.70732,51.1494],[6.69285,51.14938]]]},"properties":{"plz":"41469","name":"41469 Neuss"}},{"type":"Feature","geometry":{"type":"Polygon","coordinates":[[[6.75245,51.15438],[6.7332,51.1465],[6.70715,51.14919],[6.7096,51.13247],[6.71493,51.11848],[6.73009,51.1173],[6.76151,51.12574],[6.7718,51.13143],[6.7618,51.13883],[6.7667,51.14399],[6.75245,51.15438]]]},"properties":{"plz":"41470","name":"41470 Neuss"}},{"type":"Feature","geometry":{"type":"Polygon","coordinates":[[[6.61482,51.15105],[6.62687,51.15372],[6.63457,51.14561],[6.65378,51.13506],[6.66241,51.14575],[6.66781,51.13133],[6.68553,51.13553],[6.69285,51.14938],[6.68215,51.15442],[6.68636,51.16069],[6.66594,51.1675],[6.6739,51.1792],[6.66327,51.17503],[6.64938,51.18891],[6.63943,51.18529],[6.62142,51.18039],[6.62668,51.16492],[6.61504,51.15986],[6.61482,51.15105]]]},"properties":{"plz":"41472","name":"41472 Neuss"}},{"type":"Feature","geometry":{"type":"Polygon","coordinates":[[[6.5418,51.09583],[6.55121,51.08578],[6.5632,51.08126],[6.57993,51.08168],[6.5926,51.07623],[6.61354,51.07496],[6.61195,51.0662],[6.59909,51.05685],[6.61601,51.0453],[6.63452,51.05055],[6.64574,51.05793],[6.6402,51.06185],[6.65887,51.07698],[6.64686,51.08367],[6.63118,51.09234],[6.60668,51.09273],[6.60032,51.09835],[6.59276,51.09513],[6.59009,51.10175],[6.59681,51.11239],[6.57715,51.11836],[6.5665,51.11335],[6.56023,51.10453],[6.5418,51.09583]]]},"properties":{"plz":"41515","name":"41515 Grevenbroich"}},{"type":"Feature","geometry":{"type":"Polygon","coordinates":[[[6.58612,51.15211],[6.58391,51.14584],[6.59392,51.14021],[6.57659,51.13923],[6.58003,51.13126],[6.57715,51.11836],[6.59681,51.11239],[6.59009,51.10175],[6.59276,51.09513],[6.60032,51.09835],[6.60668,51.09273],[6.63118,51.09234],[6.64686,51.08367],[6.64686,51.09198],[6.65555,51.10388],[6.66729,51.10083],[6.68395,51.11137],[6.69622,51.10176],[6.70066,51.11474],[6.71493,51.11848],[6.7096,51.13247],[6.68553,51.13553],[6.66781,51.13133],[6.66241,51.14575],[6.65378,51.13506],[6.63457,51.14561],[6.62687,51.15372],[6.61482,51.15105],[6.60819,51.14197],[6.59431,51.15192],[6.58612,51.15211]]]},"properties":{"plz":"41516","name":"41516 Grevenbroich"}},{"type":"Feature","geometry":{"type":"Polygon","coordinates":[[[6.86911,51.11962],[6.85031,51.11247],[6.84079,51.11503],[6.83082,51.10782],[6.82253,51.11127],[6.80069,51.11014],[6.83145,51.08713],[6.83661,51.08007],[6.85326,51.08418],[6.85874,51.09014],[6.88274,51.10184],[6.88065,51.11181],[6.86911,51.11962]]]},"properties":{"plz":"41539","name":"41539 Dormagen"}},{"type":"Feature","geometry":{"type":"Polygon","coordinates":[[[6.80069,51.11014],[6.80392,51.09424],[6.79264,51.09355],[6.76112,51.07699],[6.74113,51.07707],[6.75335,51.06592],[6.77384,51.06409],[6.78682,51.06874],[6.80072,51.05958],[6.80627,51.04694],[6.8138,51.04589],[6.81646,51.05383],[6.83373,51.05979],[6.82453,51.0744],[6.83661,51.08007],[6.83145,51.08713],[6.80069,51.11014]]]},"properties":{"plz":"41540","name":"41540 Dormagen"}},{"type":"Feature","geometry":{"type":"Polygon","coordinates":[[[6.79772,51.14532],[6.79504,51.14394],[6.79688,51.13314],[6.80654,51.12739],[6.80069,51.11014],[6.82253,51.11127],[6.83082,51.10782],[6.84079,51.11503],[6.85031,51.11247],[6.86911,51.11962],[6.85615,51.12624],[6.84824,51.13806],[6.85748,51.15503],[6.85227,51.16124],[6.83553,51.16049],[6.81447,51.14387],[6.79772,51.14532]]]},"properties":{"plz":"41541","name":"41541 Dormagen"}},{"type":"Feature","geometry":{"type":"Polygon","coordinates":[[[6.7667,51.14399],[6.7618,51.13883],[6.7718,51.13143],[6.76151,51.12574],[6.73009,51.1173],[6.71493,51.11848],[6.70066,51.11474],[6.69622,51.10176],[6.70918,51.09424],[6.70827,51.07654],[6.71554,51.0826],[6.74113,51.07707],[6.76112,51.07699],[6.79264,51.09355],[6.80392,51.09424],[6.80069,51.11014],[6.80654,51.12739],[6.79688,51.13314],[6.79504,51.14394],[6.77895,51.147],[6.7667,51.14399]]]},"properties":{"plz":"41542","name":"41542 Dormagen"}},{"type":"Feature","geometry":{"type":"Polygon","coordinates":[[[6.65343,51.26059],[6.64737,51.26097],[6.62599,51.25035],[6.60527,51.24763],[6.6012,51.24249],[6.56782,51.24106],[6.57215,51.23715],[6.56152,51.22869],[6.56001,51.21946],[6.56877,51.21805],[6.5725,51.20035],[6.58763,51.19359],[6.58585,51.18907],[6.60044,51.17866],[6.62142,51.18039],[6.63943,51.18529],[6.62913,51.18977],[6.63442,51.19809],[6.63383,51.20732],[6.64508,51.20979],[6.63954,51.23087],[6.67587,51.2336],[6.66307,51.23829],[6.64964,51.25236],[6.65343,51.26059]]]},"properties":{"plz":"41564","name":"41564 Kaarst"}},{"type":"Feature","geometry":{"type":"Polygon","coordinates":[[[6.63452,51.05055],[6.62607,51.03821],[6.6365,51.0388],[6.63728,51.02674],[6.64891,51.02126],[6.67356,51.0159],[6.67734,51.02026],[6.71567,51.01501],[6.74375,51.04637],[6.75111,51.03995],[6.76202,51.04263],[6.75335,51.06592],[6.74113,51.07707],[6.71554,51.0826],[6.70827,51.07654],[6.70918,51.09424],[6.69622,51.10176],[6.68395,51.11137],[6.66729,51.10083],[6.65555,51.10388],[6.64686,51.09198],[6.64686,51.08367],[6.65887,51.07698],[6.6402,51.06185],[6.64574,51.05793],[6.63452,51.05055]]]},"properties":{"plz":"41569","name":"41569 Rommerskirchen"}},{"type":"Feature","geometry":{"type":"Polygon","coordinates":[[[7.1317,51.25411],[7.13251,51.25341],[7.14157,51.25145],[7.16375,51.25606],[7.16368,51.25869],[7.14763,51.25925],[7.1317,51.25411]]]},"properties":{"plz":"42103","name":"42103 Wuppertal"}},{"type":"Feature","geometry":{"type":"Polygon","coordinates":[[[7.14763,51.25925],[7.14823,51.26846],[7.13148,51.26579],[7.12974,51.26512],[7.1317,51.25411],[7.14763,51.25925]]]},"properties":{"plz":"42105","name":"42105 Wuppertal"}},{"type":"Feature","geometry":{"type":"Polygon","coordinates":[[[7.16368,51.25869],[7.16531,51.26478],[7.15511,51.27035],[7.14823,51.26846],[7.14763,51.25925],[7.16368,51.25869]]]},"properties":{"plz":"42107","name":"42107 Wuppertal"}},{"type":"Feature","geometry":{"type":"Polygon","coordinates":[[[7.14823,51.26846],[7.15511,51.27035],[7.16738,51.27621],[7.17142,51.27805],[7.1603,51.28745],[7.12753,51.2794],[7.13148,51.26579],[7.14823,51.26846]]]},"properties":{"plz":"42109","name":"42109 Wuppertal"}},{"type":"Feature","geometry":{"type":"Polygon","coordinates":[[[7.17142,51.27805],[7.17276,51.27955],[7.18142,51.2862],[7.16865,51.29759],[7.18074,51.30549],[7.17583,51.30998],[7.16714,51.31284],[7.14463,51.30648],[7.13374,51.30682],[7.12401,51.30159],[7.11698,51.30596],[7.1035,51.30125],[7.09612,51.29359],[7.09612,51.28607],[7.10905,51.28829],[7.12753,51.2794],[7.1603,51.28745],[7.17142,51.27805]]]},"properties":{"plz":"42111","name":"42111 Wuppertal"}},{"type":"Feature","geometry":{"type":"Polygon","coordinates":[[[7.13148,51.26579],[7.12753,51.2794],[7.10905,51.28829],[7.09612,51.28607],[7.09765,51.28259],[7.08146,51.28084],[7.07453,51.27089],[7.08428,51.26298],[7.11077,51.26109],[7.12974,51.26512],[7.13148,51.26579]]]},"properties":{"plz":"42113","name":"42113 Wuppertal"}},{"type":"Feature","geometry":{"type":"Polygon","coordinates":[[[7.1317,51.25411],[7.12974,51.26512],[7.11077,51.26109],[7.08428,51.26298],[7.09154,51.2506],[7.10189,51.25275],[7.10473,51.24581],[7.13251,51.25341],[7.1317,51.25411]]]},"properties":{"plz":"42115","name":"42115 Wuppertal"}},{"type":"Feature","geometry":{"type":"Polygon","coordinates":[[[7.13251,51.25341],[7.10473,51.24581],[7.10345,51.23747],[7.11358,51.23454],[7.14572,51.23146],[7.14157,51.25145],[7.13251,51.25341]]]},"properties":{"plz":"42117","name":"42117 Wuppertal"}},{"type":"Feature","geometry":{"type":"Polygon","coordinates":[[[7.14157,51.25145],[7.14572,51.23146],[7.15585,51.23549],[7.17298,51.2342],[7.17564,51.23961],[7.16283,51.24945],[7.16375,51.25606],[7.14157,51.25145]]]},"properties":{"plz":"42119","name":"42119 Wuppertal"}},{"type":"Feature","geometry":{"type":"Polygon","coordinates":[[[7.19395,51.27274],[7.1964,51.26755],[7.19911,51.26811],[7.21494,51.27328],[7.2177,51.27774],[7.20272,51.27766],[7.19395,51.27274]]]},"properties":{"plz":"42275","name":"42275 Wuppertal"}},{"type":"Feature","geometry":{"type":"Polygon","coordinates":[[[7.21494,51.27328],[7.22854,51.2749],[7.23913,51.28652],[7.23056,51.2911],[7.20678,51.28816],[7.20272,51.27766],[7.2177,51.27774],[7.21494,51.27328]]]},"properties":{"plz":"42277","name":"42277 Wuppertal"}},{"type":"Feature","geometry":{"type":"Polygon","coordinates":[[[7.23913,51.28652],[7.24666,51.283],[7.25573,51.28665],[7.26267,51.30393],[7.26394,51.31806],[7.22318,51.30531],[7.20846,51.30264],[7.20138,51.29648],[7.20678,51.28816],[7.23056,51.2911],[7.23913,51.28652]]]},"properties":{"plz":"42279","name":"42279 Wuppertal"}},{"type":"Feature","geometry":{"type":"Polygon","coordinates":[[[7.17276,51.27955],[7.18175,51.27967],[7.19395,51.27274],[7.20272,51.27766],[7.20678,51.28816],[7.20138,51.29648],[7.18959,51.29506],[7.18222,51.29916],[7.16865,51.29759],[7.18142,51.2862],[7.17276,51.27955]]]},"properties":{"plz":"42281","name":"42281 Wuppertal"}},{"type":"Feature","geometry":{"type":"Polygon","coordinates":[[[7.16738,51.27621],[7.18352,51.26366],[7.1964,51.26755],[7.19395,51.27274],[7.18175,51.27967],[7.17276,51.27955],[7.17142,51.27805],[7.16738,51.27621]]]},"properties":{"plz":"42283","name":"42283 Wuppertal"}},{"type":"Feature","geometry":{"type":"Polygon","coordinates":[[[7.16375,51.25606],[7.16283,51.24945],[7.17564,51.23961],[7.18697,51.24297],[7.19187,51.25119],[7.18352,51.26366],[7.16738,51.27621],[7.15511,51.27035],[7.16531,51.26478],[7.16368,51.25869],[7.16375,51.25606]]]},"properties":{"plz":"42285","name":"42285 Wuppertal"}},{"type":"Feature","geometry":{"type":"Polygon","coordinates":[[[7.1964,51.26755],[7.18352,51.26366],[7.19187,51.25119],[7.18697,51.24297],[7.19645,51.23814],[7.20082,51.24261],[7.2284,51.24425],[7.23482,51.22683],[7.2473,51.22269],[7.24789,51.24299],[7.26668,51.25774],[7.23681,51.25653],[7.23549,51.25922],[7.22711,51.2535],[7.21375,51.25304],[7.19911,51.26811],[7.1964,51.26755]]]},"properties":{"plz":"42287","name":"42287 Wuppertal"}},{"type":"Feature","geometry":{"type":"Polygon","coordinates":[[[7.19911,51.26811],[7.21375,51.25304],[7.22711,51.2535],[7.23549,51.25922],[7.23881,51.2651],[7.22854,51.2749],[7.21494,51.27328],[7.19911,51.26811]]]},"properties":{"plz":"42289","name":"42289 Wuppertal"}},{"type":"Feature","geometry":{"type":"Polygon","coordinates":[[[7.02189,51.24271],[7.03851,51.23538],[7.04142,51.22531],[7.03577,51.21556],[7.07739,51.235],[7.10345,51.23747],[7.10473,51.24581],[7.10189,51.25275],[7.09154,51.2506],[7.08428,51.26298],[7.07453,51.27089],[7.0617,51.25767],[7.04093,51.25471],[7.03477,51.24715],[7.02137,51.24997],[7.02189,51.24271]]]},"properties":{"plz":"42327","name":"42327 Wuppertal"}},{"type":"Feature","geometry":{"type":"Polygon","coordinates":[[[7.10345,51.23747],[7.07739,51.235],[7.03577,51.21556],[7.04797,51.20889],[7.05759,51.21013],[7.06579,51.2173],[7.09189,51.22038],[7.10492,51.21454],[7.11358,51.23454],[7.10345,51.23747]]]},"properties":{"plz":"42329","name":"42329 Wuppertal"}},{"type":"Feature","geometry":{"type":"Polygon","coordinates":[[[7.11358,51.23454],[7.10492,51.21454],[7.10697,51.19815],[7.11367,51.18406],[7.12568,51.18261],[7.12907,51.17358],[7.13565,51.1658],[7.15109,51.1755],[7.14133,51.19],[7.1536,51.19245],[7.1565,51.20095],[7.16653,51.2115],[7.16974,51.2179],[7.16483,51.22752],[7.17298,51.2342],[7.15585,51.23549],[7.14572,51.23146],[7.11358,51.23454]]]},"properties":{"plz":"42349","name":"42349 Wuppertal"}},{"type":"Feature","geometry":{"type":"Polygon","coordinates":[[[7.17298,51.2342],[7.16483,51.22752],[7.16974,51.2179],[7.16653,51.2115],[7.19051,51.21463],[7.20707,51.20561],[7.203,51.21228],[7.21744,51.2213],[7.23482,51.22683],[7.2284,51.24425],[7.20082,51.24261],[7.19645,51.23814],[7.18697,51.24297],[7.17564,51.23961],[7.17298,51.2342]]]},"properties":{"plz":"42369","name":"42369 Wuppertal"}},{"type":"Feature","geometry":{"type":"Polygon","coordinates":[[[7.22854,51.2749],[7.23881,51.2651],[7.23549,51.25922],[7.23681,51.25653],[7.26668,51.25774],[7.26736,51.25772],[7.27776,51.27232],[7.26661,51.28463],[7.25573,51.28665],[7.24666,51.283],[7.23913,51.28652],[7.22854,51.2749]]]},"properties":{"plz":"42389","name":"42389 Wuppertal"}},{"type":"Feature","geometry":{"type":"Polygon","coordinates":[[[7.2473,51.22269],[7.26072,51.21824],[7.26421,51.21001],[7.28966,51.20992],[7.29596,51.20544],[7.30122,51.21018],[7.29686,51.22391],[7.31343,51.23416],[7.30656,51.24017],[7.29681,51.24652],[7.30083,51.25184],[7.28322,51.24983],[7.27919,51.26355],[7.26736,51.25772],[7.26668,51.25774],[7.24789,51.24299],[7.2473,51.22269]]]},"properties":{"plz":"42399","name":"42399 Wuppertal"}},{"type":"Feature","geometry":{"type":"Polygon","coordinates":[[[7.29596,51.20544],[7.29763,51.19661],[7.30578,51.19494],[7.29895,51.18629],[7.3088,51.18899],[7.30551,51.17957],[7.34492,51.18254],[7.35478,51.19158],[7.36828,51.19674],[7.38125,51.19007],[7.38165,51.1698],[7.39203,51.17174],[7.39008,51.17722],[7.40465,51.18736],[7.41089,51.17794],[7.42469,51.18617],[7.41721,51.19773],[7.43014,51.20493],[7.43241,51.21434],[7.43013,51.22443],[7.4139,51.22794],[7.41419,51.22087],[7.40359,51.22119],[7.39504,51.23228],[7.40347,51.23942],[7.39286,51.24587],[7.37923,51.2415],[7.37477,51.24695],[7.36409,51.24548],[7.35466,51.23929],[7.34057,51.23893],[7.33108,51.25037],[7.32384,51.24467],[7.30656,51.24017],[7.31343,51.23416],[7.29686,51.22391],[7.30122,51.21018],[7.29596,51.20544]]]},"properties":{"plz":"42477","name":"42477 Radevormwald"}},{"type":"Feature","geometry":{"type":"Polygon","coordinates":[[[7.04093,51.25471],[7.0617,51.25767],[7.07453,51.27089],[7.08146,51.28084],[7.09765,51.28259],[7.09612,51.28607],[7.09612,51.29359],[7.07746,51.29727],[7.07117,51.29369],[7.06357,51.3007],[7.04589,51.30571],[7.04443,51.31207],[7.05229,51.32371],[7.04258,51.31812],[7.03967,51.32323],[7.0216,51.32161],[7.00628,51.31523],[7.00394,51.32465],[6.99369,51.32381],[6.98285,51.3008],[6.9805,51.29492],[7.00481,51.28811],[7.0186,51.27096],[7.03409,51.26534],[7.04093,51.25471]]]},"properties":{"plz":"42489","name":"42489 Wülfrath"}},{"type":"Feature","geometry":{"type":"Polygon","coordinates":[[[7.30551,51.17957],[7.29305,51.16076],[7.29531,51.14806],[7.28715,51.14385],[7.26973,51.14617],[7.27358,51.11475],[7.28089,51.10884],[7.29892,51.10475],[7.31744,51.10447],[7.31957,51.1077],[7.3373,51.10102],[7.34095,51.10395],[7.33399,51.11997],[7.31844,51.12046],[7.33645,51.12962],[7.34339,51.12542],[7.348,51.13223],[7.36725,51.12569],[7.36819,51.13307],[7.39689,51.15265],[7.38691,51.15564],[7.38165,51.1698],[7.38125,51.19007],[7.36828,51.19674],[7.35478,51.19158],[7.34492,51.18254],[7.30551,51.17957]]]},"properties":{"plz":"42499","name":"42499 Hückeswagen"}},{"type":"Feature","geometry":{"type":"Polygon","coordinates":[[[7.04258,51.31812],[7.05117,51.33283],[7.02366,51.35068],[7.01857,51.36453],[7.00353,51.3575],[7.00131,51.34861],[7.00956,51.34599],[7.00402,51.33525],[7.01255,51.32785],[7.00394,51.32465],[7.00628,51.31523],[7.0216,51.32161],[7.03967,51.32323],[7.04258,51.31812]]]},"properties":{"plz":"42549","name":"42549 Velbert"}},{"type":"Feature","geometry":{"type":"Polygon","coordinates":[[[7.05229,51.32371],[7.06574,51.3289],[7.07342,51.32751],[7.07697,51.3357],[7.08673,51.33815],[7.09538,51.34727],[7.09007,51.36847],[7.07951,51.37453],[7.05558,51.36231],[7.0441,51.36837],[7.03591,51.36159],[7.01857,51.36453],[7.02366,51.35068],[7.05117,51.33283],[7.04258,51.31812],[7.05229,51.32371]]]},"properties":{"plz":"42551","name":"42551 Velbert"}},{"type":"Feature","geometry":{"type":"Polygon","coordinates":[[[7.16714,51.31284],[7.16607,51.32611],[7.14793,51.33476],[7.1398,51.33638],[7.11358,51.32726],[7.09522,51.3377],[7.08673,51.33815],[7.07697,51.3357],[7.07342,51.32751],[7.06574,51.3289],[7.05229,51.32371],[7.04443,51.31207],[7.04589,51.30571],[7.06357,51.3007],[7.07117,51.29369],[7.07746,51.29727],[7.09612,51.29359],[7.1035,51.30125],[7.11698,51.30596],[7.12401,51.30159],[7.13374,51.30682],[7.14463,51.30648],[7.16714,51.31284]]]},"properties":{"plz":"42553","name":"42553 Velbert"}},{"type":"Feature","geometry":{"type":"Polygon","coordinates":[[[7.08673,51.33815],[7.09522,51.3377],[7.11358,51.32726],[7.1398,51.33638],[7.14793,51.33476],[7.14539,51.34204],[7.15319,51.34934],[7.1474,51.35257],[7.15957,51.36511],[7.14981,51.37697],[7.13948,51.37486],[7.13019,51.38141],[7.11721,51.3811],[7.09007,51.36847],[7.09538,51.34727],[7.08673,51.33815]]]},"properties":{"plz":"42555","name":"42555 Velbert"}},{"type":"Feature","geometry":{"type":"Polygon","coordinates":[[[6.98285,51.3008],[6.99369,51.32381],[7.00394,51.32465],[7.01255,51.32785],[7.00402,51.33525],[7.00956,51.34599],[7.00131,51.34861],[7.00353,51.3575],[6.98626,51.35711],[6.96421,51.34762],[6.94697,51.35147],[6.92927,51.34813],[6.92694,51.34678],[6.91807,51.34135],[6.92277,51.3323],[6.93259,51.32993],[6.93475,51.32304],[6.9275,51.31745],[6.93396,51.30388],[6.95006,51.29957],[6.94798,51.29626],[6.98285,51.3008]]]},"properties":{"plz":"42579","name":"42579 Heiligenhaus"}},{"type":"Feature","geometry":{"type":"Polygon","coordinates":[[[7.10697,51.19815],[7.10088,51.19051],[7.08047,51.18009],[7.08447,51.17486],[7.07538,51.16505],[7.08904,51.16572],[7.11166,51.16253],[7.12907,51.17358],[7.12568,51.18261],[7.11367,51.18406],[7.10697,51.19815]]]},"properties":{"plz":"42651","name":"42651 Solingen"}},{"type":"Feature","geometry":{"type":"Polygon","coordinates":[[[7.05759,51.21013],[7.05615,51.19915],[7.07445,51.19234],[7.05672,51.18551],[7.08047,51.18009],[7.10088,51.19051],[7.10697,51.19815],[7.10492,51.21454],[7.09189,51.22038],[7.06579,51.2173],[7.05759,51.21013]]]},"properties":{"plz":"42653","name":"42653 Solingen"}},{"type":"Feature","geometry":{"type":"Polygon","coordinates":[[[7.08047,51.18009],[7.05672,51.18551],[7.0589,51.17585],[7.0419,51.17261],[7.04437,51.16675],[7.02805,51.16199],[7.03999,51.16002],[7.03416,51.14682],[7.05891,51.16174],[7.07538,51.16505],[7.08447,51.17486],[7.08047,51.18009]]]},"properties":{"plz":"42655","name":"42655 Solingen"}},{"type":"Feature","geometry":{"type":"Polygon","coordinates":[[[7.07538,51.16505],[7.05891,51.16174],[7.03416,51.14682],[7.02668,51.14099],[7.03553,51.13957],[7.03531,51.13189],[7.0443,51.13206],[7.05848,51.12472],[7.07628,51.12676],[7.07463,51.13436],[7.07778,51.1376],[7.08612,51.13973],[7.08233,51.15664],[7.08904,51.16572],[7.07538,51.16505]]]},"properties":{"plz":"42657","name":"42657 Solingen"}},{"type":"Feature","geometry":{"type":"Polygon","coordinates":[[[7.12907,51.17358],[7.11166,51.16253],[7.08904,51.16572],[7.08233,51.15664],[7.08612,51.13973],[7.07778,51.1376],[7.07463,51.13436],[7.08261,51.13822],[7.09558,51.13347],[7.0966,51.1384],[7.10926,51.13779],[7.11754,51.13239],[7.11896,51.12253],[7.14817,51.11423],[7.15668,51.11985],[7.17715,51.12526],[7.15984,51.13326],[7.16976,51.13904],[7.15999,51.14497],[7.16532,51.15375],[7.16326,51.15535],[7.1437,51.14266],[7.13464,51.14913],[7.13565,51.1658],[7.12907,51.17358]]]},"properties":{"plz":"42659","name":"42659 Solingen"}},{"type":"Feature","geometry":{"type":"Polygon","coordinates":[[[6.95137,51.14716],[6.96298,51.14403],[6.97102,51.14936],[6.98099,51.1447],[6.99441,51.14473],[6.99626,51.12493],[7.00498,51.16015],[7.02301,51.16506],[7.0248,51.17105],[7.00739,51.18049],[6.9862,51.17196],[6.98234,51.16571],[6.96132,51.16471],[6.95137,51.14716]]]},"properties":{"plz":"42697","name":"42697 Solingen"}},{"type":"Feature","geometry":{"type":"Polygon","coordinates":[[[6.99831,51.11972],[7.03531,51.13189],[7.03553,51.13957],[7.02668,51.14099],[7.03416,51.14682],[7.03999,51.16002],[7.02805,51.16199],[7.04437,51.16675],[7.0419,51.17261],[7.0248,51.17105],[7.02301,51.16506],[7.00498,51.16015],[6.99626,51.12493],[6.99831,51.11972]]]},"properties":{"plz":"42699","name":"42699 Solingen"}},{"type":"Feature","geometry":{"type":"Polygon","coordinates":[[[7.04797,51.20889],[7.02948,51.18856],[7.00739,51.18049],[7.0248,51.17105],[7.0419,51.17261],[7.0589,51.17585],[7.05672,51.18551],[7.07445,51.19234],[7.05615,51.19915],[7.05759,51.21013],[7.04797,51.20889]]]},"properties":{"plz":"42719","name":"42719 Solingen"}},{"type":"Feature","geometry":{"type":"Polygon","coordinates":[[[6.9598,51.19798],[6.97786,51.19102],[6.98107,51.17233],[6.9862,51.17196],[7.00739,51.18049],[7.02948,51.18856],[7.04797,51.20889],[7.03577,51.21556],[7.04142,51.22531],[7.03851,51.23538],[7.02189,51.24271],[7.0037,51.24228],[7.00397,51.23089],[6.98303,51.21803],[6.99459,51.21211],[6.9846,51.2078],[6.98754,51.20328],[6.9598,51.19798]]]},"properties":{"plz":"42781","name":"42781 Haan"}},{"type":"Feature","geometry":{"type":"Polygon","coordinates":[[[6.98874,51.09146],[7.00974,51.0819],[7.03074,51.08941],[7.03899,51.09657],[7.07447,51.09701],[7.10089,51.10504],[7.142,51.107],[7.15795,51.11908],[7.15668,51.11985],[7.14817,51.11423],[7.11896,51.12253],[7.11754,51.13239],[7.10926,51.13779],[7.0966,51.1384],[7.09558,51.13347],[7.08261,51.13822],[7.07463,51.13436],[7.07628,51.12676],[7.05848,51.12472],[7.0443,51.13206],[7.03531,51.13189],[6.99831,51.11972],[7.00081,51.11533],[6.98827,51.10701],[6.98874,51.09146]]]},"properties":{"plz":"42799","name":"42799 Leichlingen"}},{"type":"Feature","geometry":{"type":"Polygon","coordinates":[[[7.17006,51.19194],[7.16078,51.18661],[7.19163,51.17684],[7.19908,51.17791],[7.19077,51.18671],[7.17006,51.19194]]]},"properties":{"plz":"42853","name":"42853 Remscheid"}},{"type":"Feature","geometry":{"type":"Polygon","coordinates":[[[7.1565,51.20095],[7.17006,51.19194],[7.19077,51.18671],[7.19908,51.17791],[7.21552,51.17594],[7.23368,51.17992],[7.23617,51.18343],[7.21489,51.19742],[7.21753,51.20446],[7.20707,51.20561],[7.19051,51.21463],[7.16653,51.2115],[7.1565,51.20095]]]},"properties":{"plz":"42855","name":"42855 Remscheid"}},{"type":"Feature","geometry":{"type":"Polygon","coordinates":[[[7.13565,51.1658],[7.13464,51.14913],[7.1437,51.14266],[7.16326,51.15535],[7.16846,51.16324],[7.18442,51.16425],[7.19163,51.17684],[7.16078,51.18661],[7.17006,51.19194],[7.1565,51.20095],[7.1536,51.19245],[7.14133,51.19],[7.15109,51.1755],[7.13565,51.1658]]]},"properties":{"plz":"42857","name":"42857 Remscheid"}},{"type":"Feature","geometry":{"type":"Polygon","coordinates":[[[7.16532,51.15375],[7.18513,51.15581],[7.19822,51.15109],[7.21942,51.16102],[7.24304,51.1586],[7.23526,51.16701],[7.23368,51.17992],[7.21552,51.17594],[7.19908,51.17791],[7.19163,51.17684],[7.18442,51.16425],[7.16846,51.16324],[7.16326,51.15535],[7.16532,51.15375]]]},"properties":{"plz":"42859","name":"42859 Remscheid"}},{"type":"Feature","geometry":{"type":"Polygon","coordinates":[[[7.26421,51.21001],[7.25798,51.20191],[7.24723,51.20314],[7.23639,51.19352],[7.23617,51.18343],[7.23368,51.17992],[7.23526,51.16701],[7.24304,51.1586],[7.25507,51.15707],[7.26045,51.14705],[7.26973,51.14617],[7.28715,51.14385],[7.29531,51.14806],[7.29305,51.16076],[7.30551,51.17957],[7.3088,51.18899],[7.29895,51.18629],[7.30578,51.19494],[7.29763,51.19661],[7.29596,51.20544],[7.28966,51.20992],[7.26421,51.21001]]]},"properties":{"plz":"42897","name":"42897 Remscheid"}},{"type":"Feature","geometry":{"type":"Polygon","coordinates":[[[7.23482,51.22683],[7.21744,51.2213],[7.203,51.21228],[7.20707,51.20561],[7.21753,51.20446],[7.21489,51.19742],[7.23617,51.18343],[7.23639,51.19352],[7.24723,51.20314],[7.25798,51.20191],[7.26421,51.21001],[7.26072,51.21824],[7.2473,51.22269],[7.23482,51.22683]]]},"properties":{"plz":"42899","name":"42899 Remscheid"}},{"type":"Feature","geometry":{"type":"Polygon","coordinates":[[[7.26973,51.14617],[7.26045,51.14705],[7.25507,51.15707],[7.24304,51.1586],[7.21942,51.16102],[7.19822,51.15109],[7.18513,51.15581],[7.16532,51.15375],[7.15999,51.14497],[7.16976,51.13904],[7.15984,51.13326],[7.17715,51.12526],[7.15668,51.11985],[7.15795,51.11908],[7.16921,51.11072],[7.15821,51.09998],[7.16732,51.08987],[7.16431,51.08386],[7.14834,51.08265],[7.14858,51.07348],[7.13855,51.06631],[7.14682,51.06613],[7.16241,51.0747],[7.17724,51.06682],[7.19502,51.06569],[7.21128,51.07174],[7.23031,51.07145],[7.25732,51.07701],[7.27914,51.08666],[7.29892,51.10475],[7.28089,51.10884],[7.27358,51.11475],[7.26973,51.14617]]]},"properties":{"plz":"42929","name":"42929 Wermelskirchen"}},{"type":"Feature","geometry":{"type":"Polygon","coordinates":[[[7.46467,51.51853],[7.46824,51.50984],[7.46878,51.50855],[7.48873,51.50841],[7.48719,51.51441],[7.47429,51.51974],[7.46467,51.51853]]]},"properties":{"plz":"44135","name":"44135 Dortmund"}},{"type":"Feature","geometry":{"type":"Polygon","coordinates":[[[7.46467,51.51853],[7.44042,51.51312],[7.43351,51.4978],[7.45279,51.5006],[7.45089,51.50745],[7.46824,51.50984],[7.46467,51.51853]]]},"properties":{"plz":"44137","name":"44137 Dortmund"}},{"type":"Feature","geometry":{"type":"Polygon","coordinates":[[[7.46824,51.50984],[7.45089,51.50745],[7.45279,51.5006],[7.43351,51.4978],[7.43992,51.49172],[7.46986,51.48439],[7.47064,51.48456],[7.46797,51.49086],[7.48802,51.49184],[7.48286,51.50052],[7.46878,51.50855],[7.46824,51.50984]]]},"properties":{"plz":"44139","name":"44139 Dortmund"}},{"type":"Feature","geometry":{"type":"Polygon","coordinates":[[[7.46878,51.50855],[7.48286,51.50052],[7.48802,51.49184],[7.49522,51.50037],[7.5212,51.49809],[7.52338,51.50517],[7.51976,51.51594],[7.48873,51.50841],[7.46878,51.50855]]]},"properties":{"plz":"44141","name":"44141 Dortmund"}},{"type":"Feature","geometry":{"type":"Polygon","coordinates":[[[7.48873,51.50841],[7.51976,51.51594],[7.52338,51.50517],[7.53486,51.50475],[7.55448,51.51036],[7.54775,51.52022],[7.53357,51.51798],[7.5251,51.53462],[7.514,51.53037],[7.48139,51.51825],[7.47429,51.51974],[7.48719,51.51441],[7.48873,51.50841]]]},"properties":{"plz":"44143","name":"44143 Dortmund"}},{"type":"Feature","geometry":{"type":"Polygon","coordinates":[[[7.47429,51.51974],[7.48139,51.51825],[7.514,51.53037],[7.51052,51.54749],[7.49766,51.545],[7.47281,51.53984],[7.45931,51.54472],[7.45242,51.53667],[7.46467,51.51853],[7.47429,51.51974]]]},"properties":{"plz":"44145","name":"44145 Dortmund"}},{"type":"Feature","geometry":{"type":"Polygon","coordinates":[[[7.46467,51.51853],[7.45242,51.53667],[7.45931,51.54472],[7.44725,51.54582],[7.43646,51.55292],[7.43423,51.53298],[7.41917,51.53938],[7.42549,51.52328],[7.42525,51.50955],[7.43351,51.4978],[7.44042,51.51312],[7.46467,51.51853]]]},"properties":{"plz":"44147","name":"44147 Dortmund"}},{"type":"Feature","geometry":{"type":"Polygon","coordinates":[[[7.42549,51.52328],[7.39896,51.52316],[7.3967,51.51709],[7.4057,51.50732],[7.39585,51.50335],[7.39838,51.49634],[7.38197,51.49827],[7.36582,51.4954],[7.35521,51.4926],[7.35366,51.48432],[7.36128,51.48002],[7.37132,51.48271],[7.37159,51.47645],[7.38289,51.47729],[7.39118,51.4803],[7.40189,51.49575],[7.43351,51.4978],[7.42525,51.50955],[7.42549,51.52328]]]},"properties":{"plz":"44149","name":"44149 Dortmund"}},{"type":"Feature","geometry":{"type":"Polygon","coordinates":[[[7.43992,51.49172],[7.42643,51.48593],[7.43046,51.46623],[7.44093,51.46623],[7.46176,51.47094],[7.48021,51.4702],[7.47198,51.47376],[7.46986,51.48439],[7.43992,51.49172]]]},"properties":{"plz":"44225","name":"44225 Dortmund"}},{"type":"Feature","geometry":{"type":"Polygon","coordinates":[[[7.43351,51.4978],[7.40189,51.49575],[7.39118,51.4803],[7.38289,51.47729],[7.38937,51.47412],[7.38909,51.46258],[7.41418,51.45007],[7.42347,51.43162],[7.43778,51.43561],[7.46148,51.43631],[7.46747,51.43129],[7.485,51.44434],[7.46432,51.44197],[7.43581,51.44494],[7.44093,51.46623],[7.43046,51.46623],[7.42643,51.48593],[7.43992,51.49172],[7.43351,51.4978]]]},"properties":{"plz":"44227","name":"44227 Dortmund"}},{"type":"Feature","geometry":{"type":"Polygon","coordinates":[[[7.44093,51.46623],[7.43581,51.44494],[7.46432,51.44197],[7.485,51.44434],[7.48645,51.45081],[7.48021,51.4702],[7.46176,51.47094],[7.44093,51.46623]]]},"properties":{"plz":"44229","name":"44229 Dortmund"}},{"type":"Feature","geometry":{"type":"Polygon","coordinates":[[[7.47064,51.48456],[7.49458,51.4749],[7.50922,51.48258],[7.52842,51.48636],[7.52051,51.48969],[7.5212,51.49809],[7.49522,51.50037],[7.48802,51.49184],[7.46797,51.49086],[7.47064,51.48456]]]},"properties":{"plz":"44263","name":"44263 Dortmund"}},{"type":"Feature","geometry":{"type":"Polygon","coordinates":[[[7.46986,51.48439],[7.47198,51.47376],[7.48021,51.4702],[7.48645,51.45081],[7.485,51.44434],[7.46747,51.43129],[7.4651,51.41686],[7.48643,51.41796],[7.49312,51.41553],[7.51082,51.41784],[7.50382,51.42606],[7.52294,51.43647],[7.49766,51.45533],[7.5043,51.46402],[7.50127,51.47122],[7.49458,51.4749],[7.47064,51.48456],[7.46986,51.48439]]]},"properties":{"plz":"44265","name":"44265 Dortmund"}},{"type":"Feature","geometry":{"type":"Polygon","coordinates":[[[7.52294,51.43647],[7.53209,51.43497],[7.53857,51.44893],[7.55254,51.45506],[7.54234,51.46144],[7.55244,51.46884],[7.54587,51.47453],[7.53069,51.4714],[7.53083,51.47607],[7.51551,51.47667],[7.50127,51.47122],[7.5043,51.46402],[7.49766,51.45533],[7.52294,51.43647]]]},"properties":{"plz":"44267","name":"44267 Dortmund"}},{"type":"Feature","geometry":{"type":"Polygon","coordinates":[[[7.5212,51.49809],[7.52051,51.48969],[7.52842,51.48636],[7.50922,51.48258],[7.49458,51.4749],[7.50127,51.47122],[7.51551,51.47667],[7.53083,51.47607],[7.53069,51.4714],[7.54587,51.47453],[7.54484,51.49709],[7.53486,51.50475],[7.52338,51.50517],[7.5212,51.49809]]]},"properties":{"plz":"44269","name":"44269 Dortmund"}},{"type":"Feature","geometry":{"type":"Polygon","coordinates":[[[7.53486,51.50475],[7.54484,51.49709],[7.54587,51.47453],[7.55244,51.46884],[7.5735,51.47454],[7.58052,51.48775],[7.57666,51.50632],[7.55448,51.51036],[7.53486,51.50475]]]},"properties":{"plz":"44287","name":"44287 Dortmund"}},{"type":"Feature","geometry":{"type":"Polygon","coordinates":[[[7.5735,51.47454],[7.58406,51.46432],[7.60452,51.476],[7.60971,51.47977],[7.59638,51.49596],[7.59645,51.50759],[7.58433,51.5072],[7.57666,51.50632],[7.58052,51.48775],[7.5735,51.47454]]]},"properties":{"plz":"44289","name":"44289 Dortmund"}},{"type":"Feature","geometry":{"type":"Polygon","coordinates":[[[7.55448,51.51036],[7.57666,51.50632],[7.58433,51.5072],[7.56672,51.55054],[7.5251,51.53462],[7.53357,51.51798],[7.54775,51.52022],[7.55448,51.51036]]]},"properties":{"plz":"44309","name":"44309 Dortmund"}},{"type":"Feature","geometry":{"type":"Polygon","coordinates":[[[7.59645,51.50759],[7.61881,51.51717],[7.63283,51.51917],[7.63816,51.5277],[7.6326,51.54967],[7.62614,51.55227],[7.60799,51.54851],[7.603,51.55466],[7.60626,51.56853],[7.59071,51.56593],[7.57426,51.56492],[7.56631,51.55775],[7.56672,51.55054],[7.58433,51.5072],[7.59645,51.50759]]]},"properties":{"plz":"44319","name":"44319 Dortmund"}},{"type":"Feature","geometry":{"type":"Polygon","coordinates":[[[7.5251,51.53462],[7.56672,51.55054],[7.56631,51.55775],[7.54774,51.56192],[7.52497,51.55823],[7.51052,51.54749],[7.514,51.53037],[7.5251,51.53462]]]},"properties":{"plz":"44328","name":"44328 Dortmund"}},{"type":"Feature","geometry":{"type":"Polygon","coordinates":[[[7.51052,51.54749],[7.52497,51.55823],[7.54774,51.56192],[7.56631,51.55775],[7.57426,51.56492],[7.59071,51.56593],[7.59725,51.57602],[7.5903,51.58323],[7.5631,51.58675],[7.52656,51.57861],[7.50218,51.58093],[7.48919,51.57764],[7.49737,51.56193],[7.49324,51.55014],[7.49766,51.545],[7.51052,51.54749]]]},"properties":{"plz":"44329","name":"44329 Dortmund"}},{"type":"Feature","geometry":{"type":"Polygon","coordinates":[[[7.49766,51.545],[7.49324,51.55014],[7.49737,51.56193],[7.48919,51.57764],[7.50218,51.58093],[7.49781,51.59226],[7.46793,51.58884],[7.44605,51.57961],[7.4344,51.58232],[7.42213,51.57754],[7.42976,51.57033],[7.43646,51.55292],[7.44725,51.54582],[7.45931,51.54472],[7.47281,51.53984],[7.49766,51.545]]]},"properties":{"plz":"44339","name":"44339 Dortmund"}},{"type":"Feature","geometry":{"type":"Polygon","coordinates":[[[7.34784,51.57088],[7.35648,51.55598],[7.34739,51.54541],[7.3575,51.53383],[7.36975,51.53652],[7.39373,51.5432],[7.37771,51.56045],[7.37344,51.56869],[7.361,51.57318],[7.34784,51.57088]]]},"properties":{"plz":"44357","name":"44357 Dortmund"}},{"type":"Feature","geometry":{"type":"Polygon","coordinates":[[[7.4344,51.58232],[7.41813,51.585],[7.42604,51.59458],[7.41902,51.60003],[7.40033,51.5934],[7.39573,51.58718],[7.37181,51.59074],[7.36828,51.58251],[7.35392,51.58549],[7.33973,51.57718],[7.34784,51.57088],[7.361,51.57318],[7.37344,51.56869],[7.37771,51.56045],[7.39373,51.5432],[7.40833,51.54921],[7.43646,51.55292],[7.42976,51.57033],[7.42213,51.57754],[7.4344,51.58232]]]},"properties":{"plz":"44359","name":"44359 Dortmund"}},{"type":"Feature","geometry":{"type":"Polygon","coordinates":[[[7.43646,51.55292],[7.40833,51.54921],[7.39373,51.5432],[7.36975,51.53652],[7.38998,51.51408],[7.3967,51.51709],[7.39896,51.52316],[7.42549,51.52328],[7.41917,51.53938],[7.43423,51.53298],[7.43646,51.55292]]]},"properties":{"plz":"44369","name":"44369 Dortmund"}},{"type":"Feature","geometry":{"type":"Polygon","coordinates":[[[7.3967,51.51709],[7.38998,51.51408],[7.36975,51.53652],[7.3575,51.53383],[7.36396,51.52805],[7.3557,51.52489],[7.3591,51.51322],[7.35144,51.50212],[7.36582,51.4954],[7.38197,51.49827],[7.39838,51.49634],[7.39585,51.50335],[7.4057,51.50732],[7.3967,51.51709]]]},"properties":{"plz":"44379","name":"44379 Dortmund"}},{"type":"Feature","geometry":{"type":"Polygon","coordinates":[[[7.36582,51.4954],[7.35144,51.50212],[7.3591,51.51322],[7.3557,51.52489],[7.33474,51.52019],[7.31474,51.52207],[7.30352,51.51571],[7.30401,51.50426],[7.31734,51.50591],[7.31616,51.49614],[7.32353,51.48886],[7.33055,51.4966],[7.34032,51.49532],[7.34082,51.48569],[7.34817,51.48265],[7.35366,51.48432],[7.35521,51.4926],[7.36582,51.4954]]]},"properties":{"plz":"44388","name":"44388 Dortmund"}},{"type":"Feature","geometry":{"type":"Polygon","coordinates":[[[7.5903,51.58323],[7.59233,51.59496],[7.58259,51.59593],[7.58062,51.6025],[7.56136,51.60337],[7.56093,51.60879],[7.57772,51.62271],[7.56831,51.6296],[7.56714,51.62713],[7.55209,51.61421],[7.53071,51.61069],[7.51904,51.61552],[7.4915,51.60219],[7.5009,51.59988],[7.49781,51.59226],[7.50218,51.58093],[7.52656,51.57861],[7.5631,51.58675],[7.5903,51.58323]]]},"properties":{"plz":"44532","name":"44532 Lünen"}},{"type":"Feature","geometry":{"type":"Polygon","coordinates":[[[7.56714,51.62713],[7.55869,51.63124],[7.54638,51.64449],[7.526,51.6435],[7.50719,51.64895],[7.4976,51.64583],[7.47634,51.65267],[7.4765,51.64784],[7.45709,51.64121],[7.46232,51.63861],[7.46347,51.6263],[7.4954,51.61779],[7.50993,51.62022],[7.51904,51.61552],[7.53071,51.61069],[7.55209,51.61421],[7.56714,51.62713]]]},"properties":{"plz":"44534","name":"44534 Lünen"}},{"type":"Feature","geometry":{"type":"Polygon","coordinates":[[[7.49781,51.59226],[7.5009,51.59988],[7.4915,51.60219],[7.51904,51.61552],[7.50993,51.62022],[7.4954,51.61779],[7.46347,51.6263],[7.46105,51.61763],[7.44897,51.60773],[7.43673,51.60731],[7.41902,51.60003],[7.42604,51.59458],[7.41813,51.585],[7.4344,51.58232],[7.44605,51.57961],[7.46793,51.58884],[7.49781,51.59226]]]},"properties":{"plz":"44536","name":"44536 Lünen"}},{"type":"Feature","geometry":{"type":"Polygon","coordinates":[[[7.28255,51.55595],[7.28546,51.54583],[7.29645,51.54162],[7.2948,51.53138],[7.30854,51.52642],[7.3287,51.54107],[7.32531,51.54957],[7.33794,51.55438],[7.32931,51.56216],[7.31477,51.56591],[7.30056,51.56814],[7.29317,51.55671],[7.28255,51.55595]]]},"properties":{"plz":"44575","name":"44575 Castrop-Rauxel"}},{"type":"Feature","geometry":{"type":"MultiPolygon","coordinates":[[[[7.34784,51.57088],[7.33973,51.57718],[7.33751,51.5864],[7.32111,51.57756],[7.31477,51.56591],[7.32931,51.56216],[7.33794,51.55438],[7.32531,51.54957],[7.3287,51.54107],[7.30854,51.52642],[7.31474,51.52207],[7.33474,51.52019],[7.3557,51.52489],[7.36396,51.52805],[7.3575,51.53383],[7.34739,51.54541],[7.35648,51.55598],[7.34784,51.57088]]],[[[7.29119,51.60097],[7.29452,51.59635],[7.3029,51.59695],[7.30657,51.60363],[7.29119,51.60097]]],[[[7.31004,51.61363],[7.31635,51.60522],[7.33694,51.60266],[7.34487,51.60824],[7.33108,51.61113],[7.32234,51.60843],[7.32028,51.61601],[7.31004,51.61363]]]]},"properties":{"plz":"44577","name":"44577 Castrop-Rauxel"}},{"type":"Feature","geometry":{"type":"Polygon","coordinates":[[[7.31477,51.56591],[7.32111,51.57756],[7.32032,51.59562],[7.3029,51.59695],[7.29452,51.59635],[7.28412,51.58698],[7.26343,51.58194],[7.25669,51.58231],[7.24263,51.57332],[7.24968,51.56477],[7.26424,51.56856],[7.26279,51.56018],[7.27713,51.55571],[7.28255,51.55595],[7.29317,51.55671],[7.30056,51.56814],[7.31477,51.56591]]]},"properties":{"plz":"44579","name":"44579 Castrop-Rauxel"}},{"type":"Feature","geometry":{"type":"Polygon","coordinates":[[[7.37181,51.59074],[7.35532,51.5998],[7.33694,51.60266],[7.31635,51.60522],[7.31004,51.61363],[7.30131,51.626],[7.28531,51.62068],[7.29384,51.6133],[7.28007,51.60562],[7.29119,51.60097],[7.30657,51.60363],[7.3029,51.59695],[7.32032,51.59562],[7.32111,51.57756],[7.33751,51.5864],[7.33973,51.57718],[7.35392,51.58549],[7.36828,51.58251],[7.37181,51.59074]]]},"properties":{"plz":"44581","name":"44581 Castrop-Rauxel"}},{"type":"Feature","geometry":{"type":"Polygon","coordinates":[[[7.20412,51.54049],[7.20732,51.53234],[7.22009,51.52951],[7.23691,51.53441],[7.24072,51.54216],[7.24161,51.54598],[7.22475,51.54591],[7.2181,51.5386],[7.20412,51.54049]]]},"properties":{"plz":"44623","name":"44623 Herne"}},{"type":"Feature","geometry":{"type":"Polygon","coordinates":[[[7.23791,51.53262],[7.24072,51.54216],[7.23691,51.53441],[7.22009,51.52951],[7.20732,51.53234],[7.20412,51.54049],[7.18243,51.53734],[7.18638,51.53075],[7.19082,51.517],[7.19401,51.51761],[7.21895,51.5208],[7.2287,51.51719],[7.24828,51.52209],[7.24978,51.52428],[7.23785,51.53256],[7.23791,51.53262]]]},"properties":{"plz":"44625","name":"44625 Herne"}},{"type":"Feature","geometry":{"type":"Polygon","coordinates":[[[7.28255,51.55595],[7.27713,51.55571],[7.27456,51.54868],[7.25935,51.54884],[7.25283,51.54429],[7.24161,51.54598],[7.24072,51.54216],[7.23791,51.53262],[7.23785,51.53256],[7.24978,51.52428],[7.25655,51.52741],[7.28255,51.52454],[7.2948,51.53138],[7.29645,51.54162],[7.28546,51.54583],[7.28255,51.55595]]]},"properties":{"plz":"44627","name":"44627 Herne"}},{"type":"Feature","geometry":{"type":"Polygon","coordinates":[[[7.24263,51.57332],[7.20914,51.55947],[7.20859,51.55928],[7.22463,51.55461],[7.22475,51.54591],[7.24161,51.54598],[7.25283,51.54429],[7.25935,51.54884],[7.27456,51.54868],[7.27713,51.55571],[7.26279,51.56018],[7.26424,51.56856],[7.24968,51.56477],[7.24263,51.57332]]]},"properties":{"plz":"44628","name":"44628 Herne"}},{"type":"Feature","geometry":{"type":"Polygon","coordinates":[[[7.22475,51.54591],[7.22463,51.55461],[7.20859,51.55928],[7.19578,51.55659],[7.20412,51.54049],[7.2181,51.5386],[7.22475,51.54591]]]},"properties":{"plz":"44629","name":"44629 Herne"}},{"type":"Feature","geometry":{"type":"Polygon","coordinates":[[[7.12898,51.53763],[7.13723,51.52383],[7.15512,51.52364],[7.17211,51.53474],[7.16788,51.54239],[7.12898,51.53763]]]},"properties":{"plz":"44649","name":"44649 Herne"}},{"type":"Feature","geometry":{"type":"Polygon","coordinates":[[[7.13723,51.52383],[7.14078,51.51529],[7.13956,51.50555],[7.15101,51.50409],[7.15233,51.50306],[7.16078,51.50876],[7.17794,51.50623],[7.19018,51.50954],[7.19082,51.517],[7.1797,51.51504],[7.15991,51.51819],[7.15512,51.52364],[7.13723,51.52383]]]},"properties":{"plz":"44651","name":"44651 Herne"}},{"type":"Feature","geometry":{"type":"Polygon","coordinates":[[[7.18638,51.53075],[7.18,51.53799],[7.17211,51.53474],[7.15512,51.52364],[7.15991,51.51819],[7.1797,51.51504],[7.19082,51.517],[7.18638,51.53075]]]},"properties":{"plz":"44652","name":"44652 Herne"}},{"type":"Feature","geometry":{"type":"Polygon","coordinates":[[[7.20412,51.54049],[7.19578,51.55659],[7.17965,51.55276],[7.16171,51.55083],[7.14446,51.55233],[7.1249,51.55007],[7.12898,51.53763],[7.16788,51.54239],[7.17211,51.53474],[7.18,51.53799],[7.18638,51.53075],[7.18243,51.53734],[7.20412,51.54049]]]},"properties":{"plz":"44653","name":"44653 Herne"}},{"type":"Feature","geometry":{"type":"Polygon","coordinates":[[[7.20512,51.48726],[7.21077,51.47285],[7.23576,51.48131],[7.21426,51.48858],[7.20512,51.48726]]]},"properties":{"plz":"44787","name":"44787 Bochum"}},{"type":"Feature","geometry":{"type":"Polygon","coordinates":[[[7.21077,51.47285],[7.19895,51.46923],[7.2104,51.46403],[7.21855,51.45507],[7.22718,51.46638],[7.23508,51.46145],[7.23098,51.47396],[7.23576,51.48131],[7.21077,51.47285]]]},"properties":{"plz":"44789","name":"44789 Bochum"}},{"type":"Feature","geometry":{"type":"Polygon","coordinates":[[[7.23576,51.48131],[7.25549,51.48517],[7.27836,51.48176],[7.29789,51.49679],[7.25609,51.49431],[7.23299,51.49464],[7.21231,51.49809],[7.20512,51.48726],[7.21426,51.48858],[7.23576,51.48131]]]},"properties":{"plz":"44791","name":"44791 Bochum"}},{"type":"Feature","geometry":{"type":"Polygon","coordinates":[[[7.15233,51.50306],[7.15189,51.50211],[7.17369,51.48854],[7.17404,51.48047],[7.16142,51.46886],[7.18094,51.46611],[7.19895,51.46923],[7.21077,51.47285],[7.20512,51.48726],[7.18592,51.48495],[7.18497,51.49786],[7.17794,51.50623],[7.16078,51.50876],[7.15233,51.50306]]]},"properties":{"plz":"44793","name":"44793 Bochum"}},{"type":"Feature","geometry":{"type":"Polygon","coordinates":[[[7.19895,51.46923],[7.18094,51.46611],[7.18273,51.45158],[7.17147,51.44664],[7.17771,51.43896],[7.18831,51.4381],[7.21756,51.43949],[7.22037,51.44381],[7.21855,51.45507],[7.2104,51.46403],[7.19895,51.46923]]]},"properties":{"plz":"44795","name":"44795 Bochum"}},{"type":"Feature","geometry":{"type":"Polygon","coordinates":[[[7.18831,51.4381],[7.19071,51.43149],[7.17948,51.42694],[7.18112,51.41968],[7.18986,51.4181],[7.20585,51.418],[7.22892,51.41051],[7.25294,51.41378],[7.26445,51.4237],[7.27181,51.42897],[7.26367,51.43377],[7.26901,51.43987],[7.24328,51.44135],[7.22686,51.44006],[7.22037,51.44381],[7.21756,51.43949],[7.18831,51.4381]]]},"properties":{"plz":"44797","name":"44797 Bochum"}},{"type":"Feature","geometry":{"type":"Polygon","coordinates":[[[7.21855,51.45507],[7.22037,51.44381],[7.22686,51.44006],[7.24328,51.44135],[7.23554,51.44737],[7.25374,51.45385],[7.25636,51.46338],[7.24063,51.46495],[7.23508,51.46145],[7.22718,51.46638],[7.21855,51.45507]]]},"properties":{"plz":"44799","name":"44799 Bochum"}},{"type":"Feature","geometry":{"type":"Polygon","coordinates":[[[7.26445,51.4237],[7.27529,51.43066],[7.29332,51.44443],[7.28971,51.45444],[7.28834,51.4634],[7.28357,51.45917],[7.25636,51.46338],[7.25374,51.45385],[7.23554,51.44737],[7.24328,51.44135],[7.26901,51.43987],[7.26367,51.43377],[7.27181,51.42897],[7.26445,51.4237]]]},"properties":{"plz":"44801","name":"44801 Bochum"}},{"type":"Feature","geometry":{"type":"Polygon","coordinates":[[[7.23508,51.46145],[7.24063,51.46495],[7.25636,51.46338],[7.28357,51.45917],[7.28834,51.4634],[7.28943,51.46838],[7.27836,51.48176],[7.25549,51.48517],[7.23576,51.48131],[7.23098,51.47396],[7.23508,51.46145]]]},"properties":{"plz":"44803","name":"44803 Bochum"}},{"type":"Feature","geometry":{"type":"Polygon","coordinates":[[[7.31474,51.52207],[7.30854,51.52642],[7.2948,51.53138],[7.28255,51.52454],[7.25655,51.52741],[7.24978,51.52428],[7.24828,51.52209],[7.25222,51.51321],[7.24519,51.51171],[7.25609,51.49431],[7.29789,51.49679],[7.30401,51.50426],[7.30352,51.51571],[7.31474,51.52207]]]},"properties":{"plz":"44805","name":"44805 Bochum"}},{"type":"Feature","geometry":{"type":"Polygon","coordinates":[[[7.19401,51.51761],[7.20286,51.50737],[7.21154,51.50764],[7.22353,51.50105],[7.21231,51.49809],[7.23299,51.49464],[7.25609,51.49431],[7.24519,51.51171],[7.25222,51.51321],[7.24828,51.52209],[7.2287,51.51719],[7.21895,51.5208],[7.19401,51.51761]]]},"properties":{"plz":"44807","name":"44807 Bochum"}},{"type":"Feature","geometry":{"type":"Polygon","coordinates":[[[7.19082,51.517],[7.19018,51.50954],[7.17794,51.50623],[7.18497,51.49786],[7.18592,51.48495],[7.20512,51.48726],[7.21231,51.49809],[7.22353,51.50105],[7.21154,51.50764],[7.20286,51.50737],[7.19401,51.51761],[7.19082,51.517]]]},"properties":{"plz":"44809","name":"44809 Bochum"}},{"type":"Feature","geometry":{"type":"Polygon","coordinates":[[[7.13956,51.50555],[7.13784,51.49131],[7.11923,51.48799],[7.10211,51.48095],[7.11402,51.47197],[7.14638,51.4748],[7.17404,51.48047],[7.17369,51.48854],[7.15189,51.50211],[7.15101,51.50409],[7.13956,51.50555]]]},"properties":{"plz":"44866","name":"44866 Bochum"}},{"type":"Feature","geometry":{"type":"Polygon","coordinates":[[[7.17404,51.48047],[7.14638,51.4748],[7.11402,51.47197],[7.10848,51.46125],[7.11539,51.4564],[7.12235,51.45703],[7.13195,51.44848],[7.1399,51.45874],[7.16142,51.46886],[7.17404,51.48047]]]},"properties":{"plz":"44867","name":"44867 Bochum"}},{"type":"Feature","geometry":{"type":"Polygon","coordinates":[[[7.16142,51.46886],[7.1399,51.45874],[7.13195,51.44848],[7.12235,51.45703],[7.11539,51.4564],[7.12132,51.45495],[7.13268,51.43952],[7.1504,51.44398],[7.17771,51.43896],[7.17147,51.44664],[7.18273,51.45158],[7.18094,51.46611],[7.16142,51.46886]]]},"properties":{"plz":"44869","name":"44869 Bochum"}},{"type":"Feature","geometry":{"type":"Polygon","coordinates":[[[7.17771,51.43896],[7.1504,51.44398],[7.13268,51.43952],[7.12097,51.43106],[7.13758,51.42529],[7.155,51.41382],[7.16699,51.41348],[7.18112,51.41968],[7.17948,51.42694],[7.19071,51.43149],[7.18831,51.4381],[7.17771,51.43896]]]},"properties":{"plz":"44879","name":"44879 Bochum"}},{"type":"Feature","geometry":{"type":"Polygon","coordinates":[[[7.34082,51.48569],[7.32381,51.47869],[7.29775,51.4796],[7.28943,51.46838],[7.28834,51.4634],[7.28971,51.45444],[7.31641,51.45695],[7.34204,51.45697],[7.34925,51.46601],[7.34817,51.48265],[7.34082,51.48569]]]},"properties":{"plz":"44892","name":"44892 Bochum"}},{"type":"Feature","geometry":{"type":"Polygon","coordinates":[[[7.30401,51.50426],[7.29789,51.49679],[7.27836,51.48176],[7.28943,51.46838],[7.29775,51.4796],[7.32381,51.47869],[7.34082,51.48569],[7.34032,51.49532],[7.33055,51.4966],[7.32353,51.48886],[7.31616,51.49614],[7.31734,51.50591],[7.30401,51.50426]]]},"properties":{"plz":"44894","name":"44894 Bochum"}},{"type":"Feature","geometry":{"type":"Polygon","coordinates":[[[6.99816,51.46387],[7.00113,51.45027],[7.02235,51.45377],[7.02641,51.46502],[7.00708,51.46215],[6.99816,51.46387]]]},"properties":{"plz":"45127","name":"45127 Essen"}},{"type":"Feature","geometry":{"type":"Polygon","coordinates":[[[7.00113,51.45027],[7.00131,51.44712],[6.99702,51.4414],[7.01623,51.44301],[7.02301,51.43722],[7.02442,51.44342],[7.02202,51.45004],[7.02235,51.45377],[7.00113,51.45027]]]},"properties":{"plz":"45128","name":"45128 Essen"}},{"type":"Feature","geometry":{"type":"Polygon","coordinates":[[[6.99702,51.4414],[6.99627,51.43658],[7.01213,51.43256],[7.02302,51.43648],[7.02301,51.43722],[7.01623,51.44301],[6.99702,51.4414]]]},"properties":{"plz":"45130","name":"45130 Essen"}},{"type":"Feature","geometry":{"type":"Polygon","coordinates":[[[6.99627,51.43658],[6.99349,51.43158],[6.98175,51.4281],[6.98478,51.4236],[7.00133,51.42154],[7.02143,51.4304],[7.02302,51.43648],[7.01213,51.43256],[6.99627,51.43658]]]},"properties":{"plz":"45131","name":"45131 Essen"}},{"type":"Feature","geometry":{"type":"Polygon","coordinates":[[[6.98478,51.4236],[6.94335,51.39496],[6.94326,51.38932],[6.94277,51.38572],[6.96065,51.37909],[6.97753,51.3824],[6.98173,51.39062],[6.99723,51.39233],[7.00681,51.40162],[7.02609,51.40622],[7.01369,51.40627],[7.02283,51.41926],[7.02143,51.4304],[7.00133,51.42154],[6.98478,51.4236]]]},"properties":{"plz":"45133","name":"45133 Essen"}},{"type":"Feature","geometry":{"type":"Polygon","coordinates":[[[7.02609,51.40622],[7.03671,51.40706],[7.03721,51.41118],[7.05808,51.42097],[7.06844,51.42008],[7.05617,51.42542],[7.05705,51.43088],[7.04067,51.42811],[7.02143,51.4304],[7.02283,51.41926],[7.01369,51.40627],[7.02609,51.40622]]]},"properties":{"plz":"45134","name":"45134 Essen"}},{"type":"Feature","geometry":{"type":"Polygon","coordinates":[[[7.02301,51.43722],[7.02302,51.43648],[7.02143,51.4304],[7.04067,51.42811],[7.05705,51.43088],[7.06528,51.43916],[7.05821,51.44522],[7.05154,51.44126],[7.0402,51.44473],[7.02442,51.44342],[7.02301,51.43722]]]},"properties":{"plz":"45136","name":"45136 Essen"}},{"type":"Feature","geometry":{"type":"Polygon","coordinates":[[[7.02442,51.44342],[7.0402,51.44473],[7.05154,51.44126],[7.05821,51.44522],[7.05873,51.4528],[7.05739,51.45339],[7.04397,51.45552],[7.02202,51.45004],[7.02442,51.44342]]]},"properties":{"plz":"45138","name":"45138 Essen"}},{"type":"Feature","geometry":{"type":"Polygon","coordinates":[[[7.02235,51.45377],[7.02202,51.45004],[7.04397,51.45552],[7.05739,51.45339],[7.0542,51.46287],[7.06399,51.46836],[7.0615,51.46806],[7.02641,51.46502],[7.02235,51.45377]]]},"properties":{"plz":"45139","name":"45139 Essen"}},{"type":"Feature","geometry":{"type":"Polygon","coordinates":[[[7.02641,51.46502],[7.0615,51.46806],[7.04398,51.47901],[7.04435,51.48914],[7.04263,51.49258],[7.02208,51.48773],[7.02347,51.47142],[7.00983,51.47649],[6.99601,51.4732],[6.98538,51.47679],[6.98156,51.47403],[6.99076,51.47096],[6.98351,51.4661],[6.99816,51.46387],[7.00708,51.46215],[7.02641,51.46502]]]},"properties":{"plz":"45141","name":"45141 Essen"}},{"type":"Feature","geometry":{"type":"Polygon","coordinates":[[[6.99816,51.46387],[6.98351,51.4661],[6.99076,51.47096],[6.98156,51.47403],[6.9725,51.4716],[6.96034,51.46195],[6.95439,51.4572],[6.98874,51.45272],[7.00113,51.45027],[6.99816,51.46387]]]},"properties":{"plz":"45143","name":"45143 Essen"}},{"type":"Feature","geometry":{"type":"Polygon","coordinates":[[[6.95439,51.4572],[6.95194,51.44906],[6.9526,51.44855],[6.9609,51.4475],[6.98874,51.45272],[6.95439,51.4572]]]},"properties":{"plz":"45144","name":"45144 Essen"}},{"type":"Feature","geometry":{"type":"Polygon","coordinates":[[[7.00113,51.45027],[6.98874,51.45272],[6.9609,51.4475],[6.9526,51.44855],[6.958,51.44062],[7.00131,51.44712],[7.00113,51.45027]]]},"properties":{"plz":"45145","name":"45145 Essen"}},{"type":"Feature","geometry":{"type":"Polygon","coordinates":[[[7.00131,51.44712],[6.958,51.44062],[6.95944,51.43886],[6.99349,51.43158],[6.99627,51.43658],[6.99702,51.4414],[7.00131,51.44712]]]},"properties":{"plz":"45147","name":"45147 Essen"}},{"type":"Feature","geometry":{"type":"Polygon","coordinates":[[[6.99349,51.43158],[6.95944,51.43886],[6.95119,51.43185],[6.95058,51.42142],[6.94379,51.41448],[6.94335,51.39496],[6.98478,51.4236],[6.98175,51.4281],[6.99349,51.43158]]]},"properties":{"plz":"45149","name":"45149 Essen"}},{"type":"Feature","geometry":{"type":"Polygon","coordinates":[[[6.92927,51.34813],[6.94697,51.35147],[6.96421,51.34762],[6.98626,51.35711],[6.97017,51.37187],[6.96171,51.36903],[6.96065,51.37909],[6.94277,51.38572],[6.94326,51.38932],[6.92676,51.3821],[6.91093,51.37915],[6.91504,51.37341],[6.90509,51.3676],[6.92495,51.3577],[6.92927,51.34813]]]},"properties":{"plz":"45219","name":"45219 Essen"}},{"type":"Feature","geometry":{"type":"Polygon","coordinates":[[[7.01857,51.36453],[7.03591,51.36159],[7.0441,51.36837],[7.04169,51.38239],[7.05003,51.37266],[7.05924,51.37943],[7.05577,51.38547],[7.06448,51.38835],[7.04873,51.40242],[7.03671,51.40706],[7.02609,51.40622],[7.00681,51.40162],[6.99723,51.39233],[6.98173,51.39062],[6.97753,51.3824],[6.96065,51.37909],[6.96171,51.36903],[6.97017,51.37187],[6.98626,51.35711],[7.00353,51.3575],[7.01857,51.36453]]]},"properties":{"plz":"45239","name":"45239 Essen"}},{"type":"Feature","geometry":{"type":"Polygon","coordinates":[[[7.09007,51.36847],[7.11721,51.3811],[7.11853,51.39382],[7.10806,51.40648],[7.09499,51.41063],[7.08152,51.40694],[7.07386,51.38904],[7.06448,51.38835],[7.05577,51.38547],[7.05924,51.37943],[7.05003,51.37266],[7.04169,51.38239],[7.0441,51.36837],[7.05558,51.36231],[7.07951,51.37453],[7.09007,51.36847]]]},"properties":{"plz":"45257","name":"45257 Essen"}},{"type":"Feature","geometry":{"type":"Polygon","coordinates":[[[7.03671,51.40706],[7.04873,51.40242],[7.06448,51.38835],[7.07386,51.38904],[7.08152,51.40694],[7.06844,51.42008],[7.05808,51.42097],[7.03721,51.41118],[7.03671,51.40706]]]},"properties":{"plz":"45259","name":"45259 Essen"}},{"type":"Feature","geometry":{"type":"Polygon","coordinates":[[[7.06528,51.43916],[7.08123,51.4426],[7.09256,51.44371],[7.09079,51.45428],[7.05873,51.4528],[7.05821,51.44522],[7.06528,51.43916]]]},"properties":{"plz":"45276","name":"45276 Essen"}},{"type":"Feature","geometry":{"type":"Polygon","coordinates":[[[7.06844,51.42008],[7.08152,51.40694],[7.09499,51.41063],[7.09692,51.41839],[7.08986,51.43022],[7.08123,51.4426],[7.06528,51.43916],[7.05705,51.43088],[7.05617,51.42542],[7.06844,51.42008]]]},"properties":{"plz":"45277","name":"45277 Essen"}},{"type":"Feature","geometry":{"type":"Polygon","coordinates":[[[7.10848,51.46125],[7.09079,51.45428],[7.09256,51.44371],[7.08123,51.4426],[7.08986,51.43022],[7.12097,51.43106],[7.13268,51.43952],[7.12132,51.45495],[7.11539,51.4564],[7.10848,51.46125]]]},"properties":{"plz":"45279","name":"45279 Essen"}},{"type":"Feature","geometry":{"type":"Polygon","coordinates":[[[7.12097,51.43106],[7.08986,51.43022],[7.09692,51.41839],[7.09499,51.41063],[7.10806,51.40648],[7.12727,51.41057],[7.13758,51.42529],[7.12097,51.43106]]]},"properties":{"plz":"45289","name":"45289 Essen"}},{"type":"Feature","geometry":{"type":"Polygon","coordinates":[[[7.10211,51.48095],[7.10133,51.48105],[7.07798,51.46869],[7.06399,51.46836],[7.0542,51.46287],[7.05739,51.45339],[7.05873,51.4528],[7.09079,51.45428],[7.10848,51.46125],[7.11402,51.47197],[7.10211,51.48095]]]},"properties":{"plz":"45307","name":"45307 Essen"}},{"type":"Feature","geometry":{"type":"Polygon","coordinates":[[[7.06399,51.46836],[7.07798,51.46869],[7.10133,51.48105],[7.07097,51.48497],[7.04435,51.48914],[7.04398,51.47901],[7.0615,51.46806],[7.06399,51.46836]]]},"properties":{"plz":"45309","name":"45309 Essen"}},{"type":"Feature","geometry":{"type":"Polygon","coordinates":[[[7.02208,51.48773],[7.02281,51.50028],[6.9906,51.4869],[6.98538,51.47679],[6.99601,51.4732],[7.00983,51.47649],[7.02347,51.47142],[7.02208,51.48773]]]},"properties":{"plz":"45326","name":"45326 Essen"}},{"type":"Feature","geometry":{"type":"Polygon","coordinates":[[[7.04435,51.48914],[7.07097,51.48497],[7.07421,51.49245],[7.06706,51.49758],[7.05757,51.49864],[7.0504,51.512],[7.04141,51.51191],[7.02281,51.50028],[7.02208,51.48773],[7.04263,51.49258],[7.04435,51.48914]]]},"properties":{"plz":"45327","name":"45327 Essen"}},{"type":"Feature","geometry":{"type":"Polygon","coordinates":[[[7.02281,51.50028],[7.04141,51.51191],[7.02389,51.51785],[7.01405,51.53241],[7.00958,51.53264],[6.99888,51.53367],[6.98778,51.50865],[6.99142,51.50959],[6.99616,51.49409],[6.9906,51.4869],[7.02281,51.50028]]]},"properties":{"plz":"45329","name":"45329 Essen"}},{"type":"Feature","geometry":{"type":"Polygon","coordinates":[[[6.9725,51.4716],[6.96572,51.47316],[6.96339,51.4827],[6.94689,51.486],[6.93454,51.47107],[6.93052,51.46444],[6.96034,51.46195],[6.9725,51.4716]]]},"properties":{"plz":"45355","name":"45355 Essen"}},{"type":"Feature","geometry":{"type":"Polygon","coordinates":[[[6.98538,51.47679],[6.9906,51.4869],[6.99616,51.49409],[6.99142,51.50959],[6.98778,51.50865],[6.95513,51.50181],[6.93989,51.49826],[6.94689,51.486],[6.96339,51.4827],[6.96572,51.47316],[6.9725,51.4716],[6.98156,51.47403],[6.98538,51.47679]]]},"properties":{"plz":"45356","name":"45356 Essen"}},{"type":"Feature","geometry":{"type":"Polygon","coordinates":[[[6.94689,51.486],[6.93989,51.49826],[6.92815,51.49777],[6.92162,51.49142],[6.9025,51.48592],[6.91341,51.48666],[6.91746,51.47397],[6.93454,51.47107],[6.94689,51.486]]]},"properties":{"plz":"45357","name":"45357 Essen"}},{"type":"Feature","geometry":{"type":"Polygon","coordinates":[[[6.96034,51.46195],[6.93052,51.46444],[6.93454,51.47107],[6.91746,51.47397],[6.91341,51.48666],[6.9025,51.48592],[6.89673,51.48127],[6.89987,51.47145],[6.91721,51.46266],[6.91607,51.4501],[6.9316,51.45128],[6.95194,51.44906],[6.95439,51.4572],[6.96034,51.46195]]]},"properties":{"plz":"45359","name":"45359 Essen"}},{"type":"Feature","geometry":{"type":"Polygon","coordinates":[[[6.87515,51.43161],[6.87746,51.41313],[6.87816,51.4128],[6.88351,51.42233],[6.89772,51.42341],[6.89477,51.43128],[6.90078,51.43591],[6.89538,51.44056],[6.87515,51.43161]]]},"properties":{"plz":"45468","name":"45468 Mülheim an der Ruhr"}},{"type":"Feature","geometry":{"type":"Polygon","coordinates":[[[6.94335,51.39496],[6.94379,51.41448],[6.95058,51.42142],[6.9372,51.42577],[6.92112,51.42267],[6.90805,51.43346],[6.90988,51.44148],[6.90078,51.43591],[6.89477,51.43128],[6.89772,51.42341],[6.88351,51.42233],[6.87816,51.4128],[6.89279,51.40879],[6.89417,51.39248],[6.90401,51.38001],[6.91504,51.37341],[6.91093,51.37915],[6.92676,51.3821],[6.94326,51.38932],[6.94335,51.39496]]]},"properties":{"plz":"45470","name":"45470 Mülheim an der Ruhr"}},{"type":"Feature","geometry":{"type":"Polygon","coordinates":[[[6.95194,51.44906],[6.9316,51.45128],[6.91607,51.4501],[6.91392,51.44904],[6.92353,51.44157],[6.90988,51.44148],[6.90805,51.43346],[6.92112,51.42267],[6.9372,51.42577],[6.95058,51.42142],[6.95119,51.43185],[6.95944,51.43886],[6.958,51.44062],[6.9526,51.44855],[6.95194,51.44906]]]},"properties":{"plz":"45472","name":"45472 Mülheim an der Ruhr"}},{"type":"Feature","geometry":{"type":"Polygon","coordinates":[[[6.90078,51.43591],[6.90988,51.44148],[6.92353,51.44157],[6.91392,51.44904],[6.89869,51.4526],[6.87428,51.45089],[6.8637,51.43826],[6.87515,51.43161],[6.89538,51.44056],[6.90078,51.43591]]]},"properties":{"plz":"45473","name":"45473 Mülheim an der Ruhr"}},{"type":"Feature","geometry":{"type":"Polygon","coordinates":[[[6.89987,51.47145],[6.88154,51.46351],[6.87257,51.45864],[6.87428,51.45089],[6.89869,51.4526],[6.91392,51.44904],[6.91607,51.4501],[6.91721,51.46266],[6.89987,51.47145]]]},"properties":{"plz":"45475","name":"45475 Mülheim an der Ruhr"}},{"type":"Feature","geometry":{"type":"Polygon","coordinates":[[[6.87428,51.45089],[6.87257,51.45864],[6.84599,51.45806],[6.8428,51.45064],[6.82739,51.4487],[6.82808,51.4429],[6.8425,51.44346],[6.8637,51.43826],[6.87428,51.45089]]]},"properties":{"plz":"45476","name":"45476 Mülheim an der Ruhr"}},{"type":"Feature","geometry":{"type":"Polygon","coordinates":[[[6.82739,51.4487],[6.81898,51.4565],[6.81012,51.45555],[6.80667,51.44725],[6.81632,51.4426],[6.81827,51.43294],[6.81664,51.41348],[6.83802,51.41005],[6.85182,51.41939],[6.8515,51.42613],[6.86382,51.43109],[6.8637,51.43826],[6.8425,51.44346],[6.82808,51.4429],[6.82739,51.4487]]]},"properties":{"plz":"45478","name":"45478 Mülheim an der Ruhr"}},{"type":"Feature","geometry":{"type":"Polygon","coordinates":[[[6.87515,51.43161],[6.8637,51.43826],[6.86382,51.43109],[6.8515,51.42613],[6.85182,51.41939],[6.83802,51.41005],[6.81664,51.41348],[6.81233,51.39975],[6.81665,51.39489],[6.81657,51.37888],[6.82772,51.38342],[6.83487,51.39522],[6.86754,51.41902],[6.87746,51.41313],[6.87515,51.43161]]]},"properties":{"plz":"45479","name":"45479 Mülheim an der Ruhr"}},{"type":"Feature","geometry":{"type":"Polygon","coordinates":[[[6.90509,51.3676],[6.91504,51.37341],[6.90401,51.38001],[6.89417,51.39248],[6.89279,51.40879],[6.87816,51.4128],[6.87746,51.41313],[6.86754,51.41902],[6.83487,51.39522],[6.82772,51.38342],[6.81657,51.37888],[6.81561,51.3689],[6.82448,51.36751],[6.83025,51.35229],[6.84499,51.35475],[6.85308,51.36155],[6.87768,51.3634],[6.8903,51.37179],[6.90509,51.3676]]]},"properties":{"plz":"45481","name":"45481 Mülheim an der Ruhr"}},{"type":"Feature","geometry":{"type":"Polygon","coordinates":[[[7.18525,51.41274],[7.16071,51.40201],[7.16481,51.38807],[7.19152,51.38126],[7.19136,51.38693],[7.20489,51.40415],[7.1918,51.40816],[7.18301,51.40433],[7.18525,51.41274]]]},"properties":{"plz":"45525","name":"45525 Hattingen"}},{"type":"Feature","geometry":{"type":"Polygon","coordinates":[[[7.18986,51.4181],[7.18525,51.41274],[7.18301,51.40433],[7.1918,51.40816],[7.20489,51.40415],[7.19136,51.38693],[7.19152,51.38126],[7.18754,51.37089],[7.20335,51.35636],[7.20044,51.34906],[7.19083,51.34575],[7.19848,51.32969],[7.21526,51.33554],[7.23052,51.34371],[7.23209,51.36062],[7.21877,51.36979],[7.2369,51.3763],[7.24361,51.37526],[7.25582,51.38324],[7.24607,51.3949],[7.25294,51.41378],[7.22892,51.41051],[7.20585,51.418],[7.18986,51.4181]]]},"properties":{"plz":"45527","name":"45527 Hattingen"}},{"type":"Feature","geometry":{"type":"Polygon","coordinates":[[[7.17583,51.30998],[7.20413,51.31988],[7.20387,51.32674],[7.21526,51.33554],[7.19848,51.32969],[7.19083,51.34575],[7.20044,51.34906],[7.20335,51.35636],[7.18754,51.37089],[7.19152,51.38126],[7.16481,51.38807],[7.16071,51.40201],[7.18525,51.41274],[7.18986,51.4181],[7.18112,51.41968],[7.16699,51.41348],[7.155,51.41382],[7.13758,51.42529],[7.12727,51.41057],[7.10806,51.40648],[7.11853,51.39382],[7.11721,51.3811],[7.13019,51.38141],[7.13948,51.37486],[7.14981,51.37697],[7.15957,51.36511],[7.1474,51.35257],[7.15319,51.34934],[7.14539,51.34204],[7.14793,51.33476],[7.16607,51.32611],[7.16714,51.31284],[7.17583,51.30998]]]},"properties":{"plz":"45529","name":"45529 Hattingen"}},{"type":"Feature","geometry":{"type":"Polygon","coordinates":[[[7.16865,51.29759],[7.18222,51.29916],[7.18959,51.29506],[7.20138,51.29648],[7.20846,51.30264],[7.22318,51.30531],[7.26394,51.31806],[7.26267,51.30393],[7.28019,51.30957],[7.28178,51.31471],[7.29982,51.31316],[7.3004,51.32489],[7.31697,51.33073],[7.30351,51.33818],[7.30266,51.34585],[7.31459,51.34895],[7.31167,51.36017],[7.29599,51.36001],[7.29786,51.37662],[7.2759,51.3702],[7.26855,51.37362],[7.26219,51.38505],[7.25582,51.38324],[7.24361,51.37526],[7.2369,51.3763],[7.21877,51.36979],[7.23209,51.36062],[7.23052,51.34371],[7.21526,51.33554],[7.20387,51.32674],[7.20413,51.31988],[7.17583,51.30998],[7.18074,51.30549],[7.16865,51.29759]]]},"properties":{"plz":"45549","name":"45549 Sprockhövel"}},{"type":"Feature","geometry":{"type":"Polygon","coordinates":[[[7.20777,51.62671],[7.20614,51.63518],[7.18721,51.63065],[7.17152,51.62235],[7.18071,51.60889],[7.19747,51.60952],[7.20183,51.60288],[7.21143,51.60695],[7.20249,51.61269],[7.20777,51.62671]]]},"properties":{"plz":"45657","name":"45657 Recklinghausen"}},{"type":"Feature","geometry":{"type":"Polygon","coordinates":[[[7.20777,51.62671],[7.22302,51.63592],[7.20876,51.64948],[7.19576,51.65074],[7.17774,51.64715],[7.17402,51.65058],[7.14633,51.64324],[7.13479,51.63414],[7.15756,51.6266],[7.16368,51.61304],[7.15945,51.61079],[7.1683,51.59508],[7.16904,51.57827],[7.19246,51.58397],[7.21269,51.58279],[7.24196,51.59426],[7.23509,51.59827],[7.20458,51.59864],[7.20183,51.60288],[7.19747,51.60952],[7.18071,51.60889],[7.17152,51.62235],[7.18721,51.63065],[7.20614,51.63518],[7.20777,51.62671]]]},"properties":{"plz":"45659","name":"45659 Recklinghausen"}},{"type":"Feature","geometry":{"type":"Polygon","coordinates":[[[7.20914,51.55947],[7.21269,51.58279],[7.19246,51.58397],[7.16904,51.57827],[7.17965,51.55276],[7.19578,51.55659],[7.20859,51.55928],[7.20914,51.55947]]]},"properties":{"plz":"45661","name":"45661 Recklinghausen"}},{"type":"Feature","geometry":{"type":"Polygon","coordinates":[[[7.26343,51.58194],[7.25296,51.59642],[7.24196,51.59426],[7.21269,51.58279],[7.20914,51.55947],[7.24263,51.57332],[7.25669,51.58231],[7.26343,51.58194]]]},"properties":{"plz":"45663","name":"45663 Recklinghausen"}},{"type":"Feature","geometry":{"type":"Polygon","coordinates":[[[7.29119,51.60097],[7.28007,51.60562],[7.29384,51.6133],[7.28531,51.62068],[7.27239,51.62413],[7.2559,51.62456],[7.24583,51.63122],[7.22941,51.62682],[7.22302,51.63592],[7.20777,51.62671],[7.20249,51.61269],[7.21143,51.60695],[7.20183,51.60288],[7.20458,51.59864],[7.23509,51.59827],[7.24196,51.59426],[7.25296,51.59642],[7.26343,51.58194],[7.28412,51.58698],[7.29452,51.59635],[7.29119,51.60097]]]},"properties":{"plz":"45665","name":"45665 Recklinghausen"}},{"type":"Feature","geometry":{"type":"Polygon","coordinates":[[[7.17965,51.55276],[7.16904,51.57827],[7.1683,51.59508],[7.15945,51.61079],[7.11294,51.60527],[7.11971,51.59536],[7.11345,51.58919],[7.13653,51.57348],[7.14446,51.55233],[7.16171,51.55083],[7.17965,51.55276]]]},"properties":{"plz":"45699","name":"45699 Herten"}},{"type":"Feature","geometry":{"type":"Polygon","coordinates":[[[7.13479,51.63414],[7.12044,51.62578],[7.10545,51.62866],[7.07434,51.62214],[7.06986,51.62368],[7.0668,51.61503],[7.07756,51.60537],[7.07597,51.60037],[7.07586,51.58804],[7.10485,51.59424],[7.11345,51.58919],[7.11971,51.59536],[7.11294,51.60527],[7.15945,51.61079],[7.16368,51.61304],[7.15756,51.6266],[7.13479,51.63414]]]},"properties":{"plz":"45701","name":"45701 Herten"}},{"type":"Feature","geometry":{"type":"Polygon","coordinates":[[[7.32028,51.61601],[7.33,51.61802],[7.33524,51.62771],[7.34232,51.62175],[7.35556,51.62379],[7.36431,51.63263],[7.36095,51.64867],[7.38087,51.65168],[7.40947,51.64528],[7.42132,51.6553],[7.41738,51.66179],[7.40906,51.6647],[7.39132,51.66951],[7.37719,51.67906],[7.35998,51.67999],[7.33938,51.68736],[7.34494,51.69918],[7.33151,51.6965],[7.32645,51.70194],[7.30902,51.70329],[7.31074,51.71157],[7.29964,51.70568],[7.29935,51.71295],[7.28482,51.72063],[7.28212,51.71144],[7.25734,51.69961],[7.2463,51.70277],[7.24001,51.69029],[7.24601,51.69173],[7.25634,51.6842],[7.27093,51.66027],[7.28236,51.65883],[7.29736,51.64872],[7.29046,51.63132],[7.27239,51.62413],[7.28531,51.62068],[7.30131,51.626],[7.31004,51.61363],[7.32028,51.61601]]]},"properties":{"plz":"45711","name":"45711 Datteln"}},{"type":"Feature","geometry":{"type":"Polygon","coordinates":[[[7.29935,51.71295],[7.32117,51.73697],[7.3103,51.74632],[7.28025,51.74919],[7.27505,51.75989],[7.26818,51.76189],[7.259,51.77325],[7.27164,51.77874],[7.26236,51.78276],[7.26499,51.79313],[7.25996,51.8],[7.2204,51.8122],[7.21396,51.81694],[7.19133,51.82137],[7.17381,51.82137],[7.13341,51.80387],[7.11437,51.78806],[7.0767,51.78021],[7.07543,51.77744],[7.0882,51.76516],[7.0809,51.75528],[7.07959,51.74148],[7.08723,51.73188],[7.07496,51.73131],[7.08035,51.72476],[7.07411,51.72089],[7.07814,51.71349],[7.0473,51.69976],[7.05194,51.69542],[7.06947,51.70022],[7.09217,51.70667],[7.09067,51.69898],[7.11443,51.70548],[7.11884,51.71479],[7.14496,51.72033],[7.1594,51.71661],[7.1546,51.7048],[7.18928,51.69669],[7.19906,51.69815],[7.22798,51.69732],[7.22928,51.70292],[7.2463,51.70277],[7.25734,51.69961],[7.28212,51.71144],[7.28482,51.72063],[7.29935,51.71295]]]},"properties":{"plz":"45721","name":"45721 Haltern am See"}},{"type":"Feature","geometry":{"type":"Polygon","coordinates":[[[7.41902,51.60003],[7.43673,51.60731],[7.44897,51.60773],[7.46105,51.61763],[7.46347,51.6263],[7.46232,51.63861],[7.45709,51.64121],[7.44381,51.64717],[7.44339,51.65985],[7.41738,51.66179],[7.42132,51.6553],[7.40947,51.64528],[7.38087,51.65168],[7.36095,51.64867],[7.36431,51.63263],[7.35556,51.62379],[7.34232,51.62175],[7.33524,51.62771],[7.33,51.61802],[7.32028,51.61601],[7.32234,51.60843],[7.33108,51.61113],[7.34487,51.60824],[7.33694,51.60266],[7.35532,51.5998],[7.37181,51.59074],[7.39573,51.58718],[7.40033,51.5934],[7.41902,51.60003]]]},"properties":{"plz":"45731","name":"45731 Waltrop"}},{"type":"Feature","geometry":{"type":"Polygon","coordinates":[[[7.22302,51.63592],[7.22941,51.62682],[7.24583,51.63122],[7.2559,51.62456],[7.27239,51.62413],[7.29046,51.63132],[7.29736,51.64872],[7.28236,51.65883],[7.27093,51.66027],[7.25634,51.6842],[7.24601,51.69173],[7.24001,51.69029],[7.2463,51.70277],[7.22928,51.70292],[7.22798,51.69732],[7.19906,51.69815],[7.1903,51.69325],[7.19317,51.67482],[7.2004,51.66592],[7.1914,51.65412],[7.19576,51.65074],[7.20876,51.64948],[7.22302,51.63592]]]},"properties":{"plz":"45739","name":"45739 Oer-Erkenschwick"}},{"type":"Feature","geometry":{"type":"Polygon","coordinates":[[[7.06986,51.62368],[7.10515,51.659],[7.1052,51.6669],[7.08192,51.66226],[7.07761,51.67999],[7.06663,51.68971],[7.06947,51.70022],[7.05194,51.69542],[7.05672,51.68915],[7.04378,51.68473],[7.0371,51.67641],[7.02279,51.66962],[7.03603,51.6496],[7.04441,51.64422],[7.03478,51.64258],[7.0331,51.63113],[7.03291,51.62391],[7.04502,51.62473],[7.04655,51.61944],[7.0668,51.61503],[7.06986,51.62368]]]},"properties":{"plz":"45768","name":"45768 Marl"}},{"type":"Feature","geometry":{"type":"Polygon","coordinates":[[[7.19576,51.65074],[7.1914,51.65412],[7.2004,51.66592],[7.19317,51.67482],[7.1903,51.69325],[7.19906,51.69815],[7.18928,51.69669],[7.1546,51.7048],[7.15135,51.69762],[7.16229,51.6585],[7.14312,51.65222],[7.12727,51.66423],[7.12755,51.66959],[7.1052,51.6669],[7.10515,51.659],[7.06986,51.62368],[7.07434,51.62214],[7.10545,51.62866],[7.12044,51.62578],[7.13479,51.63414],[7.14633,51.64324],[7.17402,51.65058],[7.17774,51.64715],[7.19576,51.65074]]]},"properties":{"plz":"45770","name":"45770 Marl"}},{"type":"Feature","geometry":{"type":"Polygon","coordinates":[[[7.06947,51.70022],[7.06663,51.68971],[7.07761,51.67999],[7.08192,51.66226],[7.1052,51.6669],[7.12755,51.66959],[7.12727,51.66423],[7.14312,51.65222],[7.16229,51.6585],[7.15135,51.69762],[7.1546,51.7048],[7.1594,51.71661],[7.14496,51.72033],[7.11884,51.71479],[7.11443,51.70548],[7.09067,51.69898],[7.09217,51.70667],[7.06947,51.70022]]]},"properties":{"plz":"45772","name":"45772 Marl"}},{"type":"Feature","geometry":{"type":"Polygon","coordinates":[[[7.08687,51.50995],[7.08039,51.50037],[7.0903,51.50215],[7.09931,51.49588],[7.10645,51.50596],[7.10329,51.51542],[7.08687,51.50995]]]},"properties":{"plz":"45879","name":"45879 Gelsenkirchen"}},{"type":"Feature","geometry":{"type":"Polygon","coordinates":[[[7.10329,51.51542],[7.10493,51.52466],[7.09521,51.528],[7.09354,51.53676],[7.08313,51.54436],[7.06959,51.539],[7.04843,51.52992],[7.04755,51.52751],[7.07469,51.52577],[7.06868,51.51625],[7.08687,51.50995],[7.10329,51.51542]]]},"properties":{"plz":"45881","name":"45881 Gelsenkirchen"}},{"type":"Feature","geometry":{"type":"Polygon","coordinates":[[[7.06706,51.49758],[7.08039,51.50037],[7.08687,51.50995],[7.06868,51.51625],[7.07469,51.52577],[7.04755,51.52751],[7.02389,51.51785],[7.04141,51.51191],[7.0504,51.512],[7.05757,51.49864],[7.06706,51.49758]]]},"properties":{"plz":"45883","name":"45883 Gelsenkirchen"}},{"type":"Feature","geometry":{"type":"Polygon","coordinates":[[[7.10133,51.48105],[7.09931,51.49588],[7.0903,51.50215],[7.08039,51.50037],[7.06706,51.49758],[7.07421,51.49245],[7.07097,51.48497],[7.10133,51.48105]]]},"properties":{"plz":"45884","name":"45884 Gelsenkirchen Rotthausen"}},{"type":"Feature","geometry":{"type":"Polygon","coordinates":[[[7.14078,51.51529],[7.13166,51.51088],[7.10645,51.50596],[7.09931,51.49588],[7.10133,51.48105],[7.10211,51.48095],[7.11923,51.48799],[7.13784,51.49131],[7.13956,51.50555],[7.14078,51.51529]]]},"properties":{"plz":"45886","name":"45886 Gelsenkirchen"}},{"type":"Feature","geometry":{"type":"Polygon","coordinates":[[[7.13723,51.52383],[7.10493,51.52466],[7.10329,51.51542],[7.10645,51.50596],[7.13166,51.51088],[7.14078,51.51529],[7.13723,51.52383]]]},"properties":{"plz":"45888","name":"45888 Gelsenkirchen"}},{"type":"Feature","geometry":{"type":"Polygon","coordinates":[[[7.12898,51.53763],[7.1249,51.55007],[7.10482,51.54793],[7.08313,51.54436],[7.09354,51.53676],[7.09521,51.528],[7.10493,51.52466],[7.13723,51.52383],[7.12898,51.53763]]]},"properties":{"plz":"45889","name":"45889 Gelsenkirchen"}},{"type":"Feature","geometry":{"type":"Polygon","coordinates":[[[7.08313,51.54436],[7.10482,51.54793],[7.10585,51.55615],[7.0929,51.57612],[7.08598,51.5771],[7.07156,51.56297],[7.05945,51.56075],[7.06959,51.539],[7.08313,51.54436]]]},"properties":{"plz":"45891","name":"45891 Gelsenkirchen"}},{"type":"Feature","geometry":{"type":"Polygon","coordinates":[[[7.14446,51.55233],[7.13653,51.57348],[7.11345,51.58919],[7.10485,51.59424],[7.07586,51.58804],[7.08598,51.5771],[7.0929,51.57612],[7.10585,51.55615],[7.10482,51.54793],[7.1249,51.55007],[7.14446,51.55233]]]},"properties":{"plz":"45892","name":"45892 Gelsenkirchen"}},{"type":"Feature","geometry":{"type":"Polygon","coordinates":[[[7.07597,51.60037],[7.06044,51.59156],[7.04449,51.59056],[7.03926,51.59646],[7.02813,51.58158],[7.01331,51.57982],[7.01211,51.57348],[7.01573,51.56937],[7.02808,51.57922],[7.05684,51.57326],[7.05945,51.56075],[7.07156,51.56297],[7.08598,51.5771],[7.07586,51.58804],[7.07597,51.60037]]]},"properties":{"plz":"45894","name":"45894 Gelsenkirchen"}},{"type":"Feature","geometry":{"type":"Polygon","coordinates":[[[7.0668,51.61503],[7.04655,51.61944],[7.04502,51.62473],[7.03291,51.62391],[7.0331,51.63113],[7.02161,51.63159],[7.0174,51.62559],[6.9875,51.62281],[6.99788,51.61987],[6.9938,51.59372],[7.01359,51.58638],[7.01331,51.57982],[7.02813,51.58158],[7.03926,51.59646],[7.04449,51.59056],[7.06044,51.59156],[7.07597,51.60037],[7.07756,51.60537],[7.0668,51.61503]]]},"properties":{"plz":"45896","name":"45896 Gelsenkirchen"}},{"type":"Feature","geometry":{"type":"Polygon","coordinates":[[[7.06959,51.539],[7.05945,51.56075],[7.05684,51.57326],[7.02808,51.57922],[7.01573,51.56937],[7.02013,51.55538],[7.04368,51.55843],[7.04843,51.52992],[7.06959,51.539]]]},"properties":{"plz":"45897","name":"45897 Gelsenkirchen"}},{"type":"Feature","geometry":{"type":"Polygon","coordinates":[[[7.02389,51.51785],[7.04755,51.52751],[7.04843,51.52992],[7.04368,51.55843],[7.02013,51.55538],[7.03208,51.54639],[7.01279,51.53946],[7.00958,51.53264],[7.01405,51.53241],[7.02389,51.51785]]]},"properties":{"plz":"45899","name":"45899 Gelsenkirchen"}},{"type":"Feature","geometry":{"type":"Polygon","coordinates":[[[7.01331,51.57982],[7.01359,51.58638],[6.98504,51.58237],[6.97045,51.5676],[6.94551,51.56807],[6.93679,51.55734],[6.95956,51.54786],[6.98349,51.5448],[6.98223,51.55275],[6.98848,51.56582],[7.01211,51.57348],[7.01331,51.57982]]]},"properties":{"plz":"45964","name":"45964 Gladbeck"}},{"type":"Feature","geometry":{"type":"Polygon","coordinates":[[[6.9875,51.62281],[6.98277,51.62344],[6.98042,51.60661],[6.96133,51.59937],[6.94642,51.58865],[6.93015,51.58523],[6.93104,51.57179],[6.92223,51.56342],[6.93679,51.55734],[6.94551,51.56807],[6.97045,51.5676],[6.98504,51.58237],[7.01359,51.58638],[6.9938,51.59372],[6.99788,51.61987],[6.9875,51.62281]]]},"properties":{"plz":"45966","name":"45966 Gladbeck"}},{"type":"Feature","geometry":{"type":"Polygon","coordinates":[[[7.00958,51.53264],[7.01279,51.53946],[7.03208,51.54639],[7.02013,51.55538],[7.01573,51.56937],[7.01211,51.57348],[6.98848,51.56582],[6.98223,51.55275],[6.98349,51.5448],[6.99829,51.53616],[6.99888,51.53367],[7.00958,51.53264]]]},"properties":{"plz":"45968","name":"45968 Gladbeck"}},{"type":"Feature","geometry":{"type":"Polygon","coordinates":[[[6.88154,51.46351],[6.86482,51.47019],[6.86429,51.48247],[6.85214,51.4776],[6.8418,51.46584],[6.84599,51.45806],[6.87257,51.45864],[6.88154,51.46351]]]},"properties":{"plz":"46045","name":"46045 Oberhausen"}},{"type":"Feature","geometry":{"type":"Polygon","coordinates":[[[6.89673,51.48127],[6.90091,51.48836],[6.88699,51.49176],[6.8887,51.4963],[6.86409,51.4962],[6.86429,51.48247],[6.86482,51.47019],[6.88154,51.46351],[6.89987,51.47145],[6.89673,51.48127]]]},"properties":{"plz":"46047","name":"46047 Oberhausen"}},{"type":"Feature","geometry":{"type":"Polygon","coordinates":[[[6.84599,51.45806],[6.8418,51.46584],[6.85214,51.4776],[6.86429,51.48247],[6.86409,51.4962],[6.82742,51.48535],[6.82128,51.48726],[6.81663,51.48685],[6.80869,51.47468],[6.82218,51.46891],[6.81012,51.45555],[6.81898,51.4565],[6.82739,51.4487],[6.8428,51.45064],[6.84599,51.45806]]]},"properties":{"plz":"46049","name":"46049 Oberhausen"}},{"type":"Feature","geometry":{"type":"Polygon","coordinates":[[[6.92815,51.49777],[6.92647,51.50388],[6.90779,51.50253],[6.9,51.51128],[6.87976,51.50864],[6.86576,51.51339],[6.85848,51.50642],[6.8649,51.50031],[6.86409,51.4962],[6.8887,51.4963],[6.88699,51.49176],[6.90091,51.48836],[6.89673,51.48127],[6.9025,51.48592],[6.92162,51.49142],[6.92815,51.49777]]]},"properties":{"plz":"46117","name":"46117 Oberhausen"}},{"type":"Feature","geometry":{"type":"Polygon","coordinates":[[[6.9,51.51128],[6.89408,51.52345],[6.88531,51.52739],[6.87928,51.53894],[6.86518,51.52794],[6.8701,51.51522],[6.86576,51.51339],[6.87976,51.50864],[6.9,51.51128]]]},"properties":{"plz":"46119","name":"46119 Oberhausen"}},{"type":"Feature","geometry":{"type":"Polygon","coordinates":[[[6.86576,51.51339],[6.8701,51.51522],[6.86518,51.52794],[6.87928,51.53894],[6.86919,51.55217],[6.85985,51.55743],[6.86754,51.56404],[6.85098,51.55506],[6.84412,51.5417],[6.85135,51.53855],[6.85439,51.52995],[6.84771,51.5214],[6.83604,51.52283],[6.84825,51.50385],[6.8649,51.50031],[6.85848,51.50642],[6.86576,51.51339]]]},"properties":{"plz":"46145","name":"46145 Oberhausen"}},{"type":"Feature","geometry":{"type":"Polygon","coordinates":[[[6.86754,51.56404],[6.86764,51.56771],[6.84821,51.57094],[6.8329,51.57994],[6.81448,51.5741],[6.82162,51.56523],[6.7972,51.55698],[6.78466,51.54822],[6.78391,51.53328],[6.78468,51.53149],[6.77995,51.5242],[6.78519,51.51978],[6.80923,51.50961],[6.81566,51.51255],[6.81513,51.52339],[6.83398,51.53694],[6.85135,51.53855],[6.84412,51.5417],[6.85098,51.55506],[6.86754,51.56404]]]},"properties":{"plz":"46147","name":"46147 Oberhausen"}},{"type":"Feature","geometry":{"type":"Polygon","coordinates":[[[6.86409,51.4962],[6.8649,51.50031],[6.84825,51.50385],[6.83604,51.52283],[6.84771,51.5214],[6.85439,51.52995],[6.85135,51.53855],[6.83398,51.53694],[6.81513,51.52339],[6.81566,51.51255],[6.80923,51.50961],[6.82162,51.50456],[6.82128,51.48726],[6.82742,51.48535],[6.86409,51.4962]]]},"properties":{"plz":"46149","name":"46149 Oberhausen"}},{"type":"Feature","geometry":{"type":"Polygon","coordinates":[[[6.91539,51.53395],[6.90763,51.51941],[6.92391,51.51199],[6.93447,51.51275],[6.94202,51.5278],[6.93536,51.53692],[6.91835,51.53798],[6.91539,51.53395]]]},"properties":{"plz":"46236","name":"46236 Bottrop"}},{"type":"Feature","geometry":{"type":"Polygon","coordinates":[[[6.99888,51.53367],[6.99829,51.53616],[6.96274,51.52583],[6.96578,51.53264],[6.95715,51.54129],[6.93536,51.53692],[6.94202,51.5278],[6.93447,51.51275],[6.94616,51.50799],[6.95849,51.5085],[6.95513,51.50181],[6.98778,51.50865],[6.99888,51.53367]]]},"properties":{"plz":"46238","name":"46238 Bottrop"}},{"type":"Feature","geometry":{"type":"Polygon","coordinates":[[[6.93679,51.55734],[6.92223,51.56342],[6.90463,51.56194],[6.88459,51.55543],[6.88575,51.54653],[6.91539,51.53395],[6.91835,51.53798],[6.93536,51.53692],[6.95715,51.54129],[6.96578,51.53264],[6.96274,51.52583],[6.99829,51.53616],[6.98349,51.5448],[6.95956,51.54786],[6.93679,51.55734]]]},"properties":{"plz":"46240","name":"46240 Bottrop"}},{"type":"Feature","geometry":{"type":"Polygon","coordinates":[[[6.95513,51.50181],[6.95849,51.5085],[6.94616,51.50799],[6.93447,51.51275],[6.92391,51.51199],[6.90763,51.51941],[6.91539,51.53395],[6.88575,51.54653],[6.88459,51.55543],[6.86919,51.55217],[6.87928,51.53894],[6.88531,51.52739],[6.89408,51.52345],[6.9,51.51128],[6.90779,51.50253],[6.92647,51.50388],[6.92815,51.49777],[6.93989,51.49826],[6.95513,51.50181]]]},"properties":{"plz":"46242","name":"46242 Bottrop"}},{"type":"Feature","geometry":{"type":"Polygon","coordinates":[[[6.98277,51.62344],[6.96914,51.62836],[6.96648,51.63516],[6.94496,51.6353],[6.9316,51.64484],[6.90223,51.6358],[6.86752,51.63102],[6.8714,51.62215],[6.8639,51.61371],[6.85086,51.60814],[6.86615,51.59666],[6.85975,51.58984],[6.8329,51.57994],[6.84821,51.57094],[6.86764,51.56771],[6.86754,51.56404],[6.85985,51.55743],[6.86919,51.55217],[6.88459,51.55543],[6.90463,51.56194],[6.92223,51.56342],[6.93104,51.57179],[6.93015,51.58523],[6.94642,51.58865],[6.96133,51.59937],[6.98042,51.60661],[6.98277,51.62344]]]},"properties":{"plz":"46244","name":"46244 Bottrop"}},{"type":"Feature","geometry":{"type":"Polygon","coordinates":[[[7.02279,51.66962],[7.0063,51.66487],[6.97768,51.66557],[6.96311,51.66842],[6.93878,51.6691],[6.93253,51.66335],[6.90902,51.66528],[6.90656,51.6718],[6.90182,51.67034],[6.89386,51.65333],[6.89978,51.65334],[6.90223,51.6358],[6.9316,51.64484],[6.94496,51.6353],[6.96648,51.63516],[6.96914,51.62836],[6.98277,51.62344],[6.9875,51.62281],[7.0174,51.62559],[7.02161,51.63159],[7.0331,51.63113],[7.03478,51.64258],[7.04441,51.64422],[7.03603,51.6496],[7.02279,51.66962]]]},"properties":{"plz":"46282","name":"46282 Dorsten"}},{"type":"Feature","geometry":{"type":"Polygon","coordinates":[[[7.0473,51.69976],[7.0337,51.69732],[7.02904,51.70326],[6.9972,51.69136],[6.9797,51.69522],[6.96138,51.69046],[6.95554,51.70494],[6.9371,51.70271],[6.91544,51.69987],[6.91328,51.67788],[6.90656,51.6718],[6.90902,51.66528],[6.93253,51.66335],[6.93878,51.6691],[6.96311,51.66842],[6.97768,51.66557],[7.0063,51.66487],[7.02279,51.66962],[7.0371,51.67641],[7.04378,51.68473],[7.05672,51.68915],[7.05194,51.69542],[7.0473,51.69976]]]},"properties":{"plz":"46284","name":"46284 Dorsten"}},{"type":"Feature","geometry":{"type":"Polygon","coordinates":[[[7.07543,51.77744],[7.03008,51.78366],[7.02024,51.8001],[6.97783,51.79916],[6.95614,51.77194],[6.9363,51.77352],[6.91624,51.77852],[6.9163,51.77846],[6.91055,51.74605],[6.92558,51.73267],[6.92108,51.72856],[6.92839,51.72058],[6.93748,51.71886],[6.9371,51.70271],[6.95554,51.70494],[6.96138,51.69046],[6.9797,51.69522],[6.9972,51.69136],[7.02904,51.70326],[7.0337,51.69732],[7.0473,51.69976],[7.07814,51.71349],[7.07411,51.72089],[7.08035,51.72476],[7.07496,51.73131],[7.08723,51.73188],[7.07959,51.74148],[7.0809,51.75528],[7.0882,51.76516],[7.07543,51.77744]]]},"properties":{"plz":"46286","name":"46286 Dorsten"}},{"type":"Feature","geometry":{"type":"Polygon","coordinates":[[[6.9163,51.77846],[6.87576,51.77373],[6.86379,51.78072],[6.85468,51.79295],[6.84492,51.79806],[6.80014,51.8028],[6.78387,51.79519],[6.77189,51.79586],[6.76125,51.79122],[6.75582,51.77587],[6.76942,51.76591],[6.77251,51.74585],[6.78781,51.74881],[6.79924,51.74205],[6.81873,51.7429],[6.82756,51.72982],[6.84117,51.73638],[6.85368,51.73615],[6.85809,51.7289],[6.91055,51.74605],[6.9163,51.77846]]]},"properties":{"plz":"46348","name":"46348 Raesfeld"}},{"type":"Feature","geometry":{"type":"Polygon","coordinates":[[[6.97783,51.79916],[6.98759,51.80248],[6.98563,51.80909],[7.00134,51.83014],[7.00987,51.8534],[7.00696,51.85782],[7.0238,51.85675],[7.02175,51.86679],[6.98783,51.8699],[6.97951,51.86868],[6.96807,51.85774],[6.95098,51.85778],[6.91316,51.85095],[6.88874,51.83724],[6.90624,51.82549],[6.91004,51.8071],[6.92049,51.80538],[6.92235,51.78653],[6.91624,51.77852],[6.9363,51.77352],[6.95614,51.77194],[6.97783,51.79916]]]},"properties":{"plz":"46359","name":"46359 Heiden"}},{"type":"Feature","geometry":{"type":"Polygon","coordinates":[[[6.60961,51.68216],[6.5962,51.6831],[6.60451,51.67252],[6.60636,51.66253],[6.59451,51.65577],[6.60478,51.65004],[6.6158,51.64516],[6.63372,51.64434],[6.62673,51.65304],[6.62749,51.6671],[6.60961,51.68216]]]},"properties":{"plz":"46483","name":"46483 Wesel"}},{"type":"Feature","geometry":{"type":"Polygon","coordinates":[[[6.60478,51.65004],[6.60709,51.63675],[6.61286,51.62934],[6.62697,51.6278],[6.65762,51.63515],[6.68355,51.63626],[6.68409,51.64429],[6.69571,51.64695],[6.70351,51.64358],[6.71333,51.65714],[6.70801,51.67613],[6.66941,51.68476],[6.67648,51.69069],[6.65774,51.70145],[6.64081,51.69917],[6.62627,51.69314],[6.60969,51.6861],[6.60961,51.68216],[6.62749,51.6671],[6.62673,51.65304],[6.63372,51.64434],[6.6158,51.64516],[6.60478,51.65004]]]},"properties":{"plz":"46485","name":"46485 Wesel"}},{"type":"Feature","geometry":{"type":"Polygon","coordinates":[[[6.46031,51.70207],[6.48027,51.66757],[6.49027,51.66313],[6.50953,51.66132],[6.49948,51.63673],[6.50994,51.63966],[6.5175,51.63207],[6.51185,51.62723],[6.53412,51.63179],[6.55309,51.6303],[6.5549,51.61966],[6.56086,51.6163],[6.57573,51.62474],[6.57902,51.61761],[6.58699,51.61936],[6.59123,51.62857],[6.60709,51.63675],[6.60478,51.65004],[6.59451,51.65577],[6.60636,51.66253],[6.60451,51.67252],[6.5962,51.6831],[6.60961,51.68216],[6.60969,51.6861],[6.62627,51.69314],[6.61178,51.69962],[6.5935,51.69524],[6.57725,51.69707],[6.55155,51.71058],[6.54058,51.71227],[6.52857,51.72361],[6.51188,51.72038],[6.48896,51.72032],[6.47657,51.71782],[6.46031,51.70207]]]},"properties":{"plz":"46487","name":"46487 Wesel"}},{"type":"Feature","geometry":{"type":"Polygon","coordinates":[[[6.90223,51.6358],[6.89978,51.65334],[6.89386,51.65333],[6.90182,51.67034],[6.90656,51.6718],[6.91328,51.67788],[6.91544,51.69987],[6.9371,51.70271],[6.93748,51.71886],[6.92839,51.72058],[6.92108,51.72856],[6.92558,51.73267],[6.91055,51.74605],[6.85809,51.7289],[6.85368,51.73615],[6.84117,51.73638],[6.82756,51.72982],[6.81873,51.7429],[6.79924,51.74205],[6.78781,51.74881],[6.77251,51.74585],[6.76263,51.73644],[6.72972,51.72771],[6.69973,51.71336],[6.71644,51.70799],[6.7186,51.69979],[6.76269,51.70142],[6.76373,51.68765],[6.77797,51.65944],[6.78717,51.65978],[6.79469,51.6664],[6.82326,51.66837],[6.82769,51.67261],[6.84841,51.67302],[6.85444,51.66743],[6.84315,51.65878],[6.84684,51.64413],[6.86689,51.6397],[6.86752,51.63102],[6.90223,51.6358]]]},"properties":{"plz":"46514","name":"46514 Schermbeck"}},{"type":"Feature","geometry":{"type":"Polygon","coordinates":[[[6.51185,51.62723],[6.49052,51.61983],[6.4945,51.61471],[6.48241,51.61343],[6.47415,51.6285],[6.46172,51.62654],[6.4434,51.62881],[6.42142,51.62387],[6.41386,51.61169],[6.41906,51.60545],[6.41573,51.5892],[6.41833,51.58229],[6.4325,51.58407],[6.43075,51.57417],[6.46424,51.56718],[6.49772,51.56813],[6.50419,51.56265],[6.51467,51.5648],[6.52084,51.55483],[6.53351,51.5556],[6.54104,51.56636],[6.56314,51.57632],[6.5491,51.58781],[6.55077,51.59672],[6.54512,51.61349],[6.5549,51.61966],[6.55309,51.6303],[6.53412,51.63179],[6.51185,51.62723]]]},"properties":{"plz":"46519","name":"46519 Alpen"}},{"type":"Feature","geometry":{"type":"Polygon","coordinates":[[[6.68649,51.56007],[6.70743,51.55084],[6.71988,51.5515],[6.73829,51.54488],[6.7475,51.53804],[6.75893,51.55329],[6.75672,51.55907],[6.74395,51.56467],[6.72608,51.57388],[6.72112,51.56693],[6.7151,51.57174],[6.70056,51.57008],[6.68724,51.56361],[6.68649,51.56007]]]},"properties":{"plz":"46535","name":"46535 Dinslaken"}},{"type":"Feature","geometry":{"type":"Polygon","coordinates":[[[6.74395,51.56467],[6.76333,51.57757],[6.76737,51.5897],[6.7451,51.58517],[6.72196,51.58853],[6.71227,51.58247],[6.7151,51.57174],[6.72112,51.56693],[6.72608,51.57388],[6.74395,51.56467]]]},"properties":{"plz":"46537","name":"46537 Dinslaken"}},{"type":"Feature","geometry":{"type":"Polygon","coordinates":[[[6.8329,51.57994],[6.85975,51.58984],[6.86615,51.59666],[6.85086,51.60814],[6.80112,51.60102],[6.76737,51.5897],[6.76333,51.57757],[6.74395,51.56467],[6.75672,51.55907],[6.75893,51.55329],[6.7475,51.53804],[6.7619,51.53245],[6.78391,51.53328],[6.78466,51.54822],[6.7972,51.55698],[6.82162,51.56523],[6.81448,51.5741],[6.8329,51.57994]]]},"properties":{"plz":"46539","name":"46539 Dinslaken"}},{"type":"Feature","geometry":{"type":"Polygon","coordinates":[[[6.60709,51.63675],[6.59123,51.62857],[6.58699,51.61936],[6.59721,51.59657],[6.5982,51.57618],[6.60348,51.56998],[6.62032,51.56714],[6.65052,51.57687],[6.66491,51.57769],[6.68196,51.57313],[6.68724,51.56361],[6.70056,51.57008],[6.7151,51.57174],[6.71227,51.58247],[6.72196,51.58853],[6.70969,51.61254],[6.69828,51.6205],[6.68816,51.62051],[6.68355,51.63626],[6.65762,51.63515],[6.62697,51.6278],[6.61286,51.62934],[6.60709,51.63675]]]},"properties":{"plz":"46562","name":"46562 Voerde (Niederrhein)"}},{"type":"Feature","geometry":{"type":"Polygon","coordinates":[[[6.86752,51.63102],[6.86689,51.6397],[6.84684,51.64413],[6.84315,51.65878],[6.85444,51.66743],[6.84841,51.67302],[6.82769,51.67261],[6.82326,51.66837],[6.79469,51.6664],[6.78717,51.65978],[6.77797,51.65944],[6.76373,51.68765],[6.76269,51.70142],[6.7186,51.69979],[6.71644,51.70799],[6.69973,51.71336],[6.69608,51.70534],[6.68311,51.70057],[6.67648,51.69069],[6.66941,51.68476],[6.70801,51.67613],[6.71333,51.65714],[6.70351,51.64358],[6.69571,51.64695],[6.68409,51.64429],[6.68355,51.63626],[6.68816,51.62051],[6.69828,51.6205],[6.70969,51.61254],[6.72196,51.58853],[6.7451,51.58517],[6.76737,51.5897],[6.80112,51.60102],[6.85086,51.60814],[6.8639,51.61371],[6.8714,51.62215],[6.86752,51.63102]]]},"properties":{"plz":"46569","name":"46569 Hünxe"}},{"type":"Feature","geometry":{"type":"Polygon","coordinates":[[[6.77679,51.44226],[6.75276,51.43365],[6.75642,51.42857],[6.77037,51.42574],[6.77595,51.4201],[6.77706,51.43264],[6.77679,51.44226]]]},"properties":{"plz":"47051","name":"47051 Duisburg"}},{"type":"Feature","geometry":{"type":"Polygon","coordinates":[[[6.75276,51.43365],[6.73722,51.42675],[6.72488,51.42518],[6.73753,51.41504],[6.74324,51.40772],[6.76988,51.41401],[6.77595,51.4201],[6.77037,51.42574],[6.75642,51.42857],[6.75276,51.43365]]]},"properties":{"plz":"47053","name":"47053 Duisburg"}},{"type":"Feature","geometry":{"type":"Polygon","coordinates":[[[6.74324,51.40772],[6.74406,51.39586],[6.74814,51.38908],[6.78659,51.39105],[6.80345,51.40037],[6.79144,51.41448],[6.78019,51.41129],[6.76988,51.41401],[6.74324,51.40772]]]},"properties":{"plz":"47055","name":"47055 Duisburg"}},{"type":"Feature","geometry":{"type":"Polygon","coordinates":[[[6.81827,51.43294],[6.77706,51.43264],[6.77595,51.4201],[6.76988,51.41401],[6.78019,51.41129],[6.79144,51.41448],[6.80345,51.40037],[6.81233,51.39975],[6.81664,51.41348],[6.81827,51.43294]]]},"properties":{"plz":"47057","name":"47057 Duisburg"}},{"type":"Feature","geometry":{"type":"Polygon","coordinates":[[[6.80667,51.44725],[6.77779,51.44876],[6.77679,51.44226],[6.77706,51.43264],[6.81827,51.43294],[6.81632,51.4426],[6.80667,51.44725]]]},"properties":{"plz":"47058","name":"47058 Duisburg"}},{"type":"Feature","geometry":{"type":"Polygon","coordinates":[[[6.77679,51.44226],[6.77779,51.44876],[6.77676,51.45127],[6.74551,51.44603],[6.74091,51.44268],[6.72722,51.44655],[6.7227,51.45308],[6.71405,51.44659],[6.71346,51.43579],[6.72488,51.42518],[6.73722,51.42675],[6.75276,51.43365],[6.77679,51.44226]]]},"properties":{"plz":"47059","name":"47059 Duisburg"}},{"type":"Feature","geometry":{"type":"Polygon","coordinates":[[[6.74551,51.44603],[6.74309,51.45457],[6.75063,51.45995],[6.74795,51.47001],[6.73384,51.46825],[6.72171,51.47156],[6.71717,51.46672],[6.7227,51.45308],[6.72722,51.44655],[6.74091,51.44268],[6.74551,51.44603]]]},"properties":{"plz":"47119","name":"47119 Duisburg"}},{"type":"Feature","geometry":{"type":"Polygon","coordinates":[[[6.75063,51.45995],[6.75834,51.4571],[6.78582,51.46111],[6.78142,51.46645],[6.79417,51.4845],[6.78548,51.48608],[6.76109,51.48169],[6.75786,51.47277],[6.74795,51.47001],[6.75063,51.45995]]]},"properties":{"plz":"47137","name":"47137 Duisburg"}},{"type":"Feature","geometry":{"type":"Polygon","coordinates":[[[6.81012,51.45555],[6.82218,51.46891],[6.80869,51.47468],[6.81663,51.48685],[6.79417,51.4845],[6.78142,51.46645],[6.78582,51.46111],[6.75834,51.4571],[6.75063,51.45995],[6.74309,51.45457],[6.74551,51.44603],[6.77676,51.45127],[6.77779,51.44876],[6.80667,51.44725],[6.81012,51.45555]]]},"properties":{"plz":"47138","name":"47138 Duisburg"}},{"type":"Feature","geometry":{"type":"Polygon","coordinates":[[[6.74795,51.47001],[6.75786,51.47277],[6.76109,51.48169],[6.74242,51.48471],[6.728,51.48242],[6.71386,51.49601],[6.69467,51.49152],[6.68123,51.48418],[6.68374,51.47562],[6.69838,51.47088],[6.71717,51.46672],[6.72171,51.47156],[6.73384,51.46825],[6.74795,51.47001]]]},"properties":{"plz":"47139","name":"47139 Duisburg"}},{"type":"Feature","geometry":{"type":"Polygon","coordinates":[[[6.79417,51.4845],[6.78079,51.49084],[6.79147,51.49824],[6.769,51.50329],[6.74806,51.49722],[6.74104,51.50256],[6.72998,51.49753],[6.72195,51.50127],[6.71386,51.49601],[6.728,51.48242],[6.74242,51.48471],[6.76109,51.48169],[6.78548,51.48608],[6.79417,51.4845]]]},"properties":{"plz":"47166","name":"47166 Duisburg"}},{"type":"Feature","geometry":{"type":"Polygon","coordinates":[[[6.82128,51.48726],[6.82162,51.50456],[6.80923,51.50961],[6.78519,51.51978],[6.78403,51.50922],[6.769,51.50329],[6.79147,51.49824],[6.78079,51.49084],[6.79417,51.4845],[6.81663,51.48685],[6.82128,51.48726]]]},"properties":{"plz":"47167","name":"47167 Duisburg"}},{"type":"Feature","geometry":{"type":"Polygon","coordinates":[[[6.78468,51.53149],[6.778,51.52631],[6.76087,51.52505],[6.76013,51.52056],[6.74225,51.51908],[6.74179,51.51177],[6.72217,51.51153],[6.72195,51.50127],[6.72998,51.49753],[6.74104,51.50256],[6.74806,51.49722],[6.769,51.50329],[6.78403,51.50922],[6.78519,51.51978],[6.77995,51.5242],[6.78468,51.53149]]]},"properties":{"plz":"47169","name":"47169 Duisburg"}},{"type":"Feature","geometry":{"type":"Polygon","coordinates":[[[6.68649,51.56007],[6.67637,51.54036],[6.68889,51.52832],[6.72764,51.53217],[6.7475,51.53804],[6.73829,51.54488],[6.71988,51.5515],[6.70743,51.55084],[6.68649,51.56007]]]},"properties":{"plz":"47178","name":"47178 Duisburg"}},{"type":"Feature","geometry":{"type":"Polygon","coordinates":[[[6.78391,51.53328],[6.7619,51.53245],[6.7475,51.53804],[6.72764,51.53217],[6.68889,51.52832],[6.69959,51.52442],[6.72217,51.51153],[6.74179,51.51177],[6.74225,51.51908],[6.76013,51.52056],[6.76087,51.52505],[6.778,51.52631],[6.78468,51.53149],[6.78391,51.53328]]]},"properties":{"plz":"47179","name":"47179 Duisburg"}},{"type":"Feature","geometry":{"type":"Polygon","coordinates":[[[6.7227,51.45308],[6.71717,51.46672],[6.69838,51.47088],[6.68215,51.46599],[6.68728,51.45892],[6.67725,51.45613],[6.67373,51.44366],[6.67351,51.43429],[6.68394,51.43699],[6.71346,51.43579],[6.71405,51.44659],[6.7227,51.45308]]]},"properties":{"plz":"47198","name":"47198 Duisburg"}},{"type":"Feature","geometry":{"type":"Polygon","coordinates":[[[6.71386,51.49601],[6.72195,51.50127],[6.72217,51.51153],[6.69959,51.52442],[6.67087,51.51155],[6.64065,51.51009],[6.62784,51.50353],[6.64212,51.49667],[6.63628,51.49077],[6.64279,51.48149],[6.65272,51.48933],[6.66623,51.4836],[6.65493,51.47393],[6.66735,51.47418],[6.67024,51.45975],[6.67725,51.45613],[6.68728,51.45892],[6.68215,51.46599],[6.69838,51.47088],[6.68374,51.47562],[6.68123,51.48418],[6.69467,51.49152],[6.71386,51.49601]]]},"properties":{"plz":"47199","name":"47199 Duisburg"}},{"type":"Feature","geometry":{"type":"Polygon","coordinates":[[[6.73753,51.41504],[6.7293,51.41153],[6.70817,51.41445],[6.70583,51.40648],[6.69656,51.40137],[6.71235,51.39653],[6.74324,51.40772],[6.73753,51.41504]]]},"properties":{"plz":"47226","name":"47226 Duisburg"}},{"type":"Feature","geometry":{"type":"Polygon","coordinates":[[[6.72488,51.42518],[6.71346,51.43579],[6.68394,51.43699],[6.67351,51.43429],[6.66707,51.42871],[6.66186,51.41007],[6.66905,51.41002],[6.67882,51.40852],[6.69008,51.39761],[6.69656,51.40137],[6.70583,51.40648],[6.70817,51.41445],[6.7293,51.41153],[6.73753,51.41504],[6.72488,51.42518]]]},"properties":{"plz":"47228","name":"47228 Duisburg"}},{"type":"Feature","geometry":{"type":"Polygon","coordinates":[[[6.74324,51.40772],[6.71235,51.39653],[6.69656,51.40137],[6.69008,51.39761],[6.68333,51.39082],[6.67283,51.38937],[6.66816,51.37439],[6.67958,51.37686],[6.67512,51.36991],[6.70491,51.37338],[6.72552,51.3813],[6.74406,51.39586],[6.74324,51.40772]]]},"properties":{"plz":"47229","name":"47229 Duisburg"}},{"type":"Feature","geometry":{"type":"Polygon","coordinates":[[[6.66905,51.41002],[6.65634,51.4085],[6.64352,51.41648],[6.62936,51.41963],[6.62845,51.4055],[6.64051,51.39815],[6.63617,51.39079],[6.6482,51.38233],[6.67283,51.38937],[6.68333,51.39082],[6.69008,51.39761],[6.67882,51.40852],[6.66905,51.41002]]]},"properties":{"plz":"47239","name":"47239 Duisburg"}},{"type":"Feature","geometry":{"type":"Polygon","coordinates":[[[6.74406,51.39586],[6.72552,51.3813],[6.73091,51.37611],[6.74569,51.37423],[6.75413,51.38114],[6.76251,51.37114],[6.77001,51.3706],[6.77341,51.37882],[6.78762,51.38015],[6.78659,51.39105],[6.74814,51.38908],[6.74406,51.39586]]]},"properties":{"plz":"47249","name":"47249 Duisburg"}},{"type":"Feature","geometry":{"type":"Polygon","coordinates":[[[6.75459,51.3499],[6.77,51.36048],[6.76251,51.37114],[6.75413,51.38114],[6.74569,51.37423],[6.73091,51.37611],[6.72552,51.3813],[6.70491,51.37338],[6.67512,51.36991],[6.65607,51.36189],[6.6589,51.34994],[6.70621,51.33674],[6.71534,51.33294],[6.74591,51.35196],[6.75459,51.3499]]]},"properties":{"plz":"47259","name":"47259 Duisburg"}},{"type":"Feature","geometry":{"type":"Polygon","coordinates":[[[6.80587,51.35041],[6.83025,51.35229],[6.82448,51.36751],[6.81561,51.3689],[6.79561,51.36734],[6.78762,51.38015],[6.77341,51.37882],[6.77001,51.3706],[6.76251,51.37114],[6.77,51.36048],[6.75459,51.3499],[6.78138,51.34258],[6.79181,51.34326],[6.79382,51.35221],[6.80587,51.35041]]]},"properties":{"plz":"47269","name":"47269 Duisburg"}},{"type":"Feature","geometry":{"type":"Polygon","coordinates":[[[6.81233,51.39975],[6.80345,51.40037],[6.78659,51.39105],[6.78762,51.38015],[6.79561,51.36734],[6.81561,51.3689],[6.81657,51.37888],[6.81665,51.39489],[6.81233,51.39975]]]},"properties":{"plz":"47279","name":"47279 Duisburg"}},{"type":"Feature","geometry":{"type":"Polygon","coordinates":[[[6.67373,51.44366],[6.64336,51.44781],[6.63619,51.46366],[6.62055,51.46127],[6.61013,51.46991],[6.59868,51.46757],[6.59327,51.44774],[6.57932,51.44176],[6.58152,51.43481],[6.59141,51.43473],[6.60853,51.43583],[6.60932,51.44459],[6.62042,51.44408],[6.6435,51.43595],[6.65387,51.43667],[6.66707,51.42871],[6.67351,51.43429],[6.67373,51.44366]]]},"properties":{"plz":"47441","name":"47441 Moers"}},{"type":"Feature","geometry":{"type":"Polygon","coordinates":[[[6.67725,51.45613],[6.67024,51.45975],[6.66735,51.47418],[6.65493,51.47393],[6.66623,51.4836],[6.65272,51.48933],[6.64279,51.48149],[6.64442,51.47471],[6.63619,51.46366],[6.64336,51.44781],[6.67373,51.44366],[6.67725,51.45613]]]},"properties":{"plz":"47443","name":"47443 Moers"}},{"type":"Feature","geometry":{"type":"Polygon","coordinates":[[[6.62784,51.50353],[6.60593,51.52291],[6.58973,51.52225],[6.58332,51.50955],[6.58641,51.50413],[6.57265,51.49471],[6.57154,51.48668],[6.58115,51.47999],[6.58491,51.47379],[6.59868,51.46757],[6.61013,51.46991],[6.62055,51.46127],[6.63619,51.46366],[6.64442,51.47471],[6.64279,51.48149],[6.63628,51.49077],[6.64212,51.49667],[6.62784,51.50353]]]},"properties":{"plz":"47445","name":"47445 Moers"}},{"type":"Feature","geometry":{"type":"Polygon","coordinates":[[[6.66707,51.42871],[6.65387,51.43667],[6.6435,51.43595],[6.62042,51.44408],[6.60932,51.44459],[6.60853,51.43583],[6.59141,51.43473],[6.5834,51.42338],[6.5584,51.40864],[6.57415,51.41203],[6.58073,51.39421],[6.58702,51.39236],[6.6114,51.39694],[6.63598,51.39141],[6.63617,51.39079],[6.64051,51.39815],[6.62845,51.4055],[6.62936,51.41963],[6.64352,51.41648],[6.65634,51.4085],[6.66905,51.41002],[6.66186,51.41007],[6.66707,51.42871]]]},"properties":{"plz":"47447","name":"47447 Moers"}},{"type":"Feature","geometry":{"type":"Polygon","coordinates":[[[6.49772,51.56813],[6.46276,51.55196],[6.48707,51.53841],[6.47434,51.52717],[6.48039,51.5218],[6.46965,51.52143],[6.45528,51.52952],[6.44869,51.51967],[6.45451,51.50877],[6.47348,51.49515],[6.47506,51.48616],[6.48194,51.47929],[6.49913,51.47651],[6.51307,51.48145],[6.52864,51.47608],[6.53651,51.47971],[6.55293,51.47208],[6.56529,51.47365],[6.57139,51.47995],[6.58115,51.47999],[6.57154,51.48668],[6.57265,51.49471],[6.58641,51.50413],[6.58332,51.50955],[6.58973,51.52225],[6.57948,51.53631],[6.54969,51.52802],[6.53823,51.54141],[6.5469,51.55431],[6.53351,51.5556],[6.52084,51.55483],[6.51467,51.5648],[6.50419,51.56265],[6.49772,51.56813]]]},"properties":{"plz":"47475","name":"47475 Kamp-Lintfort"}},{"type":"Feature","geometry":{"type":"Polygon","coordinates":[[[6.5549,51.61966],[6.54512,51.61349],[6.55077,51.59672],[6.5491,51.58781],[6.56314,51.57632],[6.54104,51.56636],[6.53351,51.5556],[6.5469,51.55431],[6.53823,51.54141],[6.54969,51.52802],[6.57948,51.53631],[6.58973,51.52225],[6.60593,51.52291],[6.62784,51.50353],[6.64065,51.51009],[6.67087,51.51155],[6.69959,51.52442],[6.68889,51.52832],[6.67637,51.54036],[6.68649,51.56007],[6.68724,51.56361],[6.68196,51.57313],[6.66491,51.57769],[6.65052,51.57687],[6.62032,51.56714],[6.60348,51.56998],[6.5982,51.57618],[6.59721,51.59657],[6.58699,51.61936],[6.57902,51.61761],[6.57573,51.62474],[6.56086,51.6163],[6.5549,51.61966]]]},"properties":{"plz":"47495","name":"47495 Rheinberg"}},{"type":"Feature","geometry":{"type":"Polygon","coordinates":[[[6.59868,51.46757],[6.58491,51.47379],[6.58115,51.47999],[6.57139,51.47995],[6.56529,51.47365],[6.55293,51.47208],[6.53651,51.47971],[6.52864,51.47608],[6.51307,51.48145],[6.49913,51.47651],[6.50718,51.46808],[6.50181,51.45894],[6.50294,51.44785],[6.52165,51.43891],[6.51652,51.42502],[6.52504,51.42445],[6.53557,51.40549],[6.53912,51.40153],[6.55781,51.38984],[6.58073,51.39421],[6.57415,51.41203],[6.5584,51.40864],[6.5834,51.42338],[6.59141,51.43473],[6.58152,51.43481],[6.57932,51.44176],[6.59327,51.44774],[6.59868,51.46757]]]},"properties":{"plz":"47506","name":"47506 Neukirchen-Vluyn"}},{"type":"Feature","geometry":{"type":"Polygon","coordinates":[[[6.47506,51.48616],[6.46344,51.47728],[6.44442,51.47617],[6.41942,51.46649],[6.42189,51.45706],[6.4531,51.44101],[6.4494,51.43285],[6.47149,51.42797],[6.47201,51.41943],[6.48618,51.41628],[6.51652,51.42502],[6.52165,51.43891],[6.50294,51.44785],[6.50181,51.45894],[6.50718,51.46808],[6.49913,51.47651],[6.48194,51.47929],[6.47506,51.48616]]]},"properties":{"plz":"47509","name":"47509 Rheurdt"}},{"type":"Feature","geometry":{"type":"Polygon","coordinates":[[[6.41942,51.46649],[6.40015,51.48247],[6.39603,51.48017],[6.37376,51.48494],[6.36291,51.48416],[6.33956,51.49082],[6.3143,51.48715],[6.3161,51.48178],[6.32368,51.46085],[6.32108,51.44612],[6.32859,51.44695],[6.34601,51.44039],[6.37226,51.41777],[6.39671,51.41053],[6.40114,51.41345],[6.46175,51.40565],[6.47201,51.41943],[6.47149,51.42797],[6.4494,51.43285],[6.4531,51.44101],[6.42189,51.45706],[6.41942,51.46649]]]},"properties":{"plz":"47647","name":"47647 Kerken"}},{"type":"Feature","geometry":{"type":"Polygon","coordinates":[[[6.43075,51.57417],[6.42271,51.57597],[6.41407,51.56506],[6.42059,51.56233],[6.41604,51.55481],[6.4022,51.55133],[6.38749,51.53816],[6.39946,51.52591],[6.3917,51.52021],[6.39085,51.49098],[6.40015,51.48247],[6.41942,51.46649],[6.44442,51.47617],[6.46344,51.47728],[6.47506,51.48616],[6.47348,51.49515],[6.45451,51.50877],[6.44869,51.51967],[6.45528,51.52952],[6.46965,51.52143],[6.48039,51.5218],[6.47434,51.52717],[6.48707,51.53841],[6.46276,51.55196],[6.49772,51.56813],[6.46424,51.56718],[6.43075,51.57417]]]},"properties":{"plz":"47661","name":"47661 Issum"}},{"type":"Feature","geometry":{"type":"Polygon","coordinates":[[[6.54338,51.32849],[6.55307,51.32305],[6.57225,51.32602],[6.56543,51.33471],[6.56787,51.34044],[6.55365,51.34133],[6.54338,51.32849]]]},"properties":{"plz":"47798","name":"47798 Krefeld"}},{"type":"Feature","geometry":{"type":"Polygon","coordinates":[[[6.57225,51.32602],[6.58794,51.33154],[6.59065,51.33253],[6.57786,51.3489],[6.56787,51.34044],[6.56543,51.33471],[6.57225,51.32602]]]},"properties":{"plz":"47799","name":"47799 Krefeld"}},{"type":"Feature","geometry":{"type":"Polygon","coordinates":[[[6.59065,51.33253],[6.62362,51.34372],[6.62626,51.3593],[6.61029,51.36163],[6.61009,51.36598],[6.5761,51.35741],[6.57786,51.3489],[6.59065,51.33253]]]},"properties":{"plz":"47800","name":"47800 Krefeld"}},{"type":"Feature","geometry":{"type":"Polygon","coordinates":[[[6.58073,51.39421],[6.55781,51.38984],[6.53912,51.40153],[6.52813,51.39653],[6.53313,51.38308],[6.54145,51.37939],[6.55904,51.38014],[6.53148,51.37392],[6.53589,51.36594],[6.5527,51.35865],[6.56759,51.36276],[6.5761,51.35741],[6.61009,51.36598],[6.61622,51.36746],[6.61432,51.38516],[6.62451,51.38479],[6.62344,51.3921],[6.63598,51.39141],[6.6114,51.39694],[6.58702,51.39236],[6.58073,51.39421]]]},"properties":{"plz":"47802","name":"47802 Krefeld"}},{"type":"Feature","geometry":{"type":"Polygon","coordinates":[[[6.56787,51.34044],[6.57786,51.3489],[6.5761,51.35741],[6.56759,51.36276],[6.5527,51.35865],[6.53589,51.36594],[6.52206,51.36155],[6.51833,51.35208],[6.52954,51.33464],[6.52683,51.33163],[6.54338,51.32849],[6.55365,51.34133],[6.56787,51.34044]]]},"properties":{"plz":"47803","name":"47803 Krefeld"}},{"type":"Feature","geometry":{"type":"Polygon","coordinates":[[[6.54338,51.32849],[6.52683,51.33163],[6.52954,51.33464],[6.51833,51.35208],[6.50851,51.34767],[6.51001,51.33907],[6.51464,51.33453],[6.51433,51.31546],[6.50569,51.30695],[6.48877,51.30315],[6.49282,51.29989],[6.50027,51.28993],[6.51428,51.29139],[6.51611,51.2867],[6.54011,51.28859],[6.54159,51.30415],[6.54671,51.31949],[6.55307,51.32305],[6.54338,51.32849]]]},"properties":{"plz":"47804","name":"47804 Krefeld"}},{"type":"Feature","geometry":{"type":"Polygon","coordinates":[[[6.55307,51.32305],[6.54671,51.31949],[6.54159,51.30415],[6.558,51.31211],[6.5726,51.31412],[6.59219,51.32118],[6.5975,51.32318],[6.58794,51.33154],[6.57225,51.32602],[6.55307,51.32305]]]},"properties":{"plz":"47805","name":"47805 Krefeld"}},{"type":"Feature","geometry":{"type":"Polygon","coordinates":[[[6.62144,51.30886],[6.6172,51.31919],[6.60134,51.31434],[6.59219,51.32118],[6.5726,51.31412],[6.558,51.31211],[6.54159,51.30415],[6.54011,51.28859],[6.5859,51.28583],[6.62049,51.28901],[6.62144,51.30886]]]},"properties":{"plz":"47807","name":"47807 Krefeld"}},{"type":"Feature","geometry":{"type":"Polygon","coordinates":[[[6.70621,51.33674],[6.6589,51.34994],[6.65404,51.34733],[6.62362,51.34372],[6.59065,51.33253],[6.58794,51.33154],[6.5975,51.32318],[6.59219,51.32118],[6.60134,51.31434],[6.6172,51.31919],[6.62144,51.30886],[6.65179,51.30902],[6.6755,51.32112],[6.69472,51.32394],[6.70621,51.33674]]]},"properties":{"plz":"47809","name":"47809 Krefeld"}},{"type":"Feature","geometry":{"type":"Polygon","coordinates":[[[6.67283,51.38937],[6.6482,51.38233],[6.63617,51.39079],[6.63598,51.39141],[6.62344,51.3921],[6.62451,51.38479],[6.61432,51.38516],[6.61622,51.36746],[6.61009,51.36598],[6.61029,51.36163],[6.62626,51.3593],[6.62362,51.34372],[6.65404,51.34733],[6.6589,51.34994],[6.65607,51.36189],[6.67512,51.36991],[6.67958,51.37686],[6.66816,51.37439],[6.67283,51.38937]]]},"properties":{"plz":"47829","name":"47829 Krefeld"}},{"type":"Feature","geometry":{"type":"Polygon","coordinates":[[[6.53557,51.40549],[6.5236,51.39829],[6.49188,51.40199],[6.48132,51.39784],[6.47795,51.38649],[6.48672,51.38338],[6.48491,51.37222],[6.49211,51.36232],[6.4864,51.34648],[6.51001,51.33907],[6.50851,51.34767],[6.51833,51.35208],[6.52206,51.36155],[6.53589,51.36594],[6.53148,51.37392],[6.55904,51.38014],[6.54145,51.37939],[6.53313,51.38308],[6.52813,51.39653],[6.53912,51.40153],[6.53557,51.40549]]]},"properties":{"plz":"47839","name":"47839 Krefeld"}},{"type":"Feature","geometry":{"type":"Polygon","coordinates":[[[6.5859,51.28583],[6.54011,51.28859],[6.51611,51.2867],[6.51428,51.29139],[6.50027,51.28993],[6.49282,51.29989],[6.42594,51.27754],[6.41297,51.2732],[6.45781,51.24789],[6.47818,51.23595],[6.49948,51.2354],[6.51999,51.23043],[6.5222,51.22574],[6.5299,51.22263],[6.5358,51.23119],[6.56152,51.22869],[6.57215,51.23715],[6.56782,51.24106],[6.6012,51.24249],[6.60527,51.24763],[6.62599,51.25035],[6.61605,51.25291],[6.61052,51.2634],[6.59631,51.26161],[6.58704,51.27647],[6.5859,51.28583]]]},"properties":{"plz":"47877","name":"47877 Willich"}},{"type":"Feature","geometry":{"type":"Polygon","coordinates":[[[6.51652,51.42502],[6.48618,51.41628],[6.47201,51.41943],[6.46175,51.40565],[6.40114,51.41345],[6.39671,51.41053],[6.39416,51.40432],[6.38072,51.40096],[6.3876,51.39456],[6.36281,51.38673],[6.35841,51.37927],[6.38713,51.33057],[6.41087,51.34109],[6.42179,51.33893],[6.47263,51.34291],[6.47741,51.3493],[6.4864,51.34648],[6.49211,51.36232],[6.48491,51.37222],[6.48672,51.38338],[6.47795,51.38649],[6.48132,51.39784],[6.49188,51.40199],[6.5236,51.39829],[6.53557,51.40549],[6.52504,51.42445],[6.51652,51.42502]]]},"properties":{"plz":"47906","name":"47906 Kempen"}},{"type":"Feature","geometry":{"type":"Polygon","coordinates":[[[6.42594,51.27754],[6.49282,51.29989],[6.48877,51.30315],[6.50569,51.30695],[6.51433,51.31546],[6.51464,51.33453],[6.51001,51.33907],[6.4864,51.34648],[6.47741,51.3493],[6.47263,51.34291],[6.42179,51.33893],[6.41087,51.34109],[6.38713,51.33057],[6.40347,51.31533],[6.40626,51.30839],[6.38878,51.30559],[6.41555,51.28945],[6.42594,51.27754]]]},"properties":{"plz":"47918","name":"47918 Tönisvorst"}},{"type":"Feature","geometry":{"type":"Polygon","coordinates":[[[7.17381,51.82137],[7.12491,51.83169],[7.09971,51.84623],[7.0828,51.85503],[7.07536,51.86471],[7.07718,51.87152],[7.05573,51.88826],[7.04846,51.88707],[7.04122,51.88155],[7.04195,51.87056],[7.02175,51.86679],[7.0238,51.85675],[7.00696,51.85782],[7.00987,51.8534],[7.00134,51.83014],[6.98563,51.80909],[6.98759,51.80248],[6.97783,51.79916],[7.02024,51.8001],[7.03008,51.78366],[7.07543,51.77744],[7.0767,51.78021],[7.11437,51.78806],[7.13341,51.80387],[7.17381,51.82137]]]},"properties":{"plz":"48734","name":"48734 Reken"}},{"type":"Feature","geometry":{"type":"Polygon","coordinates":[[[6.9673,50.95879],[6.96883,50.97105],[6.95526,50.97323],[6.94998,50.97524],[6.94136,50.96901],[6.94113,50.95603],[6.94191,50.95374],[6.96369,50.95929],[6.9673,50.95879]]]},"properties":{"plz":"50733","name":"50733 Köln"}},{"type":"Feature","geometry":{"type":"Polygon","coordinates":[[[6.97555,50.95465],[6.996,50.96514],[6.99527,50.97857],[6.97156,50.98738],[6.96268,51.00137],[6.97063,51.01265],[6.94703,51.01728],[6.94298,51.02377],[6.92242,51.01487],[6.94096,50.99301],[6.94637,50.99449],[6.95776,50.98539],[6.95526,50.97323],[6.96883,50.97105],[6.9673,50.95879],[6.97555,50.95465]]]},"properties":{"plz":"50735","name":"50735 Köln"}},{"type":"Feature","geometry":{"type":"Polygon","coordinates":[[[6.95526,50.97323],[6.95776,50.98539],[6.94637,50.99449],[6.94096,50.99301],[6.92242,51.01487],[6.91136,51.00778],[6.91365,50.99538],[6.9374,50.97759],[6.9467,50.97731],[6.94998,50.97524],[6.95526,50.97323]]]},"properties":{"plz":"50737","name":"50737 Köln"}},{"type":"Feature","geometry":{"type":"Polygon","coordinates":[[[6.94998,50.97524],[6.9467,50.97731],[6.9374,50.97759],[6.91365,50.99538],[6.91136,51.00778],[6.89148,50.99701],[6.90285,50.98807],[6.91911,50.97071],[6.92842,50.95996],[6.94113,50.95603],[6.94136,50.96901],[6.94998,50.97524]]]},"properties":{"plz":"50739","name":"50739 Köln"}},{"type":"Feature","geometry":{"type":"Polygon","coordinates":[[[6.84462,50.98882],[6.8636,50.99363],[6.85772,50.99719],[6.87116,51.00244],[6.86921,51.00668],[6.88786,51.01229],[6.89229,51.00877],[6.89745,51.01864],[6.91044,51.02685],[6.89769,51.03447],[6.88359,51.05191],[6.8745,51.04263],[6.85683,51.04411],[6.87206,51.02847],[6.86366,51.0265],[6.83996,51.02885],[6.83387,51.01787],[6.84478,51.00407],[6.83533,50.99976],[6.84462,50.98882]]]},"properties":{"plz":"50765","name":"50765 Köln"}},{"type":"Feature","geometry":{"type":"Polygon","coordinates":[[[6.91136,51.00778],[6.89745,51.01864],[6.89229,51.00877],[6.88786,51.01229],[6.86921,51.00668],[6.87116,51.00244],[6.85772,50.99719],[6.8636,50.99363],[6.86917,50.98864],[6.89167,50.9921],[6.89148,50.99701],[6.91136,51.00778]]]},"properties":{"plz":"50767","name":"50767 Köln"}},{"type":"Feature","geometry":{"type":"Polygon","coordinates":[[[6.85326,51.08418],[6.83661,51.08007],[6.82453,51.0744],[6.83373,51.05979],[6.81646,51.05383],[6.8138,51.04589],[6.80627,51.04694],[6.80072,51.05958],[6.78682,51.06874],[6.77384,51.06409],[6.77292,51.05994],[6.78824,51.04992],[6.7982,51.03673],[6.82054,51.03853],[6.83996,51.02885],[6.86366,51.0265],[6.87206,51.02847],[6.85683,51.04411],[6.8745,51.04263],[6.88359,51.05191],[6.89769,51.03447],[6.91044,51.02685],[6.89745,51.01864],[6.91136,51.00778],[6.92242,51.01487],[6.94298,51.02377],[6.94703,51.01728],[6.97063,51.01265],[6.97187,51.01417],[6.96922,51.02807],[6.93826,51.04499],[6.89776,51.06476],[6.85993,51.07392],[6.85326,51.08418]]]},"properties":{"plz":"50769","name":"50769 Köln"}},{"type":"Feature","geometry":{"type":"Polygon","coordinates":[[[6.90285,50.98807],[6.9033,50.97773],[6.87346,50.9762],[6.88721,50.97206],[6.88185,50.96665],[6.88964,50.96279],[6.88926,50.94891],[6.89742,50.94984],[6.91911,50.97071],[6.90285,50.98807]]]},"properties":{"plz":"50827","name":"50827 Köln"}},{"type":"Feature","geometry":{"type":"Polygon","coordinates":[[[6.83255,50.97755],[6.84066,50.97394],[6.85188,50.97757],[6.85035,50.95524],[6.87028,50.95615],[6.87543,50.94722],[6.88926,50.94891],[6.88964,50.96279],[6.88185,50.96665],[6.88721,50.97206],[6.87346,50.9762],[6.9033,50.97773],[6.90285,50.98807],[6.89148,50.99701],[6.89167,50.9921],[6.86917,50.98864],[6.8636,50.99363],[6.84462,50.98882],[6.83255,50.97755]]]},"properties":{"plz":"50829","name":"50829 Köln"}},{"type":"Feature","geometry":{"type":"Polygon","coordinates":[[[6.99527,50.97857],[7.00984,50.98832],[7.0282,50.97402],[7.05394,50.97865],[7.04739,50.99279],[7.02698,50.99752],[7.01224,50.996],[7.012,51.02046],[7.01089,51.02251],[6.99636,51.0118],[6.97552,51.01112],[6.97187,51.01417],[6.97063,51.01265],[6.96268,51.00137],[6.97156,50.98738],[6.99527,50.97857]]]},"properties":{"plz":"51061","name":"51061 Köln"}},{"type":"Feature","geometry":{"type":"Polygon","coordinates":[[[6.99561,50.94938],[7.00408,50.96315],[7.0197,50.96398],[7.03136,50.96595],[7.0282,50.97402],[7.00984,50.98832],[6.99527,50.97857],[6.996,50.96514],[6.97555,50.95465],[6.98626,50.94721],[6.99561,50.94938]]]},"properties":{"plz":"51063","name":"51063 Köln"}},{"type":"Feature","geometry":{"type":"Polygon","coordinates":[[[7.0282,50.97402],[7.03136,50.96595],[7.0197,50.96398],[7.02736,50.95099],[7.03641,50.95251],[7.05641,50.96181],[7.06689,50.96775],[7.05394,50.97865],[7.0282,50.97402]]]},"properties":{"plz":"51067","name":"51067 Köln"}},{"type":"Feature","geometry":{"type":"Polygon","coordinates":[[[7.05394,50.97865],[7.06689,50.96775],[7.05641,50.96181],[7.06836,50.96045],[7.07138,50.95388],[7.08599,50.95793],[7.10054,50.96723],[7.09624,50.98553],[7.06904,50.98948],[7.07244,50.99947],[7.07605,51.002],[7.06179,51.01333],[7.06838,51.01835],[7.03064,51.01821],[7.02168,51.016],[7.012,51.02046],[7.01224,50.996],[7.02698,50.99752],[7.04739,50.99279],[7.05394,50.97865]]]},"properties":{"plz":"51069","name":"51069 Köln"}},{"type":"Feature","geometry":{"type":"Polygon","coordinates":[[[6.92822,51.0798],[6.92376,51.07327],[6.91679,51.07915],[6.89776,51.06476],[6.93826,51.04499],[6.96101,51.04939],[6.97634,51.04655],[6.97858,51.03756],[6.99013,51.03574],[6.9861,51.05048],[6.97224,51.05896],[6.97816,51.06128],[6.98656,51.07306],[6.97435,51.06749],[6.95929,51.0725],[6.94231,51.07153],[6.92822,51.0798]]]},"properties":{"plz":"51371","name":"51371 Leverkusen"}},{"type":"Feature","geometry":{"type":"Polygon","coordinates":[[[6.97187,51.01417],[6.97552,51.01112],[6.99636,51.0118],[7.01089,51.02251],[7.00813,51.03852],[7.01859,51.04571],[7.00966,51.05425],[6.97816,51.06128],[6.97224,51.05896],[6.9861,51.05048],[6.99013,51.03574],[6.97858,51.03756],[6.97634,51.04655],[6.96101,51.04939],[6.93826,51.04499],[6.96922,51.02807],[6.97187,51.01417]]]},"properties":{"plz":"51373","name":"51373 Leverkusen"}},{"type":"Feature","geometry":{"type":"Polygon","coordinates":[[[7.06838,51.01835],[7.07866,51.02694],[7.09088,51.02581],[7.09292,51.03483],[7.05567,51.04313],[7.05418,51.04925],[7.03531,51.04032],[7.03641,51.03135],[7.0261,51.03736],[7.03064,51.01821],[7.06838,51.01835]]]},"properties":{"plz":"51375","name":"51375 Leverkusen"}},{"type":"Feature","geometry":{"type":"Polygon","coordinates":[[[7.012,51.02046],[7.02168,51.016],[7.03064,51.01821],[7.0261,51.03736],[7.03641,51.03135],[7.03531,51.04032],[7.05418,51.04925],[7.05567,51.04313],[7.09292,51.03483],[7.10082,51.04056],[7.09728,51.05025],[7.11612,51.05815],[7.11466,51.06352],[7.09986,51.06809],[7.07606,51.06696],[7.04959,51.05477],[7.02839,51.05653],[7.01859,51.04571],[7.00813,51.03852],[7.01089,51.02251],[7.012,51.02046]]]},"properties":{"plz":"51377","name":"51377 Leverkusen"}},{"type":"Feature","geometry":{"type":"Polygon","coordinates":[[[6.98656,51.07306],[6.97816,51.06128],[7.00966,51.05425],[7.01625,51.0656],[7.02419,51.07052],[7.00974,51.0819],[6.98874,51.09146],[6.98656,51.07306]]]},"properties":{"plz":"51379","name":"51379 Leverkusen"}},{"type":"Feature","geometry":{"type":"Polygon","coordinates":[[[7.00974,51.0819],[7.02419,51.07052],[7.01625,51.0656],[7.00966,51.05425],[7.01859,51.04571],[7.02839,51.05653],[7.04959,51.05477],[7.07606,51.06696],[7.05766,51.07748],[7.07092,51.08745],[7.07447,51.09701],[7.03899,51.09657],[7.03074,51.08941],[7.00974,51.0819]]]},"properties":{"plz":"51381","name":"51381 Leverkusen"}},{"type":"Feature","geometry":{"type":"Polygon","coordinates":[[[7.07447,51.09701],[7.07092,51.08745],[7.05766,51.07748],[7.07606,51.06696],[7.09986,51.06809],[7.11466,51.06352],[7.13855,51.06631],[7.14858,51.07348],[7.14834,51.08265],[7.16431,51.08386],[7.16732,51.08987],[7.15821,51.09998],[7.16921,51.11072],[7.15795,51.11908],[7.142,51.107],[7.10089,51.10504],[7.07447,51.09701]]]},"properties":{"plz":"51399","name":"51399 Burscheid"}},{"type":"Feature","geometry":{"type":"Polygon","coordinates":[[[7.15958,50.93185],[7.18001,50.93228],[7.19386,50.9431],[7.19677,50.94896],[7.21077,50.94932],[7.22373,50.95898],[7.22157,50.96524],[7.23677,50.9636],[7.24771,50.9752],[7.24073,50.98317],[7.24912,50.98773],[7.23451,50.99167],[7.21717,51.00215],[7.20035,51.0048],[7.17207,51.00157],[7.1756,50.99025],[7.16955,50.97721],[7.17431,50.974],[7.15161,50.97164],[7.14274,50.97454],[7.12939,50.96647],[7.14062,50.96377],[7.1514,50.95128],[7.16207,50.94781],[7.15958,50.93185]]]},"properties":{"plz":"51429","name":"51429 Bergisch Gladbach"}},{"type":"Feature","geometry":{"type":"Polygon","coordinates":[[[7.20035,51.0048],[7.19887,51.01833],[7.18659,51.01099],[7.18058,51.01503],[7.16709,51.01392],[7.16172,51.00472],[7.14165,50.99788],[7.11834,50.99762],[7.11087,50.99104],[7.12517,50.98505],[7.14029,50.98645],[7.14959,50.98025],[7.14274,50.97454],[7.15161,50.97164],[7.17431,50.974],[7.16955,50.97721],[7.1756,50.99025],[7.17207,51.00157],[7.20035,51.0048]]]},"properties":{"plz":"51465","name":"51465 Bergisch Gladbach"}},{"type":"Feature","geometry":{"type":"Polygon","coordinates":[[[7.07244,50.99947],[7.08155,50.99838],[7.09769,51.0066],[7.10277,51.00152],[7.11834,50.99762],[7.14165,50.99788],[7.16172,51.00472],[7.16709,51.01392],[7.1454,51.01669],[7.12008,51.01039],[7.10251,51.0105],[7.10331,51.02153],[7.09088,51.02581],[7.07866,51.02694],[7.06838,51.01835],[7.06179,51.01333],[7.07605,51.002],[7.07244,50.99947]]]},"properties":{"plz":"51467","name":"51467 Bergisch Gladbach"}},{"type":"Feature","geometry":{"type":"Polygon","coordinates":[[[7.10054,50.96723],[7.12939,50.96647],[7.14274,50.97454],[7.14959,50.98025],[7.14029,50.98645],[7.12517,50.98505],[7.11087,50.99104],[7.11834,50.99762],[7.10277,51.00152],[7.09769,51.0066],[7.08155,50.99838],[7.07244,50.99947],[7.06904,50.98948],[7.09624,50.98553],[7.10054,50.96723]]]},"properties":{"plz":"51469","name":"51469 Bergisch Gladbach"}},{"type":"Feature","geometry":{"type":"Polygon","coordinates":[[[7.19502,51.06569],[7.19592,51.05812],[7.21035,51.05194],[7.19176,51.04593],[7.18668,51.03099],[7.19456,51.02922],[7.19887,51.01833],[7.20035,51.0048],[7.21717,51.00215],[7.23451,50.99167],[7.24912,50.98773],[7.25089,50.98617],[7.28194,51.00493],[7.27522,51.01237],[7.2847,51.01989],[7.28023,51.02721],[7.29154,51.03215],[7.31227,51.02747],[7.31914,51.04046],[7.33048,51.04862],[7.32262,51.05346],[7.3329,51.06338],[7.31679,51.07996],[7.30906,51.06973],[7.30014,51.06877],[7.29392,51.07819],[7.28072,51.07796],[7.27914,51.08666],[7.25732,51.07701],[7.23031,51.07145],[7.21128,51.07174],[7.19502,51.06569]]]},"properties":{"plz":"51515","name":"51515 Kürten"}},{"type":"Feature","geometry":{"type":"Polygon","coordinates":[[[7.13855,51.06631],[7.11466,51.06352],[7.11612,51.05815],[7.09728,51.05025],[7.10082,51.04056],[7.09292,51.03483],[7.09088,51.02581],[7.10331,51.02153],[7.10251,51.0105],[7.12008,51.01039],[7.1454,51.01669],[7.16709,51.01392],[7.18058,51.01503],[7.18659,51.01099],[7.19887,51.01833],[7.19456,51.02922],[7.18668,51.03099],[7.19176,51.04593],[7.21035,51.05194],[7.19592,51.05812],[7.19502,51.06569],[7.17724,51.06682],[7.16241,51.0747],[7.14682,51.06613],[7.13855,51.06631]]]},"properties":{"plz":"51519","name":"51519 Odenthal"}},{"type":"Feature","geometry":{"type":"Polygon","coordinates":[[[7.38165,51.1698],[7.38691,51.15564],[7.39689,51.15265],[7.36819,51.13307],[7.36725,51.12569],[7.348,51.13223],[7.34339,51.12542],[7.33645,51.12962],[7.31844,51.12046],[7.33399,51.11997],[7.34095,51.10395],[7.3373,51.10102],[7.31957,51.1077],[7.31744,51.10447],[7.29892,51.10475],[7.27914,51.08666],[7.28072,51.07796],[7.29392,51.07819],[7.30014,51.06877],[7.30906,51.06973],[7.31679,51.07996],[7.3329,51.06338],[7.32262,51.05346],[7.33048,51.04862],[7.35988,51.05389],[7.35886,51.06061],[7.37381,51.06407],[7.3764,51.06922],[7.39878,51.0791],[7.42384,51.06494],[7.43567,51.07053],[7.43749,51.077],[7.45377,51.07064],[7.46971,51.07395],[7.48116,51.08247],[7.484,51.1006],[7.49625,51.10597],[7.50452,51.11716],[7.50232,51.13036],[7.49327,51.125],[7.48164,51.14079],[7.46893,51.14623],[7.47936,51.16512],[7.45608,51.1586],[7.4415,51.16748],[7.43676,51.18044],[7.42469,51.18617],[7.41089,51.17794],[7.40465,51.18736],[7.39008,51.17722],[7.39203,51.17174],[7.38165,51.1698]]]},"properties":{"plz":"51688","name":"51688 Wipperfürth"}},{"type":"Feature","geometry":{"type":"Polygon","coordinates":[[[7.60976,51.07769],[7.59942,51.08759],[7.60689,51.09635],[7.60207,51.10052],[7.58227,51.10664],[7.56714,51.10386],[7.55407,51.10537],[7.5172,51.1006],[7.49625,51.10597],[7.484,51.1006],[7.48116,51.08247],[7.46971,51.07395],[7.45377,51.07064],[7.4613,51.06367],[7.45213,51.05772],[7.46166,51.04895],[7.49748,51.0473],[7.51456,51.05279],[7.52861,51.05145],[7.55166,51.055],[7.56838,51.05437],[7.58313,51.04658],[7.5993,51.05801],[7.61849,51.0646],[7.60976,51.07769]]]},"properties":{"plz":"51709","name":"51709 Marienheide"}},{"type":"Feature","geometry":{"type":"Polygon","coordinates":[[[7.32592,50.97792],[7.34218,50.98774],[7.36496,50.98848],[7.3846,50.99651],[7.3879,51.00522],[7.4089,51.00269],[7.40554,51.0078],[7.41713,51.01285],[7.42864,51.01166],[7.43871,51.02262],[7.43937,51.037],[7.45017,51.03623],[7.46166,51.04895],[7.45213,51.05772],[7.4613,51.06367],[7.45377,51.07064],[7.43749,51.077],[7.43567,51.07053],[7.42384,51.06494],[7.39878,51.0791],[7.3764,51.06922],[7.37381,51.06407],[7.35886,51.06061],[7.35988,51.05389],[7.33048,51.04862],[7.31914,51.04046],[7.31227,51.02747],[7.29154,51.03215],[7.28023,51.02721],[7.2847,51.01989],[7.27522,51.01237],[7.28194,51.00493],[7.25089,50.98617],[7.28449,50.97109],[7.28774,50.97685],[7.32592,50.97792]]]},"properties":{"plz":"51789","name":"51789 Lindlar"}},{"type":"Feature","geometry":{"type":"Polygon","coordinates":[[[7.40655,51.39754],[7.40224,51.39282],[7.40719,51.3795],[7.39275,51.36975],[7.39445,51.36203],[7.4111,51.364],[7.42477,51.37092],[7.42903,51.36662],[7.44916,51.36302],[7.43749,51.36049],[7.44776,51.34783],[7.46458,51.34048],[7.46758,51.35276],[7.45968,51.35795],[7.46314,51.36458],[7.46015,51.37774],[7.44706,51.38811],[7.45743,51.40407],[7.4709,51.4102],[7.4651,51.41686],[7.45185,51.40858],[7.45073,51.3991],[7.43493,51.39192],[7.41623,51.40157],[7.40655,51.39754]]]},"properties":{"plz":"58089","name":"58089 Hagen"}},{"type":"Feature","geometry":{"type":"Polygon","coordinates":[[[7.46458,51.34048],[7.45736,51.33084],[7.4431,51.32732],[7.44678,51.32212],[7.43979,51.31616],[7.46299,51.31887],[7.48905,51.31334],[7.50398,51.31587],[7.50807,51.30556],[7.49551,51.29315],[7.486,51.29504],[7.48178,51.27967],[7.50873,51.27196],[7.51694,51.2769],[7.51907,51.26511],[7.52982,51.27009],[7.54903,51.26918],[7.55062,51.27615],[7.56547,51.28019],[7.56901,51.29028],[7.58039,51.29621],[7.57998,51.30196],[7.56871,51.30938],[7.5713,51.31665],[7.56599,51.32798],[7.55467,51.33393],[7.54372,51.33184],[7.54244,51.33931],[7.53473,51.35313],[7.51527,51.34603],[7.48505,51.35197],[7.46758,51.35276],[7.46458,51.34048]]]},"properties":{"plz":"58091","name":"58091 Hagen"}},{"type":"Feature","geometry":{"type":"Polygon","coordinates":[[[7.54244,51.33931],[7.55277,51.35811],[7.53855,51.36453],[7.52063,51.36262],[7.53583,51.37114],[7.52093,51.37123],[7.53239,51.37923],[7.54173,51.3776],[7.58835,51.38203],[7.58691,51.39012],[7.57619,51.3962],[7.55167,51.39921],[7.53119,51.39567],[7.52417,51.3878],[7.48846,51.40357],[7.49765,51.39513],[7.48051,51.38429],[7.50325,51.37443],[7.49636,51.36917],[7.50593,51.36108],[7.4924,51.36159],[7.48985,51.36226],[7.48505,51.35197],[7.51527,51.34603],[7.53473,51.35313],[7.54244,51.33931]]]},"properties":{"plz":"58093","name":"58093 Hagen"}},{"type":"Feature","geometry":{"type":"MultiPolygon","coordinates":[[[[7.46758,51.35276],[7.48505,51.35197],[7.48985,51.36226],[7.47952,51.35977],[7.46314,51.36458],[7.45968,51.35795],[7.46758,51.35276]]],[[[7.49636,51.36917],[7.48526,51.36367],[7.4924,51.36159],[7.50593,51.36108],[7.49636,51.36917]]]]},"properties":{"plz":"58095","name":"58095 Hagen"}},{"type":"Feature","geometry":{"type":"Polygon","coordinates":[[[7.46314,51.36458],[7.47952,51.35977],[7.48985,51.36226],[7.4924,51.36159],[7.48526,51.36367],[7.49636,51.36917],[7.50325,51.37443],[7.48051,51.38429],[7.47473,51.37924],[7.46015,51.37774],[7.46314,51.36458]]]},"properties":{"plz":"58097","name":"58097 Hagen"}},{"type":"Feature","geometry":{"type":"MultiPolygon","coordinates":[[[[7.4651,51.41686],[7.4709,51.4102],[7.45743,51.40407],[7.44706,51.38811],[7.46015,51.37774],[7.47473,51.37924],[7.48051,51.38429],[7.49765,51.39513],[7.48846,51.40357],[7.52417,51.3878],[7.53119,51.39567],[7.53541,51.4053],[7.50559,51.41408],[7.51082,51.41784],[7.49312,51.41553],[7.48643,51.41796],[7.4651,51.41686]]],[[[7.55277,51.35811],[7.53154,51.37662],[7.53239,51.37923],[7.52093,51.37123],[7.53583,51.37114],[7.52063,51.36262],[7.53855,51.36453],[7.55277,51.35811]]]]},"properties":{"plz":"58099","name":"58099 Hagen"}},{"type":"Feature","geometry":{"type":"Polygon","coordinates":[[[7.58039,51.29621],[7.58272,51.29562],[7.58582,51.30617],[7.57847,51.31642],[7.57675,51.33025],[7.5933,51.3393],[7.5989,51.34653],[7.58714,51.36324],[7.58412,51.37765],[7.58835,51.38203],[7.54173,51.3776],[7.53239,51.37923],[7.53154,51.37662],[7.55277,51.35811],[7.54244,51.33931],[7.54372,51.33184],[7.55467,51.33393],[7.56599,51.32798],[7.5713,51.31665],[7.56871,51.30938],[7.57998,51.30196],[7.58039,51.29621]]]},"properties":{"plz":"58119","name":"58119 Hagen"}},{"type":"Feature","geometry":{"type":"Polygon","coordinates":[[[7.39445,51.36203],[7.38779,51.35779],[7.39455,51.35322],[7.37768,51.34701],[7.38247,51.33772],[7.39163,51.3401],[7.39357,51.32572],[7.39804,51.3323],[7.42153,51.33054],[7.42388,51.31984],[7.40553,51.30843],[7.41553,51.29541],[7.42938,51.29452],[7.43243,51.28991],[7.42755,51.2997],[7.43979,51.31616],[7.44678,51.32212],[7.4431,51.32732],[7.45736,51.33084],[7.46458,51.34048],[7.44776,51.34783],[7.43749,51.36049],[7.44916,51.36302],[7.42903,51.36662],[7.42477,51.37092],[7.4111,51.364],[7.39445,51.36203]]]},"properties":{"plz":"58135","name":"58135 Hagen"}},{"type":"Feature","geometry":{"type":"Polygon","coordinates":[[[7.51082,51.41784],[7.50559,51.41408],[7.53541,51.4053],[7.53119,51.39567],[7.55167,51.39921],[7.57619,51.3962],[7.58691,51.39012],[7.59715,51.39588],[7.60817,51.39366],[7.6125,51.38524],[7.62439,51.39861],[7.63238,51.4072],[7.61648,51.4196],[7.63055,51.42335],[7.62792,51.4321],[7.61293,51.44686],[7.63001,51.45146],[7.63505,51.46051],[7.60576,51.47019],[7.60452,51.476],[7.58406,51.46432],[7.5735,51.47454],[7.55244,51.46884],[7.54234,51.46144],[7.55254,51.45506],[7.53857,51.44893],[7.53209,51.43497],[7.52294,51.43647],[7.50382,51.42606],[7.51082,51.41784]]]},"properties":{"plz":"58239","name":"58239 Schwerte"}},{"type":"Feature","geometry":{"type":"Polygon","coordinates":[[[7.30656,51.24017],[7.32384,51.24467],[7.33108,51.25037],[7.34057,51.23893],[7.35466,51.23929],[7.36409,51.24548],[7.37173,51.25317],[7.38723,51.25609],[7.39758,51.24953],[7.40975,51.24928],[7.42531,51.25779],[7.41179,51.26923],[7.39709,51.27229],[7.41346,51.27734],[7.43243,51.28991],[7.42938,51.29452],[7.41553,51.29541],[7.40553,51.30843],[7.42388,51.31984],[7.42153,51.33054],[7.39804,51.3323],[7.39357,51.32572],[7.38058,51.32533],[7.36982,51.31692],[7.36465,51.32113],[7.35262,51.31687],[7.34265,51.30413],[7.32464,51.3104],[7.30888,51.30782],[7.30707,51.30038],[7.3159,51.29261],[7.3203,51.27894],[7.31548,51.26925],[7.30268,51.26395],[7.30083,51.25184],[7.29681,51.24652],[7.30656,51.24017]]]},"properties":{"plz":"58256","name":"58256 Ennepetal"}},{"type":"Feature","geometry":{"type":"Polygon","coordinates":[[[7.29982,51.31316],[7.30888,51.30782],[7.32464,51.3104],[7.34265,51.30413],[7.35262,51.31687],[7.36465,51.32113],[7.36982,51.31692],[7.38058,51.32533],[7.39357,51.32572],[7.39163,51.3401],[7.38247,51.33772],[7.37768,51.34701],[7.3675,51.35171],[7.35189,51.34849],[7.34557,51.35931],[7.33046,51.36649],[7.31167,51.36017],[7.31459,51.34895],[7.30266,51.34585],[7.30351,51.33818],[7.31697,51.33073],[7.3004,51.32489],[7.29982,51.31316]]]},"properties":{"plz":"58285","name":"58285 Gevelsberg"}},{"type":"Feature","geometry":{"type":"Polygon","coordinates":[[[7.31167,51.36017],[7.33046,51.36649],[7.34557,51.35931],[7.35189,51.34849],[7.3675,51.35171],[7.37768,51.34701],[7.39455,51.35322],[7.38779,51.35779],[7.39445,51.36203],[7.39275,51.36975],[7.40719,51.3795],[7.40224,51.39282],[7.40655,51.39754],[7.39883,51.40193],[7.3876,51.39713],[7.38441,51.38971],[7.36031,51.39773],[7.34906,51.40303],[7.33272,51.40964],[7.31857,51.40109],[7.31949,51.39196],[7.30879,51.37962],[7.29786,51.37662],[7.29599,51.36001],[7.31167,51.36017]]]},"properties":{"plz":"58300","name":"58300 Wetter (Ruhr)"}},{"type":"Feature","geometry":{"type":"Polygon","coordinates":[[[7.42347,51.43162],[7.41434,51.42852],[7.38784,51.42185],[7.37819,51.41193],[7.35683,51.4061],[7.36031,51.39773],[7.38441,51.38971],[7.3876,51.39713],[7.39883,51.40193],[7.40655,51.39754],[7.41623,51.40157],[7.43493,51.39192],[7.45073,51.3991],[7.45185,51.40858],[7.4651,51.41686],[7.46747,51.43129],[7.46148,51.43631],[7.43778,51.43561],[7.42347,51.43162]]]},"properties":{"plz":"58313","name":"58313 Herdecke"}},{"type":"Feature","geometry":{"type":"Polygon","coordinates":[[[7.25573,51.28665],[7.26661,51.28463],[7.27776,51.27232],[7.26736,51.25772],[7.27919,51.26355],[7.28322,51.24983],[7.30083,51.25184],[7.30268,51.26395],[7.31548,51.26925],[7.3203,51.27894],[7.3159,51.29261],[7.30707,51.30038],[7.30888,51.30782],[7.29982,51.31316],[7.28178,51.31471],[7.28019,51.30957],[7.26267,51.30393],[7.25573,51.28665]]]},"properties":{"plz":"58332","name":"58332 Schwelm"}},{"type":"Feature","geometry":{"type":"Polygon","coordinates":[[[7.43241,51.21434],[7.44394,51.22064],[7.44039,51.22504],[7.45264,51.2304],[7.46445,51.22746],[7.49353,51.23995],[7.50194,51.24399],[7.49347,51.24902],[7.51907,51.26511],[7.51694,51.2769],[7.50873,51.27196],[7.48178,51.27967],[7.486,51.29504],[7.49551,51.29315],[7.50807,51.30556],[7.50398,51.31587],[7.48905,51.31334],[7.46299,51.31887],[7.43979,51.31616],[7.42755,51.2997],[7.43243,51.28991],[7.41346,51.27734],[7.39709,51.27229],[7.41179,51.26923],[7.42531,51.25779],[7.40975,51.24928],[7.39758,51.24953],[7.38723,51.25609],[7.37173,51.25317],[7.36409,51.24548],[7.37477,51.24695],[7.37923,51.2415],[7.39286,51.24587],[7.40347,51.23942],[7.39504,51.23228],[7.40359,51.22119],[7.41419,51.22087],[7.4139,51.22794],[7.43013,51.22443],[7.43241,51.21434]]]},"properties":{"plz":"58339","name":"58339 Breckerfeld"}},{"type":"Feature","geometry":{"type":"Polygon","coordinates":[[[7.34906,51.40303],[7.3534,51.42553],[7.33737,51.42952],[7.35002,51.43814],[7.3379,51.44658],[7.3239,51.44668],[7.32842,51.43692],[7.30572,51.43285],[7.30113,51.42449],[7.30557,51.42364],[7.29894,51.40816],[7.31613,51.40778],[7.31857,51.40109],[7.33272,51.40964],[7.34906,51.40303]]]},"properties":{"plz":"58452","name":"58452 Witten"}},{"type":"Feature","geometry":{"type":"Polygon","coordinates":[[[7.36031,51.39773],[7.35683,51.4061],[7.37819,51.41193],[7.38784,51.42185],[7.41434,51.42852],[7.4056,51.43647],[7.38996,51.43563],[7.38008,51.44346],[7.38479,51.4489],[7.37388,51.45752],[7.35976,51.4532],[7.35002,51.43814],[7.33737,51.42952],[7.3534,51.42553],[7.34906,51.40303],[7.36031,51.39773]]]},"properties":{"plz":"58453","name":"58453 Witten"}},{"type":"Feature","geometry":{"type":"Polygon","coordinates":[[[7.35366,51.48432],[7.34817,51.48265],[7.34925,51.46601],[7.34204,51.45697],[7.34869,51.44915],[7.35976,51.4532],[7.37388,51.45752],[7.38479,51.4489],[7.38008,51.44346],[7.38996,51.43563],[7.4056,51.43647],[7.41434,51.42852],[7.42347,51.43162],[7.41418,51.45007],[7.38909,51.46258],[7.38937,51.47412],[7.38289,51.47729],[7.37159,51.47645],[7.37132,51.48271],[7.36128,51.48002],[7.35366,51.48432]]]},"properties":{"plz":"58454","name":"58454 Witten"}},{"type":"Feature","geometry":{"type":"Polygon","coordinates":[[[7.27529,51.43066],[7.28844,51.43504],[7.29534,51.42417],[7.30113,51.42449],[7.30572,51.43285],[7.32842,51.43692],[7.3239,51.44668],[7.3379,51.44658],[7.35002,51.43814],[7.35976,51.4532],[7.34869,51.44915],[7.34204,51.45697],[7.31641,51.45695],[7.28971,51.45444],[7.29332,51.44443],[7.27529,51.43066]]]},"properties":{"plz":"58455","name":"58455 Witten"}},{"type":"Feature","geometry":{"type":"Polygon","coordinates":[[[7.25294,51.41378],[7.24607,51.3949],[7.25582,51.38324],[7.26219,51.38505],[7.26855,51.37362],[7.2759,51.3702],[7.29786,51.37662],[7.30879,51.37962],[7.31949,51.39196],[7.31857,51.40109],[7.31613,51.40778],[7.29894,51.40816],[7.30557,51.42364],[7.30113,51.42449],[7.29534,51.42417],[7.28844,51.43504],[7.27529,51.43066],[7.26445,51.4237],[7.25294,51.41378]]]},"properties":{"plz":"58456","name":"58456 Witten"}},{"type":"Feature","geometry":{"type":"Polygon","coordinates":[[[7.60347,51.24114],[7.60656,51.23908],[7.61167,51.22877],[7.6268,51.21645],[7.64039,51.22004],[7.64818,51.22803],[7.64053,51.23236],[7.62766,51.233],[7.62935,51.24094],[7.62049,51.24476],[7.60347,51.24114]]]},"properties":{"plz":"58507","name":"58507 Lüdenscheid"}},{"type":"Feature","geometry":{"type":"Polygon","coordinates":[[[7.60656,51.23908],[7.60297,51.22963],[7.58999,51.2267],[7.58223,51.21556],[7.60375,51.20535],[7.61669,51.21091],[7.62597,51.20821],[7.6268,51.21645],[7.61167,51.22877],[7.60656,51.23908]]]},"properties":{"plz":"58509","name":"58509 Lüdenscheid"}},{"type":"Feature","geometry":{"type":"Polygon","coordinates":[[[7.6268,51.21645],[7.62597,51.20821],[7.63859,51.20315],[7.6703,51.21291],[7.66325,51.22942],[7.64053,51.23236],[7.64818,51.22803],[7.64039,51.22004],[7.6268,51.21645]]]},"properties":{"plz":"58511","name":"58511 Lüdenscheid"}},{"type":"Feature","geometry":{"type":"Polygon","coordinates":[[[7.64053,51.23236],[7.66325,51.22942],[7.6703,51.21291],[7.67662,51.20252],[7.68297,51.20364],[7.7057,51.19739],[7.71458,51.19994],[7.7147,51.22764],[7.72326,51.23613],[7.71437,51.24444],[7.69886,51.24143],[7.69641,51.24517],[7.6804,51.23865],[7.65313,51.2422],[7.6526,51.24912],[7.63881,51.26018],[7.65113,51.26285],[7.63242,51.27021],[7.59526,51.25156],[7.58126,51.24707],[7.58455,51.24285],[7.59449,51.23855],[7.60347,51.24114],[7.62049,51.24476],[7.62935,51.24094],[7.62766,51.233],[7.64053,51.23236]]]},"properties":{"plz":"58513","name":"58513 Lüdenscheid"}},{"type":"Feature","geometry":{"type":"Polygon","coordinates":[[[7.60347,51.24114],[7.59449,51.23855],[7.58455,51.24285],[7.56482,51.23847],[7.55592,51.24065],[7.55908,51.22059],[7.55381,51.2168],[7.55807,51.20013],[7.57063,51.20133],[7.5812,51.19315],[7.57779,51.18988],[7.59128,51.18571],[7.59928,51.17795],[7.61263,51.18174],[7.61427,51.17243],[7.63194,51.17802],[7.64955,51.17469],[7.64929,51.17033],[7.67104,51.15621],[7.693,51.15635],[7.69615,51.1682],[7.68996,51.17104],[7.7031,51.18206],[7.7057,51.19739],[7.68297,51.20364],[7.67662,51.20252],[7.6703,51.21291],[7.63859,51.20315],[7.62597,51.20821],[7.61669,51.21091],[7.60375,51.20535],[7.58223,51.21556],[7.58999,51.2267],[7.60297,51.22963],[7.60656,51.23908],[7.60347,51.24114]]]},"properties":{"plz":"58515","name":"58515 Lüdenscheid"}},{"type":"Feature","geometry":{"type":"Polygon","coordinates":[[[7.42469,51.18617],[7.43676,51.18044],[7.4415,51.16748],[7.45608,51.1586],[7.47936,51.16512],[7.46893,51.14623],[7.48164,51.14079],[7.49327,51.125],[7.50232,51.13036],[7.51125,51.13925],[7.52672,51.1401],[7.52214,51.14433],[7.52963,51.15469],[7.5413,51.16222],[7.54646,51.17565],[7.55811,51.17837],[7.57779,51.18988],[7.5812,51.19315],[7.57063,51.20133],[7.55807,51.20013],[7.55381,51.2168],[7.55908,51.22059],[7.54982,51.2307],[7.5399,51.22458],[7.50446,51.22171],[7.50062,51.23628],[7.49353,51.23995],[7.46445,51.22746],[7.45264,51.2304],[7.44039,51.22504],[7.44394,51.22064],[7.43241,51.21434],[7.43014,51.20493],[7.41721,51.19773],[7.42469,51.18617]]]},"properties":{"plz":"58553","name":"58553 Halver"}},{"type":"Feature","geometry":{"type":"Polygon","coordinates":[[[7.49625,51.10597],[7.5172,51.1006],[7.55407,51.10537],[7.56714,51.10386],[7.58227,51.10664],[7.60207,51.10052],[7.59751,51.10249],[7.60968,51.11652],[7.61624,51.11466],[7.61865,51.12293],[7.63192,51.11921],[7.63117,51.12475],[7.64194,51.13109],[7.64214,51.1386],[7.6623,51.15423],[7.67104,51.15621],[7.64929,51.17033],[7.64955,51.17469],[7.63194,51.17802],[7.61427,51.17243],[7.61263,51.18174],[7.59928,51.17795],[7.59128,51.18571],[7.57779,51.18988],[7.55811,51.17837],[7.54646,51.17565],[7.5413,51.16222],[7.52963,51.15469],[7.52214,51.14433],[7.52672,51.1401],[7.51125,51.13925],[7.50232,51.13036],[7.50452,51.11716],[7.49625,51.10597]]]},"properties":{"plz":"58566","name":"58566 Kierspe"}},{"type":"Feature","geometry":{"type":"Polygon","coordinates":[[[7.51907,51.26511],[7.49347,51.24902],[7.50194,51.24399],[7.49353,51.23995],[7.50062,51.23628],[7.50446,51.22171],[7.5399,51.22458],[7.54982,51.2307],[7.55908,51.22059],[7.55592,51.24065],[7.56482,51.23847],[7.58455,51.24285],[7.58126,51.24707],[7.59526,51.25156],[7.63242,51.27021],[7.63309,51.27558],[7.60698,51.28697],[7.591,51.28434],[7.58272,51.29562],[7.58039,51.29621],[7.56901,51.29028],[7.56547,51.28019],[7.55062,51.27615],[7.54903,51.26918],[7.52982,51.27009],[7.51907,51.26511]]]},"properties":{"plz":"58579","name":"58579 Schalksmühle"}},{"type":"Feature","geometry":{"type":"Polygon","coordinates":[[[7.6923,51.39854],[7.6991,51.38886],[7.69345,51.37312],[7.71363,51.37153],[7.71515,51.36809],[7.74186,51.37084],[7.73793,51.38309],[7.74157,51.39268],[7.72764,51.39269],[7.72333,51.39771],[7.70605,51.39707],[7.69758,51.40261],[7.6923,51.39854]]]},"properties":{"plz":"58636","name":"58636 Iserlohn"}},{"type":"Feature","geometry":{"type":"Polygon","coordinates":[[[7.6923,51.39854],[7.66433,51.39415],[7.65547,51.39079],[7.65567,51.3781],[7.66398,51.37592],[7.65676,51.36845],[7.67892,51.37424],[7.69345,51.37312],[7.6991,51.38886],[7.6923,51.39854]]]},"properties":{"plz":"58638","name":"58638 Iserlohn"}},{"type":"Feature","geometry":{"type":"Polygon","coordinates":[[[7.62439,51.39861],[7.64386,51.40633],[7.65332,51.39776],[7.66433,51.39415],[7.6923,51.39854],[7.69758,51.40261],[7.70605,51.39707],[7.72333,51.39771],[7.72435,51.40435],[7.73691,51.41158],[7.72683,51.43838],[7.70444,51.44025],[7.69195,51.44717],[7.70146,51.45382],[7.69575,51.47365],[7.67289,51.4675],[7.65576,51.46575],[7.65349,51.46079],[7.63946,51.46013],[7.63001,51.45146],[7.61293,51.44686],[7.62792,51.4321],[7.63055,51.42335],[7.61648,51.4196],[7.63238,51.4072],[7.62439,51.39861]]]},"properties":{"plz":"58640","name":"58640 Iserlohn"}},{"type":"Feature","geometry":{"type":"Polygon","coordinates":[[[7.58835,51.38203],[7.58412,51.37765],[7.58714,51.36324],[7.5989,51.34653],[7.5933,51.3393],[7.6159,51.33303],[7.62993,51.33587],[7.64124,51.35187],[7.63369,51.36339],[7.64248,51.37526],[7.65567,51.3781],[7.65547,51.39079],[7.66433,51.39415],[7.65332,51.39776],[7.64386,51.40633],[7.62439,51.39861],[7.6125,51.38524],[7.60817,51.39366],[7.59715,51.39588],[7.58691,51.39012],[7.58835,51.38203]]]},"properties":{"plz":"58642","name":"58642 Iserlohn"}},{"type":"Feature","geometry":{"type":"Polygon","coordinates":[[[7.69345,51.37312],[7.67892,51.37424],[7.65676,51.36845],[7.66398,51.37592],[7.65567,51.3781],[7.64248,51.37526],[7.63369,51.36339],[7.64124,51.35187],[7.64551,51.3417],[7.6622,51.32715],[7.65614,51.31668],[7.68472,51.31555],[7.68411,51.30176],[7.69388,51.30668],[7.70029,51.30331],[7.72086,51.31719],[7.72394,51.34732],[7.72982,51.35538],[7.72617,51.36914],[7.74186,51.37084],[7.71515,51.36809],[7.71363,51.37153],[7.69345,51.37312]]]},"properties":{"plz":"58644","name":"58644 Iserlohn"}},{"type":"Feature","geometry":{"type":"Polygon","coordinates":[[[7.74186,51.37084],[7.72617,51.36914],[7.72982,51.35538],[7.72394,51.34732],[7.72086,51.31719],[7.74035,51.31685],[7.74733,51.31223],[7.7601,51.31574],[7.77335,51.31798],[7.77664,51.32722],[7.79712,51.33193],[7.79685,51.34423],[7.8229,51.35022],[7.83915,51.3612],[7.84541,51.37323],[7.85342,51.37934],[7.84724,51.38923],[7.8425,51.39227],[7.82667,51.40091],[7.81158,51.40002],[7.80016,51.40825],[7.7894,51.41684],[7.77983,51.41402],[7.76641,51.41637],[7.75514,51.41748],[7.74613,51.41097],[7.73691,51.41158],[7.72435,51.40435],[7.72333,51.39771],[7.72764,51.39269],[7.74157,51.39268],[7.73793,51.38309],[7.74186,51.37084]]]},"properties":{"plz":"58675","name":"58675 Hemer"}},{"type":"Feature","geometry":{"type":"Polygon","coordinates":[[[7.80016,51.40825],[7.82279,51.42109],[7.82312,51.42677],[7.80956,51.44922],[7.79453,51.44933],[7.7753,51.45884],[7.76281,51.44936],[7.77807,51.44646],[7.78464,51.43865],[7.76516,51.42573],[7.76641,51.41637],[7.77983,51.41402],[7.7894,51.41684],[7.80016,51.40825]]]},"properties":{"plz":"58706","name":"58706 Menden"}},{"type":"Feature","geometry":{"type":"Polygon","coordinates":[[[7.73691,51.41158],[7.74613,51.41097],[7.75514,51.41748],[7.76641,51.41637],[7.76516,51.42573],[7.78464,51.43865],[7.77807,51.44646],[7.76281,51.44936],[7.7753,51.45884],[7.79453,51.44933],[7.80956,51.44922],[7.82312,51.42677],[7.849,51.4236],[7.85342,51.41381],[7.84323,51.41204],[7.8425,51.39227],[7.84724,51.38923],[7.87086,51.39794],[7.8771,51.39111],[7.89194,51.39255],[7.88997,51.40238],[7.89535,51.41603],[7.89042,51.42666],[7.88299,51.42917],[7.87958,51.44592],[7.86465,51.45744],[7.85014,51.46407],[7.8489,51.4726],[7.83749,51.47841],[7.82063,51.47233],[7.80653,51.47426],[7.7963,51.46801],[7.7874,51.47127],[7.76322,51.46825],[7.74983,51.47248],[7.73567,51.46666],[7.72786,51.47227],[7.69575,51.47365],[7.70146,51.45382],[7.69195,51.44717],[7.70444,51.44025],[7.72683,51.43838],[7.73691,51.41158]]]},"properties":{"plz":"58708","name":"58708 Menden"}},{"type":"Feature","geometry":{"type":"Polygon","coordinates":[[[7.69575,51.47365],[7.72786,51.47227],[7.73567,51.46666],[7.74983,51.47248],[7.76322,51.46825],[7.7874,51.47127],[7.7963,51.46801],[7.80653,51.47426],[7.82063,51.47233],[7.83749,51.47841],[7.84936,51.48038],[7.85027,51.48601],[7.83179,51.50546],[7.83403,51.51685],[7.79806,51.51238],[7.7947,51.52637],[7.786,51.52321],[7.77729,51.52908],[7.75954,51.52872],[7.75705,51.51867],[7.74777,51.52056],[7.73043,51.509],[7.7006,51.51115],[7.70413,51.49846],[7.67983,51.49041],[7.66849,51.49282],[7.65884,51.48389],[7.66322,51.47284],[7.6563,51.47037],[7.67289,51.4675],[7.69575,51.47365]]]},"properties":{"plz":"58730","name":"58730 Fröndenberg/Ruhr"}},{"type":"Feature","geometry":{"type":"Polygon","coordinates":[[[7.69641,51.24517],[7.69165,51.26201],[7.70324,51.26499],[7.70127,51.28203],[7.71702,51.28871],[7.73015,51.28667],[7.74104,51.29188],[7.74968,51.28712],[7.76462,51.29241],[7.76803,51.30072],[7.7601,51.31574],[7.74733,51.31223],[7.74035,51.31685],[7.72086,51.31719],[7.70029,51.30331],[7.69388,51.30668],[7.68411,51.30176],[7.68472,51.31555],[7.65614,51.31668],[7.64261,51.3087],[7.64488,51.29857],[7.63309,51.27558],[7.63242,51.27021],[7.65113,51.26285],[7.63881,51.26018],[7.6526,51.24912],[7.65313,51.2422],[7.6804,51.23865],[7.69641,51.24517]]]},"properties":{"plz":"58762","name":"58762 Altena"}},{"type":"Feature","geometry":{"type":"Polygon","coordinates":[[[7.58272,51.29562],[7.591,51.28434],[7.60698,51.28697],[7.63309,51.27558],[7.64488,51.29857],[7.64261,51.3087],[7.65614,51.31668],[7.6622,51.32715],[7.64551,51.3417],[7.64124,51.35187],[7.62993,51.33587],[7.6159,51.33303],[7.5933,51.3393],[7.57675,51.33025],[7.57847,51.31642],[7.58582,51.30617],[7.58272,51.29562]]]},"properties":{"plz":"58769","name":"58769 Nachrodt-Wiblingwerde"}},{"type":"Feature","geometry":{"type":"Polygon","coordinates":[[[7.7147,51.22764],[7.73644,51.22598],[7.74107,51.21886],[7.75541,51.2266],[7.7716,51.23023],[7.76717,51.23456],[7.78317,51.23603],[7.79516,51.2432],[7.79403,51.2495],[7.81257,51.25426],[7.81143,51.2587],[7.81283,51.26332],[7.78239,51.26652],[7.77465,51.2725],[7.75258,51.26339],[7.73914,51.26827],[7.73849,51.28236],[7.73015,51.28667],[7.71702,51.28871],[7.70127,51.28203],[7.70324,51.26499],[7.69165,51.26201],[7.69641,51.24517],[7.69886,51.24143],[7.71437,51.24444],[7.72326,51.23613],[7.7147,51.22764]]]},"properties":{"plz":"58791","name":"58791 Werdohl"}},{"type":"Feature","geometry":{"type":"Polygon","coordinates":[[[7.6326,51.54967],[7.63638,51.55693],[7.64121,51.56657],[7.66563,51.57126],[7.66848,51.56577],[7.68475,51.56951],[7.69285,51.56688],[7.7121,51.57124],[7.73837,51.56439],[7.73964,51.56555],[7.74689,51.5699],[7.75029,51.58606],[7.71889,51.5887],[7.71553,51.61293],[7.69043,51.6132],[7.68923,51.60714],[7.63788,51.59972],[7.62898,51.58774],[7.59233,51.59496],[7.5903,51.58323],[7.59725,51.57602],[7.59071,51.56593],[7.60626,51.56853],[7.603,51.55466],[7.60799,51.54851],[7.62614,51.55227],[7.6326,51.54967]]]},"properties":{"plz":"59174","name":"59174 Kamen"}},{"type":"Feature","geometry":{"type":"Polygon","coordinates":[[[7.59233,51.59496],[7.62898,51.58774],[7.63788,51.59972],[7.68923,51.60714],[7.69043,51.6132],[7.68376,51.64998],[7.67477,51.65929],[7.65097,51.65864],[7.64338,51.64882],[7.6264,51.64542],[7.61256,51.64862],[7.60354,51.64173],[7.58266,51.63965],[7.56831,51.6296],[7.57772,51.62271],[7.56093,51.60879],[7.56136,51.60337],[7.58062,51.6025],[7.58259,51.59593],[7.59233,51.59496]]]},"properties":{"plz":"59192","name":"59192 Bergkamen"}},{"type":"Feature","geometry":{"type":"Polygon","coordinates":[[[7.32117,51.73697],[7.33558,51.73959],[7.34548,51.73319],[7.35074,51.73846],[7.36882,51.74289],[7.37453,51.73371],[7.39112,51.73908],[7.39614,51.72803],[7.41867,51.7313],[7.4341,51.72162],[7.44866,51.72487],[7.46788,51.73616],[7.48149,51.72426],[7.48616,51.72525],[7.48879,51.74139],[7.49966,51.7393],[7.51204,51.74304],[7.5138,51.75709],[7.52991,51.76549],[7.53498,51.77194],[7.53657,51.79117],[7.52615,51.79634],[7.52862,51.80704],[7.51024,51.81726],[7.51301,51.82441],[7.4947,51.81919],[7.4916,51.82419],[7.46707,51.82288],[7.44579,51.82641],[7.43373,51.83134],[7.42007,51.81564],[7.39624,51.81507],[7.3917,51.81075],[7.36534,51.80031],[7.35105,51.80096],[7.34015,51.79176],[7.28238,51.78546],[7.27164,51.77874],[7.259,51.77325],[7.26818,51.76189],[7.27505,51.75989],[7.28025,51.74919],[7.3103,51.74632],[7.32117,51.73697]]]},"properties":{"plz":"59348","name":"59348 Lüdinghausen"}},{"type":"Feature","geometry":{"type":"Polygon","coordinates":[[[7.56831,51.6296],[7.58266,51.63965],[7.60354,51.64173],[7.61256,51.64862],[7.6264,51.64542],[7.64338,51.64882],[7.65097,51.65864],[7.67477,51.65929],[7.68931,51.66162],[7.69943,51.66919],[7.7274,51.67387],[7.72694,51.67878],[7.70782,51.68777],[7.6991,51.70725],[7.70236,51.71244],[7.69219,51.71744],[7.68742,51.72878],[7.66954,51.72329],[7.65232,51.70572],[7.64255,51.71335],[7.62839,51.70938],[7.62642,51.71373],[7.61452,51.71162],[7.58811,51.70023],[7.5674,51.69821],[7.54586,51.68596],[7.54845,51.67282],[7.54056,51.66367],[7.54888,51.65736],[7.54638,51.64449],[7.55869,51.63124],[7.56714,51.62713],[7.56831,51.6296]]]},"properties":{"plz":"59368","name":"59368 Werne"}},{"type":"Feature","geometry":{"type":"Polygon","coordinates":[[[7.54638,51.64449],[7.54888,51.65736],[7.54056,51.66367],[7.54845,51.67282],[7.54586,51.68596],[7.53335,51.69266],[7.52961,51.70413],[7.51683,51.70703],[7.5173,51.72141],[7.49316,51.72065],[7.48432,51.7142],[7.48149,51.72426],[7.46788,51.73616],[7.44866,51.72487],[7.4341,51.72162],[7.42442,51.71594],[7.42295,51.70866],[7.43786,51.7039],[7.44917,51.69342],[7.44854,51.67631],[7.43527,51.66912],[7.41079,51.67112],[7.40906,51.6647],[7.41738,51.66179],[7.44339,51.65985],[7.44381,51.64717],[7.45709,51.64121],[7.4765,51.64784],[7.47634,51.65267],[7.4976,51.64583],[7.50719,51.64895],[7.526,51.6435],[7.54638,51.64449]]]},"properties":{"plz":"59379","name":"59379 Selm"}},{"type":"Feature","geometry":{"type":"Polygon","coordinates":[[[7.53498,51.77194],[7.52991,51.76549],[7.5138,51.75709],[7.51204,51.74304],[7.49966,51.7393],[7.48879,51.74139],[7.48616,51.72525],[7.48149,51.72426],[7.48432,51.7142],[7.49316,51.72065],[7.5173,51.72141],[7.51683,51.70703],[7.52961,51.70413],[7.53335,51.69266],[7.54586,51.68596],[7.5674,51.69821],[7.58811,51.70023],[7.61452,51.71162],[7.62642,51.71373],[7.6277,51.72335],[7.61159,51.73773],[7.60987,51.74518],[7.5999,51.74356],[7.58742,51.75394],[7.57247,51.75743],[7.55336,51.77575],[7.53498,51.77194]]]},"properties":{"plz":"59394","name":"59394 Nordkirchen"}},{"type":"Feature","geometry":{"type":"Polygon","coordinates":[[[7.40906,51.6647],[7.41079,51.67112],[7.43527,51.66912],[7.44854,51.67631],[7.44917,51.69342],[7.43786,51.7039],[7.42295,51.70866],[7.42442,51.71594],[7.4341,51.72162],[7.41867,51.7313],[7.39614,51.72803],[7.39112,51.73908],[7.37453,51.73371],[7.36882,51.74289],[7.35074,51.73846],[7.34548,51.73319],[7.33558,51.73959],[7.32117,51.73697],[7.29935,51.71295],[7.29964,51.70568],[7.31074,51.71157],[7.30902,51.70329],[7.32645,51.70194],[7.33151,51.6965],[7.34494,51.69918],[7.33938,51.68736],[7.35998,51.67999],[7.37719,51.67906],[7.39132,51.66951],[7.40906,51.6647]]]},"properties":{"plz":"59399","name":"59399 Olfen"}},{"type":"Feature","geometry":{"type":"Polygon","coordinates":[[[7.66015,51.53248],[7.65803,51.52264],[7.69323,51.52095],[7.72997,51.52896],[7.73391,51.53689],[7.68226,51.53951],[7.66015,51.53248]]]},"properties":{"plz":"59423","name":"59423 Unna"}},{"type":"Feature","geometry":{"type":"Polygon","coordinates":[[[7.63638,51.55693],[7.65323,51.55717],[7.66336,51.54844],[7.66015,51.53248],[7.68226,51.53951],[7.73391,51.53689],[7.75247,51.54038],[7.73837,51.56439],[7.7121,51.57124],[7.69285,51.56688],[7.68475,51.56951],[7.66848,51.56577],[7.66563,51.57126],[7.64121,51.56657],[7.63638,51.55693]]]},"properties":{"plz":"59425","name":"59425 Unna"}},{"type":"Feature","geometry":{"type":"Polygon","coordinates":[[[7.63283,51.51917],[7.64354,51.51965],[7.64197,51.50953],[7.65108,51.50819],[7.66333,51.49162],[7.66849,51.49282],[7.67983,51.49041],[7.70413,51.49846],[7.7006,51.51115],[7.73043,51.509],[7.74777,51.52056],[7.75705,51.51867],[7.75954,51.52872],[7.77729,51.52908],[7.786,51.52321],[7.7947,51.52637],[7.79806,51.51238],[7.83403,51.51685],[7.84044,51.52867],[7.83249,51.53495],[7.84288,51.55265],[7.82709,51.57865],[7.81059,51.57435],[7.79217,51.56158],[7.78077,51.5648],[7.73964,51.56555],[7.73837,51.56439],[7.75247,51.54038],[7.73391,51.53689],[7.72997,51.52896],[7.69323,51.52095],[7.65803,51.52264],[7.66015,51.53248],[7.66336,51.54844],[7.65323,51.55717],[7.63638,51.55693],[7.6326,51.54967],[7.63816,51.5277],[7.63283,51.51917]]]},"properties":{"plz":"59427","name":"59427 Unna"}},{"type":"Feature","geometry":{"type":"Polygon","coordinates":[[[7.60452,51.476],[7.60576,51.47019],[7.63505,51.46051],[7.63001,51.45146],[7.63946,51.46013],[7.65349,51.46079],[7.65576,51.46575],[7.67289,51.4675],[7.6563,51.47037],[7.66322,51.47284],[7.65884,51.48389],[7.66849,51.49282],[7.66333,51.49162],[7.65108,51.50819],[7.64197,51.50953],[7.64354,51.51965],[7.63283,51.51917],[7.61881,51.51717],[7.59645,51.50759],[7.59638,51.49596],[7.60971,51.47977],[7.60452,51.476]]]},"properties":{"plz":"59439","name":"59439 Holzwickede"}}]}