{"type":"FeatureCollection","features":[{"type":"Feature","geometry":{"type":"Polygon","coordinates":[[[8.65967,50.57833],[8.65267,50.57101],[8.65472,50.55592],[8.67428,50.56427],[8.69248,50.54486],[8.70531,50.54406],[8.71872,50.54694],[8.69524,50.55691],[8.68016,50.57795],[8.65967,50.57833]]]},"properties":{"plz":"35392","name":"35392 Gießen"}},{"type":"Feature","geometry":{"type":"Polygon","coordinates":[[[8.67166,50.59831],[8.66763,50.61191],[8.63614,50.59547],[8.64311,50.5868],[8.63803,50.572],[8.61891,50.56468],[8.61322,50.56358],[8.60111,50.55013],[8.59396,50.54904],[8.58678,50.54157],[8.56665,50.54213],[8.55576,50.5354],[8.57355,50.53359],[8.59436,50.52658],[8.61601,50.5267],[8.6295,50.53406],[8.64447,50.553],[8.65472,50.55592],[8.65267,50.57101],[8.65967,50.57833],[8.66854,50.5876],[8.67166,50.59831]]]},"properties":{"plz":"35398","name":"35398 Gießen"}},{"type":"Feature","geometry":{"type":"Polygon","coordinates":[[[8.91567,50.52565],[8.8921,50.52412],[8.88953,50.51827],[8.89629,50.50393],[8.88434,50.4994],[8.87938,50.49129],[8.8568,50.48305],[8.85806,50.47419],[8.83926,50.46836],[8.82528,50.46965],[8.80665,50.45664],[8.7948,50.452],[8.79924,50.4425],[8.81734,50.43397],[8.85298,50.43185],[8.86463,50.44636],[8.87452,50.44205],[8.87359,50.43527],[8.88746,50.42775],[8.90028,50.4266],[8.90767,50.43809],[8.93002,50.43294],[8.95043,50.43158],[8.96328,50.44051],[8.95973,50.44828],[8.98766,50.45367],[8.98874,50.46508],[8.979,50.46836],[8.98765,50.47933],[8.97839,50.49045],[9.00218,50.49508],[8.98989,50.50417],[8.96748,50.50305],[8.95539,50.50909],[8.92597,50.5171],[8.93252,50.52818],[8.91567,50.52565]]]},"properties":{"plz":"35410","name":"35410 Hungen"}},{"type":"Feature","geometry":{"type":"Polygon","coordinates":[[[8.70531,50.54406],[8.69284,50.53178],[8.70022,50.52681],[8.69559,50.51869],[8.70946,50.51652],[8.70214,50.50477],[8.68865,50.48701],[8.69939,50.47814],[8.71331,50.47464],[8.73683,50.4775],[8.74189,50.49188],[8.75838,50.49578],[8.76218,50.49211],[8.77268,50.50004],[8.77134,50.52078],[8.78369,50.52067],[8.78691,50.5331],[8.76723,50.53539],[8.76705,50.54523],[8.74934,50.55594],[8.74246,50.55656],[8.73496,50.55799],[8.73027,50.54525],[8.71872,50.54694],[8.70531,50.54406]]]},"properties":{"plz":"35415","name":"35415 Pohlheim"}},{"type":"Feature","geometry":{"type":"Polygon","coordinates":[[[8.90726,50.54798],[8.8736,50.54829],[8.85344,50.55578],[8.8404,50.55142],[8.82407,50.55723],[8.81449,50.55625],[8.80679,50.54149],[8.79446,50.54058],[8.78691,50.5331],[8.78369,50.52067],[8.77134,50.52078],[8.77268,50.50004],[8.76218,50.49211],[8.75838,50.49578],[8.74189,50.49188],[8.73683,50.4775],[8.7517,50.47206],[8.7679,50.47059],[8.78291,50.47883],[8.79394,50.47914],[8.79434,50.46958],[8.80256,50.46698],[8.80665,50.45664],[8.82528,50.46965],[8.83926,50.46836],[8.85806,50.47419],[8.8568,50.48305],[8.87938,50.49129],[8.88434,50.4994],[8.89629,50.50393],[8.88953,50.51827],[8.8921,50.52412],[8.91567,50.52565],[8.91512,50.53625],[8.92702,50.54275],[8.90726,50.54798]]]},"properties":{"plz":"35423","name":"35423 Lich"}},{"type":"Feature","geometry":{"type":"Polygon","coordinates":[[[8.70214,50.50477],[8.68884,50.50225],[8.67862,50.50477],[8.66568,50.51703],[8.65009,50.51475],[8.63437,50.50911],[8.63241,50.49979],[8.61744,50.49847],[8.59451,50.50368],[8.59029,50.49711],[8.56979,50.49077],[8.55225,50.4769],[8.5473,50.46961],[8.54454,50.46867],[8.52918,50.46676],[8.54488,50.4337],[8.54586,50.41861],[8.56224,50.42523],[8.56304,50.41897],[8.57721,50.4163],[8.59708,50.41951],[8.60211,50.43158],[8.59119,50.43458],[8.57421,50.44632],[8.58363,50.44672],[8.6109,50.46573],[8.62819,50.46254],[8.63312,50.47653],[8.64727,50.4838],[8.66912,50.48528],[8.68572,50.4832],[8.68865,50.48701],[8.70214,50.50477]]]},"properties":{"plz":"35428","name":"35428 Langgöns"}},{"type":"Feature","geometry":{"type":"Polygon","coordinates":[[[8.65472,50.55592],[8.64447,50.553],[8.6295,50.53406],[8.61601,50.5267],[8.64497,50.52214],[8.65009,50.51475],[8.66568,50.51703],[8.67862,50.50477],[8.68884,50.50225],[8.70214,50.50477],[8.70946,50.51652],[8.69559,50.51869],[8.70022,50.52681],[8.69284,50.53178],[8.70531,50.54406],[8.69248,50.54486],[8.67428,50.56427],[8.65472,50.55592]]]},"properties":{"plz":"35440","name":"35440 Linden"}},{"type":"Feature","geometry":{"type":"Polygon","coordinates":[[[8.74246,50.55656],[8.74934,50.55594],[8.76705,50.54523],[8.76723,50.53539],[8.78691,50.5331],[8.79446,50.54058],[8.80679,50.54149],[8.81449,50.55625],[8.82407,50.55723],[8.81703,50.56475],[8.80042,50.57123],[8.79096,50.56861],[8.78322,50.57735],[8.78167,50.58936],[8.76185,50.59293],[8.73993,50.58545],[8.75204,50.56511],[8.74246,50.55656]]]},"properties":{"plz":"35463","name":"35463 Fernwald"}},{"type":"Feature","geometry":{"type":"Polygon","coordinates":[[[8.57721,50.4163],[8.53944,50.41707],[8.51401,50.39889],[8.51591,50.39818],[8.53588,50.39167],[8.538,50.38127],[8.54588,50.37868],[8.54546,50.36943],[8.5616,50.37563],[8.5666,50.37156],[8.58339,50.37355],[8.59173,50.36846],[8.61081,50.37249],[8.62328,50.37074],[8.63742,50.37515],[8.66924,50.37672],[8.68651,50.39601],[8.70653,50.40149],[8.71682,50.40746],[8.71126,50.4296],[8.73678,50.4422],[8.72222,50.45204],[8.71052,50.44904],[8.69362,50.45643],[8.66696,50.45897],[8.68572,50.4832],[8.66912,50.48528],[8.64727,50.4838],[8.63312,50.47653],[8.62819,50.46254],[8.6109,50.46573],[8.58363,50.44672],[8.57421,50.44632],[8.59119,50.43458],[8.60211,50.43158],[8.59708,50.41951],[8.57721,50.4163]]]},"properties":{"plz":"35510","name":"35510 Butzbach"}},{"type":"Feature","geometry":{"type":"Polygon","coordinates":[[[8.80665,50.45664],[8.80256,50.46698],[8.79434,50.46958],[8.79394,50.47914],[8.78291,50.47883],[8.7679,50.47059],[8.7517,50.47206],[8.73683,50.4775],[8.71331,50.47464],[8.69939,50.47814],[8.68865,50.48701],[8.68572,50.4832],[8.66696,50.45897],[8.69362,50.45643],[8.71052,50.44904],[8.72222,50.45204],[8.73678,50.4422],[8.76132,50.43562],[8.78632,50.43298],[8.79924,50.4425],[8.7948,50.452],[8.80665,50.45664]]]},"properties":{"plz":"35516","name":"35516 Münzenberg"}},{"type":"Feature","geometry":{"type":"Polygon","coordinates":[[[8.71682,50.40746],[8.7197,50.40292],[8.76407,50.41179],[8.7683,50.40871],[8.79249,50.42435],[8.78632,50.43298],[8.76132,50.43562],[8.73678,50.4422],[8.71126,50.4296],[8.71682,50.40746]]]},"properties":{"plz":"35519","name":"35519 Rockenberg"}},{"type":"Feature","geometry":{"type":"Polygon","coordinates":[[[8.45939,50.57479],[8.45683,50.55608],[8.46624,50.55643],[8.47645,50.55639],[8.48899,50.5507],[8.51058,50.56522],[8.50809,50.57057],[8.52005,50.57504],[8.51133,50.57714],[8.50948,50.58988],[8.50526,50.58053],[8.4923,50.57336],[8.48899,50.57789],[8.47584,50.57453],[8.46423,50.57787],[8.45939,50.57479]]]},"properties":{"plz":"35576","name":"35576 Wetzlar"}},{"type":"Feature","geometry":{"type":"Polygon","coordinates":[[[8.46624,50.55643],[8.46326,50.53269],[8.46475,50.53224],[8.50045,50.5397],[8.50467,50.53202],[8.49688,50.52891],[8.51002,50.5187],[8.52165,50.52614],[8.53487,50.52709],[8.54351,50.53621],[8.56211,50.55856],[8.55059,50.56112],[8.52739,50.55781],[8.51058,50.56522],[8.48899,50.5507],[8.47645,50.55639],[8.46624,50.55643]]]},"properties":{"plz":"35578","name":"35578 Wetzlar"}},{"type":"Feature","geometry":{"type":"Polygon","coordinates":[[[8.45683,50.55608],[8.44388,50.55536],[8.44855,50.54422],[8.44502,50.53465],[8.45016,50.5305],[8.46326,50.53269],[8.46624,50.55643],[8.45683,50.55608]]]},"properties":{"plz":"35579","name":"35579 Wetzlar"}},{"type":"Feature","geometry":{"type":"Polygon","coordinates":[[[8.46475,50.53224],[8.48166,50.51813],[8.48081,50.50759],[8.4865,50.50937],[8.51002,50.5187],[8.49688,50.52891],[8.50467,50.53202],[8.50045,50.5397],[8.46475,50.53224]]]},"properties":{"plz":"35580","name":"35580 Wetzlar"}},{"type":"Feature","geometry":{"type":"Polygon","coordinates":[[[8.59396,50.54904],[8.58711,50.55713],[8.57027,50.56134],[8.56211,50.55856],[8.54351,50.53621],[8.55576,50.5354],[8.56665,50.54213],[8.58678,50.54157],[8.59396,50.54904]]]},"properties":{"plz":"35581","name":"35581 Wetzlar"}},{"type":"Feature","geometry":{"type":"Polygon","coordinates":[[[8.61891,50.56468],[8.60595,50.57138],[8.59238,50.56783],[8.58518,50.57456],[8.57027,50.56134],[8.58711,50.55713],[8.59396,50.54904],[8.60111,50.55013],[8.61322,50.56358],[8.61891,50.56468]]]},"properties":{"plz":"35582","name":"35582 Wetzlar"}},{"type":"Feature","geometry":{"type":"Polygon","coordinates":[[[8.51058,50.56522],[8.52739,50.55781],[8.55059,50.56112],[8.54517,50.57287],[8.53656,50.57772],[8.52005,50.57504],[8.50809,50.57057],[8.51058,50.56522]]]},"properties":{"plz":"35583","name":"35583 Wetzlar Garbeinheim"}},{"type":"Feature","geometry":{"type":"Polygon","coordinates":[[[8.45939,50.57479],[8.43677,50.57885],[8.41266,50.57402],[8.39042,50.57899],[8.39125,50.58235],[8.37883,50.58032],[8.3646,50.56594],[8.37585,50.56387],[8.37435,50.55401],[8.38363,50.54019],[8.39967,50.52449],[8.40636,50.51271],[8.42123,50.50917],[8.43311,50.51573],[8.44461,50.52034],[8.45016,50.5305],[8.44502,50.53465],[8.44855,50.54422],[8.44388,50.55536],[8.45683,50.55608],[8.45939,50.57479]]]},"properties":{"plz":"35606","name":"35606 Solms"}},{"type":"Feature","geometry":{"type":"Polygon","coordinates":[[[8.38363,50.54019],[8.3654,50.53823],[8.35109,50.53125],[8.33785,50.54097],[8.33354,50.5485],[8.32805,50.53591],[8.30987,50.52107],[8.32718,50.51455],[8.33329,50.51046],[8.35737,50.509],[8.3576,50.48812],[8.37312,50.48142],[8.37395,50.47513],[8.39304,50.45691],[8.40219,50.4594],[8.4148,50.4563],[8.42451,50.47106],[8.43552,50.4735],[8.4365,50.46631],[8.44289,50.46675],[8.4428,50.47617],[8.45143,50.48329],[8.44623,50.49198],[8.45205,50.4987],[8.43311,50.51573],[8.42123,50.50917],[8.40636,50.51271],[8.39967,50.52449],[8.38363,50.54019]]]},"properties":{"plz":"35619","name":"35619 Braunfels"}},{"type":"Feature","geometry":{"type":"Polygon","coordinates":[[[8.55576,50.5354],[8.54351,50.53621],[8.53487,50.52709],[8.52165,50.52614],[8.51002,50.5187],[8.4865,50.50937],[8.49728,50.4957],[8.52152,50.49571],[8.52775,50.4871],[8.53852,50.4814],[8.53541,50.47596],[8.5473,50.46961],[8.55225,50.4769],[8.56979,50.49077],[8.59029,50.49711],[8.59451,50.50368],[8.61744,50.49847],[8.63241,50.49979],[8.63437,50.50911],[8.65009,50.51475],[8.64497,50.52214],[8.61601,50.5267],[8.59436,50.52658],[8.57355,50.53359],[8.55576,50.5354]]]},"properties":{"plz":"35625","name":"35625 Hüttenberg"}},{"type":"Feature","geometry":{"type":"Polygon","coordinates":[[[8.37883,50.58032],[8.36206,50.58304],[8.35052,50.58383],[8.34004,50.57555],[8.31661,50.57365],[8.31318,50.56627],[8.30287,50.56772],[8.29847,50.5592],[8.27883,50.55343],[8.26687,50.55673],[8.2795,50.54621],[8.2842,50.53345],[8.30859,50.5259],[8.30987,50.52107],[8.32805,50.53591],[8.33354,50.5485],[8.33785,50.54097],[8.35109,50.53125],[8.3654,50.53823],[8.38363,50.54019],[8.37435,50.55401],[8.37585,50.56387],[8.3646,50.56594],[8.37883,50.58032]]]},"properties":{"plz":"35638","name":"35638 Leun"}},{"type":"Feature","geometry":{"type":"Polygon","coordinates":[[[8.5473,50.46961],[8.53541,50.47596],[8.53852,50.4814],[8.52775,50.4871],[8.52152,50.49571],[8.49728,50.4957],[8.4865,50.50937],[8.48081,50.50759],[8.48166,50.51813],[8.46475,50.53224],[8.46326,50.53269],[8.45016,50.5305],[8.44461,50.52034],[8.43311,50.51573],[8.45205,50.4987],[8.44623,50.49198],[8.45143,50.48329],[8.4428,50.47617],[8.44289,50.46675],[8.4669,50.46005],[8.47102,50.45542],[8.49035,50.45858],[8.50321,50.45362],[8.50687,50.46159],[8.53007,50.46942],[8.54454,50.46867],[8.5473,50.46961]]]},"properties":{"plz":"35641","name":"35641 Schöffengrund"}},{"type":"Feature","geometry":{"type":"Polygon","coordinates":[[[8.54454,50.46867],[8.53007,50.46942],[8.50687,50.46159],[8.50321,50.45362],[8.49035,50.45858],[8.47102,50.45542],[8.4669,50.46005],[8.44289,50.46675],[8.4365,50.46631],[8.42369,50.45252],[8.43523,50.43255],[8.46599,50.42024],[8.46739,50.41485],[8.47777,50.41232],[8.47419,50.4071],[8.48087,50.39986],[8.49053,50.40354],[8.49319,50.3953],[8.51401,50.39889],[8.53944,50.41707],[8.57721,50.4163],[8.56304,50.41897],[8.56224,50.42523],[8.54586,50.41861],[8.54488,50.4337],[8.52918,50.46676],[8.54454,50.46867]]]},"properties":{"plz":"35647","name":"35647 Waldolms"}},{"type":"Feature","geometry":{"type":"Polygon","coordinates":[[[8.32718,50.51455],[8.31475,50.51493],[8.30193,50.50446],[8.28801,50.50116],[8.28302,50.51319],[8.26709,50.50535],[8.22842,50.50889],[8.22107,50.50227],[8.22328,50.49545],[8.20628,50.4949],[8.1779,50.4801],[8.17088,50.47509],[8.18141,50.45821],[8.20606,50.46075],[8.2169,50.45634],[8.22375,50.46223],[8.2377,50.45742],[8.23924,50.45184],[8.24726,50.45243],[8.26601,50.46582],[8.27865,50.46156],[8.29235,50.46359],[8.32769,50.47745],[8.34353,50.47891],[8.35359,50.47555],[8.37395,50.47513],[8.37312,50.48142],[8.3576,50.48812],[8.35737,50.509],[8.33329,50.51046],[8.32718,50.51455]]]},"properties":{"plz":"35781","name":"35781 Weilburg"}},{"type":"Feature","geometry":{"type":"Polygon","coordinates":[[[8.37395,50.47513],[8.35359,50.47555],[8.33793,50.4638],[8.3063,50.45605],[8.31179,50.44843],[8.32464,50.44255],[8.31585,50.43261],[8.33075,50.428],[8.32601,50.42371],[8.32414,50.40642],[8.30381,50.39457],[8.29117,50.39145],[8.29865,50.38334],[8.29737,50.37039],[8.31578,50.3691],[8.33108,50.37598],[8.36089,50.37965],[8.38957,50.38725],[8.39202,50.40441],[8.40497,50.3977],[8.4309,50.40742],[8.44639,50.40742],[8.44635,50.41131],[8.46739,50.41485],[8.46599,50.42024],[8.43523,50.43255],[8.42369,50.45252],[8.4365,50.46631],[8.43552,50.4735],[8.42451,50.47106],[8.4148,50.4563],[8.40219,50.4594],[8.39304,50.45691],[8.37395,50.47513]]]},"properties":{"plz":"35789","name":"35789 Weilmünster"}},{"type":"Feature","geometry":{"type":"Polygon","coordinates":[[[8.30987,50.52107],[8.30859,50.5259],[8.2842,50.53345],[8.2795,50.54621],[8.26687,50.55673],[8.25822,50.57385],[8.23824,50.57796],[8.22995,50.58591],[8.22072,50.58226],[8.20576,50.56481],[8.21877,50.56116],[8.23694,50.54458],[8.22191,50.53376],[8.23411,50.52475],[8.22118,50.52358],[8.22,50.51433],[8.22842,50.50889],[8.26709,50.50535],[8.28302,50.51319],[8.28801,50.50116],[8.30193,50.50446],[8.31475,50.51493],[8.32718,50.51455],[8.30987,50.52107]]]},"properties":{"plz":"35792","name":"35792 Löhnberg"}},{"type":"Feature","geometry":{"type":"Polygon","coordinates":[[[8.23924,50.45184],[8.23006,50.4401],[8.25093,50.44029],[8.25134,50.4241],[8.26646,50.42314],[8.26935,50.408],[8.28402,50.40658],[8.2758,50.40119],[8.29117,50.39145],[8.30381,50.39457],[8.32414,50.40642],[8.32601,50.42371],[8.33075,50.428],[8.31585,50.43261],[8.32464,50.44255],[8.31179,50.44843],[8.3063,50.45605],[8.33793,50.4638],[8.35359,50.47555],[8.34353,50.47891],[8.32769,50.47745],[8.29235,50.46359],[8.27865,50.46156],[8.26601,50.46582],[8.24726,50.45243],[8.23924,50.45184]]]},"properties":{"plz":"35796","name":"35796 Weinbach"}},{"type":"Feature","geometry":{"type":"Polygon","coordinates":[[[8.22842,50.50889],[8.22,50.51433],[8.22118,50.52358],[8.23411,50.52475],[8.22191,50.53376],[8.18317,50.53544],[8.16659,50.54455],[8.15601,50.53406],[8.16006,50.52918],[8.1664,50.52344],[8.15689,50.5173],[8.1595,50.49953],[8.1778,50.49109],[8.1779,50.4801],[8.20628,50.4949],[8.22328,50.49545],[8.22107,50.50227],[8.22842,50.50889]]]},"properties":{"plz":"35799","name":"35799 Merenberg"}},{"type":"Feature","geometry":{"type":"Polygon","coordinates":[[[8.25755,50.00167],[8.26014,50.00013],[8.26762,49.99427],[8.28392,49.99246],[8.28753,49.99567],[8.27948,50.00337],[8.27338,50.00963],[8.25755,50.00167]]]},"properties":{"plz":"55116","name":"55116 Mainz"}},{"type":"Feature","geometry":{"type":"Polygon","coordinates":[[[8.27338,50.00963],[8.26593,50.01461],[8.25779,50.0139],[8.24527,50.02005],[8.24332,50.0157],[8.25755,50.00167],[8.27338,50.00963]]]},"properties":{"plz":"55118","name":"55118 Mainz"}},{"type":"Feature","geometry":{"type":"Polygon","coordinates":[[[8.26593,50.01461],[8.25418,50.02194],[8.23589,50.03061],[8.21225,50.03296],[8.19,50.0353],[8.20429,50.02789],[8.19646,50.01678],[8.20976,50.01028],[8.21737,50.01135],[8.22345,50.00987],[8.23898,50.01783],[8.24332,50.0157],[8.24527,50.02005],[8.25779,50.0139],[8.26593,50.01461]]]},"properties":{"plz":"55120","name":"55120 Mainz"}},{"type":"Feature","geometry":{"type":"Polygon","coordinates":[[[8.25755,50.00167],[8.24332,50.0157],[8.23898,50.01783],[8.22345,50.00987],[8.21737,50.01135],[8.21444,50.00417],[8.22724,49.99286],[8.24723,49.99716],[8.26014,50.00013],[8.25755,50.00167]]]},"properties":{"plz":"55122","name":"55122 Mainz"}},{"type":"Feature","geometry":{"type":"Polygon","coordinates":[[[8.19646,50.01678],[8.18254,50.00605],[8.18352,50],[8.19553,49.98746],[8.22724,49.99286],[8.21444,50.00417],[8.21737,50.01135],[8.20976,50.01028],[8.19646,50.01678]]]},"properties":{"plz":"55124","name":"55124 Mainz"}},{"type":"Feature","geometry":{"type":"Polygon","coordinates":[[[8.18254,50.00605],[8.16184,50.00325],[8.15089,49.99433],[8.15399,49.98805],[8.14283,49.97866],[8.14878,49.96379],[8.17973,49.96757],[8.17711,49.97429],[8.19258,49.98205],[8.20475,49.98355],[8.19553,49.98746],[8.18352,50],[8.18254,50.00605]]]},"properties":{"plz":"55126","name":"55126 Mainz"}},{"type":"Feature","geometry":{"type":"Polygon","coordinates":[[[8.17973,49.96757],[8.18962,49.95133],[8.20222,49.95702],[8.2241,49.95317],[8.22721,49.94796],[8.2433,49.94735],[8.23575,49.96162],[8.23926,49.96473],[8.22018,49.96911],[8.20475,49.98355],[8.19258,49.98205],[8.17711,49.97429],[8.17973,49.96757]]]},"properties":{"plz":"55127","name":"55127 Mainz"}},{"type":"Feature","geometry":{"type":"Polygon","coordinates":[[[8.22724,49.99286],[8.19553,49.98746],[8.20475,49.98355],[8.22018,49.96911],[8.23926,49.96473],[8.26582,49.97153],[8.26393,49.97885],[8.25533,49.9884],[8.24449,49.98934],[8.24723,49.99716],[8.22724,49.99286]]]},"properties":{"plz":"55128","name":"55128 Mainz"}},{"type":"Feature","geometry":{"type":"Polygon","coordinates":[[[8.2433,49.94735],[8.24484,49.93961],[8.22836,49.92102],[8.22857,49.89999],[8.24864,49.89553],[8.25313,49.89686],[8.25275,49.90468],[8.26139,49.90953],[8.26075,49.91717],[8.27165,49.92686],[8.27974,49.9313],[8.2802,49.94103],[8.29608,49.94201],[8.29746,49.94845],[8.29716,49.96879],[8.28663,49.96872],[8.28095,49.97611],[8.26393,49.97885],[8.26582,49.97153],[8.23926,49.96473],[8.23575,49.96162],[8.2433,49.94735]]]},"properties":{"plz":"55129","name":"55129 Mainz Ebersheim, Hechtsheim"}},{"type":"Feature","geometry":{"type":"Polygon","coordinates":[[[8.29746,49.94845],[8.30911,49.94773],[8.30771,49.9409],[8.32611,49.94551],[8.33337,49.93853],[8.34226,49.93978],[8.34051,49.95405],[8.3329,49.96461],[8.2993,49.98878],[8.27981,49.98238],[8.28095,49.97611],[8.28663,49.96872],[8.29716,49.96879],[8.29746,49.94845]]]},"properties":{"plz":"55130","name":"55130 Mainz"}},{"type":"Feature","geometry":{"type":"Polygon","coordinates":[[[8.26014,50.00013],[8.24723,49.99716],[8.24449,49.98934],[8.25533,49.9884],[8.26393,49.97885],[8.28095,49.97611],[8.27981,49.98238],[8.2993,49.98878],[8.29097,49.99328],[8.28753,49.99567],[8.28392,49.99246],[8.26762,49.99427],[8.26014,50.00013]]]},"properties":{"plz":"55131","name":"55131 Mainz"}},{"type":"Feature","geometry":{"type":"Polygon","coordinates":[[[7.97698,49.98047],[7.98426,49.96714],[7.99911,49.96525],[8.00456,49.96935],[8.02312,49.97228],[8.03124,49.96122],[8.04307,49.95394],[8.03678,49.94121],[8.05452,49.92992],[8.06156,49.93275],[8.07944,49.93187],[8.08647,49.9391],[8.12101,49.95583],[8.1378,49.9591],[8.11907,49.96134],[8.11079,49.96854],[8.10443,49.98528],[8.09605,49.99474],[8.08703,49.99542],[8.07882,50.00689],[8.07601,50.0064],[8.05454,50.00505],[8.0372,50.00319],[7.98519,49.98347],[7.97698,49.98047]]]},"properties":{"plz":"55218","name":"55218 Ingelheim am Rhein"}},{"type":"Feature","geometry":{"type":"MultiPolygon","coordinates":[[[[8.05935,49.76306],[8.06017,49.75344],[8.04581,49.75013],[8.04159,49.73867],[8.05249,49.72794],[8.06034,49.73095],[8.07265,49.72153],[8.08996,49.72282],[8.11467,49.73115],[8.11732,49.72501],[8.12791,49.73196],[8.1362,49.73158],[8.15372,49.72194],[8.16632,49.72495],[8.16443,49.73911],[8.15561,49.74702],[8.15909,49.75309],[8.14883,49.76666],[8.14277,49.76288],[8.10826,49.76215],[8.1006,49.77237],[8.08758,49.77167],[8.06544,49.7709],[8.05935,49.76306]]],[[[8.09923,49.81019],[8.08603,49.80849],[8.08611,49.8017],[8.09988,49.79126],[8.11522,49.7926],[8.12061,49.80523],[8.11118,49.81414],[8.09923,49.81019]]]]},"properties":{"plz":"55232","name":"55232 Alzey"}},{"type":"Feature","geometry":{"type":"MultiPolygon","coordinates":[[[[8.07265,49.72153],[8.07235,49.71677],[8.0506,49.70291],[8.05941,49.6951],[8.07579,49.69851],[8.09061,49.69519],[8.10211,49.6985],[8.11058,49.67921],[8.11797,49.68157],[8.12096,49.67071],[8.13233,49.67369],[8.14587,49.66103],[8.15039,49.6612],[8.17178,49.66735],[8.18503,49.67297],[8.17819,49.68366],[8.1723,49.68306],[8.17119,49.69305],[8.21029,49.71148],[8.22909,49.71938],[8.24935,49.71961],[8.24507,49.73012],[8.21043,49.73441],[8.20359,49.74842],[8.21517,49.7559],[8.20059,49.76093],[8.19063,49.77069],[8.18067,49.76494],[8.15607,49.77773],[8.15743,49.78633],[8.16738,49.79408],[8.18384,49.79855],[8.19214,49.79098],[8.22835,49.80273],[8.23561,49.80624],[8.23297,49.82273],[8.19546,49.82264],[8.18114,49.81641],[8.1481,49.80688],[8.13565,49.79331],[8.11522,49.7926],[8.09988,49.79126],[8.09114,49.78359],[8.08758,49.77167],[8.1006,49.77237],[8.10826,49.76215],[8.14277,49.76288],[8.14883,49.76666],[8.15909,49.75309],[8.15561,49.74702],[8.16443,49.73911],[8.16632,49.72495],[8.15372,49.72194],[8.1362,49.73158],[8.12791,49.73196],[8.11732,49.72501],[8.11467,49.73115],[8.08996,49.72282],[8.07265,49.72153]]],[[[8.05935,49.76306],[8.04918,49.76949],[8.01989,49.77426],[8.01234,49.7697],[7.99594,49.78308],[7.97402,49.77145],[7.96451,49.76224],[7.9485,49.75548],[7.94926,49.7467],[7.94139,49.73142],[7.96454,49.72751],[7.96996,49.71775],[7.96514,49.71228],[7.96039,49.70143],[7.98509,49.6964],[8.02754,49.71485],[8.02939,49.72008],[8.05249,49.72794],[8.04159,49.73867],[8.04581,49.75013],[8.06017,49.75344],[8.05935,49.76306]]]]},"properties":{"plz":"55234","name":"55234 Albig"}},{"type":"Feature","geometry":{"type":"Polygon","coordinates":[[[8.08758,49.77167],[8.09114,49.78359],[8.09988,49.79126],[8.08611,49.8017],[8.05634,49.79951],[8.03098,49.80864],[8.02684,49.81446],[8.01973,49.81323],[8.0142,49.80905],[8.01768,49.80532],[7.99594,49.78308],[8.01234,49.7697],[8.01989,49.77426],[8.04918,49.76949],[8.05935,49.76306],[8.06544,49.7709],[8.08758,49.77167]]]},"properties":{"plz":"55237","name":"55237 Flonheim"}},{"type":"Feature","geometry":{"type":"Polygon","coordinates":[[[8.21517,49.7559],[8.23292,49.76022],[8.23387,49.76839],[8.23282,49.78883],[8.22559,49.79789],[8.22835,49.80273],[8.19214,49.79098],[8.18384,49.79855],[8.16738,49.79408],[8.15743,49.78633],[8.15607,49.77773],[8.18067,49.76494],[8.19063,49.77069],[8.20059,49.76093],[8.21517,49.7559]]]},"properties":{"plz":"55239","name":"55239 Gau-Odernheim"}},{"type":"Feature","geometry":{"type":"Polygon","coordinates":[[[8.28753,49.99567],[8.29097,49.99328],[8.31606,50.00188],[8.33038,50.00078],[8.33271,50.0264],[8.32603,50.02514],[8.31428,50.03307],[8.29953,50.0237],[8.30464,50.0167],[8.29076,50.01064],[8.28887,50.00399],[8.27948,50.00337],[8.28753,49.99567]]]},"properties":{"plz":"55246","name":"55246 Wiesbaden"}},{"type":"Feature","geometry":{"type":"Polygon","coordinates":[[[8.27948,50.00337],[8.28887,50.00399],[8.29076,50.01064],[8.30464,50.0167],[8.29953,50.0237],[8.31428,50.03307],[8.30913,50.0402],[8.28905,50.04224],[8.28276,50.03984],[8.28358,50.03199],[8.27325,50.03273],[8.25418,50.02194],[8.26593,50.01461],[8.27338,50.00963],[8.27948,50.00337]]]},"properties":{"plz":"55252","name":"55252 Mainz-Kastel"}},{"type":"Feature","geometry":{"type":"Polygon","coordinates":[[[8.19,50.0353],[8.17523,50.03411],[8.15899,50.0298],[8.14467,50.02705],[8.15404,50.02071],[8.15281,50.01334],[8.16184,50.00325],[8.18254,50.00605],[8.19646,50.01678],[8.20429,50.02789],[8.19,50.0353]]]},"properties":{"plz":"55257","name":"55257 Budenheim"}},{"type":"Feature","geometry":{"type":"Polygon","coordinates":[[[8.16184,50.00325],[8.15281,50.01334],[8.15404,50.02071],[8.14467,50.02705],[8.10911,50.018],[8.07882,50.00689],[8.08703,49.99542],[8.09605,49.99474],[8.10443,49.98528],[8.13827,49.98225],[8.14283,49.97866],[8.15399,49.98805],[8.15089,49.99433],[8.16184,50.00325]]]},"properties":{"plz":"55262","name":"55262 Heidesheim am Rhein"}},{"type":"Feature","geometry":{"type":"Polygon","coordinates":[[[8.14283,49.97866],[8.13827,49.98225],[8.10443,49.98528],[8.11079,49.96854],[8.11907,49.96134],[8.1378,49.9591],[8.14878,49.96379],[8.14283,49.97866]]]},"properties":{"plz":"55263","name":"55263 Wackernheim"}},{"type":"Feature","geometry":{"type":"Polygon","coordinates":[[[8.22836,49.92102],[8.20818,49.91644],[8.18922,49.91523],[8.17393,49.91831],[8.18224,49.902],[8.17677,49.89974],[8.18348,49.88927],[8.19315,49.87971],[8.19149,49.88817],[8.21546,49.88774],[8.21891,49.89569],[8.22857,49.89999],[8.22836,49.92102]]]},"properties":{"plz":"55268","name":"55268 Nieder-Olm"}},{"type":"Feature","geometry":{"type":"MultiPolygon","coordinates":[[[[8.14878,49.96379],[8.1378,49.9591],[8.12101,49.95583],[8.08647,49.9391],[8.07944,49.93187],[8.06156,49.93275],[8.05452,49.92992],[8.05928,49.91241],[8.0503,49.9085],[8.04499,49.89838],[8.05114,49.89098],[8.04109,49.88874],[8.04774,49.88404],[8.08963,49.88866],[8.1191,49.8995],[8.12284,49.90909],[8.10592,49.91752],[8.11576,49.93125],[8.13524,49.93772],[8.1398,49.94671],[8.14512,49.92851],[8.14136,49.91299],[8.16198,49.91255],[8.17393,49.91831],[8.18922,49.91523],[8.20818,49.91644],[8.22836,49.92102],[8.24484,49.93961],[8.2433,49.94735],[8.22721,49.94796],[8.2241,49.95317],[8.20222,49.95702],[8.18962,49.95133],[8.17973,49.96757],[8.14878,49.96379]]],[[[8.22857,49.89999],[8.21891,49.89569],[8.21546,49.88774],[8.19149,49.88817],[8.19315,49.87971],[8.196,49.86874],[8.2049,49.86676],[8.21266,49.87367],[8.24721,49.88145],[8.24864,49.89553],[8.22857,49.89999]]]]},"properties":{"plz":"55270","name":"55270 Ober-Olm"}},{"type":"Feature","geometry":{"type":"Polygon","coordinates":[[[8.17393,49.91831],[8.16198,49.91255],[8.14136,49.91299],[8.14512,49.92851],[8.1398,49.94671],[8.13524,49.93772],[8.11576,49.93125],[8.10592,49.91752],[8.12284,49.90909],[8.1191,49.8995],[8.12211,49.89565],[8.12776,49.89056],[8.15988,49.89369],[8.16081,49.89871],[8.17677,49.89974],[8.18224,49.902],[8.17393,49.91831]]]},"properties":{"plz":"55271","name":"55271 Stadecken-Elsheim"}},{"type":"Feature","geometry":{"type":"Polygon","coordinates":[[[8.33257,49.85225],[8.3266,49.84474],[8.32307,49.83019],[8.31379,49.828],[8.31534,49.82107],[8.3267,49.82128],[8.33855,49.80981],[8.34164,49.81973],[8.36266,49.8198],[8.37776,49.82763],[8.38531,49.84919],[8.37927,49.85964],[8.35839,49.86373],[8.35383,49.8579],[8.33257,49.85225]]]},"properties":{"plz":"55276","name":"55276 Oppenheim"}},{"type":"Feature","geometry":{"type":"MultiPolygon","coordinates":[[[[8.24864,49.89553],[8.24721,49.88145],[8.21266,49.87367],[8.2049,49.86676],[8.21467,49.85289],[8.20681,49.84536],[8.18913,49.84234],[8.19546,49.82264],[8.23297,49.82273],[8.23561,49.80624],[8.22835,49.80273],[8.22559,49.79789],[8.23282,49.78883],[8.26147,49.78764],[8.27438,49.78923],[8.28119,49.78558],[8.28813,49.78782],[8.31216,49.78329],[8.31573,49.78412],[8.31158,49.79307],[8.31534,49.82107],[8.31379,49.828],[8.32307,49.83019],[8.3266,49.84474],[8.33257,49.85225],[8.32004,49.8577],[8.30444,49.85017],[8.28259,49.84517],[8.27659,49.86601],[8.29621,49.87039],[8.28957,49.87847],[8.29119,49.88769],[8.27767,49.89839],[8.25313,49.89686],[8.24864,49.89553]]],[[[8.33855,49.80981],[8.36072,49.81152],[8.38459,49.81734],[8.37776,49.82763],[8.36266,49.8198],[8.34164,49.81973],[8.33855,49.80981]]]]},"properties":{"plz":"55278","name":"55278 Mommenheim"}},{"type":"Feature","geometry":{"type":"Polygon","coordinates":[[[8.35839,49.86373],[8.34679,49.87282],[8.34117,49.88437],[8.34854,49.90185],[8.33157,49.89695],[8.31899,49.89],[8.28957,49.87847],[8.29621,49.87039],[8.27659,49.86601],[8.28259,49.84517],[8.30444,49.85017],[8.32004,49.8577],[8.33257,49.85225],[8.35383,49.8579],[8.35839,49.86373]]]},"properties":{"plz":"55283","name":"55283 Nierstein"}},{"type":"Feature","geometry":{"type":"Polygon","coordinates":[[[8.11118,49.81414],[8.11415,49.82098],[8.14358,49.82437],[8.14918,49.83206],[8.14567,49.84595],[8.12682,49.85903],[8.11413,49.85925],[8.10668,49.86713],[8.0967,49.86594],[8.06899,49.85197],[8.08186,49.83872],[8.07024,49.83451],[8.07277,49.82903],[8.08372,49.81729],[8.09923,49.81019],[8.11118,49.81414]]]},"properties":{"plz":"55286","name":"55286 Wörrstadt"}},{"type":"Feature","geometry":{"type":"MultiPolygon","coordinates":[[[[8.11522,49.7926],[8.13565,49.79331],[8.1481,49.80688],[8.18114,49.81641],[8.19546,49.82264],[8.18913,49.84234],[8.20681,49.84536],[8.21467,49.85289],[8.2049,49.86676],[8.196,49.86874],[8.19315,49.87971],[8.18348,49.88927],[8.15064,49.85575],[8.14567,49.84595],[8.14918,49.83206],[8.14358,49.82437],[8.11415,49.82098],[8.11118,49.81414],[8.12061,49.80523],[8.11522,49.7926]]],[[[8.09923,49.81019],[8.08372,49.81729],[8.07277,49.82903],[8.05432,49.82622],[8.04969,49.81617],[8.03867,49.8185],[8.02684,49.81446],[8.03098,49.80864],[8.05634,49.79951],[8.08611,49.8017],[8.08603,49.80849],[8.09923,49.81019]]],[[[8.04774,49.88404],[8.06513,49.8713],[8.07482,49.86886],[8.09333,49.87011],[8.10882,49.8743],[8.11609,49.88016],[8.11532,49.8886],[8.12211,49.89565],[8.1191,49.8995],[8.08963,49.88866],[8.04774,49.88404]]]]},"properties":{"plz":"55288","name":"55288 Armsheim"}},{"type":"Feature","geometry":{"type":"Polygon","coordinates":[[[8.17677,49.89974],[8.16081,49.89871],[8.15988,49.89369],[8.12776,49.89056],[8.12211,49.89565],[8.11532,49.8886],[8.11609,49.88016],[8.10882,49.8743],[8.09333,49.87011],[8.0967,49.86594],[8.10668,49.86713],[8.11413,49.85925],[8.12682,49.85903],[8.14567,49.84595],[8.15064,49.85575],[8.18348,49.88927],[8.17677,49.89974]]]},"properties":{"plz":"55291","name":"55291 Saulheim"}},{"type":"Feature","geometry":{"type":"Polygon","coordinates":[[[8.27165,49.92686],[8.28427,49.92208],[8.2971,49.90783],[8.3072,49.90888],[8.324,49.91552],[8.32923,49.92599],[8.34815,49.92978],[8.34619,49.93348],[8.34226,49.93978],[8.33337,49.93853],[8.32611,49.94551],[8.30771,49.9409],[8.30911,49.94773],[8.29746,49.94845],[8.29608,49.94201],[8.2802,49.94103],[8.27974,49.9313],[8.27165,49.92686]]]},"properties":{"plz":"55294","name":"55294 Bodenheim"}},{"type":"Feature","geometry":{"type":"Polygon","coordinates":[[[8.25313,49.89686],[8.27767,49.89839],[8.29119,49.88769],[8.28957,49.87847],[8.31899,49.89],[8.3072,49.90888],[8.2971,49.90783],[8.28427,49.92208],[8.27165,49.92686],[8.26075,49.91717],[8.26139,49.90953],[8.25275,49.90468],[8.25313,49.89686]]]},"properties":{"plz":"55296","name":"55296 Harxheim"}},{"type":"Feature","geometry":{"type":"Polygon","coordinates":[[[8.34854,49.90185],[8.35466,49.91455],[8.34815,49.92978],[8.32923,49.92599],[8.324,49.91552],[8.3072,49.90888],[8.31899,49.89],[8.33157,49.89695],[8.34854,49.90185]]]},"properties":{"plz":"55299","name":"55299 Nackenheim"}},{"type":"Feature","geometry":{"type":"Polygon","coordinates":[[[7.97698,49.98047],[7.94692,49.97501],[7.88772,49.97181],[7.87018,49.97579],[7.86446,49.97191],[7.87496,49.96044],[7.88463,49.96291],[7.89286,49.95665],[7.90305,49.94077],[7.89784,49.93031],[7.89737,49.91986],[7.92519,49.91837],[7.94247,49.9207],[7.94288,49.91295],[7.96069,49.91312],[7.97222,49.91383],[7.99519,49.92111],[8.00248,49.92561],[7.99248,49.92406],[7.98624,49.93335],[7.98064,49.92836],[7.97018,49.93637],[7.95936,49.92997],[7.95249,49.95159],[7.9923,49.9551],[7.98426,49.96714],[7.97698,49.98047]]]},"properties":{"plz":"55411","name":"55411 Bingen am Rhein"}},{"type":"Feature","geometry":{"type":"Polygon","coordinates":[[[7.89286,49.95665],[7.87612,49.95412],[7.86948,49.94644],[7.84918,49.94837],[7.84556,49.94302],[7.89784,49.93031],[7.90305,49.94077],[7.89286,49.95665]]]},"properties":{"plz":"55424","name":"55424 Münster-Sarmsheim"}},{"type":"Feature","geometry":{"type":"Polygon","coordinates":[[[7.98426,49.96714],[7.9923,49.9551],[8.0009,49.9397],[7.98624,49.93335],[7.99248,49.92406],[8.00248,49.92561],[8.02642,49.93865],[8.03678,49.94121],[8.04307,49.95394],[8.03124,49.96122],[8.02312,49.97228],[8.00456,49.96935],[7.99911,49.96525],[7.98426,49.96714]]]},"properties":{"plz":"55435","name":"55435 Gau-Algesheim"}},{"type":"Feature","geometry":{"type":"MultiPolygon","coordinates":[[[[8.03678,49.94121],[8.02642,49.93865],[8.00248,49.92561],[7.99519,49.92111],[8.01452,49.90976],[7.99376,49.90178],[7.99146,49.89297],[8.00145,49.8959],[8.02362,49.88714],[8.04109,49.88874],[8.05114,49.89098],[8.04499,49.89838],[8.0503,49.9085],[8.05928,49.91241],[8.05452,49.92992],[8.03678,49.94121]]],[[[7.98624,49.93335],[8.0009,49.9397],[7.9923,49.9551],[7.95249,49.95159],[7.95936,49.92997],[7.97018,49.93637],[7.98064,49.92836],[7.98624,49.93335]]]]},"properties":{"plz":"55437","name":"55437 Ockenheim"}},{"type":"Feature","geometry":{"type":"Polygon","coordinates":[[[7.83291,49.91358],[7.83992,49.90759],[7.85856,49.90364],[7.86545,49.89832],[7.88092,49.89826],[7.88365,49.8905],[7.91303,49.88285],[7.91929,49.88541],[7.91346,49.90318],[7.90871,49.91282],[7.90479,49.91012],[7.87416,49.91485],[7.86488,49.92128],[7.85551,49.92169],[7.83291,49.91358]]]},"properties":{"plz":"55450","name":"55450 Langenlonsheim"}},{"type":"Feature","geometry":{"type":"Polygon","coordinates":[[[7.94288,49.91295],[7.91346,49.90318],[7.91929,49.88541],[7.91949,49.88181],[7.93356,49.8778],[7.94554,49.8797],[7.95688,49.88467],[7.98345,49.89005],[7.96069,49.91312],[7.94288,49.91295]]]},"properties":{"plz":"55457","name":"55457 Gensingen"}},{"type":"Feature","geometry":{"type":"MultiPolygon","coordinates":[[[[7.96069,49.91312],[7.98345,49.89005],[7.99146,49.89297],[7.99376,49.90178],[8.01452,49.90976],[7.99519,49.92111],[7.97222,49.91383],[7.96069,49.91312]]],[[[7.89737,49.91986],[7.90871,49.91282],[7.91346,49.90318],[7.94288,49.91295],[7.94247,49.9207],[7.92519,49.91837],[7.89737,49.91986]]]]},"properties":{"plz":"55459","name":"55459 Aspisheim, Grolsheim"}},{"type":"Feature","geometry":{"type":"Polygon","coordinates":[[[7.88365,49.8905],[7.86765,49.88968],[7.86247,49.88195],[7.87831,49.88144],[7.8728,49.87623],[7.88935,49.86297],[7.90764,49.87721],[7.91949,49.88181],[7.91929,49.88541],[7.91303,49.88285],[7.88365,49.8905]]]},"properties":{"plz":"55559","name":"55559 Bretzenheim"}},{"type":"Feature","geometry":{"type":"Polygon","coordinates":[[[7.99146,49.89297],[7.98345,49.89005],[7.95688,49.88467],[7.94554,49.8797],[7.97039,49.85469],[7.95505,49.84725],[7.95256,49.84188],[7.93896,49.83521],[7.94165,49.82375],[7.9507,49.82528],[7.97163,49.83567],[7.97627,49.8302],[7.99439,49.835],[7.99253,49.84344],[8.00294,49.84195],[8.01542,49.85228],[8.02018,49.85645],[8.00467,49.86157],[8.00995,49.88316],[8.02362,49.88714],[8.00145,49.8959],[7.99146,49.89297]]]},"properties":{"plz":"55576","name":"55576 Sprendlingen"}},{"type":"Feature","geometry":{"type":"Polygon","coordinates":[[[8.02684,49.81446],[8.03867,49.8185],[8.04969,49.81617],[8.05432,49.82622],[8.07277,49.82903],[8.07024,49.83451],[8.08186,49.83872],[8.06899,49.85197],[8.0967,49.86594],[8.09333,49.87011],[8.07482,49.86886],[8.06513,49.8713],[8.04774,49.88404],[8.04109,49.88874],[8.02362,49.88714],[8.00995,49.88316],[8.00467,49.86157],[8.02018,49.85645],[8.01542,49.85228],[8.03343,49.84797],[8.03542,49.83189],[8.04208,49.828],[8.01591,49.81764],[8.01973,49.81323],[8.02684,49.81446]]]},"properties":{"plz":"55578","name":"55578 Wallertheim"}},{"type":"Feature","geometry":{"type":"Polygon","coordinates":[[[8.01973,49.81323],[8.01591,49.81764],[8.00002,49.83355],[7.99439,49.835],[7.97627,49.8302],[7.97163,49.83567],[7.9507,49.82528],[7.94165,49.82375],[7.94412,49.8181],[7.92767,49.81135],[7.9243,49.8054],[7.93299,49.80076],[7.97683,49.80869],[7.98409,49.80578],[8.0142,49.80905],[8.01973,49.81323]]]},"properties":{"plz":"55597","name":"55597 Wöllstein"}},{"type":"Feature","geometry":{"type":"MultiPolygon","coordinates":[[[[7.99594,49.78308],[8.01768,49.80532],[8.0142,49.80905],[7.98409,49.80578],[7.97683,49.80869],[7.93299,49.80076],[7.92911,49.78797],[7.93523,49.77699],[7.93461,49.76796],[7.91855,49.7628],[7.91865,49.75321],[7.90564,49.75211],[7.91737,49.74328],[7.93774,49.75356],[7.9485,49.75548],[7.96451,49.76224],[7.97402,49.77145],[7.99594,49.78308]]],[[[7.99439,49.835],[8.00002,49.83355],[8.01591,49.81764],[8.04208,49.828],[8.03542,49.83189],[8.03343,49.84797],[8.01542,49.85228],[8.00294,49.84195],[7.99253,49.84344],[7.99439,49.835]]]]},"properties":{"plz":"55599","name":"55599 Gau-Bickelheim"}},{"type":"Feature","geometry":{"type":"Polygon","coordinates":[[[7.7421,50.2558],[7.75504,50.25065],[7.76009,50.23779],[7.73414,50.23117],[7.71786,50.22314],[7.70702,50.20988],[7.7161,50.20009],[7.71194,50.19391],[7.6988,50.18267],[7.70964,50.17836],[7.70155,50.1723],[7.71255,50.15723],[7.73128,50.15914],[7.74632,50.16486],[7.75211,50.16156],[7.75712,50.15839],[7.75058,50.14495],[7.76077,50.13526],[7.77699,50.14851],[7.79989,50.14319],[7.81562,50.14404],[7.82466,50.13784],[7.84202,50.13619],[7.84718,50.12382],[7.86039,50.12748],[7.8658,50.12059],[7.88443,50.1144],[7.90449,50.12156],[7.92546,50.10124],[7.92983,50.10372],[7.92423,50.11502],[7.92221,50.13428],[7.93255,50.1439],[7.91167,50.15199],[7.87007,50.14902],[7.8701,50.15359],[7.84973,50.15579],[7.83247,50.1748],[7.84659,50.18044],[7.84083,50.2089],[7.85768,50.21179],[7.87293,50.20019],[7.88066,50.1985],[7.90656,50.20165],[7.92029,50.20785],[7.94762,50.20994],[7.95125,50.21427],[7.90786,50.23375],[7.92039,50.24191],[7.9185,50.25356],[7.91155,50.25377],[7.89507,50.2535],[7.87948,50.24845],[7.88914,50.25963],[7.87898,50.26447],[7.87683,50.2734],[7.8911,50.27755],[7.89351,50.27354],[7.90533,50.28118],[7.88993,50.28782],[7.87355,50.28054],[7.87403,50.27542],[7.85758,50.2665],[7.85396,50.26286],[7.85087,50.24328],[7.82646,50.2407],[7.82109,50.24883],[7.83343,50.25442],[7.83158,50.25912],[7.81573,50.26646],[7.80366,50.26806],[7.79826,50.28102],[7.80072,50.28657],[7.79474,50.28993],[7.77721,50.28179],[7.77256,50.27273],[7.75829,50.27225],[7.74785,50.27283],[7.7665,50.26125],[7.76142,50.25252],[7.74591,50.25766],[7.74289,50.26333],[7.7421,50.2558]],[[7.80962,50.20546],[7.81607,50.21275],[7.8331,50.21143],[7.83233,50.20224],[7.82051,50.19382],[7.80962,50.20546]],[[7.85744,50.23042],[7.86138,50.24005],[7.87998,50.24283],[7.88677,50.226],[7.86413,50.22333],[7.85744,50.23042]]]},"properties":{"plz":"56357","name":"56357 Miehlen u.a."}},{"type":"Feature","geometry":{"type":"Polygon","coordinates":[[[7.91155,50.25377],[7.92885,50.25755],[7.94283,50.25423],[7.94582,50.2583],[7.96558,50.2614],[7.9778,50.24663],[7.98977,50.25088],[8.00241,50.2505],[8.02176,50.25816],[8.03349,50.26435],[8.02756,50.26921],[8.01673,50.26799],[7.98809,50.2584],[7.99007,50.27352],[8.02649,50.28329],[8.01461,50.29123],[7.99679,50.29566],[7.99646,50.28103],[7.97964,50.27788],[7.96035,50.29691],[7.94949,50.29767],[7.91532,50.27246],[7.90533,50.28118],[7.89351,50.27354],[7.8911,50.27755],[7.87683,50.2734],[7.87898,50.26447],[7.88914,50.25963],[7.87948,50.24845],[7.89507,50.2535],[7.91155,50.25377]]]},"properties":{"plz":"56368","name":"56368 Katzenelnbogen"}},{"type":"Feature","geometry":{"type":"MultiPolygon","coordinates":[[[[7.90533,50.28118],[7.91532,50.27246],[7.94949,50.29767],[7.96035,50.29691],[7.97964,50.27788],[7.99646,50.28103],[7.99679,50.29566],[8.01461,50.29123],[8.02182,50.29488],[8.0188,50.30259],[8.01165,50.31611],[8.00809,50.32224],[7.99894,50.3401],[7.99319,50.335],[7.98715,50.32863],[7.97365,50.32496],[7.95414,50.31943],[7.95273,50.31436],[7.9401,50.31668],[7.93518,50.32847],[7.90659,50.33037],[7.89786,50.32536],[7.90597,50.31193],[7.88889,50.31799],[7.89019,50.30531],[7.88425,50.29959],[7.85399,50.30278],[7.85638,50.29707],[7.85569,50.28545],[7.8626,50.28015],[7.87355,50.28054],[7.88993,50.28782],[7.90533,50.28118]]],[[[7.95125,50.21427],[7.95323,50.22035],[7.96407,50.22071],[7.98546,50.22705],[7.98941,50.23848],[7.99331,50.23193],[8.00609,50.22868],[8.00268,50.22434],[8.01372,50.21712],[8.03464,50.2156],[8.04003,50.22696],[8.05827,50.23427],[8.03696,50.24468],[8.03204,50.25557],[8.02176,50.25816],[8.00241,50.2505],[7.98977,50.25088],[7.9778,50.24663],[7.96558,50.2614],[7.94582,50.2583],[7.94283,50.25423],[7.92885,50.25755],[7.91155,50.25377],[7.9185,50.25356],[7.92039,50.24191],[7.90786,50.23375],[7.95125,50.21427]]],[[[8.01673,50.26799],[8.02914,50.27841],[8.02649,50.28329],[7.99007,50.27352],[7.98809,50.2584],[8.01673,50.26799]]]]},"properties":{"plz":"56370","name":"56370 Schönborn"}},{"type":"Feature","geometry":{"type":"Polygon","coordinates":[[[8.66955,50.11584],[8.67072,50.11556],[8.67073,50.11563],[8.6699,50.11655],[8.66955,50.11584]]]},"properties":{"plz":"60306","name":"60306 Frankfurt am Main, Opernturm"}},{"type":"Feature","geometry":{"type":"Polygon","coordinates":[[[8.65209,50.11219],[8.65337,50.11241],[8.65261,50.11272],[8.65209,50.11219]]]},"properties":{"plz":"60308","name":"60308 Frankfurt"}},{"type":"Feature","geometry":{"type":"Polygon","coordinates":[[[8.67201,50.11076],[8.67364,50.11048],[8.67304,50.11112],[8.67201,50.11076]]]},"properties":{"plz":"60310","name":"60310 Frankfurt am Main (Taunusturm)"}},{"type":"Feature","geometry":{"type":"Polygon","coordinates":[[[8.67123,50.11412],[8.67074,50.11249],[8.67436,50.10552],[8.69292,50.108],[8.69445,50.1145],[8.67123,50.11412]],[[8.67201,50.11076],[8.67304,50.11112],[8.67364,50.11048],[8.67201,50.11076]]]},"properties":{"plz":"60311","name":"60311 Frankfurt am Main"}},{"type":"Feature","geometry":{"type":"Polygon","coordinates":[[[8.67072,50.11556],[8.67123,50.11412],[8.69445,50.1145],[8.69542,50.11577],[8.68692,50.11891],[8.67832,50.11713],[8.67073,50.11563],[8.67072,50.11556]]]},"properties":{"plz":"60313","name":"60313 Frankfurt am Main"}},{"type":"Feature","geometry":{"type":"Polygon","coordinates":[[[8.69292,50.108],[8.71738,50.10634],[8.72561,50.10845],[8.7441,50.11519],[8.75112,50.12224],[8.74681,50.12696],[8.72902,50.12055],[8.71106,50.11431],[8.70564,50.11874],[8.69542,50.11577],[8.69445,50.1145],[8.69292,50.108]]]},"properties":{"plz":"60314","name":"60314 Frankfurt am Main"}},{"type":"Feature","geometry":{"type":"Polygon","coordinates":[[[8.69542,50.11577],[8.70564,50.11874],[8.69895,50.12514],[8.69299,50.12936],[8.68692,50.11891],[8.69542,50.11577]]]},"properties":{"plz":"60316","name":"60316 Frankfurt am Main"}},{"type":"Feature","geometry":{"type":"Polygon","coordinates":[[[8.68692,50.11891],[8.69299,50.12936],[8.69438,50.13221],[8.68399,50.1317],[8.67832,50.11713],[8.68692,50.11891]]]},"properties":{"plz":"60318","name":"60318 Frankfurt am Main"}},{"type":"Feature","geometry":{"type":"Polygon","coordinates":[[[8.69438,50.13221],[8.69618,50.13583],[8.69216,50.14347],[8.67977,50.14119],[8.67541,50.14663],[8.6673,50.14634],[8.65976,50.14037],[8.66235,50.13179],[8.66234,50.13151],[8.672,50.13176],[8.68399,50.1317],[8.69438,50.13221]]]},"properties":{"plz":"60320","name":"60320 Frankfurt am Main"}},{"type":"Feature","geometry":{"type":"Polygon","coordinates":[[[8.67073,50.11563],[8.67832,50.11713],[8.68399,50.1317],[8.672,50.13176],[8.6699,50.11655],[8.67073,50.11563]]]},"properties":{"plz":"60322","name":"60322 Frankfurt am Main"}},{"type":"Feature","geometry":{"type":"Polygon","coordinates":[[[8.6699,50.11655],[8.672,50.13176],[8.66234,50.13151],[8.6527,50.12487],[8.66955,50.11584],[8.6699,50.11655]]]},"properties":{"plz":"60323","name":"60323 Frankfurt am Main"}},{"type":"Feature","geometry":{"type":"Polygon","coordinates":[[[8.66955,50.11584],[8.6527,50.12487],[8.65013,50.12017],[8.65261,50.11272],[8.65337,50.11241],[8.6605,50.10946],[8.67123,50.11412],[8.67072,50.11556],[8.66955,50.11584]]]},"properties":{"plz":"60325","name":"60325 Frankfurt am Main"}},{"type":"Feature","geometry":{"type":"Polygon","coordinates":[[[8.60443,50.1058],[8.61673,50.09428],[8.62974,50.09465],[8.64499,50.10329],[8.64351,50.11274],[8.64324,50.10772],[8.60443,50.1058]]]},"properties":{"plz":"60326","name":"60326 Frankfurt am Main"}},{"type":"Feature","geometry":{"type":"Polygon","coordinates":[[[8.65209,50.11219],[8.64351,50.11274],[8.64499,50.10329],[8.62974,50.09465],[8.61673,50.09428],[8.61766,50.08911],[8.63093,50.08931],[8.65432,50.09605],[8.66664,50.10103],[8.6605,50.10946],[8.65337,50.11241],[8.65209,50.11219]]]},"properties":{"plz":"60327","name":"60327 Frankfurt am Main"}},{"type":"Feature","geometry":{"type":"Polygon","coordinates":[[[8.67123,50.11412],[8.6605,50.10946],[8.66664,50.10103],[8.67436,50.10552],[8.67074,50.11249],[8.67123,50.11412]]]},"properties":{"plz":"60329","name":"60329 Frankfurt am Main"}},{"type":"Feature","geometry":{"type":"Polygon","coordinates":[[[8.72902,50.12055],[8.71945,50.1234],[8.7207,50.13613],[8.71325,50.13713],[8.69895,50.12514],[8.70564,50.11874],[8.71106,50.11431],[8.72902,50.12055]]]},"properties":{"plz":"60385","name":"60385 Frankfurt am Main"}},{"type":"Feature","geometry":{"type":"Polygon","coordinates":[[[8.7441,50.11519],[8.75761,50.113],[8.77576,50.10895],[8.7805,50.11585],[8.769,50.13075],[8.78,50.13734],[8.78234,50.14393],[8.74759,50.13939],[8.74234,50.13252],[8.72236,50.13699],[8.7207,50.13613],[8.71945,50.1234],[8.72902,50.12055],[8.74681,50.12696],[8.75112,50.12224],[8.7441,50.11519]]]},"properties":{"plz":"60386","name":"60386 Frankfurt am Main"}},{"type":"Feature","geometry":{"type":"Polygon","coordinates":[[[8.78234,50.14393],[8.78362,50.15856],[8.79067,50.15903],[8.80047,50.17144],[8.7898,50.17586],[8.77866,50.18024],[8.7629,50.17899],[8.7631,50.17271],[8.73586,50.16299],[8.74179,50.1492],[8.72236,50.13699],[8.74234,50.13252],[8.74759,50.13939],[8.78234,50.14393]]]},"properties":{"plz":"60388","name":"60388 Frankfurt am Main"}},{"type":"Feature","geometry":{"type":"Polygon","coordinates":[[[8.69895,50.12514],[8.71325,50.13713],[8.7207,50.13613],[8.72236,50.13699],[8.74179,50.1492],[8.73586,50.16299],[8.72306,50.16348],[8.70571,50.1611],[8.70811,50.14921],[8.69684,50.14259],[8.69618,50.13583],[8.69438,50.13221],[8.69299,50.12936],[8.69895,50.12514]]]},"properties":{"plz":"60389","name":"60389 Frankfurt am Main"}},{"type":"Feature","geometry":{"type":"Polygon","coordinates":[[[8.6673,50.14634],[8.65216,50.15885],[8.63551,50.14918],[8.63226,50.14001],[8.63971,50.13727],[8.66235,50.13179],[8.65976,50.14037],[8.6673,50.14634]]]},"properties":{"plz":"60431","name":"60431 Frankfurt am Main"}},{"type":"Feature","geometry":{"type":"Polygon","coordinates":[[[8.67541,50.14663],[8.67624,50.15798],[8.69075,50.16074],[8.68734,50.171],[8.66998,50.17795],[8.65195,50.17116],[8.65216,50.15885],[8.6673,50.14634],[8.67541,50.14663]]]},"properties":{"plz":"60433","name":"60433 Frankfurt am Main"}},{"type":"Feature","geometry":{"type":"Polygon","coordinates":[[[8.69618,50.13583],[8.69684,50.14259],[8.70811,50.14921],[8.70571,50.1611],[8.72306,50.16348],[8.70895,50.17896],[8.702,50.18056],[8.68734,50.171],[8.69075,50.16074],[8.67624,50.15798],[8.67541,50.14663],[8.67977,50.14119],[8.69216,50.14347],[8.69618,50.13583]]]},"properties":{"plz":"60435","name":"60435 Frankfurt am Main"}},{"type":"Feature","geometry":{"type":"Polygon","coordinates":[[[8.68734,50.171],[8.702,50.18056],[8.71094,50.18851],[8.70548,50.19177],[8.73075,50.20357],[8.73133,50.21759],[8.71241,50.22712],[8.70185,50.21704],[8.68189,50.21243],[8.66917,50.21688],[8.65967,50.2083],[8.63876,50.20168],[8.62296,50.18862],[8.64725,50.18012],[8.64676,50.17563],[8.65195,50.17116],[8.66998,50.17795],[8.68734,50.171]]]},"properties":{"plz":"60437","name":"60437 Frankfurt am Main"}},{"type":"Feature","geometry":{"type":"Polygon","coordinates":[[[8.62296,50.18862],[8.6054,50.18088],[8.61003,50.17627],[8.62976,50.16881],[8.64676,50.17563],[8.64725,50.18012],[8.62296,50.18862]]]},"properties":{"plz":"60438","name":"60438 Frankfurt am Main"}},{"type":"Feature","geometry":{"type":"Polygon","coordinates":[[[8.65216,50.15885],[8.65195,50.17116],[8.64676,50.17563],[8.62976,50.16881],[8.61003,50.17627],[8.58786,50.16861],[8.58993,50.15932],[8.60227,50.15611],[8.6248,50.1532],[8.63551,50.14918],[8.65216,50.15885]]]},"properties":{"plz":"60439","name":"60439 Frankfurt am Main"}},{"type":"Feature","geometry":{"type":"Polygon","coordinates":[[[8.65261,50.11272],[8.65013,50.12017],[8.62133,50.12124],[8.59962,50.11404],[8.60443,50.1058],[8.64324,50.10772],[8.64351,50.11274],[8.65209,50.11219],[8.65261,50.11272]]]},"properties":{"plz":"60486","name":"60486 Frankfurt am Main"}},{"type":"Feature","geometry":{"type":"Polygon","coordinates":[[[8.66235,50.13179],[8.63971,50.13727],[8.63347,50.12562],[8.6221,50.12968],[8.62133,50.12124],[8.65013,50.12017],[8.6527,50.12487],[8.66234,50.13151],[8.66235,50.13179]]]},"properties":{"plz":"60487","name":"60487 Frankfurt am Main"}},{"type":"Feature","geometry":{"type":"Polygon","coordinates":[[[8.63551,50.14918],[8.6248,50.1532],[8.60227,50.15611],[8.59327,50.13992],[8.58356,50.1357],[8.58559,50.13398],[8.605,50.13213],[8.61949,50.13441],[8.6221,50.12968],[8.63347,50.12562],[8.63971,50.13727],[8.63226,50.14001],[8.63551,50.14918]]]},"properties":{"plz":"60488","name":"60488 Frankfurt am Main"}},{"type":"Feature","geometry":{"type":"Polygon","coordinates":[[[8.62133,50.12124],[8.6221,50.12968],[8.61949,50.13441],[8.605,50.13213],[8.58559,50.13398],[8.59837,50.11549],[8.59962,50.11404],[8.62133,50.12124]]]},"properties":{"plz":"60489","name":"60489 Frankfurt am Main"}},{"type":"Feature","geometry":{"type":"Polygon","coordinates":[[[8.61766,50.08911],[8.61828,50.0816],[8.61137,50.06694],[8.59845,50.04214],[8.60659,50.03913],[8.62143,50.05175],[8.63932,50.05577],[8.66466,50.05531],[8.69504,50.05899],[8.65926,50.07782],[8.65605,50.08187],[8.66365,50.09219],[8.65432,50.09605],[8.63093,50.08931],[8.61766,50.08911]]]},"properties":{"plz":"60528","name":"60528 Frankfurt am Main"}},{"type":"Feature","geometry":{"type":"Polygon","coordinates":[[[8.61766,50.08911],[8.58947,50.08827],[8.57416,50.09215],[8.5565,50.09913],[8.54633,50.09556],[8.55371,50.08991],[8.54776,50.0819],[8.54761,50.06893],[8.55018,50.06599],[8.61137,50.06694],[8.61828,50.0816],[8.61766,50.08911]]]},"properties":{"plz":"60529","name":"60529 Frankfurt am Main"}},{"type":"Feature","geometry":{"type":"Polygon","coordinates":[[[8.61137,50.06694],[8.55018,50.06599],[8.55367,50.04899],[8.52006,50.03685],[8.51736,50.02515],[8.52006,50.0208],[8.54867,50.02527],[8.57015,50.02531],[8.5761,50.01554],[8.59075,50.01771],[8.59845,50.04214],[8.61137,50.06694]]]},"properties":{"plz":"60549","name":"60549 Frankfurt am Main"}},{"type":"Feature","geometry":{"type":"Polygon","coordinates":[[[8.67436,50.10552],[8.68346,50.09763],[8.69223,50.10185],[8.72769,50.10636],[8.72561,50.10845],[8.71738,50.10634],[8.69292,50.108],[8.67436,50.10552]]]},"properties":{"plz":"60594","name":"60594 Frankfurt am Main"}},{"type":"Feature","geometry":{"type":"Polygon","coordinates":[[[8.65432,50.09605],[8.66365,50.09219],[8.66943,50.08891],[8.68346,50.09763],[8.67436,50.10552],[8.66664,50.10103],[8.65432,50.09605]]]},"properties":{"plz":"60596","name":"60596 Frankfurt am Main"}},{"type":"Feature","geometry":{"type":"Polygon","coordinates":[[[8.69504,50.05899],[8.6957,50.05922],[8.69223,50.10185],[8.68346,50.09763],[8.66943,50.08891],[8.66365,50.09219],[8.65605,50.08187],[8.65926,50.07782],[8.69504,50.05899]]]},"properties":{"plz":"60598","name":"60598 Frankfurt am Main"}},{"type":"Feature","geometry":{"type":"Polygon","coordinates":[[[8.69223,50.10185],[8.6957,50.05922],[8.72499,50.06178],[8.72245,50.06505],[8.73442,50.07591],[8.73203,50.08206],[8.7478,50.09943],[8.74153,50.10477],[8.72769,50.10636],[8.69223,50.10185]]]},"properties":{"plz":"60599","name":"60599 Frankfurt am Main"}},{"type":"Feature","geometry":{"type":"Polygon","coordinates":[[[8.7898,50.17586],[8.79109,50.19464],[8.77944,50.19911],[8.78411,50.20412],[8.77556,50.20852],[8.76521,50.22118],[8.74863,50.22295],[8.73133,50.21759],[8.73075,50.20357],[8.70548,50.19177],[8.71094,50.18851],[8.702,50.18056],[8.70895,50.17896],[8.72306,50.16348],[8.73586,50.16299],[8.7631,50.17271],[8.7629,50.17899],[8.77866,50.18024],[8.7898,50.17586]]]},"properties":{"plz":"61118","name":"61118 Bad Vilbel"}},{"type":"Feature","geometry":{"type":"Polygon","coordinates":[[[8.83256,50.2358],[8.84,50.23544],[8.86012,50.22436],[8.85676,50.21858],[8.86374,50.21091],[8.88725,50.20615],[8.90053,50.21535],[8.92566,50.21556],[8.92267,50.21897],[8.94197,50.21997],[8.94445,50.23996],[8.95697,50.24724],[8.9618,50.25407],[8.94777,50.26469],[8.93594,50.2619],[8.92424,50.26508],[8.91992,50.27431],[8.9018,50.27618],[8.88619,50.27241],[8.86784,50.28108],[8.84545,50.27416],[8.85565,50.26468],[8.8508,50.26031],[8.85574,50.24961],[8.84293,50.24609],[8.83256,50.2358]]]},"properties":{"plz":"61130","name":"61130 Nidderau"}},{"type":"Feature","geometry":{"type":"Polygon","coordinates":[[[8.83256,50.2358],[8.80971,50.23634],[8.81102,50.22798],[8.82579,50.20124],[8.8138,50.1956],[8.83169,50.17812],[8.84187,50.18509],[8.85437,50.18045],[8.86198,50.18238],[8.88457,50.1955],[8.88725,50.20615],[8.86374,50.21091],[8.85676,50.21858],[8.86012,50.22436],[8.84,50.23544],[8.83256,50.2358]]]},"properties":{"plz":"61137","name":"61137 Schöneck"}},{"type":"Feature","geometry":{"type":"Polygon","coordinates":[[[8.80047,50.17144],[8.83331,50.17644],[8.83169,50.17812],[8.8138,50.1956],[8.79657,50.19961],[8.79109,50.19464],[8.7898,50.17586],[8.80047,50.17144]]]},"properties":{"plz":"61138","name":"61138 Niederdorfelden"}},{"type":"Feature","geometry":{"type":"Polygon","coordinates":[[[8.65034,50.32432],[8.63968,50.32368],[8.6396,50.31611],[8.66616,50.31819],[8.67209,50.31304],[8.69694,50.31566],[8.7034,50.31247],[8.71921,50.31378],[8.71903,50.30822],[8.74135,50.30626],[8.74385,50.31016],[8.76395,50.30827],[8.77009,50.29396],[8.78788,50.28979],[8.80023,50.29578],[8.80597,50.31321],[8.81757,50.32306],[8.81854,50.33028],[8.82115,50.33687],[8.81793,50.35288],[8.80216,50.3575],[8.79834,50.36452],[8.79627,50.3635],[8.78512,50.35982],[8.76862,50.34205],[8.75963,50.34844],[8.74279,50.34559],[8.71363,50.34856],[8.66518,50.33199],[8.65034,50.32432]]]},"properties":{"plz":"61169","name":"61169 Friedberg (Hessen)"}},{"type":"Feature","geometry":{"type":"Polygon","coordinates":[[[8.73133,50.21759],[8.74863,50.22295],[8.76521,50.22118],[8.77556,50.20852],[8.78411,50.20412],[8.77944,50.19911],[8.79109,50.19464],[8.79657,50.19961],[8.8138,50.1956],[8.82579,50.20124],[8.81102,50.22798],[8.80971,50.23634],[8.81732,50.243],[8.82744,50.26262],[8.81973,50.26584],[8.79859,50.26256],[8.78198,50.26798],[8.7771,50.25909],[8.76185,50.25528],[8.76433,50.26045],[8.7435,50.26348],[8.73336,50.25016],[8.70531,50.25597],[8.6971,50.25086],[8.68847,50.23665],[8.71241,50.22712],[8.73133,50.21759]]]},"properties":{"plz":"61184","name":"61184 Karben"}},{"type":"Feature","geometry":{"type":"Polygon","coordinates":[[[8.6396,50.31611],[8.62127,50.30357],[8.61645,50.29621],[8.59224,50.29026],[8.65945,50.281],[8.65657,50.28937],[8.66991,50.28754],[8.66049,50.28211],[8.6594,50.26998],[8.68992,50.25229],[8.68436,50.23813],[8.68847,50.23665],[8.6971,50.25086],[8.70531,50.25597],[8.73336,50.25016],[8.7435,50.26348],[8.74161,50.27007],[8.72831,50.28038],[8.74401,50.30605],[8.74135,50.30626],[8.71903,50.30822],[8.71921,50.31378],[8.7034,50.31247],[8.69694,50.31566],[8.67209,50.31304],[8.66616,50.31819],[8.6396,50.31611]]]},"properties":{"plz":"61191","name":"61191 Rosbach v.d. Höhe"}},{"type":"Feature","geometry":{"type":"Polygon","coordinates":[[[8.9018,50.27618],[8.9015,50.28934],[8.88863,50.29616],[8.87635,50.29627],[8.87258,50.30328],[8.85539,50.30753],[8.8425,50.31789],[8.83469,50.31347],[8.81757,50.32306],[8.80597,50.31321],[8.80023,50.29578],[8.78788,50.28979],[8.77686,50.28064],[8.78475,50.27715],[8.78198,50.26798],[8.79859,50.26256],[8.81973,50.26584],[8.82744,50.26262],[8.81732,50.243],[8.80971,50.23634],[8.83256,50.2358],[8.84293,50.24609],[8.85574,50.24961],[8.8508,50.26031],[8.85565,50.26468],[8.84545,50.27416],[8.86784,50.28108],[8.88619,50.27241],[8.9018,50.27618]]]},"properties":{"plz":"61194","name":"61194 Niddatal"}},{"type":"Feature","geometry":{"type":"Polygon","coordinates":[[[8.81757,50.32306],[8.83469,50.31347],[8.8425,50.31789],[8.85539,50.30753],[8.87258,50.30328],[8.87635,50.29627],[8.88863,50.29616],[8.9015,50.28934],[8.90647,50.29548],[8.89775,50.29778],[8.90966,50.30463],[8.92229,50.29916],[8.95284,50.31383],[8.95427,50.30844],[8.96742,50.31446],[8.98179,50.33192],[8.96445,50.32934],[8.94887,50.34528],[8.93841,50.34665],[8.9284,50.33906],[8.92716,50.34498],[8.90874,50.3494],[8.904,50.35483],[8.89263,50.35443],[8.88467,50.33246],[8.87612,50.33141],[8.85012,50.33495],[8.84277,50.32893],[8.81854,50.33028],[8.81757,50.32306]]]},"properties":{"plz":"61197","name":"61197 Florstadt"}},{"type":"Feature","geometry":{"type":"Polygon","coordinates":[[[8.79924,50.4425],[8.78632,50.43298],[8.79249,50.42435],[8.7683,50.40871],[8.78281,50.38764],[8.78242,50.37244],[8.79089,50.37187],[8.79627,50.3635],[8.79834,50.36452],[8.82171,50.37149],[8.83334,50.36886],[8.83875,50.37646],[8.84281,50.39275],[8.86403,50.40344],[8.86073,50.40969],[8.90058,50.4106],[8.90011,50.41959],[8.90028,50.4266],[8.88746,50.42775],[8.87359,50.43527],[8.87452,50.44205],[8.86463,50.44636],[8.85298,50.43185],[8.81734,50.43397],[8.79924,50.4425]]]},"properties":{"plz":"61200","name":"61200 Wölfersheim"}},{"type":"Feature","geometry":{"type":"Polygon","coordinates":[[[8.81854,50.33028],[8.84277,50.32893],[8.85012,50.33495],[8.87612,50.33141],[8.88467,50.33246],[8.89263,50.35443],[8.904,50.35483],[8.90874,50.3494],[8.92716,50.34498],[8.92718,50.35525],[8.93787,50.36295],[8.938,50.37283],[8.92254,50.37171],[8.90785,50.36024],[8.89341,50.35631],[8.8772,50.36409],[8.87418,50.37032],[8.85875,50.36835],[8.83875,50.37646],[8.83334,50.36886],[8.82171,50.37149],[8.79834,50.36452],[8.80216,50.3575],[8.81793,50.35288],[8.82115,50.33687],[8.81854,50.33028]]]},"properties":{"plz":"61203","name":"61203 Reichelsheim (Wetterau)"}},{"type":"Feature","geometry":{"type":"Polygon","coordinates":[[[8.74135,50.30626],[8.74401,50.30605],[8.72831,50.28038],[8.74161,50.27007],[8.7435,50.26348],[8.76433,50.26045],[8.76185,50.25528],[8.7771,50.25909],[8.78198,50.26798],[8.78475,50.27715],[8.77686,50.28064],[8.78788,50.28979],[8.77009,50.29396],[8.76395,50.30827],[8.74385,50.31016],[8.74135,50.30626]]]},"properties":{"plz":"61206","name":"61206 Wöllstadt"}},{"type":"Feature","geometry":{"type":"Polygon","coordinates":[[[8.83875,50.37646],[8.85875,50.36835],[8.87418,50.37032],[8.8772,50.36409],[8.89341,50.35631],[8.90785,50.36024],[8.92254,50.37171],[8.938,50.37283],[8.93625,50.38716],[8.9452,50.38604],[8.95244,50.39341],[8.95003,50.40669],[8.9577,50.41661],[8.94597,50.41682],[8.92421,50.41058],[8.92036,50.41958],[8.90011,50.41959],[8.90058,50.4106],[8.86073,50.40969],[8.86403,50.40344],[8.84281,50.39275],[8.83875,50.37646]]]},"properties":{"plz":"61209","name":"61209 Echzell"}},{"type":"Feature","geometry":{"type":"Polygon","coordinates":[[[8.7197,50.40292],[8.71764,50.39185],[8.71123,50.3871],[8.71176,50.36748],[8.7178,50.36488],[8.71049,50.35614],[8.71363,50.34856],[8.74279,50.34559],[8.75963,50.34844],[8.76862,50.34205],[8.78512,50.35982],[8.79627,50.3635],[8.79089,50.37187],[8.78242,50.37244],[8.78281,50.38764],[8.7683,50.40871],[8.76407,50.41179],[8.7197,50.40292]]]},"properties":{"plz":"61231","name":"61231 Bad Nauheim"}},{"type":"Feature","geometry":{"type":"Polygon","coordinates":[[[8.61081,50.37249],[8.61199,50.3653],[8.60015,50.35894],[8.60485,50.35429],[8.6194,50.35092],[8.63592,50.33147],[8.64176,50.3337],[8.65034,50.32432],[8.66518,50.33199],[8.71363,50.34856],[8.71049,50.35614],[8.7178,50.36488],[8.71176,50.36748],[8.71123,50.3871],[8.71764,50.39185],[8.7197,50.40292],[8.71682,50.40746],[8.70653,50.40149],[8.68651,50.39601],[8.66924,50.37672],[8.63742,50.37515],[8.62328,50.37074],[8.61081,50.37249]]]},"properties":{"plz":"61239","name":"61239 Ober-Mörlen"}},{"type":"Feature","geometry":{"type":"Polygon","coordinates":[[[8.51591,50.39818],[8.51449,50.38946],[8.49967,50.39039],[8.49889,50.38135],[8.50601,50.37685],[8.49984,50.36183],[8.50454,50.35929],[8.4801,50.35143],[8.47102,50.35586],[8.46523,50.34458],[8.44225,50.31997],[8.44964,50.31561],[8.43338,50.30771],[8.44326,50.30311],[8.47174,50.30825],[8.48393,50.33522],[8.50151,50.32826],[8.50822,50.32903],[8.5321,50.32026],[8.54582,50.3246],[8.55563,50.31776],[8.57774,50.31921],[8.584,50.33633],[8.59746,50.33359],[8.60946,50.33862],[8.60485,50.35429],[8.60015,50.35894],[8.61199,50.3653],[8.61081,50.37249],[8.59173,50.36846],[8.58339,50.37355],[8.5666,50.37156],[8.5616,50.37563],[8.54546,50.36943],[8.54588,50.37868],[8.538,50.38127],[8.53588,50.39167],[8.51591,50.39818]]]},"properties":{"plz":"61250","name":"61250 Usingen"}},{"type":"Feature","geometry":{"type":"Polygon","coordinates":[[[8.47174,50.30825],[8.47863,50.29452],[8.47565,50.27805],[8.48702,50.25144],[8.49762,50.24564],[8.52197,50.25694],[8.51841,50.26085],[8.53587,50.26782],[8.52957,50.28193],[8.53993,50.28998],[8.53176,50.3071],[8.55563,50.31776],[8.54582,50.3246],[8.5321,50.32026],[8.50822,50.32903],[8.50151,50.32826],[8.48393,50.33522],[8.47174,50.30825]]]},"properties":{"plz":"61267","name":"61267 Neu-Anspach"}},{"type":"Feature","geometry":{"type":"Polygon","coordinates":[[[8.65034,50.32432],[8.64176,50.3337],[8.63592,50.33147],[8.6194,50.35092],[8.60485,50.35429],[8.60946,50.33862],[8.59746,50.33359],[8.584,50.33633],[8.57774,50.31921],[8.55563,50.31776],[8.53176,50.3071],[8.53993,50.28998],[8.52957,50.28193],[8.53587,50.26782],[8.51841,50.26085],[8.52197,50.25694],[8.53739,50.26078],[8.56292,50.2742],[8.57032,50.27431],[8.58077,50.27747],[8.59224,50.29026],[8.61645,50.29621],[8.62127,50.30357],[8.6396,50.31611],[8.63968,50.32368],[8.65034,50.32432]]]},"properties":{"plz":"61273","name":"61273 Wehrheim"}},{"type":"Feature","geometry":{"type":"Polygon","coordinates":[[[8.36089,50.37965],[8.34509,50.36746],[8.35435,50.36085],[8.33508,50.35687],[8.33727,50.34884],[8.31639,50.33942],[8.32696,50.32892],[8.34076,50.32904],[8.35403,50.31682],[8.36146,50.31689],[8.36158,50.30835],[8.33613,50.30343],[8.35484,50.29398],[8.37141,50.2957],[8.36867,50.28861],[8.37889,50.28764],[8.39567,50.27357],[8.42666,50.28127],[8.42488,50.29842],[8.4292,50.30228],[8.44262,50.29527],[8.44326,50.30311],[8.43338,50.30771],[8.44964,50.31561],[8.44225,50.31997],[8.46523,50.34458],[8.44144,50.35389],[8.41579,50.35741],[8.41315,50.37005],[8.39641,50.37427],[8.38957,50.38725],[8.36089,50.37965]]]},"properties":{"plz":"61276","name":"61276 Weilrod"}},{"type":"Feature","geometry":{"type":"Polygon","coordinates":[[[8.51401,50.39889],[8.49319,50.3953],[8.49053,50.40354],[8.48087,50.39986],[8.47419,50.4071],[8.47777,50.41232],[8.46739,50.41485],[8.44635,50.41131],[8.44639,50.40742],[8.4309,50.40742],[8.40497,50.3977],[8.39202,50.40441],[8.38957,50.38725],[8.39641,50.37427],[8.41315,50.37005],[8.41579,50.35741],[8.44144,50.35389],[8.46523,50.34458],[8.47102,50.35586],[8.4801,50.35143],[8.50454,50.35929],[8.49984,50.36183],[8.50601,50.37685],[8.49889,50.38135],[8.49967,50.39039],[8.51449,50.38946],[8.51591,50.39818],[8.51401,50.39889]]]},"properties":{"plz":"61279","name":"61279 Grävenwiesbach"}},{"type":"Feature","geometry":{"type":"Polygon","coordinates":[[[8.57455,50.23228],[8.59154,50.22987],[8.58759,50.22355],[8.60472,50.21069],[8.61465,50.22158],[8.62971,50.22123],[8.63775,50.22805],[8.6318,50.23192],[8.61324,50.23401],[8.60558,50.23037],[8.57455,50.23228]]]},"properties":{"plz":"61348","name":"61348 Bad Homburg v.d. Höhe"}},{"type":"Feature","geometry":{"type":"Polygon","coordinates":[[[8.49762,50.24564],[8.49607,50.24523],[8.5,50.23657],[8.53274,50.22681],[8.54067,50.23272],[8.55424,50.2357],[8.57455,50.23228],[8.60558,50.23037],[8.61324,50.23401],[8.6318,50.23192],[8.63881,50.23565],[8.62344,50.24991],[8.61065,50.25628],[8.56937,50.26727],[8.57032,50.27431],[8.56292,50.2742],[8.53739,50.26078],[8.52197,50.25694],[8.49762,50.24564]]]},"properties":{"plz":"61350","name":"61350 Bad Homburg v.d. Höhe"}},{"type":"Feature","geometry":{"type":"Polygon","coordinates":[[[8.71241,50.22712],[8.68847,50.23665],[8.68436,50.23813],[8.67223,50.24159],[8.65849,50.23129],[8.63881,50.23565],[8.6318,50.23192],[8.63775,50.22805],[8.62971,50.22123],[8.61465,50.22158],[8.60472,50.21069],[8.62433,50.20738],[8.63876,50.20168],[8.65967,50.2083],[8.66917,50.21688],[8.68189,50.21243],[8.70185,50.21704],[8.71241,50.22712]]]},"properties":{"plz":"61352","name":"61352 Bad Homburg v.d. Höhe"}},{"type":"Feature","geometry":{"type":"Polygon","coordinates":[[[8.59224,50.29026],[8.58077,50.27747],[8.57032,50.27431],[8.56937,50.26727],[8.61065,50.25628],[8.62344,50.24991],[8.63881,50.23565],[8.65849,50.23129],[8.67223,50.24159],[8.68436,50.23813],[8.68992,50.25229],[8.6594,50.26998],[8.66049,50.28211],[8.66991,50.28754],[8.65657,50.28937],[8.65945,50.281],[8.59224,50.29026]]]},"properties":{"plz":"61381","name":"61381 Friedrichsdorf"}},{"type":"Feature","geometry":{"type":"Polygon","coordinates":[[[8.44326,50.30311],[8.44262,50.29527],[8.4292,50.30228],[8.42488,50.29842],[8.42666,50.28127],[8.39567,50.27357],[8.40865,50.26903],[8.4115,50.25895],[8.41114,50.25003],[8.42784,50.23021],[8.43606,50.22495],[8.45174,50.22731],[8.45852,50.23038],[8.45345,50.23717],[8.49607,50.24523],[8.49762,50.24564],[8.48702,50.25144],[8.47565,50.27805],[8.47863,50.29452],[8.47174,50.30825],[8.44326,50.30311]]]},"properties":{"plz":"61389","name":"61389 Schmitten"}},{"type":"Feature","geometry":{"type":"Polygon","coordinates":[[[8.63876,50.20168],[8.62433,50.20738],[8.60472,50.21069],[8.58759,50.22355],[8.59154,50.22987],[8.57455,50.23228],[8.55424,50.2357],[8.54067,50.23272],[8.53274,50.22681],[8.5,50.23657],[8.49607,50.24523],[8.45345,50.23717],[8.45852,50.23038],[8.46175,50.22616],[8.48142,50.22415],[8.47955,50.21628],[8.48832,50.21822],[8.52572,50.20265],[8.54497,50.192],[8.54756,50.18759],[8.55909,50.195],[8.55681,50.1873],[8.56208,50.17989],[8.58786,50.16861],[8.61003,50.17627],[8.6054,50.18088],[8.62296,50.18862],[8.63876,50.20168]]]},"properties":{"plz":"61440","name":"61440 Oberursel (Taunus)"}},{"type":"Feature","geometry":{"type":"Polygon","coordinates":[[[8.58786,50.16861],[8.56208,50.17989],[8.55681,50.1873],[8.55909,50.195],[8.54756,50.18759],[8.56421,50.17498],[8.55731,50.16716],[8.5722,50.15551],[8.58993,50.15932],[8.58786,50.16861]]]},"properties":{"plz":"61449","name":"61449 Steinbach (Taunus)"}},{"type":"Feature","geometry":{"type":"Polygon","coordinates":[[[8.45174,50.22731],[8.43319,50.20432],[8.41186,50.19639],[8.42266,50.18793],[8.45344,50.16332],[8.47403,50.17358],[8.50068,50.16021],[8.5098,50.15943],[8.51357,50.16789],[8.49672,50.17568],[8.49109,50.18376],[8.4819,50.17963],[8.4825,50.18705],[8.49316,50.18747],[8.48966,50.19716],[8.47503,50.20527],[8.48653,50.20907],[8.47955,50.21628],[8.48142,50.22415],[8.46175,50.22616],[8.45852,50.23038],[8.45174,50.22731]]]},"properties":{"plz":"61462","name":"61462 Königstein im Taunus"}},{"type":"Feature","geometry":{"type":"Polygon","coordinates":[[[8.47955,50.21628],[8.48653,50.20907],[8.47503,50.20527],[8.48966,50.19716],[8.49316,50.18747],[8.4825,50.18705],[8.4819,50.17963],[8.49109,50.18376],[8.49672,50.17568],[8.51357,50.16789],[8.53529,50.16406],[8.54763,50.1748],[8.55731,50.16716],[8.56421,50.17498],[8.54756,50.18759],[8.54497,50.192],[8.52572,50.20265],[8.48832,50.21822],[8.47955,50.21628]]]},"properties":{"plz":"61476","name":"61476 Kronberg im Taunus"}},{"type":"Feature","geometry":{"type":"Polygon","coordinates":[[[8.4115,50.25895],[8.40657,50.25081],[8.38127,50.24512],[8.37731,50.24191],[8.39216,50.23681],[8.40568,50.22187],[8.35998,50.21487],[8.35423,50.20153],[8.37455,50.20103],[8.35586,50.18751],[8.37117,50.19035],[8.38676,50.18365],[8.4084,50.17699],[8.40472,50.18123],[8.42266,50.18793],[8.41186,50.19639],[8.43319,50.20432],[8.45174,50.22731],[8.43606,50.22495],[8.42784,50.23021],[8.41114,50.25003],[8.4115,50.25895]]]},"properties":{"plz":"61479","name":"61479 Glashütten"}},{"type":"Feature","geometry":{"type":"Polygon","coordinates":[[[8.75761,50.113],[8.76054,50.09892],[8.7653,50.0998],[8.78417,50.10276],[8.77576,50.10895],[8.75761,50.113]]]},"properties":{"plz":"63065","name":"63065 Offenbach am Main"}},{"type":"Feature","geometry":{"type":"Polygon","coordinates":[[[8.72561,50.10845],[8.72769,50.10636],[8.74153,50.10477],[8.7478,50.09943],[8.76054,50.09892],[8.75761,50.113],[8.7441,50.11519],[8.72561,50.10845]]]},"properties":{"plz":"63067","name":"63067 Offenbach am Main"}},{"type":"Feature","geometry":{"type":"Polygon","coordinates":[[[8.72499,50.06178],[8.74839,50.06414],[8.76152,50.05621],[8.74874,50.05395],[8.75552,50.04761],[8.77806,50.05212],[8.77733,50.0589],[8.7895,50.06721],[8.77643,50.07438],[8.7776,50.08124],[8.76653,50.08732],[8.7653,50.0998],[8.76054,50.09892],[8.7478,50.09943],[8.73203,50.08206],[8.73442,50.07591],[8.72245,50.06505],[8.72499,50.06178]]]},"properties":{"plz":"63069","name":"63069 Offenbach am Main"}},{"type":"Feature","geometry":{"type":"Polygon","coordinates":[[[8.7653,50.0998],[8.76653,50.08732],[8.7776,50.08124],[8.77643,50.07438],[8.7895,50.06721],[8.8019,50.06739],[8.79316,50.08287],[8.79315,50.09129],[8.8031,50.09702],[8.79562,50.10234],[8.78417,50.10276],[8.7653,50.0998]]]},"properties":{"plz":"63071","name":"63071 Offenbach am Main"}},{"type":"Feature","geometry":{"type":"Polygon","coordinates":[[[8.8019,50.06739],[8.82354,50.06732],[8.83694,50.07142],[8.84299,50.08571],[8.82191,50.09028],[8.82274,50.09979],[8.81712,50.10533],[8.8031,50.09702],[8.79315,50.09129],[8.79316,50.08287],[8.8019,50.06739]]]},"properties":{"plz":"63073","name":"63073 Offenbach am Main"}},{"type":"Feature","geometry":{"type":"Polygon","coordinates":[[[8.77576,50.10895],[8.78417,50.10276],[8.79562,50.10234],[8.8031,50.09702],[8.81712,50.10533],[8.80743,50.11984],[8.81839,50.12315],[8.81831,50.13332],[8.78,50.13734],[8.769,50.13075],[8.7805,50.11585],[8.77576,50.10895]]]},"properties":{"plz":"63075","name":"63075 Offenbach am Main"}},{"type":"Feature","geometry":{"type":"Polygon","coordinates":[[[8.81879,50.02721],[8.82665,50.00899],[8.83846,50.00487],[8.83543,49.99783],[8.84303,49.98278],[8.84805,49.98275],[8.85128,49.96004],[8.86522,49.96373],[8.89953,49.96617],[8.90541,49.97221],[8.93822,49.99003],[8.94461,50.00189],[8.9271,50.02639],[8.91703,50.02815],[8.91723,50.03654],[8.90751,50.03603],[8.91069,50.04505],[8.90701,50.04563],[8.90942,50.06196],[8.90536,50.06623],[8.89102,50.06568],[8.89071,50.07148],[8.86117,50.06364],[8.85998,50.05504],[8.86279,50.04851],[8.84653,50.03774],[8.82982,50.0338],[8.81879,50.02721]]]},"properties":{"plz":"63110","name":"63110 Rodgau"}},{"type":"Feature","geometry":{"type":"Polygon","coordinates":[[[8.81879,50.02721],[8.81447,50.02466],[8.79915,50.0295],[8.79633,50.0368],[8.7786,50.03931],[8.76698,50.03362],[8.7594,50.02567],[8.74765,50.02144],[8.75607,50.01405],[8.75573,49.9882],[8.76118,49.98422],[8.77416,49.98248],[8.79837,49.98848],[8.81067,50.00671],[8.82665,50.00899],[8.81879,50.02721]]]},"properties":{"plz":"63128","name":"63128 Dietzenbach"}},{"type":"Feature","geometry":{"type":"Polygon","coordinates":[[[8.75552,50.04761],[8.76698,50.03362],[8.7786,50.03931],[8.79633,50.0368],[8.79915,50.0295],[8.81447,50.02466],[8.81879,50.02721],[8.82982,50.0338],[8.84653,50.03774],[8.86279,50.04851],[8.85998,50.05504],[8.83972,50.05074],[8.82664,50.05508],[8.82354,50.06732],[8.8019,50.06739],[8.7895,50.06721],[8.77733,50.0589],[8.77806,50.05212],[8.75552,50.04761]]]},"properties":{"plz":"63150","name":"63150 Heusenstamm"}},{"type":"Feature","geometry":{"type":"Polygon","coordinates":[[[8.83694,50.07142],[8.8472,50.07627],[8.85426,50.09021],[8.87439,50.09494],[8.88686,50.12447],[8.88014,50.12496],[8.86091,50.12576],[8.81831,50.13332],[8.81839,50.12315],[8.80743,50.11984],[8.81712,50.10533],[8.82274,50.09979],[8.82191,50.09028],[8.84299,50.08571],[8.83694,50.07142]]]},"properties":{"plz":"63165","name":"63165 Mühlheim am Main"}},{"type":"Feature","geometry":{"type":"Polygon","coordinates":[[[8.82354,50.06732],[8.82664,50.05508],[8.83972,50.05074],[8.85998,50.05504],[8.86117,50.06364],[8.89071,50.07148],[8.89102,50.06568],[8.90536,50.06623],[8.90899,50.07532],[8.8841,50.08022],[8.88173,50.09343],[8.87439,50.09494],[8.85426,50.09021],[8.8472,50.07627],[8.83694,50.07142],[8.82354,50.06732]]]},"properties":{"plz":"63179","name":"63179 Obertshausen"}},{"type":"Feature","geometry":{"type":"Polygon","coordinates":[[[8.60225,50.0147],[8.60337,50.01282],[8.6101,50.0138],[8.62394,49.9886],[8.6375,49.99155],[8.64084,49.98507],[8.63137,49.98296],[8.63391,49.97728],[8.67675,49.97485],[8.69036,49.96564],[8.69766,49.96691],[8.704,49.95028],[8.72528,49.95335],[8.7188,49.96136],[8.7104,49.98704],[8.69348,49.99022],[8.68242,50.00278],[8.65518,50.01119],[8.63944,50.0211],[8.63522,50.03004],[8.61595,50.02922],[8.60225,50.0147]]]},"properties":{"plz":"63225","name":"63225 Langen"}},{"type":"Feature","geometry":{"type":"Polygon","coordinates":[[[8.59845,50.04214],[8.59075,50.01771],[8.60225,50.0147],[8.61595,50.02922],[8.63522,50.03004],[8.65521,50.03415],[8.66297,50.03274],[8.67976,50.03981],[8.71109,50.03903],[8.71988,50.05033],[8.74874,50.05395],[8.76152,50.05621],[8.74839,50.06414],[8.72499,50.06178],[8.6957,50.05922],[8.69504,50.05899],[8.66466,50.05531],[8.63932,50.05577],[8.62143,50.05175],[8.60659,50.03913],[8.59845,50.04214]]]},"properties":{"plz":"63263","name":"63263 Neu-Isenburg"}},{"type":"Feature","geometry":{"type":"Polygon","coordinates":[[[8.74874,50.05395],[8.71988,50.05033],[8.71109,50.03903],[8.67976,50.03981],[8.66297,50.03274],[8.65521,50.03415],[8.63522,50.03004],[8.63944,50.0211],[8.65518,50.01119],[8.68242,50.00278],[8.69348,49.99022],[8.7104,49.98704],[8.7188,49.96136],[8.72528,49.95335],[8.72653,49.95373],[8.74321,49.95964],[8.76033,49.95951],[8.76118,49.98422],[8.75573,49.9882],[8.75607,50.01405],[8.74765,50.02144],[8.7594,50.02567],[8.76698,50.03362],[8.75552,50.04761],[8.74874,50.05395]]]},"properties":{"plz":"63303","name":"63303 Dreieich"}},{"type":"Feature","geometry":{"type":"Polygon","coordinates":[[[8.82665,50.00899],[8.81067,50.00671],[8.79837,49.98848],[8.77416,49.98248],[8.76118,49.98422],[8.76033,49.95951],[8.74321,49.95964],[8.75637,49.94828],[8.78139,49.95935],[8.79191,49.95412],[8.80592,49.9527],[8.81219,49.9464],[8.84701,49.9555],[8.85128,49.96004],[8.84805,49.98275],[8.84303,49.98278],[8.83543,49.99783],[8.83846,50.00487],[8.82665,50.00899]]]},"properties":{"plz":"63322","name":"63322 Rödermark"}},{"type":"Feature","geometry":{"type":"Polygon","coordinates":[[[8.60337,50.01282],[8.60725,49.99659],[8.62874,49.97544],[8.62999,49.96804],[8.62068,49.96506],[8.63058,49.96496],[8.6584,49.95227],[8.67229,49.95179],[8.68667,49.94833],[8.704,49.95028],[8.69766,49.96691],[8.69036,49.96564],[8.67675,49.97485],[8.63391,49.97728],[8.63137,49.98296],[8.64084,49.98507],[8.6375,49.99155],[8.62394,49.9886],[8.6101,50.0138],[8.60337,50.01282]]]},"properties":{"plz":"63329","name":"63329 Egelsbach"}},{"type":"Feature","geometry":{"type":"Polygon","coordinates":[[[8.90254,50.12898],[8.91424,50.12058],[8.91746,50.11285],[8.95006,50.11986],[8.93938,50.12676],[8.94483,50.13206],[8.92486,50.13651],[8.92086,50.14379],[8.90583,50.13358],[8.90254,50.12898]]]},"properties":{"plz":"63450","name":"63450 Hanau"}},{"type":"Feature","geometry":{"type":"Polygon","coordinates":[[[8.94483,50.13206],[8.95612,50.13276],[8.96429,50.14241],[8.95577,50.14468],[8.95594,50.15876],[8.93572,50.15781],[8.90064,50.14933],[8.88984,50.14245],[8.90583,50.13358],[8.92086,50.14379],[8.92486,50.13651],[8.94483,50.13206]]]},"properties":{"plz":"63452","name":"63452 Hanau"}},{"type":"Feature","geometry":{"type":"Polygon","coordinates":[[[8.86198,50.18238],[8.8734,50.17677],[8.88248,50.15674],[8.86059,50.14809],[8.87629,50.14606],[8.87325,50.14134],[8.88014,50.12496],[8.88686,50.12447],[8.90254,50.12898],[8.90583,50.13358],[8.88984,50.14245],[8.90064,50.14933],[8.90521,50.16462],[8.90284,50.17312],[8.90944,50.17442],[8.90954,50.18928],[8.88457,50.1955],[8.86198,50.18238]]]},"properties":{"plz":"63454","name":"63454 Hanau"}},{"type":"Feature","geometry":{"type":"Polygon","coordinates":[[[8.87439,50.09494],[8.88173,50.09343],[8.8841,50.08022],[8.90899,50.07532],[8.91708,50.08013],[8.91361,50.08628],[8.93383,50.08609],[8.94326,50.09051],[8.94296,50.09736],[8.93803,50.10619],[8.91746,50.11285],[8.91424,50.12058],[8.90254,50.12898],[8.88686,50.12447],[8.87439,50.09494]]]},"properties":{"plz":"63456","name":"63456 Hanau"}},{"type":"Feature","geometry":{"type":"Polygon","coordinates":[[[8.91746,50.11285],[8.93803,50.10619],[8.94296,50.09736],[8.95765,50.08854],[8.98175,50.09663],[9.00289,50.09751],[9.01373,50.1091],[9.02986,50.1126],[9.02118,50.11956],[9.02319,50.13171],[9.01307,50.14193],[9.00256,50.1448],[8.99521,50.14189],[8.98156,50.15219],[8.97182,50.13518],[8.95612,50.13276],[8.94483,50.13206],[8.93938,50.12676],[8.95006,50.11986],[8.91746,50.11285]]]},"properties":{"plz":"63457","name":"63457 Hanau"}},{"type":"Feature","geometry":{"type":"Polygon","coordinates":[[[8.78,50.13734],[8.81831,50.13332],[8.86091,50.12576],[8.88014,50.12496],[8.87325,50.14134],[8.87629,50.14606],[8.86059,50.14809],[8.88248,50.15674],[8.8734,50.17677],[8.86198,50.18238],[8.85437,50.18045],[8.84187,50.18509],[8.83169,50.17812],[8.83331,50.17644],[8.80047,50.17144],[8.79067,50.15903],[8.78362,50.15856],[8.78234,50.14393],[8.78,50.13734]]]},"properties":{"plz":"63477","name":"63477 Maintal"}},{"type":"Feature","geometry":{"type":"Polygon","coordinates":[[[8.88725,50.20615],[8.88457,50.1955],[8.90954,50.18928],[8.90944,50.17442],[8.90284,50.17312],[8.90521,50.16462],[8.90064,50.14933],[8.93572,50.15781],[8.95594,50.15876],[8.95612,50.1787],[8.96249,50.17855],[8.95961,50.18846],[8.98024,50.18682],[8.96467,50.20149],[8.95001,50.20807],[8.95393,50.21214],[8.94197,50.21997],[8.92267,50.21897],[8.92566,50.21556],[8.90053,50.21535],[8.88725,50.20615]]]},"properties":{"plz":"63486","name":"63486 Bruchköbel"}},{"type":"Feature","geometry":{"type":"Polygon","coordinates":[[[8.94461,50.00189],[8.95006,49.99806],[8.97184,49.9959],[8.96938,50.02091],[8.97804,50.01944],[8.98411,50.02593],[9.00249,50.02356],[9.00344,50.01858],[9.01606,50.02443],[9.01688,50.03553],[9.023,50.04404],[9.0098,50.04576],[8.98448,50.04201],[8.97635,50.04979],[8.98195,50.05583],[8.9661,50.05977],[8.95128,50.05579],[8.92635,50.06209],[8.91069,50.04505],[8.90751,50.03603],[8.91723,50.03654],[8.91703,50.02815],[8.9271,50.02639],[8.94461,50.00189]]]},"properties":{"plz":"63500","name":"63500 Seligenstadt"}},{"type":"Feature","geometry":{"type":"Polygon","coordinates":[[[9.01278,50.20827],[9.00949,50.20549],[9.01669,50.18872],[9.00727,50.18341],[9.01577,50.16971],[9.01762,50.15883],[9.03734,50.1602],[9.04267,50.15213],[9.05822,50.15127],[9.07036,50.16136],[9.07055,50.17412],[9.08959,50.17674],[9.09169,50.18169],[9.08396,50.18569],[9.08482,50.19472],[9.07601,50.19595],[9.07266,50.20998],[9.06204,50.20629],[9.05776,50.21432],[9.03616,50.20157],[9.01278,50.20827]]]},"properties":{"plz":"63505","name":"63505 Langenselbold"}},{"type":"Feature","geometry":{"type":"Polygon","coordinates":[[[8.91069,50.04505],[8.92635,50.06209],[8.95128,50.05579],[8.9661,50.05977],[8.98195,50.05583],[8.98798,50.06314],[8.99131,50.06847],[8.98804,50.07468],[8.97663,50.07891],[8.94721,50.08012],[8.94326,50.09051],[8.93383,50.08609],[8.91361,50.08628],[8.91708,50.08013],[8.90899,50.07532],[8.90536,50.06623],[8.90942,50.06196],[8.90701,50.04563],[8.91069,50.04505]]]},"properties":{"plz":"63512","name":"63512 Hainburg"}},{"type":"Feature","geometry":{"type":"Polygon","coordinates":[[[9.02986,50.1126],[9.03654,50.11425],[9.07146,50.11951],[9.06876,50.12287],[9.07333,50.14254],[9.05822,50.15127],[9.04267,50.15213],[9.03734,50.1602],[9.01762,50.15883],[9.00256,50.1448],[9.01307,50.14193],[9.02319,50.13171],[9.02118,50.11956],[9.02986,50.1126]]]},"properties":{"plz":"63517","name":"63517 Rodenbach"}},{"type":"Feature","geometry":{"type":"Polygon","coordinates":[[[8.95612,50.13276],[8.97182,50.13518],[8.98156,50.15219],[8.99521,50.14189],[9.00256,50.1448],[9.01762,50.15883],[9.01577,50.16971],[9.00727,50.18341],[8.99449,50.1816],[8.98024,50.18682],[8.95961,50.18846],[8.96249,50.17855],[8.95612,50.1787],[8.95594,50.15876],[8.95577,50.14468],[8.96429,50.14241],[8.95612,50.13276]]]},"properties":{"plz":"63526","name":"63526 Erlensee"}},{"type":"Feature","geometry":{"type":"Polygon","coordinates":[[[8.97184,49.9959],[9.00788,49.99489],[9.0142,49.99138],[9.02298,49.99705],[9.03095,49.98866],[9.04472,49.98791],[9.05031,49.99609],[9.03807,50.00024],[9.03945,50.01037],[9.02976,50.02665],[9.03205,50.03733],[9.023,50.04404],[9.01688,50.03553],[9.01606,50.02443],[9.00344,50.01858],[9.00249,50.02356],[8.98411,50.02593],[8.97804,50.01944],[8.96938,50.02091],[8.97184,49.9959]]]},"properties":{"plz":"63533","name":"63533 Mainhausen"}},{"type":"Feature","geometry":{"type":"Polygon","coordinates":[[[8.94326,50.09051],[8.94721,50.08012],[8.97663,50.07891],[8.98804,50.07468],[8.99131,50.06847],[8.99942,50.06952],[8.99768,50.09274],[9.00289,50.09751],[8.98175,50.09663],[8.95765,50.08854],[8.94296,50.09736],[8.94326,50.09051]]]},"properties":{"plz":"63538","name":"63538 Großkrotzenburg"}},{"type":"Feature","geometry":{"type":"Polygon","coordinates":[[[8.98024,50.18682],[8.99449,50.1816],[9.00727,50.18341],[9.01669,50.18872],[9.00949,50.20549],[9.01278,50.20827],[9.01623,50.2155],[9.00057,50.21074],[8.95393,50.21214],[8.95001,50.20807],[8.96467,50.20149],[8.98024,50.18682]]]},"properties":{"plz":"63543","name":"63543 Neuberg"}},{"type":"Feature","geometry":{"type":"Polygon","coordinates":[[[8.94197,50.21997],[8.95393,50.21214],[9.00057,50.21074],[9.01623,50.2155],[9.03233,50.2263],[9.02605,50.23121],[9.01532,50.23429],[9.02362,50.23797],[9.01196,50.24039],[8.9996,50.24894],[8.99186,50.25268],[8.98791,50.24609],[8.9737,50.24342],[8.95697,50.24724],[8.94445,50.23996],[8.94197,50.21997]]]},"properties":{"plz":"63546","name":"63546 Hammersbach"}},{"type":"Feature","geometry":{"type":"Polygon","coordinates":[[[9.07266,50.20998],[9.07743,50.21242],[9.06896,50.22988],[9.06664,50.24293],[9.05773,50.24995],[9.03891,50.24777],[9.02605,50.23121],[9.03233,50.2263],[9.01623,50.2155],[9.01278,50.20827],[9.03616,50.20157],[9.05776,50.21432],[9.06204,50.20629],[9.07266,50.20998]]]},"properties":{"plz":"63549","name":"63549 Ronneburg"}},{"type":"Feature","geometry":{"type":"Polygon","coordinates":[[[9.23955,50.24901],[9.22298,50.23555],[9.19006,50.23141],[9.18355,50.22587],[9.15139,50.21556],[9.14241,50.19436],[9.129,50.19513],[9.11257,50.18727],[9.13199,50.17511],[9.14581,50.17222],[9.15925,50.16372],[9.16837,50.16461],[9.18823,50.17371],[9.19191,50.18529],[9.18362,50.19524],[9.208,50.19958],[9.21801,50.19045],[9.24246,50.1918],[9.25588,50.20727],[9.27183,50.21251],[9.25633,50.21263],[9.25208,50.22867],[9.25746,50.23091],[9.25608,50.23811],[9.23955,50.24901]]]},"properties":{"plz":"63571","name":"63571 Gelnhausen"}},{"type":"Feature","geometry":{"type":"Polygon","coordinates":[[[9.07146,50.11951],[9.0893,50.11704],[9.09738,50.12493],[9.1185,50.12661],[9.14344,50.11446],[9.15356,50.11778],[9.15591,50.1113],[9.14384,50.09414],[9.14871,50.09026],[9.16236,50.09826],[9.15919,50.09997],[9.1748,50.1141],[9.17421,50.11938],[9.19011,50.1265],[9.18311,50.13793],[9.21172,50.14475],[9.1955,50.14355],[9.15652,50.16038],[9.15784,50.1629],[9.14009,50.15574],[9.1142,50.15338],[9.09874,50.14687],[9.07333,50.14254],[9.06876,50.12287],[9.07146,50.11951]]]},"properties":{"plz":"63579","name":"63579 Freigericht"}},{"type":"Feature","geometry":{"type":"Polygon","coordinates":[[[9.09169,50.18169],[9.11257,50.18727],[9.129,50.19513],[9.14241,50.19436],[9.15139,50.21556],[9.18355,50.22587],[9.19006,50.23141],[9.22298,50.23555],[9.23955,50.24901],[9.24783,50.26626],[9.26187,50.27715],[9.25394,50.28633],[9.22924,50.28142],[9.21738,50.26912],[9.19285,50.28009],[9.18355,50.28289],[9.17346,50.27237],[9.1602,50.26429],[9.16398,50.2544],[9.1523,50.24726],[9.12327,50.25171],[9.11365,50.24575],[9.10933,50.24906],[9.09538,50.24488],[9.08228,50.24635],[9.06664,50.24293],[9.06896,50.22988],[9.07743,50.21242],[9.07266,50.20998],[9.07601,50.19595],[9.08482,50.19472],[9.08396,50.18569],[9.09169,50.18169]]]},"properties":{"plz":"63584","name":"63584 Gründau"}},{"type":"Feature","geometry":{"type":"Polygon","coordinates":[[[9.15925,50.16372],[9.15784,50.1629],[9.15652,50.16038],[9.1955,50.14355],[9.21172,50.14475],[9.21301,50.14669],[9.22159,50.14958],[9.26006,50.13881],[9.25794,50.14981],[9.24766,50.1567],[9.25985,50.17331],[9.27179,50.17988],[9.25744,50.18212],[9.24246,50.1918],[9.21801,50.19045],[9.208,50.19958],[9.18362,50.19524],[9.19191,50.18529],[9.18823,50.17371],[9.16837,50.16461],[9.15925,50.16372]]]},"properties":{"plz":"63589","name":"63589 Linsengericht"}},{"type":"Feature","geometry":{"type":"Polygon","coordinates":[[[9.05822,50.15127],[9.07333,50.14254],[9.09874,50.14687],[9.1142,50.15338],[9.14009,50.15574],[9.15784,50.1629],[9.15925,50.16372],[9.14581,50.17222],[9.13199,50.17511],[9.11257,50.18727],[9.09169,50.18169],[9.08959,50.17674],[9.07055,50.17412],[9.07036,50.16136],[9.05822,50.15127]]]},"properties":{"plz":"63594","name":"63594 Hasselroth"}},{"type":"Feature","geometry":{"type":"Polygon","coordinates":[[[9.24246,50.1918],[9.25744,50.18212],[9.27179,50.17988],[9.25985,50.17331],[9.24766,50.1567],[9.25794,50.14981],[9.26006,50.13881],[9.28167,50.14173],[9.30741,50.13332],[9.32117,50.13932],[9.33094,50.1401],[9.34225,50.13131],[9.3764,50.13057],[9.40381,50.13344],[9.40725,50.14119],[9.39814,50.1598],[9.3693,50.17404],[9.35711,50.18604],[9.32982,50.19646],[9.33106,50.20312],[9.32499,50.21733],[9.31475,50.22226],[9.30114,50.22281],[9.30425,50.23179],[9.29251,50.23783],[9.27839,50.23383],[9.26809,50.22615],[9.25746,50.23091],[9.25208,50.22867],[9.25633,50.21263],[9.27183,50.21251],[9.25588,50.20727],[9.24246,50.1918]]]},"properties":{"plz":"63599","name":"63599 Biebergemünd"}},{"type":"Feature","geometry":{"type":"Polygon","coordinates":[[[9.25746,50.23091],[9.26809,50.22615],[9.27839,50.23383],[9.29251,50.23783],[9.30956,50.24324],[9.35119,50.24263],[9.33785,50.27663],[9.323,50.27223],[9.31369,50.28821],[9.30581,50.28186],[9.28698,50.28317],[9.28378,50.29502],[9.25799,50.29343],[9.24541,50.30192],[9.2398,50.31222],[9.24655,50.32247],[9.24454,50.33061],[9.22737,50.33261],[9.21253,50.31947],[9.21646,50.30793],[9.20608,50.29182],[9.20899,50.28601],[9.19285,50.28009],[9.21738,50.26912],[9.22924,50.28142],[9.25394,50.28633],[9.26187,50.27715],[9.24783,50.26626],[9.23955,50.24901],[9.25608,50.23811],[9.25746,50.23091]]]},"properties":{"plz":"63607","name":"63607 Wächtersbach"}},{"type":"Feature","geometry":{"type":"Polygon","coordinates":[[[9.02605,50.23121],[9.03891,50.24777],[9.05773,50.24995],[9.06664,50.24293],[9.08228,50.24635],[9.09538,50.24488],[9.10933,50.24906],[9.11365,50.24575],[9.12327,50.25171],[9.1523,50.24726],[9.16398,50.2544],[9.1602,50.26429],[9.17346,50.27237],[9.18355,50.28289],[9.19285,50.28009],[9.20899,50.28601],[9.20608,50.29182],[9.21646,50.30793],[9.21253,50.31947],[9.22737,50.33261],[9.20404,50.34141],[9.18909,50.34346],[9.17271,50.33763],[9.16384,50.33982],[9.15304,50.32492],[9.14063,50.33634],[9.12545,50.33816],[9.11818,50.33116],[9.10987,50.34299],[9.10548,50.33675],[9.06836,50.33174],[9.05682,50.31574],[9.03723,50.31613],[9.02484,50.31019],[9.00766,50.30792],[9.00702,50.30193],[9.0024,50.29042],[9.00745,50.28521],[9.01707,50.2801],[9.02346,50.26994],[9.0193,50.26156],[8.9996,50.24894],[9.01196,50.24039],[9.02362,50.23797],[9.01532,50.23429],[9.02605,50.23121]]]},"properties":{"plz":"63654","name":"63654 Büdingen"}},{"type":"Feature","geometry":{"type":"Polygon","coordinates":[[[9.00218,50.49508],[8.97839,50.49045],[8.98765,50.47933],[8.979,50.46836],[8.98874,50.46508],[8.98766,50.45367],[8.95973,50.44828],[8.96328,50.44051],[8.95043,50.43158],[8.93002,50.43294],[8.90767,50.43809],[8.90028,50.4266],[8.90011,50.41959],[8.92036,50.41958],[8.92421,50.41058],[8.94597,50.41682],[8.9577,50.41661],[8.95003,50.40669],[8.95244,50.39341],[8.9452,50.38604],[8.94453,50.38102],[8.9644,50.38249],[8.97091,50.38957],[8.98,50.3783],[9.00565,50.38818],[9.0093,50.38306],[9.02047,50.38331],[9.02558,50.37794],[9.0445,50.38843],[9.05965,50.38664],[9.06264,50.3842],[9.08763,50.3849],[9.09399,50.38196],[9.09859,50.39105],[9.1188,50.39729],[9.11728,50.40852],[9.12609,50.4244],[9.12065,50.42755],[9.10729,50.42451],[9.09359,50.4278],[9.09777,50.43582],[9.08651,50.43911],[9.09592,50.44413],[9.09454,50.45723],[9.08037,50.4595],[9.07036,50.45629],[9.05861,50.471],[9.061,50.48378],[9.07729,50.49523],[9.05819,50.49984],[9.04238,50.49799],[9.02607,50.49631],[9.0062,50.48847],[9.00218,50.49508]]]},"properties":{"plz":"63667","name":"63667 Nidda"}},{"type":"Feature","geometry":{"type":"Polygon","coordinates":[[[8.9618,50.25407],[8.96017,50.26267],[8.97922,50.26505],[8.97056,50.28054],[8.98899,50.27933],[9.00745,50.28521],[9.0024,50.29042],[9.00702,50.30193],[8.98921,50.30604],[8.99099,50.31251],[8.96742,50.31446],[8.95427,50.30844],[8.95284,50.31383],[8.92229,50.29916],[8.90966,50.30463],[8.89775,50.29778],[8.90647,50.29548],[8.9015,50.28934],[8.9018,50.27618],[8.91992,50.27431],[8.92424,50.26508],[8.93594,50.2619],[8.94777,50.26469],[8.9618,50.25407]]]},"properties":{"plz":"63674","name":"63674 Altenstadt"}},{"type":"Feature","geometry":{"type":"Polygon","coordinates":[[[9.10987,50.34299],[9.13192,50.34231],[9.13921,50.34967],[9.14553,50.34664],[9.16476,50.36651],[9.156,50.37818],[9.16091,50.38506],[9.15473,50.39098],[9.14944,50.39343],[9.13783,50.38606],[9.1376,50.3805],[9.11677,50.37931],[9.11052,50.38854],[9.12532,50.39525],[9.1188,50.39729],[9.09859,50.39105],[9.09399,50.38196],[9.08763,50.3849],[9.06264,50.3842],[9.05965,50.38664],[9.04661,50.37448],[9.05468,50.37126],[9.05198,50.36468],[9.01602,50.35394],[9.00269,50.35309],[8.98788,50.34146],[9.0048,50.33446],[9.01561,50.33781],[9.02585,50.33348],[9.03723,50.31613],[9.05682,50.31574],[9.06836,50.33174],[9.10548,50.33675],[9.10987,50.34299]]]},"properties":{"plz":"63683","name":"63683 Ortenberg"}},{"type":"Feature","geometry":{"type":"Polygon","coordinates":[[[8.98179,50.33192],[8.98788,50.34146],[9.00269,50.35309],[9.01602,50.35394],[9.05198,50.36468],[9.05468,50.37126],[9.04661,50.37448],[9.05965,50.38664],[9.0445,50.38843],[9.02558,50.37794],[9.02047,50.38331],[9.0093,50.38306],[9.00565,50.38818],[8.98,50.3783],[8.97091,50.38957],[8.9644,50.38249],[8.94453,50.38102],[8.9452,50.38604],[8.93625,50.38716],[8.938,50.37283],[8.93787,50.36295],[8.92718,50.35525],[8.92716,50.34498],[8.9284,50.33906],[8.93841,50.34665],[8.94887,50.34528],[8.96445,50.32934],[8.98179,50.33192]]]},"properties":{"plz":"63691","name":"63691 Ranstadt"}},{"type":"Feature","geometry":{"type":"Polygon","coordinates":[[[8.95697,50.24724],[8.9737,50.24342],[8.98791,50.24609],[8.99186,50.25268],[8.9996,50.24894],[9.0193,50.26156],[9.02346,50.26994],[9.01707,50.2801],[9.00745,50.28521],[8.98899,50.27933],[8.97056,50.28054],[8.97922,50.26505],[8.96017,50.26267],[8.9618,50.25407],[8.95697,50.24724]]]},"properties":{"plz":"63694","name":"63694 Limeshain"}},{"type":"Feature","geometry":{"type":"Polygon","coordinates":[[[8.96742,50.31446],[8.99099,50.31251],[8.98921,50.30604],[9.00702,50.30193],[9.00766,50.30792],[9.02484,50.31019],[9.03723,50.31613],[9.02585,50.33348],[9.01561,50.33781],[9.0048,50.33446],[8.98788,50.34146],[8.98179,50.33192],[8.96742,50.31446]]]},"properties":{"plz":"63695","name":"63695 Glauburg"}},{"type":"Feature","geometry":{"type":"Polygon","coordinates":[[[9.1188,50.39729],[9.12532,50.39525],[9.11052,50.38854],[9.11677,50.37931],[9.1376,50.3805],[9.13783,50.38606],[9.14944,50.39343],[9.15473,50.39098],[9.1737,50.3922],[9.17628,50.39957],[9.16315,50.40054],[9.18032,50.41113],[9.17729,50.41831],[9.16859,50.41767],[9.1504,50.40823],[9.14423,50.40104],[9.13025,50.40036],[9.14382,50.4245],[9.14425,50.43106],[9.1541,50.43898],[9.14335,50.43699],[9.09777,50.43582],[9.09359,50.4278],[9.10729,50.42451],[9.12065,50.42755],[9.12609,50.4244],[9.11728,50.40852],[9.1188,50.39729]]]},"properties":{"plz":"63697","name":"63697 Hirzenhain"}},{"type":"Feature","geometry":{"type":"Polygon","coordinates":[[[9.24454,50.33061],[9.26965,50.33186],[9.2676,50.33935],[9.25355,50.3444],[9.25677,50.36081],[9.27549,50.36132],[9.27093,50.37292],[9.25152,50.37485],[9.23123,50.37256],[9.19648,50.36195],[9.18546,50.36705],[9.17438,50.36311],[9.16476,50.36651],[9.14553,50.34664],[9.13921,50.34967],[9.13192,50.34231],[9.10987,50.34299],[9.11818,50.33116],[9.12545,50.33816],[9.14063,50.33634],[9.15304,50.32492],[9.16384,50.33982],[9.17271,50.33763],[9.18909,50.34346],[9.20404,50.34141],[9.22737,50.33261],[9.24454,50.33061]]]},"properties":{"plz":"63699","name":"63699 Kefenrod"}},{"type":"Feature","geometry":{"type":"Polygon","coordinates":[[[9.171,49.98753],[9.15233,49.98125],[9.12819,49.98118],[9.1387,49.97409],[9.13688,49.96716],[9.14419,49.96539],[9.16214,49.9739],[9.17079,49.96567],[9.18517,49.96219],[9.19359,49.97938],[9.18769,49.9819],[9.171,49.98753]]]},"properties":{"plz":"63739","name":"63739 Aschaffenburg"}},{"type":"Feature","geometry":{"type":"Polygon","coordinates":[[[9.171,49.98753],[9.15935,49.99982],[9.136,50.00271],[9.12676,50.0143],[9.10852,50.0061],[9.10167,50.01453],[9.10324,50.02128],[9.08043,50.00783],[9.08415,50.00295],[9.08703,49.99717],[9.10533,49.98907],[9.11246,49.98173],[9.10795,49.97462],[9.08711,49.97466],[9.08433,49.96932],[9.09692,49.95833],[9.08328,49.95551],[9.10445,49.92929],[9.11421,49.93848],[9.11,49.94844],[9.12817,49.95689],[9.13688,49.96716],[9.1387,49.97409],[9.12819,49.98118],[9.15233,49.98125],[9.171,49.98753]]]},"properties":{"plz":"63741","name":"63741 Aschaffenburg"}},{"type":"Feature","geometry":{"type":"Polygon","coordinates":[[[9.13688,49.96716],[9.12817,49.95689],[9.11,49.94844],[9.11421,49.93848],[9.13523,49.93049],[9.14423,49.92006],[9.16143,49.92323],[9.16848,49.93178],[9.18025,49.92601],[9.21197,49.93212],[9.21931,49.93605],[9.238,49.93492],[9.23648,49.93649],[9.21053,49.95452],[9.19516,49.9542],[9.19746,49.96131],[9.18517,49.96219],[9.17079,49.96567],[9.16214,49.9739],[9.14419,49.96539],[9.13688,49.96716]]]},"properties":{"plz":"63743","name":"63743 Aschaffenburg"}},{"type":"Feature","geometry":{"type":"Polygon","coordinates":[[[9.03654,50.11425],[9.0234,50.08531],[9.02552,50.07501],[9.02056,50.06115],[9.03138,50.05352],[9.03018,50.04842],[9.04048,50.04451],[9.05512,50.04506],[9.05987,50.04108],[9.09105,50.04079],[9.10602,50.04611],[9.10252,50.05456],[9.11335,50.06486],[9.11412,50.07385],[9.12276,50.08863],[9.13371,50.09469],[9.14384,50.09414],[9.15591,50.1113],[9.15356,50.11778],[9.14344,50.11446],[9.1185,50.12661],[9.09738,50.12493],[9.0893,50.11704],[9.07146,50.11951],[9.03654,50.11425]]]},"properties":{"plz":"63755","name":"63755 Alzenau"}},{"type":"Feature","geometry":{"type":"Polygon","coordinates":[[[9.08328,49.95551],[9.05744,49.95626],[9.03381,49.95293],[9.02665,49.95514],[9.02173,49.94997],[9.03228,49.92459],[9.02338,49.9101],[9.03711,49.89585],[9.03759,49.87812],[9.05023,49.86622],[9.07522,49.88213],[9.09506,49.87426],[9.09997,49.88236],[9.09361,49.89104],[9.10936,49.90198],[9.10237,49.91586],[9.11126,49.91904],[9.10445,49.92929],[9.08328,49.95551]]]},"properties":{"plz":"63762","name":"63762 Großostheim"}},{"type":"Feature","geometry":{"type":"Polygon","coordinates":[[[9.19359,49.97938],[9.20214,49.98025],[9.21085,49.97226],[9.22167,49.97436],[9.22136,49.96646],[9.23857,49.97332],[9.2357,49.9986],[9.24475,49.99751],[9.23456,50.00139],[9.24143,50.00861],[9.23582,50.01246],[9.2327,50.02835],[9.24784,50.03442],[9.25265,50.0444],[9.23808,50.04803],[9.22996,50.05516],[9.21653,50.05207],[9.19136,50.04583],[9.18972,50.03969],[9.1771,50.03729],[9.17376,50.02765],[9.19706,50.0141],[9.19288,50.00689],[9.19604,49.99633],[9.19386,49.98435],[9.18769,49.9819],[9.19359,49.97938]]]},"properties":{"plz":"63768","name":"63768 Hösbach"}},{"type":"Feature","geometry":{"type":"Polygon","coordinates":[[[9.18769,49.9819],[9.19386,49.98435],[9.19604,49.99633],[9.19288,50.00689],[9.19706,50.0141],[9.17376,50.02765],[9.15095,50.01983],[9.15935,49.99982],[9.171,49.98753],[9.18769,49.9819]]]},"properties":{"plz":"63773","name":"63773 Goldbach"}},{"type":"Feature","geometry":{"type":"Polygon","coordinates":[[[9.14384,50.09414],[9.13371,50.09469],[9.12276,50.08863],[9.11412,50.07385],[9.11335,50.06486],[9.10252,50.05456],[9.10602,50.04611],[9.12296,50.04292],[9.11743,50.03496],[9.12844,50.03428],[9.14556,50.04212],[9.15983,50.03802],[9.1771,50.03729],[9.18972,50.03969],[9.19136,50.04583],[9.21653,50.05207],[9.2157,50.05843],[9.22409,50.06404],[9.21432,50.06858],[9.19876,50.07017],[9.1793,50.05796],[9.17671,50.0663],[9.18315,50.07391],[9.17668,50.07852],[9.18829,50.09637],[9.16236,50.09826],[9.14871,50.09026],[9.14384,50.09414]]]},"properties":{"plz":"63776","name":"63776 Mömbris"}},{"type":"Feature","geometry":{"type":"Polygon","coordinates":[[[9.08525,49.8477],[9.08998,49.8411],[9.07783,49.83466],[9.08687,49.82655],[9.07705,49.81827],[9.08632,49.80662],[9.08888,49.79689],[9.09409,49.79025],[9.10811,49.79802],[9.12497,49.8083],[9.13571,49.81091],[9.13924,49.82328],[9.14675,49.83277],[9.15598,49.85396],[9.13082,49.85413],[9.11768,49.85789],[9.11606,49.85331],[9.09168,49.84462],[9.08525,49.8477]]]},"properties":{"plz":"63785","name":"63785 Obernburg a.Main"}},{"type":"Feature","geometry":{"type":"Polygon","coordinates":[[[9.023,50.04404],[9.03205,50.03733],[9.02976,50.02665],[9.04482,50.02771],[9.07267,50.03484],[9.06891,50.03096],[9.09602,50.03515],[9.09105,50.04079],[9.05987,50.04108],[9.05512,50.04506],[9.04048,50.04451],[9.03018,50.04842],[9.03138,50.05352],[9.02056,50.06115],[9.00055,50.05912],[8.98798,50.06314],[8.98195,50.05583],[8.97635,50.04979],[8.98448,50.04201],[9.0098,50.04576],[9.023,50.04404]]]},"properties":{"plz":"63791","name":"63791 Karlstein am Main"}},{"type":"Feature","geometry":{"type":"Polygon","coordinates":[[[9.00289,50.09751],[8.99768,50.09274],[8.99942,50.06952],[8.99131,50.06847],[8.98798,50.06314],[9.00055,50.05912],[9.02056,50.06115],[9.02552,50.07501],[9.0234,50.08531],[9.03654,50.11425],[9.02986,50.1126],[9.01373,50.1091],[9.00289,50.09751]]]},"properties":{"plz":"63796","name":"63796 Kahl am Main"}},{"type":"Feature","geometry":{"type":"Polygon","coordinates":[[[9.03945,50.01037],[9.05639,50.00187],[9.06437,49.99021],[9.07923,49.98966],[9.08674,49.99362],[9.08225,49.99699],[9.08431,50.0023],[9.06905,50.01121],[9.1021,50.02655],[9.09602,50.03515],[9.06891,50.03096],[9.07267,50.03484],[9.04482,50.02771],[9.02976,50.02665],[9.03945,50.01037]]]},"properties":{"plz":"63801","name":"63801 Kleinostheim"}},{"type":"Feature","geometry":{"type":"Polygon","coordinates":[[[9.18517,49.96219],[9.19746,49.96131],[9.19516,49.9542],[9.21053,49.95452],[9.23648,49.93649],[9.24017,49.93892],[9.22136,49.96646],[9.22167,49.97436],[9.21085,49.97226],[9.20214,49.98025],[9.19359,49.97938],[9.18517,49.96219]]]},"properties":{"plz":"63808","name":"63808 Haibach"}},{"type":"Feature","geometry":{"type":"Polygon","coordinates":[[[9.0142,49.99138],[9.01968,49.9866],[9.0191,49.97457],[9.02665,49.95514],[9.03381,49.95293],[9.05744,49.95626],[9.08328,49.95551],[9.09692,49.95833],[9.08433,49.96932],[9.08711,49.97466],[9.06803,49.98034],[9.06437,49.99021],[9.05639,50.00187],[9.03945,50.01037],[9.03807,50.00024],[9.05031,49.99609],[9.04472,49.98791],[9.03095,49.98866],[9.02298,49.99705],[9.0142,49.99138]]]},"properties":{"plz":"63811","name":"63811 Stockstadt am Main"}},{"type":"Feature","geometry":{"type":"Polygon","coordinates":[[[9.10324,50.02128],[9.1021,50.02655],[9.06905,50.01121],[9.08431,50.0023],[9.08225,49.99699],[9.08674,49.99362],[9.07923,49.98966],[9.06437,49.99021],[9.06803,49.98034],[9.08711,49.97466],[9.10795,49.97462],[9.11246,49.98173],[9.10533,49.98907],[9.08703,49.99717],[9.08415,50.00295],[9.08043,50.00783],[9.10324,50.02128]]]},"properties":{"plz":"63814","name":"63814 Mainaschaff"}},{"type":"Feature","geometry":{"type":"Polygon","coordinates":[[[9.14675,49.83277],[9.17341,49.82087],[9.18975,49.81043],[9.19313,49.80266],[9.19948,49.81136],[9.21471,49.81361],[9.22628,49.81066],[9.22198,49.80464],[9.24387,49.80503],[9.24267,49.81694],[9.22881,49.82126],[9.23844,49.84009],[9.24924,49.83963],[9.25223,49.85123],[9.25896,49.85256],[9.24558,49.85911],[9.24525,49.86569],[9.23206,49.8536],[9.22115,49.85024],[9.21794,49.84135],[9.19987,49.85026],[9.16426,49.857],[9.15832,49.86167],[9.15598,49.85396],[9.14675,49.83277]]]},"properties":{"plz":"63820","name":"63820 Elsenfeld"}},{"type":"Feature","geometry":{"type":"Polygon","coordinates":[[[9.21301,50.14669],[9.22378,50.14025],[9.21861,50.13172],[9.22333,50.12516],[9.20009,50.10362],[9.21523,50.10227],[9.21671,50.09077],[9.22869,50.08022],[9.21432,50.06858],[9.22409,50.06404],[9.2157,50.05843],[9.21653,50.05207],[9.22996,50.05516],[9.24362,50.05563],[9.2502,50.06089],[9.26247,50.05882],[9.27243,50.06643],[9.28461,50.05656],[9.29387,50.06106],[9.3117,50.05654],[9.31228,50.05627],[9.32062,50.06322],[9.32083,50.07164],[9.33773,50.08663],[9.32549,50.09578],[9.32837,50.10829],[9.31638,50.11642],[9.30063,50.11691],[9.30807,50.1121],[9.29726,50.09943],[9.30982,50.09318],[9.28618,50.0992],[9.27985,50.09586],[9.28659,50.08756],[9.26574,50.09376],[9.24841,50.10367],[9.26239,50.11241],[9.28588,50.11884],[9.27935,50.12627],[9.29743,50.12177],[9.28167,50.14173],[9.26006,50.13881],[9.22159,50.14958],[9.21301,50.14669]]]},"properties":{"plz":"63825","name":"63825 Schöllkrippen, Blankenbach"}},{"type":"Feature","geometry":{"type":"Polygon","coordinates":[[[9.16236,50.09826],[9.18829,50.09637],[9.20009,50.10362],[9.22333,50.12516],[9.21861,50.13172],[9.22378,50.14025],[9.21301,50.14669],[9.21172,50.14475],[9.18311,50.13793],[9.19011,50.1265],[9.17421,50.11938],[9.1748,50.1141],[9.15919,50.09997],[9.16236,50.09826]]]},"properties":{"plz":"63826","name":"63826 Geiselbach"}},{"type":"Feature","geometry":{"type":"Polygon","coordinates":[[[9.28167,50.14173],[9.29743,50.12177],[9.27935,50.12627],[9.28588,50.11884],[9.26239,50.11241],[9.24841,50.10367],[9.26574,50.09376],[9.28659,50.08756],[9.27985,50.09586],[9.28618,50.0992],[9.30982,50.09318],[9.29726,50.09943],[9.30807,50.1121],[9.30063,50.11691],[9.31638,50.11642],[9.31026,50.1237],[9.32117,50.13932],[9.30741,50.13332],[9.28167,50.14173]]]},"properties":{"plz":"63828","name":"63828 Kleinkahl"}},{"type":"Feature","geometry":{"type":"Polygon","coordinates":[[[9.21432,50.06858],[9.22869,50.08022],[9.21671,50.09077],[9.21523,50.10227],[9.20009,50.10362],[9.18829,50.09637],[9.17668,50.07852],[9.18315,50.07391],[9.17671,50.0663],[9.1793,50.05796],[9.19876,50.07017],[9.21432,50.06858]]]},"properties":{"plz":"63829","name":"63829 Krombach"}},{"type":"Feature","geometry":{"type":"Polygon","coordinates":[[[9.14423,49.92006],[9.14351,49.90269],[9.15327,49.89426],[9.15947,49.89128],[9.17826,49.89692],[9.19331,49.89201],[9.18876,49.90277],[9.19656,49.91414],[9.23383,49.92251],[9.22059,49.91433],[9.23385,49.90818],[9.24576,49.91537],[9.247,49.92629],[9.238,49.93492],[9.21931,49.93605],[9.21197,49.93212],[9.18025,49.92601],[9.16848,49.93178],[9.16143,49.92323],[9.14423,49.92006]]]},"properties":{"plz":"63834","name":"63834 Sulzbach am Main"}},{"type":"Feature","geometry":{"type":"Polygon","coordinates":[[[9.23206,49.8536],[9.22863,49.86345],[9.20161,49.86475],[9.2041,49.87983],[9.19366,49.88885],[9.19331,49.89201],[9.17826,49.89692],[9.15947,49.89128],[9.16401,49.88295],[9.15832,49.86167],[9.16426,49.857],[9.19987,49.85026],[9.21794,49.84135],[9.22115,49.85024],[9.23206,49.8536]]]},"properties":{"plz":"63839","name":"63839 Kleinwallstadt"}},{"type":"Feature","geometry":{"type":"Polygon","coordinates":[[[9.24525,49.86569],[9.24846,49.86722],[9.24207,49.86969],[9.22895,49.8865],[9.21699,49.88978],[9.19366,49.88885],[9.2041,49.87983],[9.20161,49.86475],[9.22863,49.86345],[9.23206,49.8536],[9.24525,49.86569]]]},"properties":{"plz":"63840","name":"63840 Hausen"}},{"type":"Feature","geometry":{"type":"Polygon","coordinates":[[[9.10445,49.92929],[9.11126,49.91904],[9.10237,49.91586],[9.10936,49.90198],[9.09361,49.89104],[9.09997,49.88236],[9.09506,49.87426],[9.10474,49.87498],[9.12287,49.88454],[9.13189,49.89307],[9.15327,49.89426],[9.14351,49.90269],[9.14423,49.92006],[9.13523,49.93049],[9.11421,49.93848],[9.10445,49.92929]]]},"properties":{"plz":"63843","name":"63843 Niedernberg"}},{"type":"Feature","geometry":{"type":"Polygon","coordinates":[[[9.30347,50.04562],[9.29668,50.03499],[9.28029,50.02187],[9.25783,50.01568],[9.2464,50.00545],[9.2527,50.00457],[9.27355,50.00701],[9.27949,50.00434],[9.28841,49.99036],[9.29704,49.98647],[9.31207,49.98103],[9.33913,49.98766],[9.34664,49.98393],[9.36959,49.98369],[9.37616,49.99552],[9.39643,49.99714],[9.39502,50.01186],[9.3828,50.02131],[9.36903,50.01766],[9.35596,50.02818],[9.31874,50.04243],[9.30347,50.04562]]]},"properties":{"plz":"63846","name":"63846 Laufach"}},{"type":"Feature","geometry":{"type":"Polygon","coordinates":[[[9.19331,49.89201],[9.19366,49.88885],[9.21699,49.88978],[9.22895,49.8865],[9.24207,49.86969],[9.24846,49.86722],[9.25985,49.8705],[9.27124,49.89164],[9.28114,49.90025],[9.28122,49.91126],[9.2741,49.9133],[9.26616,49.92781],[9.247,49.92629],[9.24576,49.91537],[9.23385,49.90818],[9.22059,49.91433],[9.23383,49.92251],[9.19656,49.91414],[9.18876,49.90277],[9.19331,49.89201]]]},"properties":{"plz":"63849","name":"63849 Leidersbach"}},{"type":"Feature","geometry":{"type":"Polygon","coordinates":[[[9.05023,49.86622],[9.03326,49.86657],[9.03412,49.86215],[9.04379,49.85549],[9.03614,49.8464],[9.04158,49.83993],[9.06013,49.84617],[9.05616,49.83456],[9.07038,49.83336],[9.08525,49.8477],[9.09168,49.84462],[9.11606,49.85331],[9.11768,49.85789],[9.10755,49.86604],[9.10474,49.87498],[9.09506,49.87426],[9.07522,49.88213],[9.05023,49.86622]]]},"properties":{"plz":"63853","name":"63853 Mömlingen"}},{"type":"Feature","geometry":{"type":"Polygon","coordinates":[[[9.238,49.93492],[9.247,49.92629],[9.26616,49.92781],[9.27118,49.93536],[9.29022,49.94298],[9.29932,49.93984],[9.30061,49.94771],[9.29211,49.96204],[9.27135,49.97606],[9.2775,49.98342],[9.29381,49.98294],[9.29704,49.98647],[9.28841,49.99036],[9.27949,50.00434],[9.27355,50.00701],[9.2527,50.00457],[9.25362,49.99812],[9.24475,49.99751],[9.2357,49.9986],[9.23857,49.97332],[9.22136,49.96646],[9.24017,49.93892],[9.23648,49.93649],[9.238,49.93492]]]},"properties":{"plz":"63856","name":"63856 Bessenbach"}},{"type":"Feature","geometry":{"type":"Polygon","coordinates":[[[9.15935,49.99982],[9.15095,50.01983],[9.12676,50.0143],[9.136,50.00271],[9.15935,49.99982]]]},"properties":{"plz":"63864","name":"63864 Glattbach"}},{"type":"Feature","geometry":{"type":"Polygon","coordinates":[[[9.12676,50.0143],[9.15095,50.01983],[9.17376,50.02765],[9.1771,50.03729],[9.15983,50.03802],[9.14556,50.04212],[9.12844,50.03428],[9.11743,50.03496],[9.12296,50.04292],[9.10602,50.04611],[9.09105,50.04079],[9.09602,50.03515],[9.1021,50.02655],[9.10324,50.02128],[9.10167,50.01453],[9.10852,50.0061],[9.12676,50.0143]]]},"properties":{"plz":"63867","name":"63867 Johannesberg"}},{"type":"Feature","geometry":{"type":"Polygon","coordinates":[[[9.15598,49.85396],[9.15832,49.86167],[9.16401,49.88295],[9.15947,49.89128],[9.15327,49.89426],[9.13189,49.89307],[9.12287,49.88454],[9.10474,49.87498],[9.10755,49.86604],[9.11768,49.85789],[9.13082,49.85413],[9.15598,49.85396]]]},"properties":{"plz":"63868","name":"63868 Großwallstadt"}},{"type":"Feature","geometry":{"type":"Polygon","coordinates":[[[9.31228,50.05627],[9.32165,50.05815],[9.3342,50.05151],[9.33144,50.04331],[9.34097,50.04237],[9.3465,50.04494],[9.3429,50.06395],[9.3556,50.0634],[9.36121,50.06876],[9.34219,50.08371],[9.33773,50.08663],[9.32083,50.07164],[9.32062,50.06322],[9.31228,50.05627]]]},"properties":{"plz":"63871","name":"63871 Heinrichsthal"}},{"type":"Feature","geometry":{"type":"Polygon","coordinates":[[[9.24475,49.99751],[9.25362,49.99812],[9.2527,50.00457],[9.2464,50.00545],[9.25783,50.01568],[9.28029,50.02187],[9.29668,50.03499],[9.30347,50.04562],[9.3117,50.05654],[9.29387,50.06106],[9.28461,50.05656],[9.27243,50.06643],[9.26247,50.05882],[9.2502,50.06089],[9.24362,50.05563],[9.22996,50.05516],[9.23808,50.04803],[9.25265,50.0444],[9.24784,50.03442],[9.2327,50.02835],[9.23582,50.01246],[9.24143,50.00861],[9.23456,50.00139],[9.24475,49.99751]]]},"properties":{"plz":"63877","name":"63877 Sailauf"}},{"type":"Feature","geometry":{"type":"Polygon","coordinates":[[[9.13571,49.81091],[9.13771,49.80675],[9.1716,49.79086],[9.1695,49.79722],[9.18463,49.78762],[9.20554,49.78522],[9.21738,49.79448],[9.22198,49.80464],[9.22628,49.81066],[9.21471,49.81361],[9.19948,49.81136],[9.19313,49.80266],[9.18975,49.81043],[9.17341,49.82087],[9.14675,49.83277],[9.13924,49.82328],[9.13571,49.81091]]]},"properties":{"plz":"63906","name":"63906 Erlenbach a.Main"}},{"type":"Feature","geometry":{"type":"Polygon","coordinates":[[[9.10811,49.79802],[9.13218,49.7941],[9.1343,49.78219],[9.12726,49.77645],[9.11327,49.77377],[9.10697,49.75875],[9.12772,49.75524],[9.13404,49.76011],[9.14905,49.76126],[9.15844,49.7661],[9.15817,49.77628],[9.17639,49.78463],[9.1716,49.79086],[9.13771,49.80675],[9.13571,49.81091],[9.12497,49.8083],[9.10811,49.79802]]]},"properties":{"plz":"63939","name":"63939 Wörth a.Main"}},{"type":"Feature","geometry":{"type":"Polygon","coordinates":[[[8.64126,49.87164],[8.64425,49.86472],[8.66397,49.86738],[8.66155,49.87638],[8.65149,49.87609],[8.64126,49.87164]]]},"properties":{"plz":"64283","name":"64283 Darmstadt"}},{"type":"Feature","geometry":{"type":"Polygon","coordinates":[[[8.64425,49.86472],[8.64632,49.85908],[8.63805,49.84194],[8.66726,49.84182],[8.67388,49.83606],[8.68378,49.84134],[8.677,49.84393],[8.66397,49.86738],[8.64425,49.86472]]]},"properties":{"plz":"64285","name":"64285 Darmstadt"}},{"type":"Feature","geometry":{"type":"Polygon","coordinates":[[[8.66397,49.86738],[8.677,49.84393],[8.68378,49.84134],[8.69203,49.84469],[8.71719,49.86137],[8.72439,49.86281],[8.72631,49.88341],[8.74002,49.89234],[8.74563,49.89886],[8.74756,49.91108],[8.73762,49.91862],[8.73901,49.9301],[8.70437,49.92249],[8.70889,49.91074],[8.68998,49.89306],[8.67753,49.89481],[8.66155,49.87638],[8.66397,49.86738]]]},"properties":{"plz":"64287","name":"64287 Darmstadt"}},{"type":"Feature","geometry":{"type":"Polygon","coordinates":[[[8.66155,49.87638],[8.67753,49.89481],[8.68998,49.89306],[8.70889,49.91074],[8.70437,49.92249],[8.65747,49.89319],[8.65348,49.89228],[8.65149,49.87609],[8.66155,49.87638]]]},"properties":{"plz":"64289","name":"64289 Darmstadt"}},{"type":"Feature","geometry":{"type":"Polygon","coordinates":[[[8.704,49.95028],[8.68667,49.94833],[8.67229,49.95179],[8.66844,49.94646],[8.62912,49.94421],[8.62706,49.94222],[8.63197,49.93631],[8.62382,49.93249],[8.62549,49.91675],[8.63056,49.91022],[8.6272,49.90247],[8.63411,49.89744],[8.65507,49.89995],[8.65747,49.89319],[8.70437,49.92249],[8.73901,49.9301],[8.73147,49.93316],[8.73428,49.95021],[8.72653,49.95373],[8.72528,49.95335],[8.704,49.95028]]]},"properties":{"plz":"64291","name":"64291 Darmstadt"}},{"type":"Feature","geometry":{"type":"Polygon","coordinates":[[[8.65149,49.87609],[8.65348,49.89228],[8.65747,49.89319],[8.65507,49.89995],[8.63411,49.89744],[8.624,49.89489],[8.61703,49.88703],[8.6026,49.8829],[8.59907,49.86547],[8.63382,49.87227],[8.64126,49.87164],[8.65149,49.87609]]]},"properties":{"plz":"64293","name":"64293 Darmstadt"}},{"type":"Feature","geometry":{"type":"Polygon","coordinates":[[[8.64126,49.87164],[8.63382,49.87227],[8.59907,49.86547],[8.59634,49.85201],[8.57874,49.85077],[8.55989,49.84301],[8.5638,49.83005],[8.59011,49.83708],[8.60474,49.83656],[8.61277,49.8448],[8.63805,49.84194],[8.64632,49.85908],[8.64425,49.86472],[8.64126,49.87164]]]},"properties":{"plz":"64295","name":"64295 Darmstadt"}},{"type":"Feature","geometry":{"type":"Polygon","coordinates":[[[8.63805,49.84194],[8.61277,49.8448],[8.60474,49.83656],[8.61128,49.8348],[8.62774,49.8047],[8.64466,49.80033],[8.64792,49.79589],[8.65805,49.79893],[8.66941,49.80699],[8.66893,49.81348],[8.67963,49.81927],[8.67231,49.82233],[8.67388,49.83606],[8.66726,49.84182],[8.63805,49.84194]]]},"properties":{"plz":"64297","name":"64297 Darmstadt"}},{"type":"Feature","geometry":{"type":"Polygon","coordinates":[[[8.5638,49.83005],[8.56428,49.82586],[8.54803,49.82559],[8.54265,49.8101],[8.54816,49.80087],[8.53652,49.79572],[8.53774,49.78481],[8.53684,49.77834],[8.55056,49.77655],[8.54702,49.7673],[8.56026,49.76974],[8.57487,49.77622],[8.59417,49.77044],[8.61777,49.77291],[8.64572,49.78698],[8.64792,49.79589],[8.64466,49.80033],[8.62774,49.8047],[8.61128,49.8348],[8.60474,49.83656],[8.59011,49.83708],[8.5638,49.83005]]]},"properties":{"plz":"64319","name":"64319 Pfungstadt"}},{"type":"Feature","geometry":{"type":"Polygon","coordinates":[[[8.62706,49.94222],[8.6105,49.94743],[8.60523,49.95456],[8.58278,49.95561],[8.58576,49.94616],[8.57757,49.94365],[8.56603,49.94285],[8.57078,49.92259],[8.55015,49.92052],[8.55117,49.9054],[8.56189,49.89565],[8.56467,49.88245],[8.59423,49.88056],[8.6026,49.8829],[8.61703,49.88703],[8.624,49.89489],[8.63411,49.89744],[8.6272,49.90247],[8.63056,49.91022],[8.62549,49.91675],[8.62382,49.93249],[8.63197,49.93631],[8.62706,49.94222]]]},"properties":{"plz":"64331","name":"64331 Weiterstadt"}},{"type":"Feature","geometry":{"type":"Polygon","coordinates":[[[8.64792,49.79589],[8.64572,49.78698],[8.61777,49.77291],[8.62532,49.76241],[8.62143,49.74859],[8.64374,49.7378],[8.64123,49.72723],[8.65196,49.7246],[8.66187,49.72862],[8.67331,49.72523],[8.6863,49.73114],[8.68005,49.7441],[8.70131,49.75474],[8.70479,49.75849],[8.6997,49.77045],[8.70351,49.78135],[8.69424,49.77424],[8.67477,49.77317],[8.66211,49.77857],[8.66674,49.78733],[8.65977,49.78894],[8.65805,49.79893],[8.64792,49.79589]]]},"properties":{"plz":"64342","name":"64342 Seeheim-Jugenheim"}},{"type":"Feature","geometry":{"type":"Polygon","coordinates":[[[8.6026,49.8829],[8.59423,49.88056],[8.56467,49.88245],[8.52254,49.87278],[8.52115,49.87175],[8.51979,49.86575],[8.53518,49.83893],[8.54803,49.82559],[8.56428,49.82586],[8.5638,49.83005],[8.55989,49.84301],[8.57874,49.85077],[8.59634,49.85201],[8.59907,49.86547],[8.6026,49.8829]]]},"properties":{"plz":"64347","name":"64347 Griesheim"}},{"type":"Feature","geometry":{"type":"Polygon","coordinates":[[[8.78404,49.84969],[8.78522,49.83431],[8.79244,49.82576],[8.78755,49.82045],[8.79975,49.80343],[8.81018,49.80209],[8.82361,49.80999],[8.84206,49.80715],[8.86416,49.79624],[8.86999,49.79807],[8.85896,49.80637],[8.86616,49.83291],[8.85353,49.83929],[8.85222,49.85337],[8.83951,49.85565],[8.81288,49.84731],[8.7941,49.8548],[8.78404,49.84969]]]},"properties":{"plz":"64354","name":"64354 Reinheim"}},{"type":"Feature","geometry":{"type":"Polygon","coordinates":[[[8.67388,49.83606],[8.67231,49.82233],[8.67963,49.81927],[8.66893,49.81348],[8.66941,49.80699],[8.65805,49.79893],[8.65977,49.78894],[8.66674,49.78733],[8.66211,49.77857],[8.67477,49.77317],[8.69424,49.77424],[8.70351,49.78135],[8.7148,49.78375],[8.71911,49.79051],[8.71388,49.79856],[8.72033,49.81023],[8.71001,49.81409],[8.71987,49.82336],[8.71001,49.83001],[8.72113,49.83901],[8.72066,49.84679],[8.69203,49.84469],[8.68378,49.84134],[8.67388,49.83606]]]},"properties":{"plz":"64367","name":"64367 Mühltal"}},{"type":"Feature","geometry":{"type":"Polygon","coordinates":[[[8.69203,49.84469],[8.72066,49.84679],[8.72113,49.83901],[8.71001,49.83001],[8.71987,49.82336],[8.71001,49.81409],[8.72033,49.81023],[8.71388,49.79856],[8.71911,49.79051],[8.7148,49.78375],[8.72382,49.77568],[8.7429,49.78036],[8.75654,49.7801],[8.75943,49.7875],[8.77426,49.78749],[8.79568,49.79604],[8.79975,49.80343],[8.78755,49.82045],[8.79244,49.82576],[8.78522,49.83431],[8.78404,49.84969],[8.76432,49.84999],[8.75063,49.84693],[8.72943,49.85318],[8.72439,49.86281],[8.71719,49.86137],[8.69203,49.84469]]]},"properties":{"plz":"64372","name":"64372 Ober-Ramstadt"}},{"type":"Feature","geometry":{"type":"Polygon","coordinates":[[[8.72439,49.86281],[8.72943,49.85318],[8.75063,49.84693],[8.76432,49.84999],[8.78404,49.84969],[8.7941,49.8548],[8.80509,49.86777],[8.80665,49.87983],[8.79628,49.87899],[8.74002,49.89234],[8.72631,49.88341],[8.72439,49.86281]]]},"properties":{"plz":"64380","name":"64380 Roßdorf"}},{"type":"Feature","geometry":{"type":"Polygon","coordinates":[[[8.79765,49.73106],[8.78642,49.72168],[8.80069,49.70886],[8.79816,49.6952],[8.78452,49.69336],[8.79618,49.68838],[8.79691,49.68468],[8.82905,49.6747],[8.84131,49.66001],[8.85363,49.66188],[8.86435,49.65584],[8.87099,49.65951],[8.89249,49.66654],[8.90074,49.67875],[8.89606,49.70302],[8.90138,49.70566],[8.91978,49.70243],[8.91913,49.70616],[8.92906,49.7116],[8.9147,49.72477],[8.91548,49.73424],[8.90308,49.73808],[8.88634,49.74486],[8.87491,49.74467],[8.86767,49.72674],[8.83361,49.73172],[8.8212,49.73058],[8.81467,49.72527],[8.79751,49.72372],[8.79765,49.73106]]]},"properties":{"plz":"64385","name":"64385 Reichelsheim (Odenwald)"}},{"type":"Feature","geometry":{"type":"Polygon","coordinates":[[[8.62068,49.96506],[8.60539,49.965],[8.59473,49.95619],[8.60523,49.95456],[8.6105,49.94743],[8.62706,49.94222],[8.62912,49.94421],[8.66844,49.94646],[8.67229,49.95179],[8.6584,49.95227],[8.63058,49.96496],[8.62068,49.96506]]]},"properties":{"plz":"64390","name":"64390 Erzhausen"}},{"type":"Feature","geometry":{"type":"Polygon","coordinates":[[[8.86416,49.79624],[8.85396,49.78957],[8.84518,49.778],[8.84143,49.76438],[8.86227,49.76202],[8.87683,49.7685],[8.87272,49.75808],[8.87491,49.74467],[8.88634,49.74486],[8.90308,49.73808],[8.90263,49.74492],[8.91794,49.74679],[8.91905,49.75398],[8.9269,49.75419],[8.92523,49.76538],[8.91609,49.77018],[8.92318,49.7811],[8.91757,49.78683],[8.90627,49.78681],[8.89421,49.79184],[8.87322,49.78879],[8.86999,49.79807],[8.86416,49.79624]]]},"properties":{"plz":"64395","name":"64395 Brensbach"}},{"type":"Feature","geometry":{"type":"Polygon","coordinates":[[[8.70131,49.75474],[8.70731,49.74399],[8.72305,49.74047],[8.73855,49.72299],[8.74848,49.72245],[8.76864,49.72911],[8.77474,49.72536],[8.79002,49.73097],[8.79021,49.7359],[8.78636,49.73637],[8.77542,49.75422],[8.77892,49.76692],[8.78262,49.7791],[8.77426,49.78749],[8.75943,49.7875],[8.75654,49.7801],[8.7429,49.78036],[8.72382,49.77568],[8.7148,49.78375],[8.70351,49.78135],[8.6997,49.77045],[8.70479,49.75849],[8.70131,49.75474]]]},"properties":{"plz":"64397","name":"64397 Modautal"}},{"type":"Feature","geometry":{"type":"Polygon","coordinates":[[[8.79975,49.80343],[8.79568,49.79604],[8.77426,49.78749],[8.78262,49.7791],[8.77892,49.76692],[8.7894,49.76264],[8.79684,49.76612],[8.79309,49.77426],[8.80232,49.77263],[8.80852,49.78116],[8.81337,49.77764],[8.8322,49.77622],[8.83753,49.76172],[8.84143,49.76438],[8.84518,49.778],[8.85396,49.78957],[8.86416,49.79624],[8.84206,49.80715],[8.82361,49.80999],[8.81018,49.80209],[8.79975,49.80343]]]},"properties":{"plz":"64401","name":"64401 Groß-Bieberau"}},{"type":"Feature","geometry":{"type":"Polygon","coordinates":[[[8.56026,49.76974],[8.56184,49.76734],[8.58623,49.75958],[8.58789,49.7509],[8.61674,49.74408],[8.62143,49.74859],[8.62532,49.76241],[8.61777,49.77291],[8.59417,49.77044],[8.57487,49.77622],[8.56026,49.76974]]]},"properties":{"plz":"64404","name":"64404 Bickenbach"}},{"type":"Feature","geometry":{"type":"Polygon","coordinates":[[[8.79021,49.7359],[8.79743,49.73837],[8.8124,49.73994],[8.83079,49.75878],[8.83753,49.76172],[8.8322,49.77622],[8.81337,49.77764],[8.80852,49.78116],[8.80232,49.77263],[8.79309,49.77426],[8.79684,49.76612],[8.7894,49.76264],[8.77892,49.76692],[8.77542,49.75422],[8.78636,49.73637],[8.79021,49.7359]]]},"properties":{"plz":"64405","name":"64405 Fischbachtal"}},{"type":"Feature","geometry":{"type":"Polygon","coordinates":[[[8.87491,49.74467],[8.87272,49.75808],[8.87683,49.7685],[8.86227,49.76202],[8.84143,49.76438],[8.83753,49.76172],[8.83079,49.75878],[8.8124,49.73994],[8.79743,49.73837],[8.79765,49.73106],[8.79751,49.72372],[8.81467,49.72527],[8.8212,49.73058],[8.83361,49.73172],[8.86767,49.72674],[8.87491,49.74467]]]},"properties":{"plz":"64407","name":"64407 Fränkisch-Crumbach"}},{"type":"Feature","geometry":{"type":"Polygon","coordinates":[[[8.72653,49.95373],[8.73428,49.95021],[8.73147,49.93316],[8.73901,49.9301],[8.73762,49.91862],[8.74756,49.91108],[8.74563,49.89886],[8.759,49.89518],[8.76326,49.90254],[8.77059,49.91489],[8.78331,49.93782],[8.79212,49.94181],[8.7876,49.9466],[8.77724,49.94334],[8.75637,49.94828],[8.74321,49.95964],[8.72653,49.95373]]]},"properties":{"plz":"64409","name":"64409 Messel"}},{"type":"Feature","geometry":{"type":"Polygon","coordinates":[[[8.52254,49.87278],[8.51566,49.88167],[8.5075,49.8828],[8.4959,49.89293],[8.50188,49.90714],[8.49921,49.92231],[8.53191,49.94389],[8.55058,49.94915],[8.54726,49.9654],[8.52772,49.96227],[8.50635,49.96142],[8.48545,49.95565],[8.47186,49.94649],[8.46899,49.9385],[8.45363,49.92898],[8.44136,49.93027],[8.44686,49.92081],[8.43573,49.91607],[8.43696,49.9071],[8.42432,49.91068],[8.41564,49.90004],[8.41873,49.88991],[8.4058,49.8819],[8.40645,49.87747],[8.41776,49.88247],[8.42907,49.87329],[8.42839,49.86589],[8.44285,49.86911],[8.45612,49.86563],[8.46581,49.87124],[8.47271,49.86314],[8.48945,49.86562],[8.49594,49.87305],[8.5131,49.87564],[8.52115,49.87175],[8.52254,49.87278]]]},"properties":{"plz":"64521","name":"64521 Groß-Gerau"}},{"type":"Feature","geometry":{"type":"Polygon","coordinates":[[[8.54867,50.02527],[8.54582,50.01939],[8.54832,50.00286],[8.53243,49.99461],[8.53225,49.9884],[8.51032,49.99791],[8.51562,49.98582],[8.5039,49.98395],[8.50719,49.97599],[8.51024,49.97009],[8.52698,49.96827],[8.52772,49.96227],[8.54726,49.9654],[8.55058,49.94915],[8.57416,49.9504],[8.57757,49.94365],[8.58576,49.94616],[8.58278,49.95561],[8.60523,49.95456],[8.59473,49.95619],[8.60539,49.965],[8.62068,49.96506],[8.62999,49.96804],[8.62874,49.97544],[8.60725,49.99659],[8.60337,50.01282],[8.60225,50.0147],[8.59075,50.01771],[8.5761,50.01554],[8.57015,50.02531],[8.54867,50.02527]]]},"properties":{"plz":"64546","name":"64546 Mörfelden-Walldorf"}},{"type":"Feature","geometry":{"type":"Polygon","coordinates":[[[8.37776,49.82763],[8.38459,49.81734],[8.40847,49.81825],[8.44141,49.83738],[8.46019,49.83585],[8.47425,49.82926],[8.47462,49.81737],[8.48541,49.81403],[8.48722,49.80176],[8.50582,49.79813],[8.5043,49.79363],[8.50381,49.78645],[8.52543,49.79023],[8.53774,49.78481],[8.53652,49.79572],[8.54816,49.80087],[8.54265,49.8101],[8.54803,49.82559],[8.53518,49.83893],[8.51979,49.86575],[8.52115,49.87175],[8.5131,49.87564],[8.49594,49.87305],[8.48945,49.86562],[8.47271,49.86314],[8.46581,49.87124],[8.45612,49.86563],[8.44285,49.86911],[8.42839,49.86589],[8.42907,49.87329],[8.41776,49.88247],[8.40645,49.87747],[8.38955,49.8632],[8.37927,49.85964],[8.38531,49.84919],[8.37776,49.82763]]]},"properties":{"plz":"64560","name":"64560 Riedstadt"}},{"type":"Feature","geometry":{"type":"Polygon","coordinates":[[[8.52772,49.96227],[8.52698,49.96827],[8.51024,49.97009],[8.50719,49.97599],[8.47697,49.96668],[8.46596,49.958],[8.43068,49.9485],[8.4225,49.93872],[8.4262,49.93216],[8.44136,49.93027],[8.45363,49.92898],[8.46899,49.9385],[8.47186,49.94649],[8.48545,49.95565],[8.50635,49.96142],[8.52772,49.96227]]]},"properties":{"plz":"64569","name":"64569 Nauheim"}},{"type":"Feature","geometry":{"type":"Polygon","coordinates":[[[8.57757,49.94365],[8.57416,49.9504],[8.55058,49.94915],[8.53191,49.94389],[8.49921,49.92231],[8.50188,49.90714],[8.4959,49.89293],[8.5075,49.8828],[8.51566,49.88167],[8.52254,49.87278],[8.56467,49.88245],[8.56189,49.89565],[8.55117,49.9054],[8.55015,49.92052],[8.57078,49.92259],[8.56603,49.94285],[8.57757,49.94365]]]},"properties":{"plz":"64572","name":"64572 Büttelborn"}},{"type":"Feature","geometry":{"type":"Polygon","coordinates":[[[8.53774,49.78481],[8.52543,49.79023],[8.50381,49.78645],[8.49911,49.77968],[8.47441,49.76787],[8.47858,49.75857],[8.44822,49.73351],[8.45818,49.72575],[8.47121,49.72903],[8.49457,49.72296],[8.53384,49.72459],[8.54033,49.71769],[8.54383,49.7173],[8.54381,49.72124],[8.55901,49.72883],[8.55427,49.76019],[8.56184,49.76734],[8.56026,49.76974],[8.54702,49.7673],[8.55056,49.77655],[8.53684,49.77834],[8.53774,49.78481]]]},"properties":{"plz":"64579","name":"64579 Gernsheim"}},{"type":"Feature","geometry":{"type":"Polygon","coordinates":[[[8.5043,49.79363],[8.46701,49.79526],[8.45094,49.80313],[8.43087,49.79551],[8.42593,49.8003],[8.41303,49.78442],[8.41744,49.77281],[8.42604,49.7672],[8.44186,49.76543],[8.47441,49.76787],[8.49911,49.77968],[8.50381,49.78645],[8.5043,49.79363]]]},"properties":{"plz":"64584","name":"64584 Biebesheim am Rhein"}},{"type":"Feature","geometry":{"type":"Polygon","coordinates":[[[8.38459,49.81734],[8.40002,49.80349],[8.41303,49.78442],[8.42593,49.8003],[8.43087,49.79551],[8.45094,49.80313],[8.46701,49.79526],[8.5043,49.79363],[8.50582,49.79813],[8.48722,49.80176],[8.48541,49.81403],[8.47462,49.81737],[8.47425,49.82926],[8.46019,49.83585],[8.44141,49.83738],[8.40847,49.81825],[8.38459,49.81734]]]},"properties":{"plz":"64589","name":"64589 Stockstadt am Rhein"}},{"type":"Feature","geometry":{"type":"Polygon","coordinates":[[[8.64123,49.72723],[8.63627,49.72474],[8.62017,49.73027],[8.62546,49.7193],[8.61121,49.71406],[8.60987,49.71854],[8.5912,49.72242],[8.57345,49.71127],[8.56049,49.71935],[8.57406,49.72587],[8.55901,49.72883],[8.54381,49.72124],[8.54383,49.7173],[8.5573,49.70634],[8.5573,49.69089],[8.56865,49.68304],[8.58401,49.68049],[8.57145,49.67316],[8.58189,49.66397],[8.58545,49.65519],[8.59445,49.6538],[8.63336,49.66499],[8.63974,49.66349],[8.6551,49.66982],[8.67206,49.66899],[8.69034,49.67634],[8.71307,49.68032],[8.71281,49.68873],[8.70231,49.69783],[8.68184,49.69314],[8.65638,49.70194],[8.67331,49.72523],[8.66187,49.72862],[8.65196,49.7246],[8.64123,49.72723]]]},"properties":{"plz":"64625","name":"64625 Bensheim"}},{"type":"Feature","geometry":{"type":"MultiPolygon","coordinates":[[[[8.59445,49.6538],[8.58879,49.64654],[8.59445,49.64034],[8.59757,49.61101],[8.64872,49.62022],[8.65387,49.61831],[8.67819,49.62568],[8.69155,49.62362],[8.70751,49.62979],[8.72643,49.63456],[8.73178,49.65623],[8.72096,49.66516],[8.72412,49.66899],[8.72112,49.68116],[8.71307,49.68032],[8.69034,49.67634],[8.67206,49.66899],[8.6551,49.66982],[8.63974,49.66349],[8.63336,49.66499],[8.59445,49.6538]]],[[[8.68831,49.61979],[8.67491,49.62081],[8.66921,49.61441],[8.67984,49.60409],[8.69103,49.6067],[8.69664,49.61779],[8.68831,49.61979]]]]},"properties":{"plz":"64646","name":"64646 Heppenheim (Bergstraße)"}},{"type":"Feature","geometry":{"type":"Polygon","coordinates":[[[8.56865,49.68304],[8.56371,49.6713],[8.55558,49.6715],[8.54034,49.65919],[8.53816,49.64729],[8.51397,49.64157],[8.52131,49.62315],[8.54037,49.62314],[8.57307,49.63448],[8.56461,49.61503],[8.57898,49.61684],[8.5855,49.60158],[8.58939,49.60448],[8.5948,49.60684],[8.59757,49.61101],[8.59445,49.64034],[8.58879,49.64654],[8.59445,49.6538],[8.58545,49.65519],[8.58189,49.66397],[8.57145,49.67316],[8.58401,49.68049],[8.56865,49.68304]]]},"properties":{"plz":"64653","name":"64653 Lorsch"}},{"type":"Feature","geometry":{"type":"Polygon","coordinates":[[[8.79618,49.68838],[8.78013,49.67227],[8.72415,49.68191],[8.72112,49.68116],[8.72412,49.66899],[8.74843,49.65295],[8.74809,49.6459],[8.73398,49.63537],[8.7478,49.63479],[8.7698,49.62897],[8.78261,49.62905],[8.79701,49.62267],[8.80706,49.62648],[8.81674,49.64494],[8.82256,49.64324],[8.82808,49.65488],[8.84435,49.6463],[8.87058,49.64911],[8.88407,49.65076],[8.88464,49.65959],[8.87099,49.65951],[8.86435,49.65584],[8.85363,49.66188],[8.84131,49.66001],[8.82905,49.6747],[8.79691,49.68468],[8.79618,49.68838]]]},"properties":{"plz":"64658","name":"64658 Fürth"}},{"type":"Feature","geometry":{"type":"Polygon","coordinates":[[[8.62143,49.74859],[8.61674,49.74408],[8.58789,49.7509],[8.58623,49.75958],[8.56184,49.76734],[8.55427,49.76019],[8.55901,49.72883],[8.57406,49.72587],[8.58853,49.72778],[8.59602,49.73431],[8.62017,49.73027],[8.63627,49.72474],[8.64123,49.72723],[8.64374,49.7378],[8.62143,49.74859]]]},"properties":{"plz":"64665","name":"64665 Alsbach-Hähnlein"}},{"type":"Feature","geometry":{"type":"Polygon","coordinates":[[[8.70751,49.62979],[8.74176,49.62245],[8.74156,49.61496],[8.75158,49.61376],[8.75684,49.59774],[8.78564,49.58496],[8.8078,49.59556],[8.80685,49.60685],[8.8104,49.61011],[8.80706,49.62648],[8.79701,49.62267],[8.78261,49.62905],[8.7698,49.62897],[8.7478,49.63479],[8.73398,49.63537],[8.74809,49.6459],[8.74843,49.65295],[8.72412,49.66899],[8.72096,49.66516],[8.73178,49.65623],[8.72643,49.63456],[8.70751,49.62979]]]},"properties":{"plz":"64668","name":"64668 Rimbach"}},{"type":"Feature","geometry":{"type":"Polygon","coordinates":[[[8.62017,49.73027],[8.59602,49.73431],[8.58853,49.72778],[8.57406,49.72587],[8.56049,49.71935],[8.57345,49.71127],[8.5912,49.72242],[8.60987,49.71854],[8.61121,49.71406],[8.62546,49.7193],[8.62017,49.73027]]]},"properties":{"plz":"64673","name":"64673 Zwingenberg"}},{"type":"Feature","geometry":{"type":"Polygon","coordinates":[[[8.79765,49.73106],[8.79743,49.73837],[8.79021,49.7359],[8.79002,49.73097],[8.77474,49.72536],[8.77024,49.7167],[8.75114,49.71075],[8.73012,49.69577],[8.72415,49.68191],[8.78013,49.67227],[8.79618,49.68838],[8.78452,49.69336],[8.79816,49.6952],[8.80069,49.70886],[8.78642,49.72168],[8.79765,49.73106]]]},"properties":{"plz":"64678","name":"64678 Lindenfels"}},{"type":"Feature","geometry":{"type":"Polygon","coordinates":[[[8.54033,49.71769],[8.53491,49.71232],[8.51709,49.71043],[8.50139,49.70325],[8.51107,49.67522],[8.49293,49.68045],[8.47944,49.66438],[8.49301,49.66005],[8.5039,49.66086],[8.50704,49.66743],[8.52072,49.66687],[8.51839,49.65633],[8.50805,49.6554],[8.51397,49.64157],[8.53816,49.64729],[8.54034,49.65919],[8.55558,49.6715],[8.56371,49.6713],[8.56865,49.68304],[8.5573,49.69089],[8.5573,49.70634],[8.54383,49.7173],[8.54033,49.71769]]]},"properties":{"plz":"64683","name":"64683 Einhausen"}},{"type":"Feature","geometry":{"type":"Polygon","coordinates":[[[8.67331,49.72523],[8.65638,49.70194],[8.68184,49.69314],[8.70231,49.69783],[8.71281,49.68873],[8.71307,49.68032],[8.72112,49.68116],[8.72415,49.68191],[8.73012,49.69577],[8.75114,49.71075],[8.77024,49.7167],[8.77474,49.72536],[8.76864,49.72911],[8.74848,49.72245],[8.73855,49.72299],[8.72305,49.74047],[8.70731,49.74399],[8.70131,49.75474],[8.68005,49.7441],[8.6863,49.73114],[8.67331,49.72523]]]},"properties":{"plz":"64686","name":"64686 Lautertal (Odenwald)"}},{"type":"Feature","geometry":{"type":"Polygon","coordinates":[[[8.80706,49.62648],[8.8104,49.61011],[8.80685,49.60685],[8.8317,49.60235],[8.85316,49.60188],[8.85423,49.60721],[8.87179,49.60728],[8.87573,49.61414],[8.88462,49.62199],[8.87641,49.63706],[8.86426,49.64189],[8.87058,49.64911],[8.84435,49.6463],[8.82808,49.65488],[8.82256,49.64324],[8.81674,49.64494],[8.80706,49.62648]]]},"properties":{"plz":"64689","name":"64689 Grasellenbach"}},{"type":"Feature","geometry":{"type":"Polygon","coordinates":[[[8.9269,49.75419],[8.95244,49.75402],[8.96417,49.74412],[8.98041,49.74502],[8.99267,49.72834],[8.97686,49.72459],[8.97258,49.71749],[8.97924,49.70322],[8.98996,49.71038],[8.99851,49.70327],[9.00346,49.70731],[9.01983,49.70742],[9.0265,49.7184],[9.04398,49.7184],[9.05928,49.70709],[9.07447,49.71596],[9.07143,49.73186],[9.08476,49.73395],[9.08266,49.74114],[9.06887,49.74135],[9.06935,49.74912],[9.04546,49.76575],[9.0207,49.77338],[9.00468,49.76785],[9.00139,49.76055],[8.99354,49.76514],[8.97693,49.75894],[8.96266,49.75948],[8.94553,49.77311],[8.92318,49.7811],[8.91609,49.77018],[8.92523,49.76538],[8.9269,49.75419]]]},"properties":{"plz":"64732","name":"64732 Bad König"}},{"type":"Feature","geometry":{"type":"Polygon","coordinates":[[[8.92318,49.7811],[8.94553,49.77311],[8.96266,49.75948],[8.97693,49.75894],[8.99354,49.76514],[9.00139,49.76055],[9.00468,49.76785],[9.0207,49.77338],[9.02605,49.78345],[9.00509,49.79382],[9.01108,49.79921],[9.0209,49.80197],[9.00956,49.80992],[8.99532,49.81349],[8.99166,49.81953],[8.97383,49.81847],[8.96475,49.81171],[8.96958,49.79787],[8.95803,49.79362],[8.94161,49.79561],[8.9494,49.79918],[8.92667,49.79958],[8.91757,49.78683],[8.92318,49.7811]]]},"properties":{"plz":"64739","name":"64739 Höchst i. Odw."}},{"type":"Feature","geometry":{"type":"Polygon","coordinates":[[[9.08525,49.8477],[9.07038,49.83336],[9.05616,49.83456],[9.06013,49.84617],[9.04158,49.83993],[9.03614,49.8464],[9.02934,49.85607],[9.00725,49.85488],[9.00563,49.84651],[9.01268,49.83507],[8.99166,49.81953],[8.99532,49.81349],[9.00956,49.80992],[9.0209,49.80197],[9.01108,49.79921],[9.01899,49.7928],[9.04395,49.79596],[9.04855,49.80039],[9.06412,49.79084],[9.07124,49.79769],[9.08888,49.79689],[9.08632,49.80662],[9.07705,49.81827],[9.08687,49.82655],[9.07783,49.83466],[9.08998,49.8411],[9.08525,49.8477]]]},"properties":{"plz":"64747","name":"64747 Breuberg"}},{"type":"Feature","geometry":{"type":"Polygon","coordinates":[[[9.08888,49.79689],[9.07124,49.79769],[9.06412,49.79084],[9.04855,49.80039],[9.04395,49.79596],[9.01899,49.7928],[9.01108,49.79921],[9.00509,49.79382],[9.02605,49.78345],[9.0207,49.77338],[9.04546,49.76575],[9.06935,49.74912],[9.06887,49.74135],[9.08266,49.74114],[9.09166,49.73922],[9.11672,49.7448],[9.12283,49.75132],[9.13392,49.7526],[9.12772,49.75524],[9.10697,49.75875],[9.11327,49.77377],[9.12726,49.77645],[9.1343,49.78219],[9.13218,49.7941],[9.10811,49.79802],[9.09409,49.79025],[9.08888,49.79689]]]},"properties":{"plz":"64750","name":"64750 Lützelbach"}},{"type":"Feature","geometry":{"type":"Polygon","coordinates":[[[8.91913,49.70616],[8.94672,49.71209],[8.95413,49.71704],[8.97258,49.71749],[8.97686,49.72459],[8.99267,49.72834],[8.98041,49.74502],[8.96417,49.74412],[8.95244,49.75402],[8.9269,49.75419],[8.91905,49.75398],[8.91794,49.74679],[8.90263,49.74492],[8.90308,49.73808],[8.91548,49.73424],[8.9147,49.72477],[8.92906,49.7116],[8.91913,49.70616]]]},"properties":{"plz":"64753","name":"64753 Brombachtal"}},{"type":"Feature","geometry":{"type":"Polygon","coordinates":[[[8.87099,49.65951],[8.88464,49.65959],[8.88407,49.65076],[8.87058,49.64911],[8.86426,49.64189],[8.87641,49.63706],[8.88462,49.62199],[8.87573,49.61414],[8.88883,49.60916],[8.90125,49.59953],[8.93317,49.60093],[8.96604,49.60957],[8.95392,49.61557],[8.95686,49.62216],[8.94941,49.63704],[8.9511,49.65106],[8.93681,49.66937],[8.94355,49.67337],[8.93383,49.69095],[8.91978,49.70243],[8.90138,49.70566],[8.89606,49.70302],[8.90074,49.67875],[8.89249,49.66654],[8.87099,49.65951]]]},"properties":{"plz":"64756","name":"64756 Mossautal"}},{"type":"Feature","geometry":{"type":"Polygon","coordinates":[[[8.76326,49.90254],[8.80297,49.89307],[8.81698,49.89348],[8.81724,49.88461],[8.84057,49.88639],[8.84939,49.88104],[8.86127,49.89155],[8.86167,49.9049],[8.86778,49.9057],[8.86677,49.91685],[8.8528,49.91569],[8.84265,49.92578],[8.79765,49.92254],[8.77059,49.91489],[8.76326,49.90254]]]},"properties":{"plz":"64807","name":"64807 Dieburg"}},{"type":"Feature","geometry":{"type":"Polygon","coordinates":[[[9.03412,49.86215],[9.0233,49.86967],[9.02608,49.87365],[9.01191,49.87559],[9.00558,49.87049],[8.99283,49.88091],[9.00293,49.88527],[9.00017,49.89392],[8.99186,49.89177],[8.96271,49.90588],[8.95733,49.91947],[8.94609,49.91286],[8.9277,49.91063],[8.92465,49.91528],[8.91353,49.91268],[8.90984,49.90784],[8.89797,49.91211],[8.88184,49.91136],[8.86778,49.9057],[8.86167,49.9049],[8.86127,49.89155],[8.84939,49.88104],[8.85691,49.86751],[8.86539,49.86436],[8.88235,49.86975],[8.89195,49.86704],[8.89274,49.85991],[8.90424,49.84715],[8.93195,49.84049],[8.92987,49.8326],[8.93559,49.82652],[8.93796,49.814],[8.94796,49.8186],[8.95383,49.81253],[8.96475,49.81171],[8.97383,49.81847],[8.99166,49.81953],[9.01268,49.83507],[9.00563,49.84651],[9.00725,49.85488],[9.02934,49.85607],[9.03614,49.8464],[9.04379,49.85549],[9.03412,49.86215]]]},"properties":{"plz":"64823","name":"64823 Groß-Umstadt"}},{"type":"Feature","geometry":{"type":"Polygon","coordinates":[[[8.86522,49.96373],[8.88663,49.94065],[8.87541,49.93616],[8.88608,49.92763],[8.90019,49.92906],[8.91012,49.92147],[8.91353,49.91268],[8.92465,49.91528],[8.9277,49.91063],[8.94609,49.91286],[8.95733,49.91947],[8.97097,49.92033],[8.9766,49.93255],[8.96248,49.93614],[8.96583,49.94318],[8.97616,49.93807],[8.99622,49.94381],[9.00621,49.95018],[9.02173,49.94997],[9.02665,49.95514],[9.0191,49.97457],[9.01968,49.9866],[9.0142,49.99138],[9.00788,49.99489],[8.97184,49.9959],[8.95006,49.99806],[8.94461,50.00189],[8.93822,49.99003],[8.90541,49.97221],[8.89953,49.96617],[8.86522,49.96373]]]},"properties":{"plz":"64832","name":"64832 Babenhausen"}},{"type":"Feature","geometry":{"type":"Polygon","coordinates":[[[8.77059,49.91489],[8.79765,49.92254],[8.84265,49.92578],[8.8528,49.91569],[8.86677,49.91685],[8.86778,49.9057],[8.88184,49.91136],[8.89797,49.91211],[8.90984,49.90784],[8.91353,49.91268],[8.91012,49.92147],[8.90019,49.92906],[8.88608,49.92763],[8.87541,49.93616],[8.86609,49.94387],[8.85308,49.93816],[8.84531,49.94062],[8.79212,49.94181],[8.78331,49.93782],[8.77059,49.91489]]]},"properties":{"plz":"64839","name":"64839 Münster"}},{"type":"Feature","geometry":{"type":"Polygon","coordinates":[[[8.74002,49.89234],[8.79628,49.87899],[8.80665,49.87983],[8.80509,49.86777],[8.7941,49.8548],[8.81288,49.84731],[8.83951,49.85565],[8.85222,49.85337],[8.86539,49.86436],[8.85691,49.86751],[8.84939,49.88104],[8.84057,49.88639],[8.81724,49.88461],[8.81698,49.89348],[8.80297,49.89307],[8.76326,49.90254],[8.759,49.89518],[8.74563,49.89886],[8.74002,49.89234]]]},"properties":{"plz":"64846","name":"64846 Groß-Zimmern"}},{"type":"Feature","geometry":{"type":"Polygon","coordinates":[[[9.02173,49.94997],[9.00621,49.95018],[8.99622,49.94381],[8.97616,49.93807],[8.96583,49.94318],[8.96248,49.93614],[8.9766,49.93255],[8.97097,49.92033],[8.95733,49.91947],[8.96271,49.90588],[8.99186,49.89177],[9.00017,49.89392],[9.00293,49.88527],[8.99283,49.88091],[9.00558,49.87049],[9.01191,49.87559],[9.02608,49.87365],[9.0233,49.86967],[9.03412,49.86215],[9.03326,49.86657],[9.05023,49.86622],[9.03759,49.87812],[9.03711,49.89585],[9.02338,49.9101],[9.03228,49.92459],[9.02173,49.94997]]]},"properties":{"plz":"64850","name":"64850 Schaafheim"}},{"type":"Feature","geometry":{"type":"Polygon","coordinates":[[[8.86999,49.79807],[8.87322,49.78879],[8.89421,49.79184],[8.90627,49.78681],[8.91757,49.78683],[8.92667,49.79958],[8.9494,49.79918],[8.94161,49.79561],[8.95803,49.79362],[8.96958,49.79787],[8.96475,49.81171],[8.95383,49.81253],[8.94796,49.8186],[8.93796,49.814],[8.93559,49.82652],[8.92987,49.8326],[8.93195,49.84049],[8.90424,49.84715],[8.89274,49.85991],[8.89195,49.86704],[8.88235,49.86975],[8.86539,49.86436],[8.85222,49.85337],[8.85353,49.83929],[8.86616,49.83291],[8.85896,49.80637],[8.86999,49.79807]]]},"properties":{"plz":"64853","name":"64853 Otzberg"}},{"type":"Feature","geometry":{"type":"Polygon","coordinates":[[[8.85128,49.96004],[8.84701,49.9555],[8.81219,49.9464],[8.80592,49.9527],[8.79191,49.95412],[8.78139,49.95935],[8.75637,49.94828],[8.77724,49.94334],[8.7876,49.9466],[8.79212,49.94181],[8.84531,49.94062],[8.85308,49.93816],[8.86609,49.94387],[8.87541,49.93616],[8.88663,49.94065],[8.86522,49.96373],[8.85128,49.96004]]]},"properties":{"plz":"64859","name":"64859 Eppertshausen"}},{"type":"Feature","geometry":{"type":"Polygon","coordinates":[[[8.23561,50.0838],[8.22928,50.07941],[8.2449,50.0807],[8.24438,50.086],[8.23656,50.09133],[8.23561,50.0838]]]},"properties":{"plz":"65183","name":"65183 Wiesbaden"}},{"type":"Feature","geometry":{"type":"Polygon","coordinates":[[[8.22928,50.07941],[8.22918,50.07855],[8.23085,50.07444],[8.24064,50.06998],[8.2487,50.07253],[8.2449,50.0807],[8.22928,50.07941]]]},"properties":{"plz":"65185","name":"65185 Wiesbaden"}},{"type":"Feature","geometry":{"type":"Polygon","coordinates":[[[8.23085,50.07444],[8.22089,50.06606],[8.2138,50.05927],[8.21296,50.05261],[8.25528,50.05199],[8.25619,50.04461],[8.26349,50.05255],[8.2578,50.05821],[8.25025,50.05783],[8.24064,50.06998],[8.23085,50.07444]]]},"properties":{"plz":"65187","name":"65187 Wiesbaden"}},{"type":"Feature","geometry":{"type":"Polygon","coordinates":[[[8.2449,50.0807],[8.2487,50.07253],[8.24064,50.06998],[8.25025,50.05783],[8.2578,50.05821],[8.27604,50.06528],[8.27506,50.08025],[8.26487,50.08122],[8.25804,50.08891],[8.24438,50.086],[8.2449,50.0807]]]},"properties":{"plz":"65189","name":"65189 Wiesbaden"}},{"type":"Feature","geometry":{"type":"Polygon","coordinates":[[[8.27506,50.08025],[8.28877,50.07857],[8.29877,50.09204],[8.29216,50.09874],[8.27896,50.09796],[8.28087,50.10892],[8.27083,50.11077],[8.25706,50.09457],[8.25804,50.08891],[8.26487,50.08122],[8.27506,50.08025]]]},"properties":{"plz":"65191","name":"65191 Wiesbaden"}},{"type":"Feature","geometry":{"type":"Polygon","coordinates":[[[8.24438,50.086],[8.25804,50.08891],[8.25706,50.09457],[8.27083,50.11077],[8.23223,50.13116],[8.23528,50.13976],[8.21995,50.13479],[8.20726,50.12707],[8.20642,50.11598],[8.21898,50.09536],[8.23561,50.0838],[8.23656,50.09133],[8.24438,50.086]]]},"properties":{"plz":"65193","name":"65193 Wiesbaden"}},{"type":"Feature","geometry":{"type":"Polygon","coordinates":[[[8.23561,50.0838],[8.21898,50.09536],[8.20642,50.11598],[8.20726,50.12707],[8.21995,50.13479],[8.185,50.12144],[8.16979,50.12419],[8.16542,50.11718],[8.17468,50.10958],[8.17018,50.09709],[8.20614,50.09299],[8.21338,50.08402],[8.22918,50.07855],[8.22928,50.07941],[8.23561,50.0838]]]},"properties":{"plz":"65195","name":"65195 Wiesbaden"}},{"type":"Feature","geometry":{"type":"Polygon","coordinates":[[[8.22918,50.07855],[8.21338,50.08402],[8.20614,50.09299],[8.17018,50.09709],[8.19393,50.09093],[8.20373,50.07451],[8.22089,50.06606],[8.23085,50.07444],[8.22918,50.07855]]]},"properties":{"plz":"65197","name":"65197 Wiesbaden"}},{"type":"Feature","geometry":{"type":"Polygon","coordinates":[[[8.22089,50.06606],[8.20373,50.07451],[8.19393,50.09093],[8.17018,50.09709],[8.17468,50.10958],[8.16542,50.11718],[8.16979,50.12419],[8.16009,50.12411],[8.14237,50.11346],[8.13246,50.10314],[8.1124,50.09368],[8.11524,50.08907],[8.13117,50.09178],[8.13782,50.08753],[8.1708,50.07872],[8.17665,50.07042],[8.2138,50.05927],[8.22089,50.06606]]]},"properties":{"plz":"65199","name":"65199 Wiesbaden"}},{"type":"Feature","geometry":{"type":"Polygon","coordinates":[[[8.21225,50.03296],[8.21296,50.05261],[8.2138,50.05927],[8.17665,50.07042],[8.1708,50.07872],[8.13782,50.08753],[8.1323,50.0815],[8.11167,50.08432],[8.11091,50.07791],[8.11119,50.07281],[8.12296,50.07428],[8.13814,50.06637],[8.16029,50.05214],[8.17523,50.03411],[8.19,50.0353],[8.21225,50.03296]]]},"properties":{"plz":"65201","name":"65201 Wiesbaden"}},{"type":"Feature","geometry":{"type":"Polygon","coordinates":[[[8.25418,50.02194],[8.27325,50.03273],[8.28358,50.03199],[8.28276,50.03984],[8.26417,50.03555],[8.25619,50.04461],[8.25528,50.05199],[8.21296,50.05261],[8.21225,50.03296],[8.23589,50.03061],[8.25418,50.02194]]]},"properties":{"plz":"65203","name":"65203 Wiesbaden"}},{"type":"Feature","geometry":{"type":"Polygon","coordinates":[[[8.33271,50.0264],[8.38134,50.04689],[8.37405,50.0521],[8.36329,50.05419],[8.3549,50.06217],[8.35707,50.06737],[8.34842,50.07501],[8.32528,50.07393],[8.30377,50.06858],[8.29144,50.07271],[8.28877,50.07857],[8.27506,50.08025],[8.27604,50.06528],[8.2578,50.05821],[8.26349,50.05255],[8.25619,50.04461],[8.26417,50.03555],[8.28276,50.03984],[8.28905,50.04224],[8.30913,50.0402],[8.31428,50.03307],[8.32603,50.02514],[8.33271,50.0264]]]},"properties":{"plz":"65205","name":"65205 Wiesbaden"}},{"type":"Feature","geometry":{"type":"Polygon","coordinates":[[[8.28877,50.07857],[8.29144,50.07271],[8.30377,50.06858],[8.32528,50.07393],[8.34842,50.07501],[8.35707,50.06737],[8.36462,50.07123],[8.37607,50.06637],[8.38619,50.08044],[8.37762,50.09637],[8.38068,50.1024],[8.36228,50.09837],[8.35408,50.10411],[8.34367,50.12081],[8.35007,50.12853],[8.32631,50.13129],[8.31792,50.13847],[8.32827,50.14508],[8.32422,50.15095],[8.30388,50.15141],[8.28303,50.14707],[8.27607,50.152],[8.24085,50.14872],[8.23528,50.13976],[8.23223,50.13116],[8.27083,50.11077],[8.28087,50.10892],[8.27896,50.09796],[8.29216,50.09874],[8.29877,50.09204],[8.28877,50.07857]]]},"properties":{"plz":"65207","name":"65207 Wiesbaden"}},{"type":"Feature","geometry":{"type":"Polygon","coordinates":[[[8.23528,50.13976],[8.24085,50.14872],[8.22736,50.16364],[8.24313,50.16803],[8.23795,50.17233],[8.22894,50.18028],[8.22702,50.19241],[8.20165,50.19319],[8.18993,50.18963],[8.17675,50.2041],[8.19455,50.2132],[8.18414,50.21868],[8.16091,50.21759],[8.15563,50.20902],[8.16969,50.18362],[8.14435,50.17805],[8.12713,50.16544],[8.11933,50.165],[8.10908,50.17233],[8.11273,50.16038],[8.12304,50.14824],[8.10852,50.1376],[8.09816,50.13806],[8.10224,50.13249],[8.11101,50.1314],[8.10845,50.11695],[8.12119,50.1112],[8.10271,50.10484],[8.1124,50.09368],[8.13246,50.10314],[8.14237,50.11346],[8.16009,50.12411],[8.16979,50.12419],[8.185,50.12144],[8.21995,50.13479],[8.23528,50.13976]]]},"properties":{"plz":"65232","name":"65232 Taunusstein"}},{"type":"Feature","geometry":{"type":"Polygon","coordinates":[[[8.33038,50.00078],[8.3411,49.99947],[8.36106,50.00182],[8.37036,50.00236],[8.39718,49.99698],[8.39136,50.0112],[8.37447,50.02481],[8.41282,50.04567],[8.39826,50.05584],[8.38619,50.05822],[8.37405,50.0521],[8.38134,50.04689],[8.33271,50.0264],[8.33038,50.00078]]]},"properties":{"plz":"65239","name":"65239 Hochheim am Main"}},{"type":"Feature","geometry":{"type":"Polygon","coordinates":[[[8.09816,50.13806],[8.09103,50.14131],[8.08665,50.15464],[8.09762,50.16642],[8.09814,50.17361],[8.07804,50.16688],[8.07063,50.17521],[8.03935,50.17109],[8.04307,50.16232],[8.03058,50.15173],[8.01617,50.14622],[8.02247,50.13419],[8.00274,50.12887],[7.99367,50.12252],[7.97255,50.11979],[7.95699,50.11354],[7.96914,50.11509],[8.00995,50.10173],[8.00915,50.09618],[8.02716,50.095],[8.0396,50.10188],[8.05105,50.10167],[8.04592,50.10913],[8.08161,50.12398],[8.09187,50.1219],[8.10224,50.13249],[8.09816,50.13806]]]},"properties":{"plz":"65307","name":"65307 Bad Schwalbach"}},{"type":"Feature","geometry":{"type":"Polygon","coordinates":[[[7.91167,50.15199],[7.93255,50.1439],[7.92221,50.13428],[7.92423,50.11502],[7.92983,50.10372],[7.95591,50.11307],[7.95699,50.11354],[7.97255,50.11979],[7.99367,50.12252],[8.00274,50.12887],[8.02247,50.13419],[8.01617,50.14622],[8.03058,50.15173],[8.04307,50.16232],[8.03935,50.17109],[8.02832,50.17842],[8.01674,50.17916],[8.03458,50.1952],[8.03406,50.20586],[8.03464,50.2156],[8.01372,50.21712],[8.00268,50.22434],[8.00609,50.22868],[7.99331,50.23193],[7.98941,50.23848],[7.98546,50.22705],[7.96407,50.22071],[7.95323,50.22035],[7.95125,50.21427],[7.94762,50.20994],[7.92029,50.20785],[7.90656,50.20165],[7.91249,50.1951],[7.88281,50.18117],[7.88889,50.17368],[7.8848,50.16742],[7.90842,50.15623],[7.91167,50.15199]]]},"properties":{"plz":"65321","name":"65321 Heidenrod"}},{"type":"Feature","geometry":{"type":"Polygon","coordinates":[[[8.02176,50.25816],[8.03204,50.25557],[8.03696,50.24468],[8.05827,50.23427],[8.04003,50.22696],[8.03464,50.2156],[8.03406,50.20586],[8.06718,50.21936],[8.07275,50.22629],[8.08692,50.225],[8.08352,50.23309],[8.09731,50.23436],[8.09681,50.2453],[8.10539,50.23995],[8.11923,50.24541],[8.13937,50.24202],[8.15606,50.24658],[8.16187,50.25162],[8.13592,50.26181],[8.14335,50.28016],[8.12155,50.27734],[8.10296,50.25976],[8.09187,50.26533],[8.07952,50.26077],[8.07244,50.27325],[8.05963,50.2733],[8.03604,50.27099],[8.03349,50.26435],[8.02176,50.25816]]]},"properties":{"plz":"65326","name":"65326 Aarbergen"}},{"type":"Feature","geometry":{"type":"Polygon","coordinates":[[[8.16091,50.21759],[8.14142,50.2206],[8.13937,50.24202],[8.11923,50.24541],[8.10539,50.23995],[8.09681,50.2453],[8.09731,50.23436],[8.08352,50.23309],[8.08692,50.225],[8.07275,50.22629],[8.06718,50.21936],[8.03406,50.20586],[8.03458,50.1952],[8.01674,50.17916],[8.02832,50.17842],[8.03935,50.17109],[8.07063,50.17521],[8.07804,50.16688],[8.09814,50.17361],[8.09762,50.16642],[8.08665,50.15464],[8.09103,50.14131],[8.09816,50.13806],[8.10852,50.1376],[8.12304,50.14824],[8.11273,50.16038],[8.10908,50.17233],[8.11933,50.165],[8.12713,50.16544],[8.14435,50.17805],[8.16969,50.18362],[8.15563,50.20902],[8.16091,50.21759]]]},"properties":{"plz":"65329","name":"65329 Hohenstein"}},{"type":"Feature","geometry":{"type":"Polygon","coordinates":[[[8.15899,50.0298],[8.15225,50.03611],[8.13924,50.03473],[8.13446,50.04255],[8.11635,50.04703],[8.09808,50.04827],[8.10586,50.06089],[8.09436,50.07715],[8.07256,50.08804],[8.06683,50.09385],[8.05923,50.08721],[8.07994,50.07628],[8.07269,50.06574],[8.08679,50.04704],[8.10919,50.03473],[8.10656,50.03025],[8.10911,50.018],[8.14467,50.02705],[8.15899,50.0298]]]},"properties":{"plz":"65343","name":"65343 Eltville am Rhein"}},{"type":"Feature","geometry":{"type":"Polygon","coordinates":[[[8.11119,50.07281],[8.10703,50.07058],[8.11724,50.06007],[8.11635,50.04703],[8.13446,50.04255],[8.14253,50.05019],[8.12824,50.0558],[8.13814,50.06637],[8.12296,50.07428],[8.11119,50.07281]]]},"properties":{"plz":"65344","name":"65344 Eltville am Rhein"}},{"type":"Feature","geometry":{"type":"Polygon","coordinates":[[[8.11091,50.07791],[8.1033,50.07553],[8.07577,50.09472],[8.06683,50.09385],[8.07256,50.08804],[8.09436,50.07715],[8.10586,50.06089],[8.09808,50.04827],[8.11635,50.04703],[8.11724,50.06007],[8.10703,50.07058],[8.11119,50.07281],[8.11091,50.07791]]]},"properties":{"plz":"65345","name":"65345 Eltville am Rhein"}},{"type":"Feature","geometry":{"type":"Polygon","coordinates":[[[8.07882,50.00689],[8.10911,50.018],[8.10656,50.03025],[8.08708,50.02801],[8.05371,50.05098],[8.04426,50.06089],[8.04905,50.07045],[8.04505,50.08109],[8.02551,50.07328],[8.03471,50.06565],[8.04377,50.04641],[8.05101,50.04005],[8.05306,50.02983],[8.07682,50.01902],[8.07601,50.0064],[8.07882,50.00689]]]},"properties":{"plz":"65346","name":"65346 Eltville am Rhein"}},{"type":"Feature","geometry":{"type":"Polygon","coordinates":[[[8.07601,50.0064],[8.07682,50.01902],[8.05306,50.02983],[8.05101,50.04005],[8.04377,50.04641],[8.03471,50.06565],[8.02551,50.07328],[8.01479,50.07711],[8.00543,50.06799],[8.00278,50.06358],[8.01431,50.05375],[8.02982,50.05394],[8.03363,50.04197],[8.0447,50.03589],[8.05454,50.00505],[8.07601,50.0064]]]},"properties":{"plz":"65347","name":"65347 Eltville am Rhein"}},{"type":"Feature","geometry":{"type":"Polygon","coordinates":[[[7.98519,49.98347],[7.98115,49.99688],[7.99217,50.00329],[7.97092,50.0126],[7.96408,50.04068],[7.94066,50.06785],[7.93362,50.06968],[7.92552,50.08304],[7.9319,50.08534],[7.91242,50.09675],[7.9064,50.08976],[7.8837,50.08595],[7.89518,50.07187],[7.89073,50.07014],[7.91733,50.05456],[7.91903,50.01651],[7.92763,50.00139],[7.9427,49.99286],[7.94315,49.97731],[7.94692,49.97501],[7.97698,49.98047],[7.98519,49.98347]]]},"properties":{"plz":"65366","name":"65366 Geisenheim"}},{"type":"Feature","geometry":{"type":"Polygon","coordinates":[[[8.05454,50.00505],[8.0447,50.03589],[8.03363,50.04197],[8.02982,50.05394],[8.01431,50.05375],[8.00278,50.06358],[8.00543,50.06799],[7.99391,50.07468],[8.01176,50.07968],[7.97089,50.08753],[7.96596,50.09392],[7.96614,50.10812],[7.95591,50.11307],[7.92983,50.10372],[7.92546,50.10124],[7.91242,50.09675],[7.9319,50.08534],[7.92552,50.08304],[7.93362,50.06968],[7.94066,50.06785],[7.96408,50.04068],[7.97092,50.0126],[7.99217,50.00329],[7.98115,49.99688],[7.98519,49.98347],[8.0372,50.00319],[8.05454,50.00505]]]},"properties":{"plz":"65375","name":"65375 Oestrich-Winkel"}},{"type":"Feature","geometry":{"type":"Polygon","coordinates":[[[7.94692,49.97501],[7.94315,49.97731],[7.9427,49.99286],[7.92763,50.00139],[7.91903,50.01651],[7.91733,50.05456],[7.89073,50.07014],[7.89518,50.07187],[7.8837,50.08595],[7.87305,50.08317],[7.85563,50.06205],[7.86385,50.0538],[7.87252,50.05311],[7.87042,50.04608],[7.84152,50.03628],[7.84068,50.02662],[7.85571,50.01978],[7.86517,50.01103],[7.85864,50.0063],[7.86464,49.98192],[7.87018,49.97579],[7.88772,49.97181],[7.94692,49.97501]]]},"properties":{"plz":"65385","name":"65385 Rüdesheim am Rhein"}},{"type":"Feature","geometry":{"type":"Polygon","coordinates":[[[8.1124,50.09368],[8.10271,50.10484],[8.12119,50.1112],[8.10845,50.11695],[8.11101,50.1314],[8.10224,50.13249],[8.09187,50.1219],[8.08161,50.12398],[8.04592,50.10913],[8.05105,50.10167],[8.0396,50.10188],[8.02716,50.095],[8.00915,50.09618],[8.00995,50.10173],[7.96914,50.11509],[7.95699,50.11354],[7.95591,50.11307],[7.96614,50.10812],[7.96596,50.09392],[7.97089,50.08753],[8.01176,50.07968],[7.99391,50.07468],[8.00543,50.06799],[8.01479,50.07711],[8.02551,50.07328],[8.04505,50.08109],[8.05923,50.08721],[8.06683,50.09385],[8.07577,50.09472],[8.1033,50.07553],[8.11091,50.07791],[8.11167,50.08432],[8.1323,50.0815],[8.13782,50.08753],[8.13117,50.09178],[8.11524,50.08907],[8.1124,50.09368]]]},"properties":{"plz":"65388","name":"65388 Schlangenbad"}},{"type":"Feature","geometry":{"type":"Polygon","coordinates":[[[7.85864,50.0063],[7.86517,50.01103],[7.85571,50.01978],[7.84068,50.02662],[7.84152,50.03628],[7.87042,50.04608],[7.87252,50.05311],[7.86385,50.0538],[7.85563,50.06205],[7.87305,50.08317],[7.8837,50.08595],[7.9064,50.08976],[7.91242,50.09675],[7.92546,50.10124],[7.90449,50.12156],[7.88443,50.1144],[7.8658,50.12059],[7.86039,50.12748],[7.84718,50.12382],[7.84428,50.11133],[7.83542,50.10991],[7.83914,50.10151],[7.81945,50.09549],[7.81421,50.09828],[7.79651,50.07695],[7.78242,50.06651],[7.77357,50.06708],[7.77259,50.05791],[7.78473,50.04841],[7.80799,50.03884],[7.83234,50.02059],[7.85029,50.01417],[7.85864,50.0063]]]},"properties":{"plz":"65391","name":"65391 Lorch"}},{"type":"Feature","geometry":{"type":"Polygon","coordinates":[[[8.17523,50.03411],[8.16029,50.05214],[8.13814,50.06637],[8.12824,50.0558],[8.14253,50.05019],[8.13446,50.04255],[8.13924,50.03473],[8.15225,50.03611],[8.15899,50.0298],[8.17523,50.03411]]]},"properties":{"plz":"65396","name":"65396 Walluf"}},{"type":"Feature","geometry":{"type":"Polygon","coordinates":[[[8.05923,50.08721],[8.04505,50.08109],[8.04905,50.07045],[8.04426,50.06089],[8.05371,50.05098],[8.08708,50.02801],[8.10656,50.03025],[8.10919,50.03473],[8.08679,50.04704],[8.07269,50.06574],[8.07994,50.07628],[8.05923,50.08721]]]},"properties":{"plz":"65399","name":"65399 Kiedrich"}},{"type":"Feature","geometry":{"type":"Polygon","coordinates":[[[8.52006,50.0208],[8.49663,50.01925],[8.4988,50.00678],[8.46625,50.00124],[8.46275,49.99037],[8.45683,50.00264],[8.43367,50.00157],[8.42411,50.00701],[8.41197,49.99809],[8.39718,49.99698],[8.37036,50.00236],[8.36106,50.00182],[8.39203,49.97736],[8.40812,49.97423],[8.39283,49.97126],[8.37952,49.97292],[8.36269,49.96813],[8.36331,49.95848],[8.35638,49.95802],[8.3676,49.94894],[8.38136,49.94559],[8.39265,49.95235],[8.41638,49.94918],[8.4225,49.93872],[8.43068,49.9485],[8.46596,49.958],[8.47697,49.96668],[8.50719,49.97599],[8.5039,49.98395],[8.51562,49.98582],[8.51032,49.99791],[8.53225,49.9884],[8.53243,49.99461],[8.54832,50.00286],[8.54582,50.01939],[8.54867,50.02527],[8.52006,50.0208]]]},"properties":{"plz":"65428","name":"65428 Rüsselsheim"}},{"type":"Feature","geometry":{"type":"Polygon","coordinates":[[[8.39718,49.99698],[8.41197,49.99809],[8.42411,50.00701],[8.45322,50.01885],[8.44687,50.02449],[8.44944,50.03326],[8.46716,50.05136],[8.45219,50.05818],[8.45177,50.05846],[8.42871,50.05562],[8.41282,50.04567],[8.37447,50.02481],[8.39136,50.0112],[8.39718,49.99698]]]},"properties":{"plz":"65439","name":"65439 Flörsheim am Main"}},{"type":"Feature","geometry":{"type":"Polygon","coordinates":[[[8.54761,50.06893],[8.53092,50.08164],[8.52289,50.08055],[8.52725,50.06658],[8.52098,50.0615],[8.50726,50.05225],[8.47802,50.04144],[8.47056,50.03363],[8.48373,50.03266],[8.4831,50.02572],[8.50074,50.02956],[8.51736,50.02515],[8.52006,50.03685],[8.55367,50.04899],[8.55018,50.06599],[8.54761,50.06893]]]},"properties":{"plz":"65451","name":"65451 Kelsterbach"}},{"type":"Feature","geometry":{"type":"Polygon","coordinates":[[[8.34226,49.93978],[8.34619,49.93348],[8.35156,49.9359],[8.3505,49.95028],[8.35638,49.95802],[8.36331,49.95848],[8.36269,49.96813],[8.37952,49.97292],[8.35399,49.97682],[8.34027,49.97616],[8.33446,49.98131],[8.3411,49.99947],[8.33038,50.00078],[8.31606,50.00188],[8.29097,49.99328],[8.2993,49.98878],[8.3329,49.96461],[8.34051,49.95405],[8.34226,49.93978]]]},"properties":{"plz":"65462","name":"65462 Ginsheim-Gustavsburg"}},{"type":"Feature","geometry":{"type":"Polygon","coordinates":[[[8.37927,49.85964],[8.38955,49.8632],[8.40645,49.87747],[8.4058,49.8819],[8.41873,49.88991],[8.41564,49.90004],[8.42432,49.91068],[8.43696,49.9071],[8.43573,49.91607],[8.44686,49.92081],[8.44136,49.93027],[8.4262,49.93216],[8.4225,49.93872],[8.41638,49.94918],[8.39265,49.95235],[8.38136,49.94559],[8.3676,49.94894],[8.35638,49.95802],[8.3505,49.95028],[8.35156,49.9359],[8.34619,49.93348],[8.34815,49.92978],[8.35466,49.91455],[8.34854,49.90185],[8.34117,49.88437],[8.34679,49.87282],[8.35839,49.86373],[8.37927,49.85964]]]},"properties":{"plz":"65468","name":"65468 Trebur"}},{"type":"Feature","geometry":{"type":"Polygon","coordinates":[[[8.3411,49.99947],[8.33446,49.98131],[8.34027,49.97616],[8.35399,49.97682],[8.37952,49.97292],[8.39283,49.97126],[8.40812,49.97423],[8.39203,49.97736],[8.36106,50.00182],[8.3411,49.99947]]]},"properties":{"plz":"65474","name":"65474 Bischofsheim"}},{"type":"Feature","geometry":{"type":"Polygon","coordinates":[[[8.51736,50.02515],[8.50074,50.02956],[8.4831,50.02572],[8.48373,50.03266],[8.47056,50.03363],[8.46594,50.02543],[8.45322,50.01885],[8.42411,50.00701],[8.43367,50.00157],[8.45683,50.00264],[8.46275,49.99037],[8.46625,50.00124],[8.4988,50.00678],[8.49663,50.01925],[8.52006,50.0208],[8.51736,50.02515]]]},"properties":{"plz":"65479","name":"65479 Raunheim"}},{"type":"Feature","geometry":{"type":"Polygon","coordinates":[[[8.37731,50.24191],[8.35956,50.24342],[8.3546,50.23714],[8.34128,50.23873],[8.32612,50.23458],[8.32163,50.22769],[8.30549,50.22124],[8.29449,50.23834],[8.30349,50.25929],[8.31586,50.2634],[8.31359,50.27143],[8.3019,50.27117],[8.30115,50.27662],[8.28997,50.27837],[8.27118,50.27308],[8.25579,50.26359],[8.24091,50.27867],[8.23153,50.27534],[8.22082,50.29169],[8.19911,50.28873],[8.16768,50.27506],[8.14335,50.28016],[8.13592,50.26181],[8.16187,50.25162],[8.15606,50.24658],[8.13937,50.24202],[8.14142,50.2206],[8.16091,50.21759],[8.18414,50.21868],[8.19455,50.2132],[8.17675,50.2041],[8.18993,50.18963],[8.20165,50.19319],[8.22702,50.19241],[8.22894,50.18028],[8.23795,50.17233],[8.24822,50.17925],[8.26033,50.18072],[8.27365,50.1899],[8.28134,50.20133],[8.28689,50.19329],[8.30722,50.19484],[8.30468,50.19055],[8.3162,50.18263],[8.33677,50.19156],[8.35234,50.19075],[8.35423,50.20153],[8.35998,50.21487],[8.40568,50.22187],[8.39216,50.23681],[8.37731,50.24191]]]},"properties":{"plz":"65510","name":"65510 Hünstetten, Idstein"}},{"type":"Feature","geometry":{"type":"Polygon","coordinates":[[[8.31639,50.33942],[8.29199,50.33148],[8.26858,50.32804],[8.24224,50.33195],[8.22045,50.32233],[8.23733,50.30954],[8.23745,50.30246],[8.22345,50.29734],[8.22082,50.29169],[8.23153,50.27534],[8.24091,50.27867],[8.25579,50.26359],[8.27118,50.27308],[8.28997,50.27837],[8.30115,50.27662],[8.3019,50.27117],[8.31359,50.27143],[8.32353,50.27571],[8.3273,50.28341],[8.34506,50.28281],[8.35023,50.29454],[8.35484,50.29398],[8.33613,50.30343],[8.36158,50.30835],[8.36146,50.31689],[8.35403,50.31682],[8.34076,50.32904],[8.32696,50.32892],[8.31639,50.33942]]]},"properties":{"plz":"65520","name":"65520 Bad Camberg"}},{"type":"Feature","geometry":{"type":"Polygon","coordinates":[[[8.32827,50.14508],[8.34799,50.1609],[8.36976,50.15634],[8.36097,50.16947],[8.34484,50.17544],[8.35877,50.1848],[8.33677,50.19156],[8.3162,50.18263],[8.30468,50.19055],[8.30722,50.19484],[8.28689,50.19329],[8.28134,50.20133],[8.27365,50.1899],[8.26033,50.18072],[8.24822,50.17925],[8.23795,50.17233],[8.24313,50.16803],[8.22736,50.16364],[8.24085,50.14872],[8.27607,50.152],[8.28303,50.14707],[8.30388,50.15141],[8.32422,50.15095],[8.32827,50.14508]]]},"properties":{"plz":"65527","name":"65527 Niedernhausen"}},{"type":"Feature","geometry":{"type":"Polygon","coordinates":[[[8.35484,50.29398],[8.35023,50.29454],[8.34506,50.28281],[8.3273,50.28341],[8.32353,50.27571],[8.31359,50.27143],[8.31586,50.2634],[8.30349,50.25929],[8.29449,50.23834],[8.30549,50.22124],[8.32163,50.22769],[8.32612,50.23458],[8.34128,50.23873],[8.3546,50.23714],[8.35956,50.24342],[8.37731,50.24191],[8.38127,50.24512],[8.40657,50.25081],[8.4115,50.25895],[8.40865,50.26903],[8.39567,50.27357],[8.37889,50.28764],[8.36867,50.28861],[8.37141,50.2957],[8.35484,50.29398]]]},"properties":{"plz":"65529","name":"65529 Waldems"}},{"type":"Feature","geometry":{"type":"Polygon","coordinates":[[[8.05065,50.40517],[8.04973,50.39209],[8.03782,50.38468],[8.04275,50.38605],[8.05051,50.37606],[8.05953,50.37552],[8.06373,50.36891],[8.06808,50.36568],[8.09639,50.37552],[8.08533,50.37999],[8.08574,50.39019],[8.08251,50.39965],[8.07235,50.40203],[8.05401,50.4085],[8.05065,50.40517]]]},"properties":{"plz":"65549","name":"65549 Limburg"}},{"type":"Feature","geometry":{"type":"Polygon","coordinates":[[[8.06808,50.36568],[8.07012,50.35552],[8.07303,50.35408],[8.0751,50.36037],[8.09407,50.36139],[8.10573,50.35712],[8.11596,50.35942],[8.12407,50.36467],[8.09639,50.37552],[8.06808,50.36568]]]},"properties":{"plz":"65550","name":"65550 Limburg"}},{"type":"Feature","geometry":{"type":"Polygon","coordinates":[[[8.12407,50.36467],[8.15342,50.38318],[8.15701,50.38896],[8.14258,50.39007],[8.13161,50.3856],[8.11654,50.39038],[8.09639,50.37552],[8.12407,50.36467]]]},"properties":{"plz":"65551","name":"65551 Limburg"}},{"type":"Feature","geometry":{"type":"Polygon","coordinates":[[[8.09639,50.37552],[8.11654,50.39038],[8.10925,50.39189],[8.11608,50.40424],[8.0955,50.41146],[8.09754,50.39815],[8.08574,50.39019],[8.08533,50.37999],[8.09639,50.37552]]]},"properties":{"plz":"65552","name":"65552 Limburg"}},{"type":"Feature","geometry":{"type":"Polygon","coordinates":[[[8.08574,50.39019],[8.09754,50.39815],[8.0955,50.41146],[8.08531,50.41579],[8.07235,50.40203],[8.08251,50.39965],[8.08574,50.39019]]]},"properties":{"plz":"65553","name":"65553 Limburg"}},{"type":"Feature","geometry":{"type":"Polygon","coordinates":[[[8.10234,50.44506],[8.07749,50.44436],[8.05276,50.43427],[8.05519,50.43023],[8.08668,50.42375],[8.09345,50.43385],[8.11127,50.43943],[8.10234,50.44506]]]},"properties":{"plz":"65554","name":"65554 Limburg"}},{"type":"Feature","geometry":{"type":"Polygon","coordinates":[[[8.07235,50.40203],[8.08531,50.41579],[8.08668,50.42375],[8.05519,50.43023],[8.04914,50.42409],[8.05401,50.4085],[8.07235,50.40203]]]},"properties":{"plz":"65555","name":"65555 Limburg"}},{"type":"Feature","geometry":{"type":"Polygon","coordinates":[[[8.05065,50.40517],[8.02055,50.40118],[8.00092,50.408],[7.98632,50.40487],[7.98922,50.3984],[8.02382,50.40087],[8.0203,50.3876],[8.01386,50.38446],[8.03106,50.38134],[8.03782,50.38468],[8.04973,50.39209],[8.05065,50.40517]]]},"properties":{"plz":"65556","name":"65556 Limburg"}},{"type":"Feature","geometry":{"type":"MultiPolygon","coordinates":[[[[7.99319,50.335],[7.991,50.33658],[7.99632,50.3496],[7.98873,50.35396],[7.97823,50.35809],[7.97137,50.35412],[7.94687,50.36264],[7.93362,50.3796],[7.94272,50.38847],[7.95391,50.38875],[7.95935,50.383],[7.99751,50.37253],[8.00217,50.37811],[7.97611,50.38828],[7.9763,50.39417],[7.9623,50.39385],[7.95924,50.4],[7.94614,50.39649],[7.94556,50.40256],[7.93408,50.41555],[7.91219,50.41033],[7.89756,50.401],[7.87921,50.39896],[7.88655,50.38769],[7.87839,50.38395],[7.86578,50.38508],[7.85679,50.3916],[7.85282,50.38223],[7.86533,50.37702],[7.87893,50.377],[7.87989,50.37233],[7.88659,50.37858],[7.90486,50.36771],[7.91054,50.36084],[7.93235,50.35311],[7.9193,50.34169],[7.93652,50.33379],[7.94904,50.33739],[7.94766,50.33096],[7.96287,50.32999],[7.97365,50.32496],[7.98715,50.32863],[7.99319,50.335]]],[[[8.00809,50.32224],[8.01879,50.32805],[8.03596,50.33161],[8.07012,50.35552],[8.06808,50.36568],[8.06373,50.36891],[8.03492,50.35913],[8.0377,50.35514],[8.02087,50.34278],[7.99894,50.3401],[8.00809,50.32224]]],[[[8.0188,50.30259],[8.05,50.30873],[8.04809,50.31222],[8.06462,50.31792],[8.08177,50.31229],[8.08872,50.31572],[8.08682,50.32964],[8.07124,50.33258],[8.04203,50.32165],[8.01165,50.31611],[8.0188,50.30259]]],[[[8.12155,50.27734],[8.12298,50.29045],[8.11932,50.29966],[8.10387,50.30783],[8.0861,50.30583],[8.0828,50.29166],[8.06436,50.28956],[8.05963,50.2733],[8.07244,50.27325],[8.07952,50.26077],[8.09187,50.26533],[8.10296,50.25976],[8.12155,50.27734]]],[[[7.98922,50.3984],[7.99235,50.39247],[8.0203,50.3876],[8.02382,50.40087],[7.98922,50.3984]]]]},"properties":{"plz":"65558","name":"65558 Burgschwalbach"}},{"type":"Feature","geometry":{"type":"Polygon","coordinates":[[[7.99894,50.3401],[8.02087,50.34278],[8.0377,50.35514],[8.03492,50.35913],[8.06373,50.36891],[8.05953,50.37552],[8.05051,50.37606],[8.04275,50.38605],[8.03782,50.38468],[8.03106,50.38134],[8.01386,50.38446],[8.0203,50.3876],[7.99235,50.39247],[7.98922,50.3984],[7.98632,50.40487],[7.97097,50.40655],[7.95924,50.4],[7.9623,50.39385],[7.9763,50.39417],[7.97611,50.38828],[8.00217,50.37811],[7.99751,50.37253],[7.99572,50.3691],[7.99883,50.36455],[8.01252,50.36465],[8.00801,50.34664],[7.991,50.33658],[7.99319,50.335],[7.99894,50.3401]]]},"properties":{"plz":"65582","name":"65582 Diez, Hambach, Aull"}},{"type":"Feature","geometry":{"type":"Polygon","coordinates":[[[8.2169,50.45634],[8.20349,50.44431],[8.161,50.44198],[8.15598,50.43694],[8.13466,50.42821],[8.12019,50.43199],[8.11127,50.43943],[8.09345,50.43385],[8.08668,50.42375],[8.08531,50.41579],[8.0955,50.41146],[8.11608,50.40424],[8.10925,50.39189],[8.11654,50.39038],[8.13161,50.3856],[8.14258,50.39007],[8.15701,50.38896],[8.16691,50.39716],[8.18368,50.39466],[8.18783,50.40862],[8.19805,50.4042],[8.2125,50.40547],[8.2177,50.41046],[8.21735,50.42206],[8.19997,50.42593],[8.21066,50.43585],[8.22277,50.43416],[8.23006,50.4401],[8.23924,50.45184],[8.2377,50.45742],[8.22375,50.46223],[8.2169,50.45634]]]},"properties":{"plz":"65594","name":"65594 Runkel"}},{"type":"Feature","geometry":{"type":"Polygon","coordinates":[[[8.14335,50.28016],[8.16768,50.27506],[8.19911,50.28873],[8.22082,50.29169],[8.22345,50.29734],[8.23745,50.30246],[8.23733,50.30954],[8.22045,50.32233],[8.204,50.32986],[8.19767,50.33959],[8.18227,50.34208],[8.1671,50.33722],[8.15117,50.33978],[8.14747,50.35452],[8.14006,50.35744],[8.11842,50.35427],[8.11596,50.35942],[8.10573,50.35712],[8.09407,50.36139],[8.0751,50.36037],[8.07303,50.35408],[8.07747,50.34019],[8.07124,50.33258],[8.08682,50.32964],[8.10608,50.32302],[8.10387,50.30783],[8.11932,50.29966],[8.12298,50.29045],[8.12155,50.27734],[8.14335,50.28016]]]},"properties":{"plz":"65597","name":"65597 Hünfelden"}},{"type":"Feature","geometry":{"type":"Polygon","coordinates":[[[7.97097,50.40655],[7.98632,50.40487],[8.00092,50.408],[8.02055,50.40118],[8.05065,50.40517],[8.05401,50.4085],[8.04914,50.42409],[8.01209,50.4282],[8.00092,50.44526],[7.97558,50.43575],[7.98916,50.43383],[7.97432,50.41388],[7.96381,50.41201],[7.97097,50.40655]]]},"properties":{"plz":"65604","name":"65604 Elz"}},{"type":"Feature","geometry":{"type":"Polygon","coordinates":[[[8.29117,50.39145],[8.2758,50.40119],[8.28402,50.40658],[8.26935,50.408],[8.26646,50.42314],[8.25134,50.4241],[8.25093,50.44029],[8.23006,50.4401],[8.22277,50.43416],[8.21066,50.43585],[8.19997,50.42593],[8.21735,50.42206],[8.2177,50.41046],[8.2125,50.40547],[8.19805,50.4042],[8.18783,50.40862],[8.18368,50.39466],[8.16691,50.39716],[8.15701,50.38896],[8.18835,50.37327],[8.20034,50.37251],[8.22464,50.35776],[8.25767,50.36014],[8.24629,50.37442],[8.23504,50.38221],[8.25941,50.38146],[8.27734,50.38637],[8.27593,50.3798],[8.29865,50.38334],[8.29117,50.39145]]]},"properties":{"plz":"65606","name":"65606 Villmar"}},{"type":"Feature","geometry":{"type":"Polygon","coordinates":[[[8.11596,50.35942],[8.11842,50.35427],[8.14006,50.35744],[8.14747,50.35452],[8.15117,50.33978],[8.1671,50.33722],[8.18227,50.34208],[8.19767,50.33959],[8.20809,50.34734],[8.21433,50.3456],[8.23831,50.35306],[8.25732,50.35518],[8.25767,50.36014],[8.22464,50.35776],[8.20034,50.37251],[8.18835,50.37327],[8.15701,50.38896],[8.15342,50.38318],[8.12407,50.36467],[8.11596,50.35942]]]},"properties":{"plz":"65611","name":"65611 Brechen"}},{"type":"Feature","geometry":{"type":"Polygon","coordinates":[[[8.1779,50.4801],[8.1778,50.49109],[8.1595,50.49953],[8.15194,50.49118],[8.1154,50.47671],[8.12283,50.47574],[8.10874,50.45987],[8.10234,50.44506],[8.11127,50.43943],[8.12019,50.43199],[8.13466,50.42821],[8.15598,50.43694],[8.161,50.44198],[8.20349,50.44431],[8.2169,50.45634],[8.20606,50.46075],[8.18141,50.45821],[8.17088,50.47509],[8.1779,50.4801]]]},"properties":{"plz":"65614","name":"65614 Beselich"}},{"type":"Feature","geometry":{"type":"Polygon","coordinates":[[[8.29865,50.38334],[8.27593,50.3798],[8.27734,50.38637],[8.25941,50.38146],[8.23504,50.38221],[8.24629,50.37442],[8.25767,50.36014],[8.25732,50.35518],[8.23831,50.35306],[8.21433,50.3456],[8.20809,50.34734],[8.19767,50.33959],[8.204,50.32986],[8.22045,50.32233],[8.24224,50.33195],[8.26858,50.32804],[8.29199,50.33148],[8.31639,50.33942],[8.33727,50.34884],[8.33508,50.35687],[8.35435,50.36085],[8.34509,50.36746],[8.36089,50.37965],[8.33108,50.37598],[8.31578,50.3691],[8.29737,50.37039],[8.29865,50.38334]]]},"properties":{"plz":"65618","name":"65618 Selters"}},{"type":"Feature","geometry":{"type":"Polygon","coordinates":[[[8.02649,50.28329],[8.02914,50.27841],[8.01673,50.26799],[8.02756,50.26921],[8.03349,50.26435],[8.03604,50.27099],[8.05963,50.2733],[8.06436,50.28956],[8.0828,50.29166],[8.0861,50.30583],[8.10387,50.30783],[8.10608,50.32302],[8.08682,50.32964],[8.08872,50.31572],[8.08177,50.31229],[8.06462,50.31792],[8.04809,50.31222],[8.05,50.30873],[8.0188,50.30259],[8.02182,50.29488],[8.01461,50.29123],[8.02649,50.28329]]]},"properties":{"plz":"65623","name":"65623 Hahnstätten u.a."}},{"type":"Feature","geometry":{"type":"Polygon","coordinates":[[[7.98873,50.35396],[7.98554,50.36591],[7.99572,50.3691],[7.99751,50.37253],[7.95935,50.383],[7.95391,50.38875],[7.94272,50.38847],[7.93362,50.3796],[7.94687,50.36264],[7.97137,50.35412],[7.97823,50.35809],[7.98873,50.35396]]]},"properties":{"plz":"65624","name":"65624 Altendiez"}},{"type":"Feature","geometry":{"type":"Polygon","coordinates":[[[7.991,50.33658],[8.00801,50.34664],[8.01252,50.36465],[7.99883,50.36455],[7.99572,50.3691],[7.98554,50.36591],[7.98873,50.35396],[7.99632,50.3496],[7.991,50.33658]]]},"properties":{"plz":"65626","name":"65626 Birlenbach"}},{"type":"Feature","geometry":{"type":"Polygon","coordinates":[[[8.01165,50.31611],[8.04203,50.32165],[8.07124,50.33258],[8.07747,50.34019],[8.07303,50.35408],[8.07012,50.35552],[8.03596,50.33161],[8.01879,50.32805],[8.00809,50.32224],[8.01165,50.31611]]]},"properties":{"plz":"65629","name":"65629 Niederneisen"}},{"type":"Feature","geometry":{"type":"Polygon","coordinates":[[[8.37405,50.0521],[8.38619,50.05822],[8.39826,50.05584],[8.41282,50.04567],[8.42871,50.05562],[8.45177,50.05846],[8.445,50.06848],[8.45129,50.07332],[8.45383,50.0853],[8.4741,50.09918],[8.47422,50.10128],[8.46817,50.11309],[8.45187,50.12194],[8.44377,50.11812],[8.43141,50.13025],[8.40812,50.13308],[8.3874,50.1339],[8.37494,50.13733],[8.37614,50.13022],[8.35007,50.12853],[8.34367,50.12081],[8.35408,50.10411],[8.36228,50.09837],[8.38068,50.1024],[8.37762,50.09637],[8.38619,50.08044],[8.37607,50.06637],[8.36462,50.07123],[8.35707,50.06737],[8.3549,50.06217],[8.36329,50.05419],[8.37405,50.0521]]]},"properties":{"plz":"65719","name":"65719 Hofheim am Taunus"}},{"type":"Feature","geometry":{"type":"Polygon","coordinates":[[[8.58993,50.15932],[8.5722,50.15551],[8.55731,50.16716],[8.54763,50.1748],[8.53529,50.16406],[8.56354,50.12755],[8.58356,50.1357],[8.59327,50.13992],[8.60227,50.15611],[8.58993,50.15932]]]},"properties":{"plz":"65760","name":"65760 Eschborn"}},{"type":"Feature","geometry":{"type":"Polygon","coordinates":[[[8.42266,50.18793],[8.40472,50.18123],[8.4084,50.17699],[8.38676,50.18365],[8.37823,50.17974],[8.37612,50.17049],[8.38759,50.15845],[8.41382,50.15434],[8.40812,50.13308],[8.43141,50.13025],[8.44377,50.11812],[8.45187,50.12194],[8.46817,50.11309],[8.47422,50.10128],[8.47591,50.10871],[8.47757,50.11854],[8.47325,50.12746],[8.48658,50.1359],[8.46743,50.14941],[8.453,50.15105],[8.45344,50.16332],[8.42266,50.18793]]]},"properties":{"plz":"65779","name":"65779 Kelkheim"}},{"type":"Feature","geometry":{"type":"Polygon","coordinates":[[[8.45322,50.01885],[8.46594,50.02543],[8.47056,50.03363],[8.47802,50.04144],[8.50726,50.05225],[8.52098,50.0615],[8.50135,50.07558],[8.50191,50.08143],[8.48758,50.08487],[8.48473,50.07991],[8.45219,50.05818],[8.46716,50.05136],[8.44944,50.03326],[8.44687,50.02449],[8.45322,50.01885]]]},"properties":{"plz":"65795","name":"65795 Hattersheim"}},{"type":"Feature","geometry":{"type":"Polygon","coordinates":[[[8.45344,50.16332],[8.453,50.15105],[8.46743,50.14941],[8.48658,50.1359],[8.50258,50.12928],[8.51296,50.1334],[8.51051,50.14514],[8.5183,50.15112],[8.5098,50.15943],[8.50068,50.16021],[8.47403,50.17358],[8.45344,50.16332]]]},"properties":{"plz":"65812","name":"65812 Bad Soden am Taunus"}},{"type":"Feature","geometry":{"type":"Polygon","coordinates":[[[8.35423,50.20153],[8.35234,50.19075],[8.33677,50.19156],[8.35877,50.1848],[8.34484,50.17544],[8.36097,50.16947],[8.36976,50.15634],[8.34799,50.1609],[8.32827,50.14508],[8.31792,50.13847],[8.32631,50.13129],[8.35007,50.12853],[8.37614,50.13022],[8.37494,50.13733],[8.3874,50.1339],[8.40812,50.13308],[8.41382,50.15434],[8.38759,50.15845],[8.37612,50.17049],[8.37823,50.17974],[8.38676,50.18365],[8.37117,50.19035],[8.35586,50.18751],[8.37455,50.20103],[8.35423,50.20153]]]},"properties":{"plz":"65817","name":"65817 Eppstein"}},{"type":"Feature","geometry":{"type":"Polygon","coordinates":[[[8.5098,50.15943],[8.5183,50.15112],[8.52816,50.14073],[8.54524,50.13943],[8.56045,50.12609],[8.56354,50.12755],[8.53529,50.16406],[8.51357,50.16789],[8.5098,50.15943]]]},"properties":{"plz":"65824","name":"65824 Schwalbach am Taunus"}},{"type":"Feature","geometry":{"type":"Polygon","coordinates":[[[8.45219,50.05818],[8.48473,50.07991],[8.48758,50.08487],[8.4741,50.09918],[8.45383,50.0853],[8.45129,50.07332],[8.445,50.06848],[8.45177,50.05846],[8.45219,50.05818]]]},"properties":{"plz":"65830","name":"65830 Kriftel"}},{"type":"Feature","geometry":{"type":"Polygon","coordinates":[[[8.47591,50.10871],[8.49965,50.10666],[8.50719,50.11546],[8.51855,50.12134],[8.50258,50.12928],[8.48658,50.1359],[8.47325,50.12746],[8.47757,50.11854],[8.47591,50.10871]]]},"properties":{"plz":"65835","name":"65835 Liederbach am Taunus"}},{"type":"Feature","geometry":{"type":"Polygon","coordinates":[[[8.50258,50.12928],[8.51855,50.12134],[8.52963,50.1154],[8.54899,50.12132],[8.56045,50.12609],[8.54524,50.13943],[8.52816,50.14073],[8.5183,50.15112],[8.51051,50.14514],[8.51296,50.1334],[8.50258,50.12928]]]},"properties":{"plz":"65843","name":"65843 Sulzbach (Taunus)"}},{"type":"Feature","geometry":{"type":"Polygon","coordinates":[[[8.5565,50.09913],[8.5666,50.10864],[8.54899,50.12132],[8.52963,50.1154],[8.51855,50.12134],[8.50719,50.11546],[8.51459,50.09649],[8.51373,50.08809],[8.52289,50.08055],[8.53092,50.08164],[8.54761,50.06893],[8.54776,50.0819],[8.55371,50.08991],[8.54633,50.09556],[8.5565,50.09913]]]},"properties":{"plz":"65929","name":"65929 Frankfurt am Main"}},{"type":"Feature","geometry":{"type":"Polygon","coordinates":[[[8.52289,50.08055],[8.51373,50.08809],[8.51459,50.09649],[8.50719,50.11546],[8.49965,50.10666],[8.47591,50.10871],[8.47422,50.10128],[8.4741,50.09918],[8.48758,50.08487],[8.50191,50.08143],[8.50135,50.07558],[8.52098,50.0615],[8.52725,50.06658],[8.52289,50.08055]]]},"properties":{"plz":"65931","name":"65931 Frankfurt am Main"}},{"type":"Feature","geometry":{"type":"Polygon","coordinates":[[[8.60443,50.1058],[8.59962,50.11404],[8.59837,50.11549],[8.59314,50.11416],[8.59478,50.10508],[8.58624,50.10346],[8.57416,50.09215],[8.58947,50.08827],[8.61766,50.08911],[8.61673,50.09428],[8.60443,50.1058]]]},"properties":{"plz":"65933","name":"65933 Frankfurt am Main"}},{"type":"Feature","geometry":{"type":"Polygon","coordinates":[[[8.57416,50.09215],[8.58624,50.10346],[8.59478,50.10508],[8.59314,50.11416],[8.5666,50.10864],[8.5565,50.09913],[8.57416,50.09215]]]},"properties":{"plz":"65934","name":"65934 Frankfurt am Main"}},{"type":"Feature","geometry":{"type":"Polygon","coordinates":[[[8.58356,50.1357],[8.56354,50.12755],[8.56045,50.12609],[8.54899,50.12132],[8.5666,50.10864],[8.59314,50.11416],[8.59837,50.11549],[8.58559,50.13398],[8.58356,50.1357]]]},"properties":{"plz":"65936","name":"65936 Frankfurt am Main"}},{"type":"Feature","geometry":{"type":"Polygon","coordinates":[[[8.41465,49.59501],[8.40839,49.60588],[8.38282,49.62599],[8.36957,49.65919],[8.36464,49.66379],[8.35599,49.67761],[8.34735,49.68286],[8.34081,49.67657],[8.35032,49.65803],[8.35805,49.64246],[8.35507,49.63196],[8.34769,49.62736],[8.33364,49.6291],[8.33731,49.62286],[8.34311,49.61222],[8.33487,49.5988],[8.34343,49.59498],[8.34994,49.60635],[8.35822,49.60892],[8.3625,49.60227],[8.39072,49.60377],[8.40445,49.5927],[8.41465,49.59501]]]},"properties":{"plz":"67547","name":"67547 Worms"}},{"type":"Feature","geometry":{"type":"Polygon","coordinates":[[[8.35032,49.65803],[8.34055,49.64926],[8.3179,49.64415],[8.30469,49.6497],[8.29301,49.64853],[8.29685,49.62464],[8.33731,49.62286],[8.33364,49.6291],[8.34769,49.62736],[8.35507,49.63196],[8.35805,49.64246],[8.35032,49.65803]]]},"properties":{"plz":"67549","name":"67549 Worms"}},{"type":"Feature","geometry":{"type":"Polygon","coordinates":[[[8.35599,49.67761],[8.3573,49.69171],[8.36409,49.69879],[8.38993,49.70959],[8.42454,49.71617],[8.43838,49.72236],[8.44621,49.73052],[8.4414,49.73213],[8.42262,49.72625],[8.40788,49.73455],[8.39684,49.73645],[8.37837,49.73368],[8.37759,49.72465],[8.36985,49.73041],[8.35074,49.73046],[8.35013,49.72375],[8.34818,49.71163],[8.35169,49.69643],[8.33937,49.69605],[8.34276,49.6827],[8.30905,49.68412],[8.2797,49.69195],[8.25756,49.6887],[8.26391,49.67171],[8.2708,49.66805],[8.2789,49.65515],[8.28729,49.65528],[8.29301,49.64853],[8.30469,49.6497],[8.3179,49.64415],[8.34055,49.64926],[8.35032,49.65803],[8.34081,49.67657],[8.34735,49.68286],[8.35599,49.67761]]]},"properties":{"plz":"67550","name":"67550 Worms"}},{"type":"Feature","geometry":{"type":"Polygon","coordinates":[[[8.35013,49.72375],[8.29445,49.71858],[8.27687,49.71425],[8.2797,49.69195],[8.30905,49.68412],[8.34276,49.6827],[8.33937,49.69605],[8.35169,49.69643],[8.34818,49.71163],[8.35013,49.72375]]]},"properties":{"plz":"67574","name":"67574 Osthofen"}},{"type":"Feature","geometry":{"type":"Polygon","coordinates":[[[8.41744,49.77281],[8.39253,49.76934],[8.38223,49.76458],[8.37434,49.75328],[8.36801,49.75432],[8.35145,49.74588],[8.34671,49.73451],[8.35074,49.73046],[8.36985,49.73041],[8.37759,49.72465],[8.37837,49.73368],[8.39684,49.73645],[8.40788,49.73455],[8.42677,49.73692],[8.44083,49.74982],[8.45544,49.75561],[8.45773,49.76058],[8.44186,49.76543],[8.42604,49.7672],[8.41744,49.77281]]]},"properties":{"plz":"67575","name":"67575 Eich"}},{"type":"Feature","geometry":{"type":"Polygon","coordinates":[[[8.31216,49.78329],[8.30934,49.77398],[8.30106,49.77167],[8.29305,49.76246],[8.29607,49.75492],[8.28229,49.74842],[8.28362,49.74457],[8.32282,49.74961],[8.34693,49.74641],[8.35222,49.7654],[8.34923,49.77711],[8.35463,49.78206],[8.31573,49.78412],[8.31216,49.78329]]]},"properties":{"plz":"67577","name":"67577 Alsheim"}},{"type":"Feature","geometry":{"type":"Polygon","coordinates":[[[8.41303,49.78442],[8.40002,49.80349],[8.3798,49.80025],[8.3673,49.78853],[8.35463,49.78206],[8.34923,49.77711],[8.35222,49.7654],[8.34693,49.74641],[8.35145,49.74588],[8.36801,49.75432],[8.37434,49.75328],[8.38223,49.76458],[8.39253,49.76934],[8.41744,49.77281],[8.41303,49.78442]]]},"properties":{"plz":"67578","name":"67578 Gimbsheim"}},{"type":"Feature","geometry":{"type":"Polygon","coordinates":[[[8.47441,49.76787],[8.44186,49.76543],[8.45773,49.76058],[8.45544,49.75561],[8.44083,49.74982],[8.42677,49.73692],[8.40788,49.73455],[8.42262,49.72625],[8.4414,49.73213],[8.44621,49.73052],[8.44822,49.73351],[8.47858,49.75857],[8.47441,49.76787]]]},"properties":{"plz":"67580","name":"67580 Hamm"}},{"type":"Feature","geometry":{"type":"Polygon","coordinates":[[[8.35145,49.74588],[8.34693,49.74641],[8.32282,49.74961],[8.28362,49.74457],[8.28505,49.7407],[8.29695,49.74046],[8.3109,49.7336],[8.34671,49.73451],[8.35145,49.74588]]]},"properties":{"plz":"67582","name":"67582 Mettenheim"}},{"type":"Feature","geometry":{"type":"Polygon","coordinates":[[[8.31534,49.82107],[8.31158,49.79307],[8.31573,49.78412],[8.35463,49.78206],[8.3673,49.78853],[8.3798,49.80025],[8.40002,49.80349],[8.38459,49.81734],[8.36072,49.81152],[8.33855,49.80981],[8.3267,49.82128],[8.31534,49.82107]]]},"properties":{"plz":"67583","name":"67583 Guntersblum"}},{"type":"Feature","geometry":{"type":"Polygon","coordinates":[[[8.30106,49.77167],[8.27933,49.77211],[8.26886,49.77623],[8.25544,49.76733],[8.26226,49.75895],[8.27227,49.75929],[8.28229,49.74842],[8.29607,49.75492],[8.29305,49.76246],[8.30106,49.77167]]]},"properties":{"plz":"67585","name":"67585 Dorn-Dürkheim"}},{"type":"Feature","geometry":{"type":"Polygon","coordinates":[[[8.23387,49.76839],[8.25544,49.76733],[8.26886,49.77623],[8.28119,49.78558],[8.27438,49.78923],[8.26147,49.78764],[8.23282,49.78883],[8.23387,49.76839]]]},"properties":{"plz":"67586","name":"67586 Hillesheim"}},{"type":"Feature","geometry":{"type":"Polygon","coordinates":[[[8.28119,49.78558],[8.26886,49.77623],[8.27933,49.77211],[8.30106,49.77167],[8.30934,49.77398],[8.31216,49.78329],[8.28813,49.78782],[8.28119,49.78558]]]},"properties":{"plz":"67587","name":"67587 Wintersheim"}},{"type":"Feature","geometry":{"type":"Polygon","coordinates":[[[8.17178,49.66735],[8.17379,49.65608],[8.1832,49.64452],[8.2044,49.64293],[8.23442,49.64541],[8.22989,49.66032],[8.23254,49.66572],[8.22242,49.66855],[8.22473,49.67603],[8.20619,49.67629],[8.18503,49.67297],[8.17178,49.66735]]]},"properties":{"plz":"67592","name":"67592 Flörsheim-Dalsheim"}},{"type":"Feature","geometry":{"type":"Polygon","coordinates":[[[8.21029,49.71148],[8.22113,49.68951],[8.20238,49.68227],[8.20619,49.67629],[8.22473,49.67603],[8.23435,49.67899],[8.23475,49.68617],[8.25756,49.6887],[8.2797,49.69195],[8.27687,49.71425],[8.26684,49.7126],[8.24935,49.71961],[8.22909,49.71938],[8.21029,49.71148]]]},"properties":{"plz":"67593","name":"67593 Westhofen, Bermersheim"}},{"type":"Feature","geometry":{"type":"Polygon","coordinates":[[[8.24935,49.71961],[8.26684,49.7126],[8.27687,49.71425],[8.29445,49.71858],[8.35013,49.72375],[8.35074,49.73046],[8.34671,49.73451],[8.3109,49.7336],[8.29695,49.74046],[8.28505,49.7407],[8.26976,49.73814],[8.26599,49.73381],[8.24507,49.73012],[8.24935,49.71961]]]},"properties":{"plz":"67595","name":"67595 Bechtheim"}},{"type":"Feature","geometry":{"type":"Polygon","coordinates":[[[8.24507,49.73012],[8.26599,49.73381],[8.26976,49.73814],[8.28505,49.7407],[8.28362,49.74457],[8.28229,49.74842],[8.27227,49.75929],[8.26226,49.75895],[8.25544,49.76733],[8.23387,49.76839],[8.23292,49.76022],[8.21517,49.7559],[8.20359,49.74842],[8.21043,49.73441],[8.24507,49.73012]]]},"properties":{"plz":"67596","name":"67596 Dittelsheim-Heßloch"}},{"type":"Feature","geometry":{"type":"Polygon","coordinates":[[[8.18503,49.67297],[8.20619,49.67629],[8.20238,49.68227],[8.22113,49.68951],[8.21029,49.71148],[8.17119,49.69305],[8.1723,49.68306],[8.17819,49.68366],[8.18503,49.67297]]]},"properties":{"plz":"67598","name":"67598 Gundersheim"}},{"type":"Feature","geometry":{"type":"Polygon","coordinates":[[[8.25756,49.6887],[8.23475,49.68617],[8.23435,49.67899],[8.22473,49.67603],[8.22242,49.66855],[8.23254,49.66572],[8.25124,49.67135],[8.26391,49.67171],[8.25756,49.6887]]]},"properties":{"plz":"67599","name":"67599 Gundheim"}},{"type":"Feature","geometry":{"type":"Polygon","coordinates":[[[8.52131,49.62315],[8.48395,49.61514],[8.46264,49.61333],[8.42804,49.62834],[8.41877,49.64025],[8.43145,49.65682],[8.44988,49.65721],[8.43736,49.66088],[8.4378,49.67496],[8.42225,49.67877],[8.38916,49.66251],[8.38237,49.66818],[8.36464,49.66379],[8.36957,49.65919],[8.38282,49.62599],[8.40839,49.60588],[8.41465,49.59501],[8.42264,49.5835],[8.43828,49.58389],[8.44029,49.5894],[8.46455,49.58952],[8.47613,49.5844],[8.48174,49.57449],[8.49507,49.57294],[8.5135,49.58679],[8.55514,49.5858],[8.59416,49.59278],[8.58939,49.60448],[8.5855,49.60158],[8.57898,49.61684],[8.56461,49.61503],[8.57307,49.63448],[8.54037,49.62314],[8.52131,49.62315]]]},"properties":{"plz":"68623","name":"68623 Lampertheim"}},{"type":"Feature","geometry":{"type":"Polygon","coordinates":[[[8.51397,49.64157],[8.50805,49.6554],[8.51839,49.65633],[8.52072,49.66687],[8.50704,49.66743],[8.5039,49.66086],[8.49301,49.66005],[8.47944,49.66438],[8.45837,49.67156],[8.4378,49.67496],[8.43736,49.66088],[8.44988,49.65721],[8.43145,49.65682],[8.41877,49.64025],[8.42804,49.62834],[8.46264,49.61333],[8.48395,49.61514],[8.52131,49.62315],[8.51397,49.64157]]]},"properties":{"plz":"68642","name":"68642 Bürstadt"}},{"type":"Feature","geometry":{"type":"Polygon","coordinates":[[[8.50139,49.70325],[8.46718,49.69655],[8.46619,49.70031],[8.44748,49.69983],[8.43844,49.70267],[8.42454,49.71617],[8.38993,49.70959],[8.36409,49.69879],[8.3573,49.69171],[8.35599,49.67761],[8.36464,49.66379],[8.38237,49.66818],[8.38916,49.66251],[8.42225,49.67877],[8.4378,49.67496],[8.45837,49.67156],[8.47944,49.66438],[8.49293,49.68045],[8.51107,49.67522],[8.50139,49.70325]]]},"properties":{"plz":"68647","name":"68647 Biblis"}},{"type":"Feature","geometry":{"type":"Polygon","coordinates":[[[8.44822,49.73351],[8.44621,49.73052],[8.43838,49.72236],[8.42454,49.71617],[8.43844,49.70267],[8.44748,49.69983],[8.46619,49.70031],[8.46718,49.69655],[8.50139,49.70325],[8.51709,49.71043],[8.53491,49.71232],[8.54033,49.71769],[8.53384,49.72459],[8.49457,49.72296],[8.47121,49.72903],[8.45818,49.72575],[8.44822,49.73351]]]},"properties":{"plz":"68649","name":"68649 Groß-Rohrheim"}},{"type":"Feature","geometry":{"type":"Polygon","coordinates":[[[8.67984,49.60409],[8.66809,49.60123],[8.65176,49.60337],[8.64636,49.59818],[8.5948,49.60684],[8.58939,49.60448],[8.59416,49.59278],[8.60336,49.59384],[8.62559,49.59123],[8.62976,49.58249],[8.63343,49.58843],[8.65043,49.58185],[8.66887,49.58239],[8.68342,49.58698],[8.69623,49.59213],[8.69834,49.59964],[8.69103,49.6067],[8.67984,49.60409]]]},"properties":{"plz":"69502","name":"69502 Hemsbach"}},{"type":"Feature","geometry":{"type":"Polygon","coordinates":[[[8.68831,49.61979],[8.69155,49.62362],[8.67819,49.62568],[8.65387,49.61831],[8.64872,49.62022],[8.59757,49.61101],[8.5948,49.60684],[8.64636,49.59818],[8.65176,49.60337],[8.66809,49.60123],[8.67984,49.60409],[8.66921,49.61441],[8.67491,49.62081],[8.68831,49.61979]]]},"properties":{"plz":"69514","name":"69514 Laudenbach"}}]}