{"type":"FeatureCollection","features":[{"type":"Feature","geometry":{"type":"Polygon","coordinates":[[[12.37862,51.33603],[12.38293,51.32547],[12.3897,51.31344],[12.40022,51.31428],[12.40652,51.31915],[12.39964,51.3222],[12.39258,51.33398],[12.39639,51.34268],[12.4033,51.35024],[12.38603,51.35259],[12.37883,51.34516],[12.37862,51.33603]]]},"properties":{"plz":"04103","name":"04103 Leipzig"}},{"type":"Feature","geometry":{"type":"Polygon","coordinates":[[[12.38603,51.35259],[12.37832,51.36149],[12.36433,51.35447],[12.34223,51.36095],[12.3357,51.35547],[12.33985,51.35008],[12.34573,51.33932],[12.37883,51.34516],[12.38603,51.35259]]]},"properties":{"plz":"04105","name":"04105 Leipzig"}},{"type":"Feature","geometry":{"type":"Polygon","coordinates":[[[12.37862,51.33603],[12.35373,51.33028],[12.35584,51.32611],[12.38293,51.32547],[12.37862,51.33603]]]},"properties":{"plz":"04107","name":"04107 Leipzig"}},{"type":"Feature","geometry":{"type":"Polygon","coordinates":[[[12.37883,51.34516],[12.34573,51.33932],[12.34579,51.33919],[12.35373,51.33028],[12.37862,51.33603],[12.37883,51.34516]]]},"properties":{"plz":"04109","name":"04109 Leipzig"}},{"type":"Feature","geometry":{"type":"Polygon","coordinates":[[[12.38603,51.35259],[12.40112,51.36391],[12.39201,51.38884],[12.37137,51.3838],[12.38119,51.37915],[12.37832,51.36149],[12.38603,51.35259]]]},"properties":{"plz":"04129","name":"04129 Leipzig"}},{"type":"Feature","geometry":{"type":"Polygon","coordinates":[[[12.37832,51.36149],[12.35825,51.36633],[12.34223,51.36095],[12.36433,51.35447],[12.37832,51.36149]]]},"properties":{"plz":"04155","name":"04155 Leipzig"}},{"type":"Feature","geometry":{"type":"Polygon","coordinates":[[[12.37137,51.3838],[12.34948,51.3861],[12.346,51.38182],[12.3563,51.37623],[12.35825,51.36633],[12.37832,51.36149],[12.38119,51.37915],[12.37137,51.3838]]]},"properties":{"plz":"04157","name":"04157 Leipzig"}},{"type":"Feature","geometry":{"type":"Polygon","coordinates":[[[12.39201,51.38884],[12.39278,51.38967],[12.39454,51.39911],[12.38401,51.40926],[12.37855,51.42176],[12.39623,51.41566],[12.37353,51.42488],[12.35997,51.41769],[12.33832,51.41804],[12.31546,51.41862],[12.31258,51.41516],[12.27103,51.41787],[12.26353,51.41148],[12.26201,51.4012],[12.32274,51.38278],[12.34105,51.38165],[12.34948,51.3861],[12.37137,51.3838],[12.39201,51.38884]]]},"properties":{"plz":"04158","name":"04158 Leipzig"}},{"type":"Feature","geometry":{"type":"Polygon","coordinates":[[[12.34223,51.36095],[12.35825,51.36633],[12.3563,51.37623],[12.346,51.38182],[12.34948,51.3861],[12.34105,51.38165],[12.32274,51.38278],[12.26201,51.4012],[12.26768,51.39639],[12.25662,51.38775],[12.25873,51.38063],[12.24782,51.37633],[12.28461,51.36937],[12.30182,51.36092],[12.32222,51.36477],[12.3357,51.35547],[12.34223,51.36095]]]},"properties":{"plz":"04159","name":"04159 Leipzig"}},{"type":"Feature","geometry":{"type":"Polygon","coordinates":[[[12.33985,51.35008],[12.31281,51.34064],[12.32207,51.32914],[12.34202,51.33412],[12.34579,51.33919],[12.34573,51.33932],[12.33985,51.35008]]]},"properties":{"plz":"04177","name":"04177 Leipzig"}},{"type":"Feature","geometry":{"type":"Polygon","coordinates":[[[12.24782,51.37633],[12.24339,51.37117],[12.24181,51.34965],[12.24579,51.34716],[12.24975,51.33839],[12.25953,51.33523],[12.26989,51.33004],[12.29505,51.33834],[12.30554,51.34539],[12.29974,51.35229],[12.30828,51.35758],[12.30182,51.36092],[12.28461,51.36937],[12.24782,51.37633]]]},"properties":{"plz":"04178","name":"04178 Leipzig"}},{"type":"Feature","geometry":{"type":"Polygon","coordinates":[[[12.3357,51.35547],[12.32222,51.36477],[12.30182,51.36092],[12.30828,51.35758],[12.29974,51.35229],[12.30554,51.34539],[12.29505,51.33834],[12.30347,51.32654],[12.31344,51.32087],[12.31949,51.32135],[12.32207,51.32914],[12.31281,51.34064],[12.33985,51.35008],[12.3357,51.35547]]]},"properties":{"plz":"04179","name":"04179 Leipzig"}},{"type":"Feature","geometry":{"type":"Polygon","coordinates":[[[12.25953,51.33523],[12.23699,51.32643],[12.24305,51.31789],[12.26086,51.31459],[12.27764,51.31883],[12.30347,51.32654],[12.29505,51.33834],[12.26989,51.33004],[12.25953,51.33523]]]},"properties":{"plz":"04205","name":"04205 Leipzig"}},{"type":"Feature","geometry":{"type":"Polygon","coordinates":[[[12.31344,51.32087],[12.3111,51.31538],[12.28077,51.31153],[12.27764,51.31883],[12.26086,51.31459],[12.24305,51.31789],[12.25032,51.29777],[12.26115,51.29856],[12.26223,51.28946],[12.27309,51.28651],[12.28642,51.28769],[12.28078,51.30721],[12.30997,51.30897],[12.31761,51.31231],[12.31949,51.32135],[12.31344,51.32087]]]},"properties":{"plz":"04207","name":"04207 Leipzig"}},{"type":"Feature","geometry":{"type":"Polygon","coordinates":[[[12.30347,51.32654],[12.27764,51.31883],[12.28077,51.31153],[12.3111,51.31538],[12.31344,51.32087],[12.30347,51.32654]]]},"properties":{"plz":"04209","name":"04209 Leipzig"}},{"type":"Feature","geometry":{"type":"Polygon","coordinates":[[[12.35373,51.33028],[12.34579,51.33919],[12.34202,51.33412],[12.32207,51.32914],[12.31949,51.32135],[12.31761,51.31231],[12.325,51.30914],[12.34622,51.30912],[12.35397,51.31977],[12.35584,51.32611],[12.35373,51.33028]]]},"properties":{"plz":"04229","name":"04229 Leipzig"}},{"type":"Feature","geometry":{"type":"Polygon","coordinates":[[[12.27309,51.28651],[12.28132,51.28081],[12.26335,51.28135],[12.25001,51.2861],[12.24782,51.27816],[12.25221,51.25975],[12.2589,51.25126],[12.25128,51.23872],[12.25881,51.2384],[12.28248,51.2443],[12.2948,51.24123],[12.31325,51.24278],[12.31491,51.25545],[12.32292,51.25708],[12.32333,51.26958],[12.33605,51.2671],[12.35355,51.2832],[12.3495,51.29601],[12.33978,51.30168],[12.34622,51.30912],[12.325,51.30914],[12.31761,51.31231],[12.30997,51.30897],[12.28078,51.30721],[12.28642,51.28769],[12.27309,51.28651]]]},"properties":{"plz":"04249","name":"04249 Leipzig"}},{"type":"Feature","geometry":{"type":"Polygon","coordinates":[[[12.38293,51.32547],[12.35584,51.32611],[12.35397,51.31977],[12.36397,51.31223],[12.3897,51.31344],[12.38293,51.32547]]]},"properties":{"plz":"04275","name":"04275 Leipzig"}},{"type":"Feature","geometry":{"type":"Polygon","coordinates":[[[12.3897,51.31344],[12.36397,51.31223],[12.35397,51.31977],[12.34622,51.30912],[12.33978,51.30168],[12.3495,51.29601],[12.3552,51.29631],[12.36683,51.28673],[12.3745,51.29213],[12.38862,51.30344],[12.40728,51.30498],[12.40629,51.31394],[12.40022,51.31428],[12.3897,51.31344]]]},"properties":{"plz":"04277","name":"04277 Leipzig"}},{"type":"Feature","geometry":{"type":"Polygon","coordinates":[[[12.3745,51.29213],[12.38486,51.28081],[12.42115,51.28513],[12.40728,51.30498],[12.38862,51.30344],[12.3745,51.29213]]]},"properties":{"plz":"04279","name":"04279 Leipzig"}},{"type":"Feature","geometry":{"type":"Polygon","coordinates":[[[12.44881,51.30532],[12.43802,51.29948],[12.44707,51.28287],[12.44803,51.26829],[12.47786,51.25791],[12.49348,51.26025],[12.4842,51.2645],[12.49426,51.28155],[12.50041,51.28343],[12.50533,51.30331],[12.49936,51.30777],[12.50532,51.31669],[12.49827,51.31853],[12.47356,51.31604],[12.46257,51.319],[12.4406,51.31771],[12.44881,51.30532]]]},"properties":{"plz":"04288","name":"04288 Leipzig"}},{"type":"Feature","geometry":{"type":"Polygon","coordinates":[[[12.40728,51.30498],[12.42115,51.28513],[12.44707,51.28287],[12.43802,51.29948],[12.44881,51.30532],[12.40629,51.31394],[12.40728,51.30498]]]},"properties":{"plz":"04289","name":"04289 Leipzig"}},{"type":"Feature","geometry":{"type":"Polygon","coordinates":[[[12.40022,51.31428],[12.40629,51.31394],[12.44881,51.30532],[12.4406,51.31771],[12.42811,51.32741],[12.4169,51.33091],[12.40652,51.31915],[12.40022,51.31428]]]},"properties":{"plz":"04299","name":"04299 Leipzig"}},{"type":"Feature","geometry":{"type":"Polygon","coordinates":[[[12.39639,51.34268],[12.40814,51.33785],[12.42214,51.34173],[12.42082,51.34883],[12.4033,51.35024],[12.39639,51.34268]]]},"properties":{"plz":"04315","name":"04315 Leipzig"}},{"type":"Feature","geometry":{"type":"Polygon","coordinates":[[[12.50532,51.31669],[12.51296,51.329],[12.48785,51.33061],[12.47153,51.32822],[12.45972,51.33989],[12.44271,51.34006],[12.43141,51.33453],[12.42811,51.32741],[12.4406,51.31771],[12.46257,51.319],[12.47356,51.31604],[12.49827,51.31853],[12.50532,51.31669]]]},"properties":{"plz":"04316","name":"04316 Leipzig"}},{"type":"Feature","geometry":{"type":"Polygon","coordinates":[[[12.40652,51.31915],[12.4169,51.33091],[12.40814,51.33785],[12.39639,51.34268],[12.39258,51.33398],[12.39964,51.3222],[12.40652,51.31915]]]},"properties":{"plz":"04317","name":"04317 Leipzig"}},{"type":"Feature","geometry":{"type":"Polygon","coordinates":[[[12.42811,51.32741],[12.43141,51.33453],[12.44271,51.34006],[12.43379,51.34158],[12.44198,51.35908],[12.42082,51.34883],[12.42214,51.34173],[12.40814,51.33785],[12.4169,51.33091],[12.42811,51.32741]]]},"properties":{"plz":"04318","name":"04318 Leipzig"}},{"type":"Feature","geometry":{"type":"Polygon","coordinates":[[[12.50533,51.30331],[12.53883,51.30594],[12.53135,51.31726],[12.54244,51.32418],[12.52666,51.33126],[12.53759,51.33506],[12.5384,51.34088],[12.52576,51.34889],[12.50911,51.34732],[12.49888,51.36056],[12.48373,51.36101],[12.49398,51.35537],[12.47976,51.35193],[12.47369,51.34584],[12.46267,51.34609],[12.45972,51.33989],[12.47153,51.32822],[12.48785,51.33061],[12.51296,51.329],[12.50532,51.31669],[12.49936,51.30777],[12.50533,51.30331]]]},"properties":{"plz":"04319","name":"04319 Leipzig"}},{"type":"Feature","geometry":{"type":"Polygon","coordinates":[[[12.45972,51.33989],[12.46267,51.34609],[12.47369,51.34584],[12.47385,51.35132],[12.44766,51.34988],[12.452,51.35791],[12.44198,51.35908],[12.43379,51.34158],[12.44271,51.34006],[12.45972,51.33989]]]},"properties":{"plz":"04328","name":"04328 Leipzig"}},{"type":"Feature","geometry":{"type":"Polygon","coordinates":[[[12.48373,51.36101],[12.46711,51.36905],[12.47237,51.37445],[12.46451,51.37133],[12.4671,51.36788],[12.44198,51.35908],[12.452,51.35791],[12.44766,51.34988],[12.47385,51.35132],[12.47369,51.34584],[12.47976,51.35193],[12.49398,51.35537],[12.48373,51.36101]]]},"properties":{"plz":"04329","name":"04329 Leipzig"}},{"type":"Feature","geometry":{"type":"Polygon","coordinates":[[[12.4033,51.35024],[12.42082,51.34883],[12.44198,51.35908],[12.4671,51.36788],[12.46451,51.37133],[12.45482,51.37488],[12.44866,51.36499],[12.42094,51.37284],[12.41152,51.36172],[12.40112,51.36391],[12.38603,51.35259],[12.4033,51.35024]]]},"properties":{"plz":"04347","name":"04347 Leipzig"}},{"type":"Feature","geometry":{"type":"Polygon","coordinates":[[[12.47237,51.37445],[12.47661,51.38243],[12.4667,51.38314],[12.46334,51.39134],[12.46995,51.39415],[12.46624,51.40342],[12.45676,51.40978],[12.43395,51.41146],[12.4325,51.40646],[12.41306,51.40208],[12.41904,51.39314],[12.42703,51.38406],[12.42094,51.37284],[12.44866,51.36499],[12.45482,51.37488],[12.46451,51.37133],[12.47237,51.37445]]]},"properties":{"plz":"04349","name":"04349 Leipzig"}},{"type":"Feature","geometry":{"type":"Polygon","coordinates":[[[12.39278,51.38967],[12.41904,51.39314],[12.41306,51.40208],[12.4325,51.40646],[12.43395,51.41146],[12.45676,51.40978],[12.46163,51.42045],[12.48644,51.41711],[12.49398,51.42247],[12.49304,51.43104],[12.47238,51.43233],[12.47092,51.4428],[12.45067,51.44413],[12.44119,51.44811],[12.4422,51.43061],[12.42392,51.42675],[12.40586,51.42886],[12.40372,51.42538],[12.39623,51.41566],[12.37855,51.42176],[12.38401,51.40926],[12.39454,51.39911],[12.39278,51.38967]]]},"properties":{"plz":"04356","name":"04356 Leipzig"}},{"type":"Feature","geometry":{"type":"Polygon","coordinates":[[[12.40112,51.36391],[12.41152,51.36172],[12.42094,51.37284],[12.42703,51.38406],[12.41904,51.39314],[12.39278,51.38967],[12.39201,51.38884],[12.40112,51.36391]]]},"properties":{"plz":"04357","name":"04357 Leipzig"}},{"type":"Feature","geometry":{"type":"Polygon","coordinates":[[[12.32292,51.25708],[12.33017,51.25203],[12.36051,51.24967],[12.36892,51.24044],[12.37026,51.24358],[12.40194,51.24449],[12.41699,51.24591],[12.43267,51.25264],[12.43355,51.26052],[12.44803,51.26829],[12.44707,51.28287],[12.42115,51.28513],[12.38486,51.28081],[12.3745,51.29213],[12.36683,51.28673],[12.3552,51.29631],[12.3495,51.29601],[12.35355,51.2832],[12.33605,51.2671],[12.32333,51.26958],[12.32292,51.25708]]]},"properties":{"plz":"04416","name":"04416 Markkleeberg"}},{"type":"Feature","geometry":{"type":"Polygon","coordinates":[[[12.24579,51.34716],[12.22306,51.34244],[12.19358,51.33255],[12.19444,51.33032],[12.1671,51.32676],[12.16659,51.32081],[12.14779,51.31993],[12.15537,51.30127],[12.15769,51.29212],[12.16875,51.29352],[12.17173,51.27715],[12.16587,51.26599],[12.17295,51.26616],[12.17348,51.25798],[12.18908,51.25779],[12.19366,51.24063],[12.19948,51.23856],[12.22068,51.24027],[12.22319,51.24993],[12.243,51.25274],[12.25221,51.25975],[12.24782,51.27816],[12.25001,51.2861],[12.26335,51.28135],[12.28132,51.28081],[12.27309,51.28651],[12.26223,51.28946],[12.26115,51.29856],[12.25032,51.29777],[12.24305,51.31789],[12.23699,51.32643],[12.25953,51.33523],[12.24975,51.33839],[12.24579,51.34716]]]},"properties":{"plz":"04420","name":"04420 Markranstädt"}},{"type":"Feature","geometry":{"type":"Polygon","coordinates":[[[12.49888,51.36056],[12.53455,51.37356],[12.54608,51.36965],[12.56898,51.37519],[12.57591,51.38011],[12.57516,51.38476],[12.55946,51.39311],[12.52106,51.40601],[12.51104,51.42162],[12.49398,51.42247],[12.48644,51.41711],[12.46163,51.42045],[12.45676,51.40978],[12.46624,51.40342],[12.46995,51.39415],[12.46334,51.39134],[12.4667,51.38314],[12.47661,51.38243],[12.47237,51.37445],[12.46711,51.36905],[12.48373,51.36101],[12.49888,51.36056]]]},"properties":{"plz":"04425","name":"04425 Taucha"}},{"type":"Feature","geometry":{"type":"Polygon","coordinates":[[[12.33832,51.41804],[12.34325,51.42729],[12.33238,51.43397],[12.34125,51.44419],[12.35441,51.44386],[12.35058,51.45709],[12.31377,51.46134],[12.31593,51.45124],[12.30179,51.45605],[12.29037,51.44841],[12.27696,51.44633],[12.2497,51.44798],[12.22843,51.45772],[12.20834,51.45366],[12.19698,51.45965],[12.19165,51.44139],[12.20595,51.44052],[12.20602,51.42653],[12.19395,51.42123],[12.18973,51.4136],[12.17353,51.41024],[12.17785,51.39044],[12.17243,51.38408],[12.17701,51.37724],[12.18346,51.37401],[12.18575,51.36238],[12.19631,51.36051],[12.1889,51.3472],[12.19358,51.33255],[12.22306,51.34244],[12.24579,51.34716],[12.24181,51.34965],[12.24339,51.37117],[12.24782,51.37633],[12.25873,51.38063],[12.25662,51.38775],[12.26768,51.39639],[12.26201,51.4012],[12.26353,51.41148],[12.27103,51.41787],[12.31258,51.41516],[12.31546,51.41862],[12.33832,51.41804]]]},"properties":{"plz":"04435","name":"04435 Schkeuditz"}},{"type":"Feature","geometry":{"type":"Polygon","coordinates":[[[12.25881,51.2384],[12.2584,51.23133],[12.24568,51.22878],[12.2472,51.21704],[12.25668,51.2156],[12.2579,51.20927],[12.24879,51.20872],[12.24824,51.20041],[12.23787,51.19653],[12.26615,51.19222],[12.29761,51.20701],[12.29937,51.18951],[12.29094,51.18295],[12.32373,51.17647],[12.32454,51.18319],[12.34449,51.18792],[12.35162,51.19724],[12.34811,51.21544],[12.35889,51.21846],[12.35376,51.22964],[12.36892,51.24044],[12.36051,51.24967],[12.33017,51.25203],[12.32292,51.25708],[12.31491,51.25545],[12.31325,51.24278],[12.2948,51.24123],[12.28248,51.2443],[12.25881,51.2384]]]},"properties":{"plz":"04442","name":"04442 Zwenkau"}},{"type":"Feature","geometry":{"type":"Polygon","coordinates":[[[12.54244,51.32418],[12.55577,51.32936],[12.55832,51.33494],[12.57572,51.3409],[12.5594,51.3541],[12.56627,51.36614],[12.57331,51.36648],[12.56898,51.37519],[12.54608,51.36965],[12.53455,51.37356],[12.49888,51.36056],[12.50911,51.34732],[12.52576,51.34889],[12.5384,51.34088],[12.53759,51.33506],[12.52666,51.33126],[12.54244,51.32418]]]},"properties":{"plz":"04451","name":"04451 Borsdorf"}},{"type":"Feature","geometry":{"type":"Polygon","coordinates":[[[12.44803,51.26829],[12.43355,51.26052],[12.43267,51.25264],[12.41699,51.24591],[12.40194,51.24449],[12.41789,51.22814],[12.44268,51.2134],[12.44381,51.20719],[12.45341,51.21206],[12.47442,51.20947],[12.51528,51.24221],[12.51793,51.26931],[12.5146,51.28372],[12.52083,51.28891],[12.54408,51.29684],[12.53882,51.30532],[12.53883,51.30594],[12.50533,51.30331],[12.50041,51.28343],[12.49426,51.28155],[12.4842,51.2645],[12.49348,51.26025],[12.47786,51.25791],[12.44803,51.26829]]]},"properties":{"plz":"04463","name":"04463 Großpösna"}},{"type":"Feature","geometry":{"type":"Polygon","coordinates":[[[12.49304,51.43104],[12.50453,51.43626],[12.50859,51.44541],[12.5171,51.44746],[12.51913,51.45892],[12.50808,51.47273],[12.52,51.49134],[12.50809,51.49244],[12.50651,51.50025],[12.51648,51.50272],[12.51686,51.51421],[12.52755,51.51736],[12.50263,51.52037],[12.50038,51.52573],[12.48709,51.52878],[12.4892,51.53314],[12.51184,51.53221],[12.51455,51.54275],[12.50538,51.5462],[12.49765,51.56063],[12.48833,51.56574],[12.50896,51.58433],[12.50219,51.58736],[12.52381,51.59122],[12.52466,51.60633],[12.5068,51.60848],[12.49615,51.60509],[12.49776,51.59694],[12.48287,51.59265],[12.47752,51.59619],[12.48518,51.60451],[12.46016,51.60335],[12.44423,51.6103],[12.43333,51.60608],[12.43676,51.59939],[12.42741,51.59918],[12.42545,51.58209],[12.41169,51.58195],[12.39195,51.58808],[12.39009,51.58542],[12.36733,51.58761],[12.36983,51.58247],[12.34828,51.58692],[12.33912,51.58584],[12.34066,51.57997],[12.3198,51.57796],[12.31317,51.5684],[12.29743,51.56675],[12.29284,51.56046],[12.25468,51.56064],[12.24418,51.56651],[12.23296,51.56095],[12.23135,51.54736],[12.21002,51.54197],[12.20748,51.53528],[12.19723,51.53191],[12.1911,51.51988],[12.19557,51.5175],[12.1921,51.5053],[12.20786,51.50245],[12.2031,51.48521],[12.17581,51.48231],[12.17583,51.4698],[12.14871,51.46301],[12.14854,51.45929],[12.15808,51.4521],[12.1573,51.43464],[12.1846,51.43038],[12.1858,51.4207],[12.19395,51.42123],[12.20602,51.42653],[12.20595,51.44052],[12.19165,51.44139],[12.19698,51.45965],[12.20834,51.45366],[12.22843,51.45772],[12.2497,51.44798],[12.27696,51.44633],[12.29037,51.44841],[12.30179,51.45605],[12.31593,51.45124],[12.31377,51.46134],[12.30942,51.48192],[12.34468,51.48221],[12.34074,51.48713],[12.35401,51.49139],[12.3754,51.49332],[12.3936,51.49111],[12.39399,51.48072],[12.41127,51.47588],[12.41789,51.46904],[12.40711,51.45826],[12.38458,51.46042],[12.36943,51.45429],[12.39162,51.452],[12.38737,51.4431],[12.40568,51.44321],[12.39576,51.43485],[12.40372,51.42538],[12.40586,51.42886],[12.42392,51.42675],[12.4422,51.43061],[12.44119,51.44811],[12.45067,51.44413],[12.47092,51.4428],[12.47238,51.43233],[12.49304,51.43104]]]},"properties":{"plz":"04509","name":"04509 Delitzsch, Krostitz u.a."}},{"type":"Feature","geometry":{"type":"Polygon","coordinates":[[[12.39623,51.41566],[12.40372,51.42538],[12.39576,51.43485],[12.40568,51.44321],[12.38737,51.4431],[12.39162,51.452],[12.36943,51.45429],[12.38458,51.46042],[12.40711,51.45826],[12.41789,51.46904],[12.41127,51.47588],[12.39399,51.48072],[12.3936,51.49111],[12.3754,51.49332],[12.35401,51.49139],[12.34074,51.48713],[12.34468,51.48221],[12.30942,51.48192],[12.31377,51.46134],[12.35058,51.45709],[12.35441,51.44386],[12.34125,51.44419],[12.33238,51.43397],[12.34325,51.42729],[12.33832,51.41804],[12.35997,51.41769],[12.37353,51.42488],[12.39623,51.41566]]]},"properties":{"plz":"04519","name":"04519 Rackwitz"}},{"type":"Feature","geometry":{"type":"Polygon","coordinates":[[[12.25221,51.25975],[12.243,51.25274],[12.22319,51.24993],[12.22068,51.24027],[12.19948,51.23856],[12.19212,51.23579],[12.19785,51.21675],[12.20483,51.21419],[12.18953,51.20393],[12.19173,51.19571],[12.18046,51.19011],[12.17368,51.18987],[12.1748,51.18117],[12.19006,51.185],[12.21312,51.18355],[12.20224,51.16188],[12.19754,51.16019],[12.19559,51.14146],[12.22791,51.13699],[12.23853,51.13275],[12.26164,51.13583],[12.26995,51.15671],[12.28103,51.16922],[12.28173,51.18101],[12.29094,51.18295],[12.29937,51.18951],[12.29761,51.20701],[12.26615,51.19222],[12.23787,51.19653],[12.24824,51.20041],[12.24879,51.20872],[12.2579,51.20927],[12.25668,51.2156],[12.2472,51.21704],[12.24568,51.22878],[12.2584,51.23133],[12.25881,51.2384],[12.25128,51.23872],[12.2589,51.25126],[12.25221,51.25975]]]},"properties":{"plz":"04523","name":"04523 Pegau, Elstertrebnitz"}},{"type":"Feature","geometry":{"type":"Polygon","coordinates":[[[12.29094,51.18295],[12.28173,51.18101],[12.28103,51.16922],[12.26995,51.15671],[12.26164,51.13583],[12.23853,51.13275],[12.23655,51.12393],[12.22759,51.12],[12.22138,51.10972],[12.23202,51.10283],[12.25294,51.09717],[12.27833,51.0994],[12.28304,51.09249],[12.29157,51.09028],[12.30465,51.09751],[12.32102,51.09439],[12.33181,51.10343],[12.35221,51.0963],[12.36095,51.10389],[12.37298,51.1046],[12.36796,51.12011],[12.3752,51.12536],[12.37303,51.1349],[12.39,51.13825],[12.38252,51.15029],[12.36978,51.15265],[12.36741,51.15976],[12.34752,51.16404],[12.32756,51.16388],[12.32373,51.17647],[12.29094,51.18295]]]},"properties":{"plz":"04539","name":"04539 Groitzsch"}},{"type":"Feature","geometry":{"type":"Polygon","coordinates":[[[12.48548,51.17464],[12.48844,51.15993],[12.48264,51.1619],[12.47011,51.15364],[12.46837,51.12364],[12.44659,51.12208],[12.44842,51.1044],[12.4635,51.09537],[12.45924,51.08461],[12.46297,51.06689],[12.46933,51.06429],[12.49385,51.06649],[12.50114,51.06428],[12.52542,51.07759],[12.52135,51.08147],[12.54109,51.08253],[12.55619,51.09052],[12.54474,51.0981],[12.55001,51.11204],[12.56626,51.11544],[12.55714,51.13016],[12.54041,51.13889],[12.52776,51.13874],[12.52475,51.15614],[12.53096,51.16423],[12.51147,51.16454],[12.51076,51.17734],[12.49381,51.17807],[12.48548,51.17464]]]},"properties":{"plz":"04552","name":"04552 Borna"}},{"type":"Feature","geometry":{"type":"Polygon","coordinates":[[[12.36892,51.24044],[12.35376,51.22964],[12.35889,51.21846],[12.34811,51.21544],[12.35162,51.19724],[12.34449,51.18792],[12.36007,51.18234],[12.37851,51.1855],[12.38191,51.17786],[12.39013,51.17777],[12.40081,51.16517],[12.4192,51.16627],[12.43311,51.1741],[12.41763,51.17852],[12.39649,51.19741],[12.39989,51.2079],[12.39248,51.21417],[12.41789,51.22814],[12.40194,51.24449],[12.37026,51.24358],[12.36892,51.24044]]]},"properties":{"plz":"04564","name":"04564 Böhlen"}},{"type":"Feature","geometry":{"type":"Polygon","coordinates":[[[12.35221,51.0963],[12.3527,51.0851],[12.36769,51.07883],[12.37533,51.07703],[12.39404,51.08387],[12.41057,51.07283],[12.42433,51.07844],[12.4505,51.07724],[12.45924,51.08461],[12.4635,51.09537],[12.44842,51.1044],[12.41162,51.09842],[12.41059,51.10991],[12.41733,51.11377],[12.41557,51.12503],[12.39634,51.11842],[12.39256,51.1283],[12.3752,51.12536],[12.36796,51.12011],[12.37298,51.1046],[12.36095,51.10389],[12.35221,51.0963]]]},"properties":{"plz":"04565","name":"04565 Regis-Breitingen"}},{"type":"Feature","geometry":{"type":"Polygon","coordinates":[[[12.55714,51.13016],[12.55453,51.13519],[12.56527,51.13972],[12.57665,51.13645],[12.58497,51.13915],[12.5693,51.15084],[12.57369,51.17355],[12.58482,51.1756],[12.58486,51.18258],[12.57024,51.18483],[12.57783,51.19248],[12.57312,51.20076],[12.56216,51.20586],[12.54565,51.20364],[12.52488,51.20617],[12.51307,51.18862],[12.53242,51.18345],[12.51076,51.17734],[12.51147,51.16454],[12.53096,51.16423],[12.52475,51.15614],[12.52776,51.13874],[12.54041,51.13889],[12.55714,51.13016]]]},"properties":{"plz":"04567","name":"04567 Kitzscher"}},{"type":"Feature","geometry":{"type":"Polygon","coordinates":[[[12.41789,51.22814],[12.39248,51.21417],[12.39989,51.2079],[12.39649,51.19741],[12.41763,51.17852],[12.43311,51.1741],[12.45389,51.17759],[12.45857,51.18637],[12.46948,51.18596],[12.47302,51.1788],[12.48548,51.17464],[12.49381,51.17807],[12.51076,51.17734],[12.53242,51.18345],[12.51307,51.18862],[12.52488,51.20617],[12.54565,51.20364],[12.56216,51.20586],[12.56269,51.20694],[12.54636,51.2268],[12.5371,51.22709],[12.51528,51.24221],[12.47442,51.20947],[12.45341,51.21206],[12.44381,51.20719],[12.44268,51.2134],[12.41789,51.22814]]]},"properties":{"plz":"04571","name":"04571 Rötha"}},{"type":"Feature","geometry":{"type":"Polygon","coordinates":[[[12.32373,51.17647],[12.32756,51.16388],[12.34752,51.16404],[12.36741,51.15976],[12.36978,51.15265],[12.38252,51.15029],[12.39,51.13825],[12.37303,51.1349],[12.3752,51.12536],[12.39256,51.1283],[12.39634,51.11842],[12.41557,51.12503],[12.41733,51.11377],[12.41059,51.10991],[12.41162,51.09842],[12.44842,51.1044],[12.44659,51.12208],[12.46837,51.12364],[12.47011,51.15364],[12.48264,51.1619],[12.48844,51.15993],[12.48548,51.17464],[12.47302,51.1788],[12.46948,51.18596],[12.45857,51.18637],[12.45389,51.17759],[12.43311,51.1741],[12.4192,51.16627],[12.40081,51.16517],[12.39013,51.17777],[12.38191,51.17786],[12.37851,51.1855],[12.36007,51.18234],[12.34449,51.18792],[12.32454,51.18319],[12.32373,51.17647]]]},"properties":{"plz":"04575","name":"04575 Neukieritzsch, Deutzen"}},{"type":"Feature","geometry":{"type":"Polygon","coordinates":[[[12.37216,50.95858],[12.38386,50.95343],[12.38889,50.95867],[12.41076,50.95714],[12.43153,50.96518],[12.44249,50.95986],[12.44625,50.94785],[12.44085,50.93571],[12.46633,50.92238],[12.4785,50.92577],[12.48311,50.9222],[12.49569,50.92607],[12.49433,50.93958],[12.47284,50.9556],[12.47964,50.96036],[12.47384,50.97054],[12.45729,50.97464],[12.46402,50.98303],[12.45933,50.98885],[12.47109,51.00312],[12.46428,51.00253],[12.45415,51.01186],[12.4581,51.02245],[12.44648,51.02774],[12.42112,51.02481],[12.41554,51.03382],[12.40614,51.0344],[12.39957,51.03166],[12.40412,51.02254],[12.4124,51.02161],[12.41738,51.0121],[12.40686,51.01017],[12.40958,50.99175],[12.38553,50.99176],[12.39548,50.97917],[12.39229,50.97438],[12.37525,50.96857],[12.37216,50.95858]]]},"properties":{"plz":"04600","name":"04600 Altenburg"}},{"type":"Feature","geometry":{"type":"MultiPolygon","coordinates":[[[[12.38553,50.99176],[12.37095,50.991],[12.36879,50.98369],[12.3593,50.98334],[12.33909,50.9731],[12.34875,50.96086],[12.34468,50.95977],[12.34675,50.95354],[12.36267,50.95905],[12.37216,50.95858],[12.37525,50.96857],[12.39229,50.97438],[12.39548,50.97917],[12.38553,50.99176]]],[[[12.38386,50.95343],[12.39346,50.94392],[12.38346,50.94116],[12.39782,50.9302],[12.41029,50.92791],[12.4034,50.92363],[12.4106,50.90471],[12.39784,50.90264],[12.39769,50.90804],[12.38496,50.90535],[12.38906,50.9008],[12.37985,50.89415],[12.39662,50.88426],[12.42036,50.89325],[12.43443,50.90323],[12.46062,50.89642],[12.48195,50.89991],[12.48819,50.89317],[12.5098,50.89319],[12.50729,50.90466],[12.52345,50.9088],[12.53518,50.89998],[12.55554,50.90594],[12.5743,50.90136],[12.58469,50.90406],[12.58204,50.90538],[12.59535,50.92166],[12.58953,50.93164],[12.61385,50.92966],[12.62114,50.92338],[12.62017,50.90932],[12.64097,50.90301],[12.64119,50.91175],[12.65392,50.91902],[12.65274,50.92421],[12.64503,50.92615],[12.62574,50.94238],[12.60431,50.93672],[12.59472,50.95218],[12.57882,50.94649],[12.55941,50.94581],[12.55737,50.94194],[12.5402,50.94117],[12.53114,50.95061],[12.50497,50.9624],[12.52576,50.97113],[12.52829,50.98329],[12.51681,50.98425],[12.51792,50.99204],[12.50474,50.99775],[12.52764,50.99881],[12.54017,51.00569],[12.53498,51.0157],[12.53908,51.02412],[12.51917,51.02287],[12.50725,51.01745],[12.51257,51.02648],[12.50286,51.03468],[12.50344,51.0486],[12.49614,51.03656],[12.47031,51.03819],[12.45237,51.03572],[12.44648,51.02774],[12.4581,51.02245],[12.45415,51.01186],[12.46428,51.00253],[12.47109,51.00312],[12.45933,50.98885],[12.46402,50.98303],[12.45729,50.97464],[12.47384,50.97054],[12.47964,50.96036],[12.47284,50.9556],[12.49433,50.93958],[12.49569,50.92607],[12.48311,50.9222],[12.4785,50.92577],[12.46633,50.92238],[12.44085,50.93571],[12.44625,50.94785],[12.44249,50.95986],[12.43153,50.96518],[12.41076,50.95714],[12.38889,50.95867],[12.38386,50.95343]]]]},"properties":{"plz":"04603","name":"04603 Nobitz, Göhren, Windischleuba"}},{"type":"Feature","geometry":{"type":"Polygon","coordinates":[[[12.36769,51.07883],[12.35684,51.07516],[12.35031,51.06222],[12.33879,51.06132],[12.32622,51.07334],[12.31227,51.07245],[12.31142,51.08262],[12.30052,51.08474],[12.28844,51.08008],[12.27817,51.08168],[12.26949,51.07167],[12.25838,51.06625],[12.26238,51.04962],[12.25086,51.04465],[12.2513,51.04161],[12.2529,51.03757],[12.27335,51.04061],[12.28662,51.03824],[12.29465,51.02899],[12.28816,51.01573],[12.30821,51.01664],[12.30141,51.02721],[12.31526,51.02806],[12.31607,51.03441],[12.34555,51.04158],[12.37318,51.03066],[12.39032,51.03528],[12.39957,51.03166],[12.40614,51.0344],[12.40124,51.04529],[12.42204,51.04309],[12.43216,51.04697],[12.43586,51.05438],[12.43137,51.06542],[12.41057,51.07283],[12.39404,51.08387],[12.37533,51.07703],[12.36769,51.07883]]]},"properties":{"plz":"04610","name":"04610 Meuselwitz"}},{"type":"Feature","geometry":{"type":"Polygon","coordinates":[[[12.28304,51.09249],[12.28826,51.08825],[12.27817,51.08168],[12.28844,51.08008],[12.30052,51.08474],[12.31142,51.08262],[12.31227,51.07245],[12.32622,51.07334],[12.33879,51.06132],[12.35031,51.06222],[12.35684,51.07516],[12.36769,51.07883],[12.3527,51.0851],[12.35221,51.0963],[12.33181,51.10343],[12.32102,51.09439],[12.30465,51.09751],[12.29157,51.09028],[12.28304,51.09249]]]},"properties":{"plz":"04613","name":"04613 Lucka"}},{"type":"Feature","geometry":{"type":"MultiPolygon","coordinates":[[[[12.45924,51.08461],[12.4505,51.07724],[12.42433,51.07844],[12.41057,51.07283],[12.43137,51.06542],[12.43586,51.05438],[12.43216,51.04697],[12.42204,51.04309],[12.40124,51.04529],[12.40614,51.0344],[12.41554,51.03382],[12.42112,51.02481],[12.44648,51.02774],[12.45237,51.03572],[12.47031,51.03819],[12.49614,51.03656],[12.50344,51.0486],[12.50892,51.05314],[12.50114,51.06428],[12.49385,51.06649],[12.46933,51.06429],[12.46297,51.06689],[12.45924,51.08461]]],[[[12.39957,51.03166],[12.39032,51.03528],[12.37318,51.03066],[12.34555,51.04158],[12.31607,51.03441],[12.31526,51.02806],[12.30141,51.02721],[12.30821,51.01664],[12.28816,51.01573],[12.27789,51.00579],[12.26518,50.99163],[12.24003,50.97545],[12.23245,50.96137],[12.24182,50.96109],[12.25028,50.95652],[12.26847,50.96378],[12.29481,50.9689],[12.29787,50.97632],[12.31101,50.97196],[12.32015,50.97545],[12.33284,50.96091],[12.32856,50.95586],[12.34468,50.95977],[12.34875,50.96086],[12.33909,50.9731],[12.3593,50.98334],[12.36879,50.98369],[12.37095,50.991],[12.38553,50.99176],[12.40958,50.99175],[12.40686,51.01017],[12.41738,51.0121],[12.4124,51.02161],[12.40412,51.02254],[12.39957,51.03166]]]]},"properties":{"plz":"04617","name":"04617 Rositz, Starkenberg, Treben"}},{"type":"Feature","geometry":{"type":"MultiPolygon","coordinates":[[[[12.62574,50.94238],[12.62968,50.9466],[12.61715,50.9813],[12.60711,50.98994],[12.60752,50.99699],[12.59147,50.99304],[12.57913,50.98546],[12.5643,50.99498],[12.55096,50.99817],[12.52764,50.99881],[12.50474,50.99775],[12.51792,50.99204],[12.51681,50.98425],[12.52829,50.98329],[12.52576,50.97113],[12.50497,50.9624],[12.53114,50.95061],[12.5402,50.94117],[12.55737,50.94194],[12.55941,50.94581],[12.57882,50.94649],[12.59472,50.95218],[12.60431,50.93672],[12.62574,50.94238]]],[[[12.58469,50.90406],[12.59164,50.90257],[12.62017,50.90932],[12.62114,50.92338],[12.61385,50.92966],[12.58953,50.93164],[12.59535,50.92166],[12.58204,50.90538],[12.58469,50.90406]]]]},"properties":{"plz":"04618","name":"04618 Langenleuba-Niederhain"}},{"type":"Feature","geometry":{"type":"Polygon","coordinates":[[[12.37216,50.95858],[12.36267,50.95905],[12.34675,50.95354],[12.34468,50.95977],[12.32856,50.95586],[12.33284,50.96091],[12.32015,50.97545],[12.31101,50.97196],[12.29787,50.97632],[12.29481,50.9689],[12.26847,50.96378],[12.25028,50.95652],[12.24182,50.96109],[12.23849,50.95139],[12.22383,50.94159],[12.23687,50.92884],[12.24862,50.92949],[12.24208,50.91587],[12.22566,50.91054],[12.22638,50.89051],[12.20779,50.8807],[12.21756,50.87507],[12.22157,50.86505],[12.21758,50.859],[12.24228,50.86262],[12.25709,50.85381],[12.24659,50.84472],[12.2521,50.83667],[12.25058,50.81851],[12.25984,50.81162],[12.27495,50.81382],[12.28524,50.81093],[12.28558,50.82065],[12.30254,50.81741],[12.29824,50.83001],[12.30701,50.81862],[12.34715,50.8235],[12.34843,50.83762],[12.36741,50.84736],[12.35324,50.86024],[12.35392,50.8698],[12.38827,50.8671],[12.39662,50.88426],[12.37985,50.89415],[12.38906,50.9008],[12.38496,50.90535],[12.39769,50.90804],[12.39784,50.90264],[12.4106,50.90471],[12.4034,50.92363],[12.41029,50.92791],[12.39782,50.9302],[12.38346,50.94116],[12.39346,50.94392],[12.38386,50.95343],[12.37216,50.95858]]]},"properties":{"plz":"04626","name":"04626 Schmölln, Altkirchen, Nöbdenitz u.a."}},{"type":"Feature","geometry":{"type":"Polygon","coordinates":[[[12.39662,50.88426],[12.38827,50.8671],[12.35392,50.8698],[12.35324,50.86024],[12.36741,50.84736],[12.40441,50.84953],[12.40782,50.85598],[12.41755,50.85537],[12.4111,50.84707],[12.42025,50.83947],[12.44091,50.84613],[12.44844,50.85512],[12.44391,50.8621],[12.44959,50.86777],[12.46412,50.87019],[12.45927,50.88033],[12.48819,50.89317],[12.48195,50.89991],[12.46062,50.89642],[12.43443,50.90323],[12.42036,50.89325],[12.39662,50.88426]]]},"properties":{"plz":"04639","name":"04639 Gößnitz"}},{"type":"Feature","geometry":{"type":"Polygon","coordinates":[[[12.70639,51.09116],[12.72094,51.08093],[12.71508,51.07236],[12.70421,51.07005],[12.67855,51.07411],[12.66212,51.06962],[12.64822,51.0738],[12.63788,51.06359],[12.62755,51.06301],[12.63651,51.04657],[12.62226,51.04065],[12.62768,51.03511],[12.64442,51.0301],[12.64293,51.00979],[12.6596,50.99951],[12.66763,50.98752],[12.68633,50.98504],[12.70616,51.00697],[12.73182,50.99817],[12.73835,51.00278],[12.72928,51.01339],[12.73128,51.01949],[12.70973,51.02464],[12.73074,51.03784],[12.72646,51.04636],[12.73322,51.05131],[12.71603,51.06238],[12.72723,51.07902],[12.72626,51.08387],[12.74663,51.09451],[12.738,51.09597],[12.72305,51.10351],[12.70639,51.09116]]]},"properties":{"plz":"04643","name":"04643 Geithain"}},{"type":"Feature","geometry":{"type":"Polygon","coordinates":[[[12.58497,51.13915],[12.60077,51.14314],[12.60615,51.13431],[12.6235,51.12633],[12.63689,51.13023],[12.6556,51.11567],[12.67519,51.11098],[12.67505,51.09437],[12.69307,51.09856],[12.70639,51.09116],[12.72305,51.10351],[12.738,51.09597],[12.73964,51.10493],[12.75396,51.1058],[12.74657,51.11165],[12.71245,51.11379],[12.69746,51.10948],[12.67475,51.1216],[12.68325,51.12941],[12.7106,51.12798],[12.70941,51.13339],[12.73578,51.13788],[12.7412,51.14966],[12.73083,51.15577],[12.73486,51.1627],[12.74017,51.17364],[12.7269,51.17548],[12.68809,51.16955],[12.66785,51.17987],[12.66587,51.17414],[12.64835,51.16904],[12.63978,51.18491],[12.60223,51.1784],[12.60761,51.19034],[12.59249,51.1875],[12.57783,51.19248],[12.57024,51.18483],[12.58486,51.18258],[12.58482,51.1756],[12.57369,51.17355],[12.5693,51.15084],[12.58497,51.13915]]]},"properties":{"plz":"04651","name":"04651 Bad Lausick"}},{"type":"Feature","geometry":{"type":"Polygon","coordinates":[[[12.50114,51.06428],[12.50892,51.05314],[12.50344,51.0486],[12.50286,51.03468],[12.51257,51.02648],[12.50725,51.01745],[12.51917,51.02287],[12.53908,51.02412],[12.53498,51.0157],[12.54017,51.00569],[12.52764,50.99881],[12.55096,50.99817],[12.5643,50.99498],[12.57913,50.98546],[12.59147,50.99304],[12.60752,50.99699],[12.60711,50.98994],[12.61715,50.9813],[12.63384,50.97969],[12.63785,50.98436],[12.6635,50.98382],[12.66763,50.98752],[12.6596,50.99951],[12.64293,51.00979],[12.64442,51.0301],[12.62768,51.03511],[12.62226,51.04065],[12.63651,51.04657],[12.62755,51.06301],[12.63788,51.06359],[12.64822,51.0738],[12.66212,51.06962],[12.67855,51.07411],[12.70421,51.07005],[12.71508,51.07236],[12.72094,51.08093],[12.70639,51.09116],[12.69307,51.09856],[12.67505,51.09437],[12.67519,51.11098],[12.6556,51.11567],[12.63689,51.13023],[12.6235,51.12633],[12.60615,51.13431],[12.60077,51.14314],[12.58497,51.13915],[12.57665,51.13645],[12.56527,51.13972],[12.55453,51.13519],[12.55714,51.13016],[12.56626,51.11544],[12.55001,51.11204],[12.54474,51.0981],[12.55619,51.09052],[12.54109,51.08253],[12.52135,51.08147],[12.52542,51.07759],[12.50114,51.06428]]]},"properties":{"plz":"04654","name":"04654 Frohburg"}},{"type":"Feature","geometry":{"type":"Polygon","coordinates":[[[12.57783,51.19248],[12.59249,51.1875],[12.60761,51.19034],[12.60223,51.1784],[12.63978,51.18491],[12.64835,51.16904],[12.66587,51.17414],[12.66785,51.17987],[12.68809,51.16955],[12.7269,51.17548],[12.74017,51.17364],[12.73486,51.1627],[12.74518,51.17211],[12.7638,51.17262],[12.7747,51.18153],[12.77988,51.17668],[12.79318,51.17637],[12.80005,51.16886],[12.79722,51.16077],[12.8076,51.16596],[12.81348,51.15673],[12.82548,51.15768],[12.85385,51.1649],[12.86047,51.16371],[12.86611,51.17245],[12.89228,51.19664],[12.89241,51.2085],[12.90178,51.21292],[12.92371,51.2102],[12.92672,51.21953],[12.91312,51.22087],[12.90553,51.22967],[12.92356,51.23088],[12.91087,51.23723],[12.9157,51.24293],[12.93066,51.24744],[12.92396,51.25649],[12.93169,51.26131],[12.92706,51.26988],[12.90152,51.27391],[12.91236,51.27735],[12.89606,51.28113],[12.89834,51.28851],[12.87066,51.30112],[12.86866,51.30607],[12.81208,51.3125],[12.80106,51.30813],[12.80469,51.30053],[12.78912,51.29538],[12.79642,51.28351],[12.7717,51.27423],[12.781,51.26975],[12.78393,51.25788],[12.75262,51.26776],[12.74398,51.26445],[12.73581,51.27031],[12.73073,51.26348],[12.72064,51.26713],[12.70628,51.26322],[12.6858,51.27413],[12.66699,51.27009],[12.67707,51.28315],[12.66393,51.28699],[12.65825,51.2826],[12.63306,51.28907],[12.62358,51.28443],[12.62092,51.27572],[12.60888,51.26912],[12.61202,51.2609],[12.60045,51.24838],[12.5839,51.25118],[12.58686,51.23882],[12.56673,51.2308],[12.58933,51.22631],[12.59241,51.21906],[12.5861,51.21262],[12.56269,51.20694],[12.56216,51.20586],[12.57312,51.20076],[12.57783,51.19248]]]},"properties":{"plz":"04668","name":"04668 Grimma"}},{"type":"Feature","geometry":{"type":"Polygon","coordinates":[[[12.75396,51.1058],[12.7667,51.10267],[12.77642,51.10587],[12.78865,51.10073],[12.79503,51.10574],[12.80626,51.10331],[12.80318,51.09695],[12.8131,51.09154],[12.82605,51.09465],[12.84232,51.09359],[12.85069,51.09797],[12.87135,51.09497],[12.87427,51.09125],[12.88948,51.09709],[12.89113,51.10632],[12.89833,51.10998],[12.88552,51.12272],[12.8945,51.13159],[12.88828,51.13266],[12.87301,51.14564],[12.85718,51.14645],[12.84922,51.15445],[12.86047,51.16371],[12.85385,51.1649],[12.82548,51.15768],[12.81348,51.15673],[12.8076,51.16596],[12.79722,51.16077],[12.80005,51.16886],[12.79318,51.17637],[12.77988,51.17668],[12.7747,51.18153],[12.7638,51.17262],[12.74518,51.17211],[12.73486,51.1627],[12.73083,51.15577],[12.7412,51.14966],[12.73578,51.13788],[12.70941,51.13339],[12.7106,51.12798],[12.68325,51.12941],[12.67475,51.1216],[12.69746,51.10948],[12.71245,51.11379],[12.74657,51.11165],[12.75396,51.1058]]]},"properties":{"plz":"04680","name":"04680 Colditz"}},{"type":"Feature","geometry":{"type":"Polygon","coordinates":[[[12.51528,51.24221],[12.5371,51.22709],[12.54636,51.2268],[12.56269,51.20694],[12.5861,51.21262],[12.59241,51.21906],[12.58933,51.22631],[12.56673,51.2308],[12.58686,51.23882],[12.5839,51.25118],[12.60045,51.24838],[12.61202,51.2609],[12.60888,51.26912],[12.62092,51.27572],[12.62358,51.28443],[12.63306,51.28907],[12.65825,51.2826],[12.66393,51.28699],[12.6573,51.29403],[12.67303,51.30841],[12.65384,51.30366],[12.65058,51.30755],[12.61345,51.3077],[12.61008,51.30005],[12.60087,51.30341],[12.57992,51.30826],[12.57404,51.30665],[12.568,51.31525],[12.5596,51.31038],[12.53882,51.30532],[12.54408,51.29684],[12.52083,51.28891],[12.5146,51.28372],[12.51793,51.26931],[12.51528,51.24221]]]},"properties":{"plz":"04683","name":"04683 Naunhof"}},{"type":"Feature","geometry":{"type":"Polygon","coordinates":[[[12.80106,51.30813],[12.77726,51.30234],[12.75877,51.30353],[12.73917,51.29577],[12.71981,51.29528],[12.71712,51.30411],[12.69348,51.31254],[12.68475,51.30644],[12.67303,51.30841],[12.6573,51.29403],[12.66393,51.28699],[12.67707,51.28315],[12.66699,51.27009],[12.6858,51.27413],[12.70628,51.26322],[12.72064,51.26713],[12.73073,51.26348],[12.73581,51.27031],[12.74398,51.26445],[12.75262,51.26776],[12.78393,51.25788],[12.781,51.26975],[12.7717,51.27423],[12.79642,51.28351],[12.78912,51.29538],[12.80469,51.30053],[12.80106,51.30813]]]},"properties":{"plz":"04687","name":"04687 Trebsen/Mulde"}},{"type":"Feature","geometry":{"type":"Polygon","coordinates":[[[12.86047,51.16371],[12.84922,51.15445],[12.85718,51.14645],[12.87301,51.14564],[12.88828,51.13266],[12.8945,51.13159],[12.90003,51.13666],[12.92909,51.1332],[12.93283,51.14161],[12.94911,51.13497],[12.94619,51.13223],[12.96219,51.12703],[12.96966,51.12909],[12.96033,51.14971],[12.9877,51.15038],[13.00592,51.15684],[13.00994,51.149],[13.01422,51.16222],[13.02436,51.16559],[13.01194,51.17322],[13.00086,51.17063],[12.9941,51.18845],[12.99599,51.20272],[13.00461,51.20866],[13.00394,51.21454],[12.99157,51.22213],[12.96072,51.2252],[12.92672,51.21953],[12.92371,51.2102],[12.90178,51.21292],[12.89241,51.2085],[12.89228,51.19664],[12.86611,51.17245],[12.86047,51.16371]]]},"properties":{"plz":"04703","name":"04703 Leisnig"}},{"type":"Feature","geometry":{"type":"Polygon","coordinates":[[[13.21264,51.18671],[13.19308,51.18937],[13.18096,51.18251],[13.16912,51.18824],[13.17159,51.17714],[13.14298,51.18109],[13.13672,51.1704],[13.12347,51.17028],[13.11937,51.17805],[13.10002,51.17115],[13.09643,51.17502],[13.06892,51.17587],[13.06251,51.18372],[13.04535,51.17894],[13.04359,51.18422],[13.06464,51.19464],[13.0559,51.19989],[13.04469,51.19698],[13.03754,51.20069],[13.01828,51.20009],[13.01817,51.20596],[13.00461,51.20866],[12.99599,51.20272],[12.9941,51.18845],[13.00086,51.17063],[13.01194,51.17322],[13.02436,51.16559],[13.01422,51.16222],[13.00994,51.149],[13.02763,51.12354],[13.01385,51.11988],[13.02107,51.11264],[13.02536,51.1182],[13.0367,51.11756],[13.04225,51.10753],[13.03449,51.10485],[13.04274,51.10302],[13.04297,51.09286],[13.05545,51.09126],[13.06235,51.10043],[13.08672,51.10462],[13.10179,51.09829],[13.10765,51.07985],[13.12916,51.08177],[13.13725,51.09365],[13.15255,51.09559],[13.15241,51.10164],[13.16732,51.1039],[13.17317,51.11226],[13.19989,51.11159],[13.20405,51.09805],[13.21145,51.09866],[13.23513,51.09034],[13.25208,51.09281],[13.25557,51.08913],[13.25868,51.09309],[13.25144,51.1107],[13.22711,51.10243],[13.2286,51.11385],[13.24469,51.11363],[13.25051,51.11819],[13.24952,51.13742],[13.25355,51.16243],[13.23809,51.16599],[13.22503,51.1756],[13.21085,51.17575],[13.21264,51.18671]]]},"properties":{"plz":"04720","name":"04720 Döbeln, Großweitzschen u.a."}},{"type":"Feature","geometry":{"type":"Polygon","coordinates":[[[13.03449,51.10485],[13.02524,51.10273],[13.02726,51.08888],[13.01464,51.08362],[12.98833,51.08789],[12.97882,51.07146],[12.95564,51.07074],[12.95697,51.05559],[12.9688,51.04947],[12.9872,51.04711],[13.01298,51.05579],[13.0458,51.05168],[13.08103,51.05838],[13.10765,51.07985],[13.10179,51.09829],[13.08672,51.10462],[13.06235,51.10043],[13.05545,51.09126],[13.04297,51.09286],[13.04274,51.10302],[13.03449,51.10485]]]},"properties":{"plz":"04736","name":"04736 Waldheim"}},{"type":"Feature","geometry":{"type":"Polygon","coordinates":[[[12.88948,51.09709],[12.9233,51.10603],[12.92326,51.09713],[12.94453,51.10132],[12.94644,51.08511],[12.95246,51.08531],[12.95564,51.07074],[12.97882,51.07146],[12.98833,51.08789],[13.01464,51.08362],[13.02726,51.08888],[13.02524,51.10273],[13.03449,51.10485],[13.04225,51.10753],[13.0367,51.11756],[13.02536,51.1182],[13.02107,51.11264],[13.01385,51.11988],[13.02763,51.12354],[13.00994,51.149],[13.00592,51.15684],[12.9877,51.15038],[12.96033,51.14971],[12.96966,51.12909],[12.96219,51.12703],[12.94619,51.13223],[12.94911,51.13497],[12.93283,51.14161],[12.92909,51.1332],[12.90003,51.13666],[12.8945,51.13159],[12.88552,51.12272],[12.89833,51.10998],[12.89113,51.10632],[12.88948,51.09709]]]},"properties":{"plz":"04746","name":"04746 Hartha"}},{"type":"Feature","geometry":{"type":"Polygon","coordinates":[[[13.19786,51.23122],[13.1818,51.23334],[13.1727,51.22799],[13.14807,51.22829],[13.14839,51.22188],[13.10638,51.2213],[13.10938,51.21267],[13.08889,51.21126],[13.07836,51.21822],[13.06586,51.21348],[13.05065,51.21634],[13.04588,51.20224],[13.03754,51.20069],[13.04469,51.19698],[13.0559,51.19989],[13.06464,51.19464],[13.04359,51.18422],[13.04535,51.17894],[13.06251,51.18372],[13.06892,51.17587],[13.09643,51.17502],[13.10002,51.17115],[13.11937,51.17805],[13.12347,51.17028],[13.13672,51.1704],[13.14298,51.18109],[13.17159,51.17714],[13.16912,51.18824],[13.18096,51.18251],[13.19308,51.18937],[13.21264,51.18671],[13.20852,51.20248],[13.19911,51.20316],[13.19253,51.21158],[13.20783,51.21729],[13.19786,51.23122]]]},"properties":{"plz":"04749","name":"04749 Ostrau"}},{"type":"Feature","geometry":{"type":"Polygon","coordinates":[[[13.20982,51.33759],[13.21345,51.34331],[13.1989,51.3509],[13.20454,51.35576],[13.19085,51.35858],[13.20841,51.36684],[13.18183,51.37675],[13.19213,51.38775],[13.19046,51.39457],[13.2103,51.40441],[13.20142,51.41828],[13.2034,51.42961],[13.193,51.43609],[13.18784,51.42528],[13.18213,51.41165],[13.16122,51.40601],[13.15963,51.41471],[13.13592,51.41793],[13.08415,51.41199],[13.0688,51.42204],[13.07106,51.42927],[13.05865,51.42581],[13.05226,51.43361],[13.04431,51.43312],[13.04022,51.43213],[13.03784,51.41808],[13.02331,51.40315],[13.02955,51.40173],[13.02057,51.38773],[13.03122,51.37881],[13.02526,51.36614],[13.0361,51.3601],[13.04071,51.34719],[13.04838,51.34555],[13.06026,51.35119],[13.07286,51.34149],[13.0616,51.34107],[13.04981,51.33237],[13.06494,51.3313],[13.06319,51.32144],[13.03861,51.31746],[13.03784,51.31448],[13.04362,51.30338],[13.0285,51.29726],[13.04971,51.28769],[13.04101,51.26327],[13.04768,51.25595],[13.07206,51.26273],[13.08549,51.24951],[13.09875,51.24892],[13.08848,51.26031],[13.09591,51.26918],[13.11294,51.2664],[13.12977,51.27324],[13.13624,51.26671],[13.14767,51.2696],[13.14708,51.26283],[13.15589,51.25388],[13.17485,51.25109],[13.1818,51.23334],[13.19786,51.23122],[13.19669,51.237],[13.20737,51.2388],[13.19451,51.25586],[13.21649,51.26921],[13.20921,51.27831],[13.20729,51.28918],[13.21418,51.29416],[13.20578,51.31166],[13.20312,51.32786],[13.20982,51.33759]]]},"properties":{"plz":"04758","name":"04758 Oschatz"}},{"type":"Feature","geometry":{"type":"Polygon","coordinates":[[[12.92672,51.21953],[12.96072,51.2252],[12.99157,51.22213],[13.00394,51.21454],[13.00461,51.20866],[13.01817,51.20596],[13.01828,51.20009],[13.03754,51.20069],[13.04588,51.20224],[13.05065,51.21634],[13.06586,51.21348],[13.07836,51.21822],[13.08889,51.21126],[13.10938,51.21267],[13.10638,51.2213],[13.14839,51.22188],[13.14807,51.22829],[13.1727,51.22799],[13.1818,51.23334],[13.17485,51.25109],[13.15589,51.25388],[13.14708,51.26283],[13.14767,51.2696],[13.13624,51.26671],[13.12977,51.27324],[13.11294,51.2664],[13.09591,51.26918],[13.08848,51.26031],[13.09875,51.24892],[13.08549,51.24951],[13.07206,51.26273],[13.04768,51.25595],[13.04101,51.26327],[13.02525,51.26109],[13.01083,51.26722],[13.00967,51.25522],[12.99234,51.2491],[12.98272,51.24966],[12.97546,51.24282],[12.94889,51.24882],[12.93066,51.24744],[12.9157,51.24293],[12.91087,51.23723],[12.92356,51.23088],[12.90553,51.22967],[12.91312,51.22087],[12.92672,51.21953]]]},"properties":{"plz":"04769","name":"04769 Mügeln"}},{"type":"Feature","geometry":{"type":"Polygon","coordinates":[[[13.04022,51.43213],[13.02462,51.4317],[12.99063,51.42388],[12.97327,51.42639],[12.95117,51.42425],[12.92582,51.42912],[12.92156,51.42346],[12.92708,51.4137],[12.94242,51.41273],[12.93613,51.40398],[12.9381,51.39464],[12.92048,51.39317],[12.91694,51.4],[12.90402,51.39931],[12.91336,51.37121],[12.92808,51.37362],[12.93847,51.36674],[12.92845,51.35156],[12.93691,51.34774],[12.95742,51.35378],[12.97512,51.35394],[12.9759,51.34674],[12.98785,51.35003],[13.00625,51.34527],[13.0277,51.33644],[13.03614,51.32636],[13.03784,51.31448],[13.03861,51.31746],[13.06319,51.32144],[13.06494,51.3313],[13.04981,51.33237],[13.0616,51.34107],[13.07286,51.34149],[13.06026,51.35119],[13.04838,51.34555],[13.04071,51.34719],[13.0361,51.3601],[13.02526,51.36614],[13.03122,51.37881],[13.02057,51.38773],[13.02955,51.40173],[13.02331,51.40315],[13.03784,51.41808],[13.04022,51.43213]]]},"properties":{"plz":"04774","name":"04774 Dahlen"}},{"type":"Feature","geometry":{"type":"Polygon","coordinates":[[[12.93066,51.24744],[12.94889,51.24882],[12.97546,51.24282],[12.98272,51.24966],[12.99234,51.2491],[13.00967,51.25522],[13.01083,51.26722],[13.02525,51.26109],[13.04101,51.26327],[13.04971,51.28769],[13.0285,51.29726],[13.04362,51.30338],[13.03784,51.31448],[13.03614,51.32636],[13.0277,51.33644],[13.00625,51.34527],[12.98785,51.35003],[12.9759,51.34674],[12.97512,51.35394],[12.95742,51.35378],[12.93691,51.34774],[12.92845,51.35156],[12.9184,51.35502],[12.89837,51.34637],[12.89838,51.32565],[12.87636,51.31717],[12.86866,51.30607],[12.87066,51.30112],[12.89834,51.28851],[12.89606,51.28113],[12.91236,51.27735],[12.90152,51.27391],[12.92706,51.26988],[12.93169,51.26131],[12.92396,51.25649],[12.93066,51.24744]]]},"properties":{"plz":"04779","name":"04779 Wermsdorf"}},{"type":"Feature","geometry":{"type":"Polygon","coordinates":[[[12.86866,51.30607],[12.87636,51.31717],[12.89838,51.32565],[12.89837,51.34637],[12.9184,51.35502],[12.92845,51.35156],[12.93847,51.36674],[12.92808,51.37362],[12.91336,51.37121],[12.90402,51.39931],[12.91694,51.4],[12.92048,51.39317],[12.9381,51.39464],[12.93613,51.40398],[12.94242,51.41273],[12.92708,51.4137],[12.92156,51.42346],[12.90372,51.43421],[12.88595,51.43754],[12.87914,51.44609],[12.8574,51.44567],[12.84378,51.44854],[12.81723,51.45247],[12.81404,51.4598],[12.79765,51.46358],[12.79586,51.46856],[12.77727,51.46449],[12.75503,51.4539],[12.72007,51.45458],[12.71438,51.44566],[12.69351,51.44636],[12.68319,51.45242],[12.67021,51.44548],[12.66375,51.44891],[12.6457,51.43669],[12.65314,51.42082],[12.65947,51.41419],[12.68394,51.40424],[12.68645,51.38659],[12.70297,51.38742],[12.72803,51.37113],[12.71478,51.36515],[12.7281,51.35747],[12.72852,51.35053],[12.75722,51.32568],[12.74889,51.32335],[12.74696,51.31068],[12.75877,51.30353],[12.77726,51.30234],[12.80106,51.30813],[12.81208,51.3125],[12.86866,51.30607]]]},"properties":{"plz":"04808","name":"04808 Wurzen"}},{"type":"Feature","geometry":{"type":"Polygon","coordinates":[[[12.67303,51.30841],[12.68475,51.30644],[12.69348,51.31254],[12.67156,51.31929],[12.65766,51.33973],[12.64682,51.33623],[12.63947,51.34702],[12.61167,51.34573],[12.61086,51.35193],[12.5988,51.34416],[12.57572,51.3409],[12.58316,51.32229],[12.5814,51.31733],[12.59257,51.31278],[12.60087,51.30341],[12.61008,51.30005],[12.61345,51.3077],[12.65058,51.30755],[12.65384,51.30366],[12.67303,51.30841]]]},"properties":{"plz":"04821","name":"04821 Brandis"}},{"type":"Feature","geometry":{"type":"Polygon","coordinates":[[[12.53883,51.30594],[12.53882,51.30532],[12.5596,51.31038],[12.568,51.31525],[12.57404,51.30665],[12.57992,51.30826],[12.60087,51.30341],[12.59257,51.31278],[12.5814,51.31733],[12.58316,51.32229],[12.57572,51.3409],[12.55832,51.33494],[12.55577,51.32936],[12.54244,51.32418],[12.53135,51.31726],[12.53883,51.30594]]]},"properties":{"plz":"04824","name":"04824 Brandis"}},{"type":"Feature","geometry":{"type":"Polygon","coordinates":[[[12.56898,51.37519],[12.57331,51.36648],[12.56627,51.36614],[12.5594,51.3541],[12.57572,51.3409],[12.5988,51.34416],[12.61086,51.35193],[12.61167,51.34573],[12.63947,51.34702],[12.661,51.35815],[12.66433,51.37795],[12.65524,51.38473],[12.63462,51.3803],[12.61227,51.38292],[12.58963,51.38308],[12.58067,51.37336],[12.57591,51.38011],[12.56898,51.37519]]]},"properties":{"plz":"04827","name":"04827 Machern"}},{"type":"Feature","geometry":{"type":"Polygon","coordinates":[[[12.75877,51.30353],[12.74696,51.31068],[12.74889,51.32335],[12.75722,51.32568],[12.72852,51.35053],[12.7281,51.35747],[12.71478,51.36515],[12.72803,51.37113],[12.70297,51.38742],[12.68645,51.38659],[12.68394,51.40424],[12.65947,51.41419],[12.65314,51.42082],[12.64556,51.4176],[12.65199,51.41263],[12.62418,51.40856],[12.62051,51.39261],[12.61243,51.39196],[12.61227,51.38292],[12.63462,51.3803],[12.65524,51.38473],[12.66433,51.37795],[12.661,51.35815],[12.63947,51.34702],[12.64682,51.33623],[12.65766,51.33973],[12.67156,51.31929],[12.69348,51.31254],[12.71712,51.30411],[12.71981,51.29528],[12.73917,51.29577],[12.75877,51.30353]]]},"properties":{"plz":"04828","name":"04828 Bennewitz, Machern"}},{"type":"Feature","geometry":{"type":"Polygon","coordinates":[[[12.49398,51.42247],[12.51104,51.42162],[12.52106,51.40601],[12.55946,51.39311],[12.57516,51.38476],[12.57591,51.38011],[12.58067,51.37336],[12.58963,51.38308],[12.61227,51.38292],[12.61243,51.39196],[12.62051,51.39261],[12.62418,51.40856],[12.65199,51.41263],[12.64556,51.4176],[12.65314,51.42082],[12.6457,51.43669],[12.66375,51.44891],[12.67021,51.44548],[12.68319,51.45242],[12.69351,51.44636],[12.71438,51.44566],[12.72007,51.45458],[12.75503,51.4539],[12.77727,51.46449],[12.76569,51.46809],[12.7577,51.47888],[12.76347,51.48623],[12.77526,51.48882],[12.77311,51.5015],[12.75524,51.5055],[12.75276,51.5253],[12.74348,51.55084],[12.73342,51.55458],[12.74348,51.56306],[12.71771,51.55896],[12.71772,51.55392],[12.70003,51.55325],[12.69032,51.56014],[12.67907,51.5557],[12.67436,51.56228],[12.65446,51.55512],[12.63811,51.5624],[12.6455,51.57016],[12.62032,51.57487],[12.60647,51.5874],[12.59191,51.57518],[12.57596,51.57694],[12.56325,51.57217],[12.55773,51.56072],[12.54829,51.56151],[12.5401,51.55305],[12.5368,51.54128],[12.51455,51.54275],[12.51184,51.53221],[12.4892,51.53314],[12.48709,51.52878],[12.50038,51.52573],[12.50263,51.52037],[12.52755,51.51736],[12.51686,51.51421],[12.51648,51.50272],[12.50651,51.50025],[12.50809,51.49244],[12.52,51.49134],[12.50808,51.47273],[12.51913,51.45892],[12.5171,51.44746],[12.50859,51.44541],[12.50453,51.43626],[12.49304,51.43104],[12.49398,51.42247]]]},"properties":{"plz":"04838","name":"04838 Eilenburg u.a."}},{"type":"Feature","geometry":{"type":"Polygon","coordinates":[[[12.51455,51.54275],[12.5368,51.54128],[12.5401,51.55305],[12.54829,51.56151],[12.55773,51.56072],[12.56325,51.57217],[12.57596,51.57694],[12.59191,51.57518],[12.60647,51.5874],[12.62032,51.57487],[12.6455,51.57016],[12.63811,51.5624],[12.65446,51.55512],[12.67436,51.56228],[12.67907,51.5557],[12.69032,51.56014],[12.70003,51.55325],[12.71772,51.55392],[12.71771,51.55896],[12.74348,51.56306],[12.75343,51.56709],[12.77541,51.56478],[12.77821,51.57416],[12.75932,51.59217],[12.76523,51.60388],[12.74505,51.60483],[12.72267,51.59418],[12.71138,51.59327],[12.70424,51.60759],[12.70843,51.62829],[12.72521,51.62842],[12.73014,51.64213],[12.73663,51.64262],[12.73669,51.65638],[12.7069,51.66281],[12.68589,51.66117],[12.67725,51.64946],[12.66985,51.64659],[12.66356,51.62984],[12.65706,51.63004],[12.64911,51.62099],[12.60769,51.61088],[12.62269,51.61651],[12.62941,51.62527],[12.62125,51.62742],[12.60202,51.62551],[12.58929,51.61815],[12.58049,51.62599],[12.57436,51.61531],[12.56274,51.61388],[12.56141,51.60833],[12.52466,51.60633],[12.52381,51.59122],[12.50219,51.58736],[12.50896,51.58433],[12.48833,51.56574],[12.49765,51.56063],[12.50538,51.5462],[12.51455,51.54275]]]},"properties":{"plz":"04849","name":"04849 Bad Düben"}},{"type":"Feature","geometry":{"type":"Polygon","coordinates":[[[13.01206,51.59703],[12.9883,51.58771],[12.9811,51.59257],[12.98287,51.60189],[12.96896,51.5972],[12.96987,51.58907],[12.9392,51.58462],[12.92966,51.58017],[12.90986,51.58283],[12.90284,51.59057],[12.89003,51.58026],[12.88013,51.57942],[12.88375,51.56779],[12.86404,51.56719],[12.86314,51.57605],[12.84676,51.58239],[12.8233,51.57719],[12.8029,51.57948],[12.81517,51.56729],[12.8142,51.56299],[12.82526,51.56201],[12.82746,51.54592],[12.85634,51.5454],[12.87342,51.55039],[12.87493,51.54225],[12.91473,51.5377],[12.90667,51.52795],[12.9183,51.52892],[12.92917,51.5177],[12.94453,51.52036],[12.99574,51.52337],[12.99932,51.53449],[13.02394,51.53497],[13.03098,51.53935],[13.06273,51.52954],[13.06239,51.53312],[13.08495,51.54618],[13.09622,51.54565],[13.0938,51.55882],[13.07536,51.55038],[13.06533,51.55431],[13.04112,51.55133],[13.04486,51.56053],[13.01598,51.56411],[13.00798,51.56991],[13.00884,51.57871],[13.02421,51.58354],[13.03017,51.59059],[13.01206,51.59703]]]},"properties":{"plz":"04860","name":"04860 Torgau, Dreiheide"}},{"type":"Feature","geometry":{"type":"Polygon","coordinates":[[[12.92917,51.5177],[12.91941,51.51016],[12.93552,51.50021],[12.93217,51.48639],[12.94465,51.47584],[12.95684,51.4813],[12.97642,51.48062],[12.99548,51.48518],[13.02107,51.48345],[13.04451,51.4886],[13.04788,51.48275],[13.06048,51.48567],[13.05738,51.49097],[13.07004,51.49028],[13.0675,51.49971],[13.07187,51.50802],[13.06059,51.51243],[13.06572,51.52516],[13.06273,51.52954],[13.03098,51.53935],[13.02394,51.53497],[12.99932,51.53449],[12.99574,51.52337],[12.94453,51.52036],[12.92917,51.5177]]]},"properties":{"plz":"04861","name":"04861 Torgau"}},{"type":"Feature","geometry":{"type":"Polygon","coordinates":[[[12.84378,51.44854],[12.835,51.46355],[12.85374,51.46309],[12.86811,51.46689],[12.87113,51.47347],[12.91625,51.47366],[12.90923,51.47624],[12.92671,51.47843],[12.93217,51.48639],[12.93552,51.50021],[12.91941,51.51016],[12.92917,51.5177],[12.9183,51.52892],[12.90667,51.52795],[12.91473,51.5377],[12.87493,51.54225],[12.87342,51.55039],[12.85634,51.5454],[12.82746,51.54592],[12.82526,51.56201],[12.8142,51.56299],[12.81245,51.5652],[12.77541,51.56478],[12.75343,51.56709],[12.74348,51.56306],[12.73342,51.55458],[12.74348,51.55084],[12.75276,51.5253],[12.75524,51.5055],[12.77311,51.5015],[12.77526,51.48882],[12.76347,51.48623],[12.7577,51.47888],[12.76569,51.46809],[12.77727,51.46449],[12.79586,51.46856],[12.79765,51.46358],[12.81404,51.4598],[12.81723,51.45247],[12.84378,51.44854]]]},"properties":{"plz":"04862","name":"04862 Mockrehna"}},{"type":"Feature","geometry":{"type":"Polygon","coordinates":[[[13.18784,51.42528],[13.17523,51.42682],[13.17505,51.43273],[13.20246,51.44989],[13.20346,51.45785],[13.18316,51.47037],[13.18695,51.4865],[13.18209,51.49191],[13.17492,51.49419],[13.14913,51.48774],[13.14601,51.47936],[13.13445,51.47935],[13.13108,51.49224],[13.09965,51.49848],[13.09422,51.50682],[13.10988,51.51984],[13.09377,51.52341],[13.07187,51.50802],[13.0675,51.49971],[13.07004,51.49028],[13.05738,51.49097],[13.06048,51.48567],[13.04788,51.48275],[13.04451,51.4886],[13.02107,51.48345],[13.05281,51.47018],[13.05601,51.46182],[13.06625,51.45524],[13.06045,51.45052],[13.07247,51.44463],[13.06898,51.43552],[13.05201,51.44084],[13.04431,51.43312],[13.05226,51.43361],[13.05865,51.42581],[13.07106,51.42927],[13.0688,51.42204],[13.08415,51.41199],[13.13592,51.41793],[13.15963,51.41471],[13.16122,51.40601],[13.18213,51.41165],[13.18784,51.42528]]]},"properties":{"plz":"04874","name":"04874 Belgern-Schildau"}},{"type":"Feature","geometry":{"type":"Polygon","coordinates":[[[12.77541,51.56478],[12.81245,51.5652],[12.8142,51.56299],[12.81517,51.56729],[12.8029,51.57948],[12.8233,51.57719],[12.84676,51.58239],[12.86314,51.57605],[12.86404,51.56719],[12.88375,51.56779],[12.88013,51.57942],[12.89003,51.58026],[12.90284,51.59057],[12.90986,51.58283],[12.92966,51.58017],[12.9392,51.58462],[12.96987,51.58907],[12.96896,51.5972],[12.98287,51.60189],[12.9811,51.59257],[12.9883,51.58771],[13.01206,51.59703],[13.00052,51.60113],[13.00062,51.61368],[12.97899,51.61886],[12.96732,51.62875],[12.94447,51.61797],[12.93165,51.62495],[12.945,51.63448],[12.94239,51.63813],[12.92818,51.64952],[12.91494,51.64887],[12.91323,51.64419],[12.89743,51.64779],[12.89122,51.65417],[12.89528,51.66323],[12.88859,51.66704],[12.88003,51.65887],[12.86579,51.6552],[12.8604,51.6648],[12.86221,51.6735],[12.84408,51.68476],[12.82866,51.68194],[12.83173,51.67628],[12.80761,51.66723],[12.79285,51.66558],[12.77214,51.6472],[12.74934,51.65048],[12.73669,51.65638],[12.73663,51.64262],[12.73014,51.64213],[12.72521,51.62842],[12.70843,51.62829],[12.70424,51.60759],[12.71138,51.59327],[12.72267,51.59418],[12.74505,51.60483],[12.76523,51.60388],[12.75932,51.59217],[12.77821,51.57416],[12.77541,51.56478]]]},"properties":{"plz":"04880","name":"04880 Dommitzsch"}},{"type":"Feature","geometry":{"type":"Polygon","coordinates":[[[13.06273,51.52954],[13.06572,51.52516],[13.06059,51.51243],[13.07187,51.50802],[13.09377,51.52341],[13.10988,51.51984],[13.09422,51.50682],[13.09965,51.49848],[13.13108,51.49224],[13.13445,51.47935],[13.14601,51.47936],[13.14913,51.48774],[13.17492,51.49419],[13.18209,51.49191],[13.19212,51.48807],[13.20713,51.50489],[13.20804,51.52427],[13.20084,51.52574],[13.19074,51.53881],[13.18557,51.55799],[13.16062,51.55878],[13.15788,51.56423],[13.14695,51.56367],[13.14141,51.57139],[13.16164,51.59205],[13.15438,51.60025],[13.14379,51.59739],[13.1202,51.61999],[13.10695,51.61153],[13.09716,51.61567],[13.09451,51.6056],[13.08593,51.6081],[13.07677,51.62227],[13.05055,51.64751],[13.02326,51.63701],[13.01619,51.64492],[13.02033,51.65336],[13.01167,51.66477],[13.00524,51.66199],[12.99592,51.66914],[12.96668,51.66531],[12.9719,51.65124],[12.94932,51.64926],[12.9521,51.64346],[12.94239,51.63813],[12.945,51.63448],[12.93165,51.62495],[12.94447,51.61797],[12.96732,51.62875],[12.97899,51.61886],[13.00062,51.61368],[13.00052,51.60113],[13.01206,51.59703],[13.03017,51.59059],[13.02421,51.58354],[13.00884,51.57871],[13.00798,51.56991],[13.01598,51.56411],[13.04486,51.56053],[13.04112,51.55133],[13.06533,51.55431],[13.07536,51.55038],[13.0938,51.55882],[13.09622,51.54565],[13.08495,51.54618],[13.06239,51.53312],[13.06273,51.52954]]]},"properties":{"plz":"04886","name":"04886 Arzberg, Beilrode"}},{"type":"Feature","geometry":{"type":"Polygon","coordinates":[[[13.04431,51.43312],[13.05201,51.44084],[13.06898,51.43552],[13.07247,51.44463],[13.06045,51.45052],[13.06625,51.45524],[13.05601,51.46182],[13.05281,51.47018],[13.02107,51.48345],[12.99548,51.48518],[12.97642,51.48062],[12.95684,51.4813],[12.94465,51.47584],[12.93217,51.48639],[12.92671,51.47843],[12.90923,51.47624],[12.91625,51.47366],[12.87113,51.47347],[12.86811,51.46689],[12.85374,51.46309],[12.835,51.46355],[12.84378,51.44854],[12.8574,51.44567],[12.87914,51.44609],[12.88595,51.43754],[12.90372,51.43421],[12.92156,51.42346],[12.92582,51.42912],[12.95117,51.42425],[12.97327,51.42639],[12.99063,51.42388],[13.02462,51.4317],[13.04022,51.43213],[13.04431,51.43312]]]},"properties":{"plz":"04889","name":"04889 Belgern-Schildau"}},{"type":"Feature","geometry":{"type":"Polygon","coordinates":[[[11.94948,51.50252],[11.94492,51.50176],[11.94623,51.48695],[11.94707,51.48153],[11.95521,51.47995],[11.98193,51.47938],[11.9792,51.48992],[11.95547,51.49333],[11.94948,51.50252]]]},"properties":{"plz":"06108","name":"06108 Halle/ Saale"}},{"type":"Feature","geometry":{"type":"Polygon","coordinates":[[[11.95521,51.47995],[11.95542,51.47018],[11.96383,51.46899],[11.96256,51.45711],[11.98391,51.45693],[11.98193,51.47938],[11.95521,51.47995]]]},"properties":{"plz":"06110","name":"06110 Halle/ Saale"}},{"type":"Feature","geometry":{"type":"Polygon","coordinates":[[[11.98193,51.47938],[11.98391,51.45693],[11.99561,51.45775],[11.99508,51.45163],[12.01217,51.4488],[11.98773,51.44529],[12.02079,51.44331],[12.02233,51.44961],[12.00777,51.46113],[12.01695,51.47704],[12.00444,51.47922],[11.99909,51.4941],[11.99096,51.49776],[11.9908,51.49775],[11.9792,51.48992],[11.98193,51.47938]]]},"properties":{"plz":"06112","name":"06112 Halle/ Saale"}},{"type":"Feature","geometry":{"type":"Polygon","coordinates":[[[11.9792,51.48992],[11.9908,51.49775],[11.97236,51.50208],[11.96169,51.51035],[11.95477,51.50853],[11.94948,51.50252],[11.95547,51.49333],[11.9792,51.48992]]]},"properties":{"plz":"06114","name":"06114 Halle/ Saale"}},{"type":"Feature","geometry":{"type":"Polygon","coordinates":[[[12.02079,51.44331],[12.02464,51.43748],[12.04124,51.44999],[12.04113,51.45784],[12.05673,51.46103],[12.0533,51.47609],[12.07915,51.47545],[12.0722,51.48668],[12.08695,51.48506],[12.08199,51.49794],[12.06855,51.49303],[12.04415,51.49458],[12.03011,51.50266],[11.99096,51.49776],[11.99909,51.4941],[12.00444,51.47922],[12.01695,51.47704],[12.00777,51.46113],[12.02233,51.44961],[12.02079,51.44331]]]},"properties":{"plz":"06116","name":"06116 Halle/ Saale"}},{"type":"Feature","geometry":{"type":"Polygon","coordinates":[[[11.99096,51.49776],[12.03011,51.50266],[12.02247,51.51587],[12.02528,51.52631],[12.00873,51.52938],[12.01671,51.54023],[11.99053,51.54035],[11.96436,51.53938],[11.95347,51.53609],[11.94997,51.52636],[11.94412,51.53278],[11.92475,51.53019],[11.92245,51.5258],[11.94076,51.52017],[11.95173,51.52035],[11.95477,51.50853],[11.96169,51.51035],[11.97236,51.50208],[11.9908,51.49775],[11.99096,51.49776]]]},"properties":{"plz":"06118","name":"06118 Halle/ Saale"}},{"type":"Feature","geometry":{"type":"Polygon","coordinates":[[[11.94948,51.50252],[11.95477,51.50853],[11.95173,51.52035],[11.94076,51.52017],[11.92245,51.5258],[11.91342,51.52462],[11.89663,51.53496],[11.88003,51.53478],[11.8697,51.51559],[11.85551,51.51456],[11.87878,51.49218],[11.86255,51.49286],[11.86532,51.48323],[11.86684,51.48207],[11.88562,51.48176],[11.8874,51.48852],[11.90391,51.49],[11.91113,51.49511],[11.91492,51.48653],[11.93117,51.48734],[11.94353,51.4917],[11.94623,51.48695],[11.94492,51.50176],[11.94948,51.50252]]]},"properties":{"plz":"06120","name":"06120 Halle/ Saale"}},{"type":"Feature","geometry":{"type":"Polygon","coordinates":[[[11.94623,51.48695],[11.94353,51.4917],[11.93117,51.48734],[11.91492,51.48653],[11.91207,51.47915],[11.94707,51.48153],[11.94623,51.48695]]]},"properties":{"plz":"06122","name":"06122 Halle/ Saale"}},{"type":"Feature","geometry":{"type":"Polygon","coordinates":[[[11.94707,51.48153],[11.91207,51.47915],[11.90167,51.46405],[11.92318,51.46146],[11.93062,51.45182],[11.94079,51.45578],[11.93801,51.46142],[11.95542,51.47018],[11.95521,51.47995],[11.94707,51.48153]]]},"properties":{"plz":"06124","name":"06124 Halle/ Saale"}},{"type":"Feature","geometry":{"type":"Polygon","coordinates":[[[11.86684,51.48207],[11.88465,51.47582],[11.88788,51.46314],[11.90167,51.46405],[11.91207,51.47915],[11.91492,51.48653],[11.91113,51.49511],[11.90391,51.49],[11.8874,51.48852],[11.88562,51.48176],[11.86684,51.48207]]]},"properties":{"plz":"06126","name":"06126 Halle/ Saale"}},{"type":"Feature","geometry":{"type":"Polygon","coordinates":[[[11.95542,51.47018],[11.93801,51.46142],[11.94079,51.45578],[11.93062,51.45182],[11.9143,51.44405],[11.93105,51.43889],[11.95116,51.43371],[11.95834,51.43503],[11.95931,51.44578],[11.96256,51.45711],[11.96383,51.46899],[11.95542,51.47018]]]},"properties":{"plz":"06128","name":"06128 Halle/ Saale"}},{"type":"Feature","geometry":{"type":"Polygon","coordinates":[[[11.96256,51.45711],[11.95931,51.44578],[11.98673,51.44735],[11.98773,51.44529],[12.01217,51.4488],[11.99508,51.45163],[11.99561,51.45775],[11.98391,51.45693],[11.96256,51.45711]]]},"properties":{"plz":"06130","name":"06130 Halle/ Saale"}},{"type":"Feature","geometry":{"type":"Polygon","coordinates":[[[11.98773,51.44529],[11.98673,51.44735],[11.95931,51.44578],[11.95834,51.43503],[11.95116,51.43371],[11.95471,51.41945],[11.94656,51.42498],[11.94124,51.417],[11.95387,51.41538],[11.95472,51.40694],[11.96705,51.40968],[11.98274,51.40329],[12.00557,51.40837],[12.01126,51.40391],[12.01746,51.4109],[12.00819,51.4135],[12.02071,51.42073],[12.02826,51.42857],[12.02464,51.43748],[12.02079,51.44331],[11.98773,51.44529]]]},"properties":{"plz":"06132","name":"06132 Halle/ Saale"}},{"type":"Feature","geometry":{"type":"Polygon","coordinates":[[[11.86532,51.48323],[11.85559,51.48203],[11.8466,51.46956],[11.82065,51.46583],[11.82228,51.47128],[11.81072,51.48272],[11.79375,51.48521],[11.78557,51.49503],[11.77232,51.49762],[11.77399,51.48677],[11.76261,51.48957],[11.74057,51.48617],[11.76219,51.46849],[11.77403,51.4633],[11.77351,51.45342],[11.76601,51.44432],[11.73865,51.44246],[11.74211,51.4304],[11.71626,51.42532],[11.71923,51.41852],[11.71118,51.41664],[11.71723,51.40818],[11.7051,51.40315],[11.71387,51.39009],[11.78212,51.40126],[11.7867,51.40853],[11.80858,51.41088],[11.81132,51.41791],[11.84191,51.42528],[11.85475,51.41799],[11.87333,51.4226],[11.8999,51.4228],[11.90858,51.42047],[11.90521,51.39641],[11.93105,51.43889],[11.9143,51.44405],[11.93062,51.45182],[11.92318,51.46146],[11.90167,51.46405],[11.88788,51.46314],[11.88465,51.47582],[11.86684,51.48207],[11.86532,51.48323]]]},"properties":{"plz":"06179","name":"06179 Teutschenthal"}},{"type":"Feature","geometry":{"type":"Polygon","coordinates":[[[12.19395,51.42123],[12.1858,51.4207],[12.1846,51.43038],[12.1573,51.43464],[12.15808,51.4521],[12.14854,51.45929],[12.10332,51.45879],[12.10312,51.46375],[12.08709,51.47151],[12.09169,51.47898],[12.08695,51.48506],[12.0722,51.48668],[12.07915,51.47545],[12.0533,51.47609],[12.05673,51.46103],[12.04113,51.45784],[12.04124,51.44999],[12.02464,51.43748],[12.02826,51.42857],[12.02071,51.42073],[12.03141,51.42531],[12.06603,51.4224],[12.08477,51.41282],[12.09259,51.42629],[12.09762,51.41566],[12.14236,51.41494],[12.16578,51.40649],[12.17353,51.41024],[12.18973,51.4136],[12.19395,51.42123]]]},"properties":{"plz":"06184","name":"06184 Kabelsketal"}},{"type":"Feature","geometry":{"type":"Polygon","coordinates":[[[12.19723,51.53191],[12.1871,51.53508],[12.16937,51.54973],[12.16985,51.56252],[12.16488,51.57628],[12.16409,51.58117],[12.1231,51.58013],[12.08206,51.58259],[12.08798,51.56908],[12.0779,51.56842],[12.07806,51.55319],[12.01696,51.56324],[12.00611,51.57545],[11.99797,51.55743],[11.99157,51.55825],[11.99053,51.54035],[12.01671,51.54023],[12.00873,51.52938],[12.02528,51.52631],[12.02247,51.51587],[12.03011,51.50266],[12.04415,51.49458],[12.06855,51.49303],[12.08199,51.49794],[12.08695,51.48506],[12.09169,51.47898],[12.08709,51.47151],[12.10312,51.46375],[12.10332,51.45879],[12.14854,51.45929],[12.14871,51.46301],[12.17583,51.4698],[12.17581,51.48231],[12.2031,51.48521],[12.20786,51.50245],[12.1921,51.5053],[12.19557,51.5175],[12.1911,51.51988],[12.19723,51.53191]]]},"properties":{"plz":"06188","name":"06188 Landsberg"}},{"type":"Feature","geometry":{"type":"Polygon","coordinates":[[[11.99053,51.54035],[11.99157,51.55825],[11.99797,51.55743],[12.00611,51.57545],[12.01696,51.56324],[12.07806,51.55319],[12.0779,51.56842],[12.08798,51.56908],[12.08206,51.58259],[12.0461,51.58441],[12.031,51.59449],[12.0459,51.5981],[12.04397,51.61174],[12.05066,51.61648],[12.02693,51.62003],[12.02763,51.6284],[12.04206,51.63413],[12.03985,51.64383],[12.00698,51.64604],[11.97486,51.64653],[11.95651,51.64232],[11.94604,51.64511],[11.92407,51.6461],[11.87353,51.66738],[11.86555,51.67494],[11.84916,51.65441],[11.8546,51.65014],[11.83748,51.65038],[11.82384,51.65831],[11.81693,51.65067],[11.79789,51.64283],[11.78509,51.64761],[11.75826,51.65127],[11.74383,51.64348],[11.75124,51.63243],[11.7485,51.62134],[11.76365,51.60915],[11.76565,51.60154],[11.75526,51.59653],[11.76152,51.58229],[11.7824,51.57999],[11.79486,51.58313],[11.80997,51.58186],[11.79614,51.57353],[11.80806,51.56912],[11.82338,51.5747],[11.83189,51.56985],[11.82052,51.55481],[11.82393,51.54855],[11.8218,51.5322],[11.84125,51.52768],[11.88003,51.53478],[11.89663,51.53496],[11.91342,51.52462],[11.92245,51.5258],[11.92475,51.53019],[11.94412,51.53278],[11.94997,51.52636],[11.95347,51.53609],[11.96436,51.53938],[11.99053,51.54035]]]},"properties":{"plz":"06193","name":"06193 Petersberg"}},{"type":"Feature","geometry":{"type":"Polygon","coordinates":[[[11.88003,51.53478],[11.84125,51.52768],[11.8218,51.5322],[11.82393,51.54855],[11.82052,51.55481],[11.83189,51.56985],[11.82338,51.5747],[11.80806,51.56912],[11.79614,51.57353],[11.80997,51.58186],[11.79486,51.58313],[11.7824,51.57999],[11.76152,51.58229],[11.75526,51.59653],[11.76565,51.60154],[11.76365,51.60915],[11.75678,51.61069],[11.73498,51.60684],[11.72962,51.59186],[11.70612,51.5838],[11.69386,51.56915],[11.68586,51.57039],[11.68807,51.5609],[11.71296,51.54958],[11.70869,51.54284],[11.71995,51.54404],[11.72584,51.5289],[11.71463,51.52331],[11.71333,51.51397],[11.70502,51.51282],[11.70474,51.50069],[11.72795,51.49195],[11.73056,51.48484],[11.74057,51.48617],[11.76261,51.48957],[11.77399,51.48677],[11.77232,51.49762],[11.78557,51.49503],[11.79375,51.48521],[11.81072,51.48272],[11.82228,51.47128],[11.82065,51.46583],[11.8466,51.46956],[11.85559,51.48203],[11.86532,51.48323],[11.86255,51.49286],[11.87878,51.49218],[11.85551,51.51456],[11.8697,51.51559],[11.88003,51.53478]]]},"properties":{"plz":"06198","name":"06198 Salzatal"}},{"type":"Feature","geometry":{"type":"Polygon","coordinates":[[[11.92027,51.35541],[11.9013,51.34954],[11.89991,51.34411],[11.91092,51.32603],[11.93341,51.33103],[11.94451,51.32056],[11.95758,51.2949],[11.97103,51.29537],[11.97584,51.29084],[11.97671,51.2968],[11.9924,51.29814],[11.99509,51.32513],[11.98884,51.3247],[11.99489,51.33512],[12.02176,51.33566],[12.03178,51.33913],[12.0394,51.35623],[12.03189,51.37515],[12.01965,51.37916],[12.00551,51.38892],[11.9536,51.37774],[11.95509,51.37001],[11.94061,51.3659],[11.94267,51.35967],[11.92027,51.35541]]]},"properties":{"plz":"06217","name":"06217 Merseburg"}},{"type":"Feature","geometry":{"type":"Polygon","coordinates":[[[12.15537,51.30127],[12.13625,51.30289],[12.13354,51.28973],[12.12031,51.28779],[12.11353,51.30066],[12.10179,51.29962],[12.10095,51.30866],[12.0869,51.30857],[12.08711,51.31962],[12.07635,51.32059],[12.07412,51.31087],[12.04976,51.31113],[12.05,51.30021],[12.04011,51.29863],[12.04215,51.28616],[12.06183,51.28787],[12.04777,51.27796],[12.06042,51.26965],[12.04548,51.26283],[12.05169,51.25359],[12.07473,51.249],[12.07673,51.25776],[12.11126,51.26098],[12.11281,51.2684],[12.14468,51.27026],[12.1473,51.27909],[12.17173,51.27715],[12.16875,51.29352],[12.15769,51.29212],[12.15537,51.30127]]]},"properties":{"plz":"06231","name":"06231 Bad Dürrenberg"}},{"type":"Feature","geometry":{"type":"Polygon","coordinates":[[[12.19358,51.33255],[12.1889,51.3472],[12.19631,51.36051],[12.18575,51.36238],[12.18346,51.37401],[12.17701,51.37724],[12.15663,51.3773],[12.14327,51.36994],[12.13479,51.37387],[12.12309,51.36902],[12.10358,51.37225],[12.10339,51.35756],[12.09606,51.35421],[12.10744,51.33552],[12.09778,51.33551],[12.09465,51.34175],[12.07627,51.34102],[12.07635,51.34753],[12.06323,51.35829],[12.05417,51.35437],[12.0394,51.35623],[12.03178,51.33913],[12.02176,51.33566],[11.99489,51.33512],[11.98884,51.3247],[11.99509,51.32513],[11.9924,51.29814],[11.97671,51.2968],[11.97584,51.29084],[11.97358,51.28417],[11.96996,51.27531],[11.98045,51.27424],[11.98926,51.28091],[11.99992,51.27722],[12.04215,51.28616],[12.04011,51.29863],[12.05,51.30021],[12.04976,51.31113],[12.07412,51.31087],[12.07635,51.32059],[12.08711,51.31962],[12.0869,51.30857],[12.10095,51.30866],[12.10179,51.29962],[12.11353,51.30066],[12.12031,51.28779],[12.13354,51.28973],[12.13625,51.30289],[12.15537,51.30127],[12.14779,51.31993],[12.16659,51.32081],[12.1671,51.32676],[12.19444,51.33032],[12.19358,51.33255]]]},"properties":{"plz":"06237","name":"06237 Leuna"}},{"type":"Feature","geometry":{"type":"Polygon","coordinates":[[[11.97358,51.28417],[11.95701,51.28292],[11.94866,51.29241],[11.9377,51.29763],[11.92193,51.2998],[11.90546,51.29621],[11.90539,51.30618],[11.91632,51.31506],[11.89642,51.34324],[11.87357,51.34137],[11.86372,51.33413],[11.84753,51.33238],[11.84318,51.3057],[11.82868,51.29818],[11.83081,51.28832],[11.81876,51.28709],[11.81714,51.27955],[11.82371,51.27146],[11.83645,51.27472],[11.84729,51.2687],[11.86057,51.26965],[11.86753,51.26242],[11.87277,51.24296],[11.88599,51.24472],[11.89445,51.23477],[11.92402,51.2357],[11.9299,51.2557],[11.92648,51.27075],[11.96924,51.27021],[11.96996,51.27531],[11.97358,51.28417]]]},"properties":{"plz":"06242","name":"06242 Braunsbedra"}},{"type":"Feature","geometry":{"type":"Polygon","coordinates":[[[11.71387,51.39009],[11.72734,51.36717],[11.74643,51.37188],[11.76538,51.36421],[11.81573,51.36548],[11.82138,51.34578],[11.81892,51.33573],[11.84753,51.33238],[11.86372,51.33413],[11.87357,51.34137],[11.89642,51.34324],[11.89991,51.34411],[11.9013,51.34954],[11.92027,51.35541],[11.91259,51.37298],[11.90338,51.38167],[11.91186,51.38535],[11.90521,51.39641],[11.90858,51.42047],[11.8999,51.4228],[11.87333,51.4226],[11.85475,51.41799],[11.84191,51.42528],[11.81132,51.41791],[11.80858,51.41088],[11.7867,51.40853],[11.78212,51.40126],[11.71387,51.39009]]]},"properties":{"plz":"06246","name":"06246 Bad Lauchstädt"}},{"type":"Feature","geometry":{"type":"Polygon","coordinates":[[[11.84753,51.33238],[11.81892,51.33573],[11.79569,51.33739],[11.78857,51.32413],[11.79205,51.31265],[11.77146,51.30918],[11.7702,51.31191],[11.73824,51.30636],[11.73836,51.29379],[11.74532,51.28495],[11.75864,51.28333],[11.78606,51.26754],[11.81714,51.27955],[11.81876,51.28709],[11.83081,51.28832],[11.82868,51.29818],[11.84318,51.3057],[11.84753,51.33238]]]},"properties":{"plz":"06249","name":"06249 Mücheln/ Geiseltal"}},{"type":"Feature","geometry":{"type":"Polygon","coordinates":[[[11.76538,51.36421],[11.76773,51.34232],[11.77394,51.33881],[11.76943,51.32649],[11.79009,51.32796],[11.79569,51.33739],[11.81892,51.33573],[11.82138,51.34578],[11.81573,51.36548],[11.76538,51.36421]]]},"properties":{"plz":"06255","name":"06255 Mücheln"}},{"type":"Feature","geometry":{"type":"Polygon","coordinates":[[[12.17353,51.41024],[12.16578,51.40649],[12.14236,51.41494],[12.09762,51.41566],[12.09259,51.42629],[12.08477,51.41282],[12.06603,51.4224],[12.03141,51.42531],[12.02071,51.42073],[12.00819,51.4135],[12.01746,51.4109],[12.01126,51.40391],[12.00557,51.40837],[11.98274,51.40329],[11.96705,51.40968],[11.95472,51.40694],[11.95387,51.41538],[11.94124,51.417],[11.94656,51.42498],[11.95471,51.41945],[11.95116,51.43371],[11.93105,51.43889],[11.90521,51.39641],[11.91186,51.38535],[11.90338,51.38167],[11.91259,51.37298],[11.92027,51.35541],[11.94267,51.35967],[11.94061,51.3659],[11.95509,51.37001],[11.9536,51.37774],[12.00551,51.38892],[12.01965,51.37916],[12.03189,51.37515],[12.0394,51.35623],[12.05417,51.35437],[12.06323,51.35829],[12.07635,51.34753],[12.07627,51.34102],[12.09465,51.34175],[12.09778,51.33551],[12.10744,51.33552],[12.09606,51.35421],[12.10339,51.35756],[12.10358,51.37225],[12.12309,51.36902],[12.13479,51.37387],[12.14327,51.36994],[12.15663,51.3773],[12.17701,51.37724],[12.17243,51.38408],[12.17785,51.39044],[12.17353,51.41024]]]},"properties":{"plz":"06258","name":"06258 Schkopau"}},{"type":"Feature","geometry":{"type":"Polygon","coordinates":[[[11.89991,51.34411],[11.89642,51.34324],[11.91632,51.31506],[11.90539,51.30618],[11.90546,51.29621],[11.92193,51.2998],[11.9377,51.29763],[11.94866,51.29241],[11.95701,51.28292],[11.97358,51.28417],[11.97584,51.29084],[11.97103,51.29537],[11.95758,51.2949],[11.94451,51.32056],[11.93341,51.33103],[11.91092,51.32603],[11.89991,51.34411]]]},"properties":{"plz":"06259","name":"06259 Frankleben"}},{"type":"Feature","geometry":{"type":"MultiPolygon","coordinates":[[[[11.71626,51.42532],[11.69071,51.42296],[11.6776,51.43232],[11.65057,51.42217],[11.6149,51.41954],[11.61601,51.41602],[11.58401,51.40646],[11.58032,51.40942],[11.54777,51.41181],[11.5275,51.41642],[11.51402,51.41284],[11.5043,51.4148],[11.50376,51.40219],[11.49509,51.40208],[11.49216,51.39213],[11.48022,51.39252],[11.46741,51.37623],[11.44001,51.36753],[11.43079,51.36815],[11.4162,51.34501],[11.44036,51.34376],[11.42895,51.33928],[11.42001,51.33595],[11.43417,51.31975],[11.44423,51.31761],[11.46715,51.30516],[11.47308,51.2967],[11.50528,51.278],[11.51805,51.27601],[11.5268,51.2868],[11.55073,51.27464],[11.56404,51.27858],[11.57224,51.28981],[11.56662,51.29727],[11.5815,51.30055],[11.58177,51.30646],[11.59707,51.30219],[11.60568,51.3154],[11.62363,51.31982],[11.63524,51.31425],[11.62947,51.30598],[11.64807,51.2979],[11.6492,51.29244],[11.6619,51.28399],[11.66971,51.28601],[11.67755,51.27637],[11.68803,51.27695],[11.70094,51.26681],[11.75864,51.28333],[11.74532,51.28495],[11.73836,51.29379],[11.73824,51.30636],[11.7702,51.31191],[11.77146,51.30918],[11.79205,51.31265],[11.78857,51.32413],[11.79569,51.33739],[11.79009,51.32796],[11.76943,51.32649],[11.77394,51.33881],[11.76773,51.34232],[11.76538,51.36421],[11.74643,51.37188],[11.72734,51.36717],[11.71387,51.39009],[11.7051,51.40315],[11.71723,51.40818],[11.71118,51.41664],[11.71923,51.41852],[11.71626,51.42532]]],[[[11.39304,51.35938],[11.40111,51.34944],[11.40059,51.36127],[11.39304,51.35938]]]]},"properties":{"plz":"06268","name":"06268 Querfurt, Obhausen, Mücheln u.a."}},{"type":"Feature","geometry":{"type":"Polygon","coordinates":[[[11.6776,51.43232],[11.67223,51.43563],[11.6704,51.45278],[11.65294,51.44823],[11.63622,51.4603],[11.60518,51.45279],[11.60054,51.44365],[11.57622,51.4419],[11.56872,51.44549],[11.54498,51.43808],[11.53344,51.42713],[11.52518,51.42518],[11.5275,51.41642],[11.54777,51.41181],[11.58032,51.40942],[11.58401,51.40646],[11.61601,51.41602],[11.6149,51.41954],[11.65057,51.42217],[11.6776,51.43232]]]},"properties":{"plz":"06279","name":"06279 Schraplau, Farnstädt"}},{"type":"Feature","geometry":{"type":"Polygon","coordinates":[[[11.5275,51.41642],[11.52518,51.42518],[11.53344,51.42713],[11.54498,51.43808],[11.56872,51.44549],[11.56976,51.45613],[11.55745,51.46001],[11.56153,51.46856],[11.5551,51.47293],[11.56193,51.48338],[11.58191,51.48402],[11.59474,51.47646],[11.61793,51.48748],[11.6069,51.50088],[11.62433,51.50654],[11.61525,51.51032],[11.63737,51.52155],[11.64916,51.52074],[11.65104,51.52837],[11.66714,51.52706],[11.66379,51.54042],[11.67242,51.55656],[11.67035,51.56485],[11.66519,51.56771],[11.66698,51.58058],[11.6533,51.58442],[11.63205,51.58236],[11.63479,51.5893],[11.61469,51.59063],[11.61324,51.60045],[11.59141,51.60096],[11.5698,51.59054],[11.56621,51.58007],[11.54469,51.58381],[11.54526,51.5781],[11.53094,51.58218],[11.52269,51.57353],[11.51997,51.56051],[11.52326,51.55602],[11.51366,51.55058],[11.51131,51.54291],[11.50021,51.54156],[11.50031,51.53547],[11.50928,51.52582],[11.52007,51.52296],[11.52021,51.51404],[11.49704,51.50927],[11.48955,51.51071],[11.45972,51.50177],[11.46665,51.49304],[11.45639,51.49028],[11.46582,51.48048],[11.46943,51.45277],[11.48259,51.4533],[11.50318,51.42127],[11.5043,51.4148],[11.51402,51.41284],[11.5275,51.41642]]]},"properties":{"plz":"06295","name":"06295 Eisleben"}},{"type":"Feature","geometry":{"type":"Polygon","coordinates":[[[11.74057,51.48617],[11.73056,51.48484],[11.72795,51.49195],[11.70474,51.50069],[11.70502,51.51282],[11.71333,51.51397],[11.71463,51.52331],[11.72584,51.5289],[11.71995,51.54404],[11.70869,51.54284],[11.71296,51.54958],[11.68807,51.5609],[11.68586,51.57039],[11.67581,51.57072],[11.67035,51.56485],[11.67242,51.55656],[11.66379,51.54042],[11.66714,51.52706],[11.65104,51.52837],[11.64916,51.52074],[11.63737,51.52155],[11.61525,51.51032],[11.62433,51.50654],[11.6069,51.50088],[11.61793,51.48748],[11.59474,51.47646],[11.58191,51.48402],[11.56193,51.48338],[11.5551,51.47293],[11.56153,51.46856],[11.55745,51.46001],[11.56976,51.45613],[11.56872,51.44549],[11.57622,51.4419],[11.60054,51.44365],[11.60518,51.45279],[11.63622,51.4603],[11.65294,51.44823],[11.6704,51.45278],[11.67223,51.43563],[11.6776,51.43232],[11.69071,51.42296],[11.71626,51.42532],[11.74211,51.4304],[11.73865,51.44246],[11.76601,51.44432],[11.77351,51.45342],[11.77403,51.4633],[11.76219,51.46849],[11.74057,51.48617]]]},"properties":{"plz":"06317","name":"06317 Seegebiet Mansfelder Land"}},{"type":"Feature","geometry":{"type":"Polygon","coordinates":[[[11.75124,51.63243],[11.74532,51.62888],[11.71983,51.62931],[11.70883,51.64298],[11.69289,51.64909],[11.6329,51.65656],[11.60875,51.66355],[11.57929,51.64823],[11.56962,51.65132],[11.56838,51.64189],[11.553,51.64217],[11.5534,51.62032],[11.51645,51.61859],[11.51131,51.61011],[11.5116,51.59976],[11.51169,51.59249],[11.53094,51.58218],[11.54526,51.5781],[11.54469,51.58381],[11.56621,51.58007],[11.5698,51.59054],[11.59141,51.60096],[11.61324,51.60045],[11.61469,51.59063],[11.63479,51.5893],[11.63205,51.58236],[11.6533,51.58442],[11.66698,51.58058],[11.66519,51.56771],[11.67035,51.56485],[11.67581,51.57072],[11.68586,51.57039],[11.69386,51.56915],[11.70612,51.5838],[11.72962,51.59186],[11.73498,51.60684],[11.75678,51.61069],[11.76365,51.60915],[11.7485,51.62134],[11.75124,51.63243]]]},"properties":{"plz":"06347","name":"06347 Gerbstedt"}},{"type":"Feature","geometry":{"type":"Polygon","coordinates":[[[11.93486,51.74132],[11.93755,51.73138],[11.94946,51.71829],[11.95652,51.71599],[11.9801,51.71851],[11.98355,51.72575],[11.99362,51.72584],[11.99796,51.73197],[12.0119,51.73686],[12.01311,51.74718],[12.02113,51.75249],[12.01906,51.76194],[11.99604,51.76295],[11.99033,51.77323],[11.97939,51.76923],[11.96648,51.77393],[11.96786,51.7781],[11.95279,51.77868],[11.93486,51.74132]]]},"properties":{"plz":"06366","name":"06366 Köthen"}},{"type":"Feature","geometry":{"type":"MultiPolygon","coordinates":[[[[12.00698,51.64604],[12.0144,51.6691],[12.02529,51.67092],[12.03358,51.66286],[12.06106,51.6611],[12.06979,51.6661],[12.08685,51.66542],[12.08848,51.65144],[12.08474,51.64742],[12.11136,51.65176],[12.14245,51.67682],[12.16225,51.68554],[12.17643,51.68856],[12.15311,51.70917],[12.10131,51.70273],[12.10074,51.70662],[12.11454,51.71661],[12.08952,51.71443],[12.07523,51.71705],[12.07498,51.73152],[12.11321,51.74011],[12.10878,51.75221],[12.07199,51.74961],[12.07081,51.76278],[12.05665,51.76479],[12.05405,51.77293],[12.03665,51.77035],[12.00363,51.78052],[12.007,51.78461],[11.98832,51.79096],[11.95314,51.79159],[11.95279,51.77868],[11.96786,51.7781],[11.96648,51.77393],[11.97939,51.76923],[11.99033,51.77323],[11.99604,51.76295],[12.01906,51.76194],[12.02113,51.75249],[12.01311,51.74718],[12.0119,51.73686],[11.99796,51.73197],[11.99362,51.72584],[12.00129,51.72105],[11.99068,51.71081],[11.99827,51.69565],[11.98119,51.69549],[11.98156,51.68769],[11.97235,51.68621],[11.97455,51.6774],[11.96365,51.67612],[11.96588,51.66907],[11.94846,51.66768],[11.9497,51.64626],[11.94604,51.64511],[11.95651,51.64232],[11.97486,51.64653],[12.00698,51.64604]]],[[[11.93486,51.74132],[11.9177,51.74347],[11.90377,51.74122],[11.88469,51.75064],[11.86852,51.75034],[11.86659,51.74103],[11.85499,51.73947],[11.85629,51.71869],[11.84671,51.71016],[11.84694,51.70253],[11.88507,51.70275],[11.88929,51.71783],[11.88358,51.72005],[11.88729,51.7311],[11.89307,51.72841],[11.91866,51.72776],[11.91653,51.71514],[11.937,51.71287],[11.94946,51.71829],[11.93755,51.73138],[11.93486,51.74132]]]]},"properties":{"plz":"06369","name":"06369 Südliches Anhalt u.a."}},{"type":"Feature","geometry":{"type":"Polygon","coordinates":[[[11.95897,51.86909],[11.95497,51.85652],[11.95833,51.84748],[11.97347,51.84261],[11.98882,51.82992],[12.01451,51.8203],[12.0303,51.81806],[12.05288,51.83395],[12.07253,51.82871],[12.13394,51.82529],[12.13518,51.83923],[12.14292,51.84977],[12.14385,51.86585],[12.13144,51.87161],[12.11378,51.87143],[12.09543,51.86937],[12.06244,51.85986],[12.04737,51.85884],[12.02291,51.86369],[12.01927,51.87354],[12.00414,51.87949],[11.99578,51.87186],[11.9816,51.87585],[11.97713,51.86909],[11.95897,51.86909]]]},"properties":{"plz":"06385","name":"06385 Aken (Elbe)"}},{"type":"Feature","geometry":{"type":"Polygon","coordinates":[[[11.95279,51.77868],[11.95314,51.79159],[11.98832,51.79096],[12.007,51.78461],[12.00363,51.78052],[12.03665,51.77035],[12.05405,51.77293],[12.05665,51.76479],[12.07081,51.76278],[12.07199,51.74961],[12.10878,51.75221],[12.11321,51.74011],[12.07498,51.73152],[12.07523,51.71705],[12.08952,51.71443],[12.11454,51.71661],[12.10074,51.70662],[12.10131,51.70273],[12.15311,51.70917],[12.16853,51.71171],[12.1707,51.72186],[12.16533,51.74407],[12.17436,51.73932],[12.19597,51.74348],[12.19431,51.76645],[12.15806,51.77604],[12.14565,51.77536],[12.1378,51.7805],[12.11963,51.78216],[12.12253,51.7903],[12.10986,51.79282],[12.12004,51.79656],[12.11805,51.80677],[12.13737,51.8137],[12.13394,51.82529],[12.07253,51.82871],[12.05288,51.83395],[12.0303,51.81806],[12.01451,51.8203],[11.98882,51.82992],[11.97347,51.84261],[11.95833,51.84748],[11.95497,51.85652],[11.95897,51.86909],[11.93723,51.88134],[11.92204,51.87944],[11.9273,51.8747],[11.91179,51.86633],[11.86782,51.84935],[11.85748,51.83753],[11.88269,51.81933],[11.881,51.81057],[11.86827,51.80466],[11.86415,51.7962],[11.84675,51.79766],[11.85577,51.79651],[11.85657,51.78573],[11.84896,51.77977],[11.86744,51.78294],[11.86379,51.7738],[11.8781,51.76511],[11.90441,51.76332],[11.89056,51.76071],[11.88469,51.75064],[11.90377,51.74122],[11.9177,51.74347],[11.93486,51.74132],[11.95279,51.77868]]]},"properties":{"plz":"06386","name":"06386 Aken, Osternienburger Land, Südliches Anhalt"}},{"type":"Feature","geometry":{"type":"Polygon","coordinates":[[[11.94604,51.64511],[11.9497,51.64626],[11.94846,51.66768],[11.96588,51.66907],[11.96365,51.67612],[11.97455,51.6774],[11.97235,51.68621],[11.98156,51.68769],[11.98119,51.69549],[11.99827,51.69565],[11.99068,51.71081],[12.00129,51.72105],[11.99362,51.72584],[11.98355,51.72575],[11.9801,51.71851],[11.95652,51.71599],[11.94946,51.71829],[11.937,51.71287],[11.91653,51.71514],[11.91866,51.72776],[11.89307,51.72841],[11.88729,51.7311],[11.88358,51.72005],[11.88929,51.71783],[11.88507,51.70275],[11.84694,51.70253],[11.83866,51.68341],[11.86204,51.67826],[11.86555,51.67494],[11.87353,51.66738],[11.92407,51.6461],[11.94604,51.64511]]]},"properties":{"plz":"06388","name":"06388 Südliches Anhalt, Köthen"}},{"type":"Feature","geometry":{"type":"Polygon","coordinates":[[[11.86555,51.67494],[11.86204,51.67826],[11.83866,51.68341],[11.84694,51.70253],[11.84671,51.71016],[11.85629,51.71869],[11.85499,51.73947],[11.83794,51.74478],[11.82178,51.7398],[11.82805,51.7319],[11.82294,51.71732],[11.79317,51.71994],[11.79807,51.7244],[11.78401,51.72953],[11.77436,51.72362],[11.74501,51.72421],[11.74034,51.74056],[11.73049,51.74484],[11.71293,51.73891],[11.70341,51.74186],[11.70269,51.73077],[11.68532,51.72351],[11.67401,51.72362],[11.66871,51.71569],[11.68416,51.69907],[11.69318,51.70218],[11.69148,51.69276],[11.70817,51.69125],[11.71279,51.68423],[11.73309,51.6757],[11.73419,51.66921],[11.72397,51.6564],[11.71,51.65732],[11.70501,51.66893],[11.7104,51.67706],[11.6934,51.68302],[11.67324,51.67624],[11.67006,51.68],[11.65407,51.67594],[11.64344,51.68943],[11.66149,51.69582],[11.64464,51.70575],[11.64001,51.70055],[11.62949,51.70327],[11.63594,51.69451],[11.61809,51.69454],[11.61052,51.69118],[11.61258,51.67672],[11.60366,51.6695],[11.60875,51.66355],[11.6329,51.65656],[11.69289,51.64909],[11.70883,51.64298],[11.71983,51.62931],[11.74532,51.62888],[11.75124,51.63243],[11.74383,51.64348],[11.75826,51.65127],[11.78509,51.64761],[11.79789,51.64283],[11.81693,51.65067],[11.82384,51.65831],[11.83748,51.65038],[11.8546,51.65014],[11.84916,51.65441],[11.86555,51.67494]]]},"properties":{"plz":"06420","name":"06420 Könnern"}},{"type":"Feature","geometry":{"type":"Polygon","coordinates":[[[11.70098,51.07866],[11.70119,51.06909],[11.72046,51.07097],[11.75218,51.05766],[11.74599,51.05186],[11.76642,51.04334],[11.77477,51.05308],[11.79753,51.05034],[11.80403,51.04578],[11.83209,51.05214],[11.8637,51.05132],[11.87507,51.05686],[11.86743,51.0634],[11.87716,51.06449],[11.87412,51.07057],[11.89737,51.0713],[11.90609,51.06805],[11.9149,51.07145],[11.91296,51.09807],[11.92113,51.10049],[11.9066,51.11754],[11.91008,51.12088],[11.9132,51.13295],[11.89076,51.13392],[11.89403,51.14198],[11.88654,51.14662],[11.89995,51.14897],[11.91681,51.16347],[11.90384,51.16416],[11.90248,51.17286],[11.89363,51.17442],[11.88392,51.18716],[11.85418,51.18644],[11.84613,51.19264],[11.83397,51.18769],[11.83298,51.18054],[11.82203,51.18848],[11.81394,51.20166],[11.80027,51.19846],[11.78807,51.20089],[11.77659,51.19832],[11.77367,51.18845],[11.76627,51.19047],[11.74835,51.1844],[11.74642,51.19043],[11.73711,51.18068],[11.72986,51.18333],[11.71891,51.17576],[11.72725,51.17355],[11.73847,51.16289],[11.74063,51.15038],[11.7546,51.14789],[11.76547,51.15187],[11.77044,51.14774],[11.75928,51.13304],[11.7444,51.12325],[11.76364,51.11237],[11.77117,51.11439],[11.76505,51.09868],[11.73666,51.09525],[11.73403,51.08961],[11.71228,51.08711],[11.70098,51.07866]]]},"properties":{"plz":"06618","name":"06618 Naumburg"}},{"type":"Feature","geometry":{"type":"Polygon","coordinates":[[[11.71891,51.17576],[11.71071,51.17114],[11.68549,51.17334],[11.68417,51.17896],[11.66326,51.16747],[11.66565,51.15562],[11.65442,51.15774],[11.62317,51.14824],[11.62988,51.15594],[11.61321,51.14781],[11.60499,51.14024],[11.61017,51.12492],[11.6,51.11484],[11.62365,51.1038],[11.63824,51.11072],[11.66817,51.11041],[11.67561,51.10401],[11.69279,51.09974],[11.69667,51.08763],[11.70098,51.07866],[11.71228,51.08711],[11.73403,51.08961],[11.73666,51.09525],[11.76505,51.09868],[11.77117,51.11439],[11.76364,51.11237],[11.7444,51.12325],[11.75928,51.13304],[11.77044,51.14774],[11.76547,51.15187],[11.7546,51.14789],[11.74063,51.15038],[11.73847,51.16289],[11.72725,51.17355],[11.71891,51.17576]]]},"properties":{"plz":"06628","name":"06628 Lanitz-Hassel-Tal, Molauer Land"}},{"type":"Feature","geometry":{"type":"Polygon","coordinates":[[[11.81714,51.27955],[11.78606,51.26754],[11.75864,51.28333],[11.70094,51.26681],[11.68803,51.27695],[11.67755,51.27637],[11.68144,51.26954],[11.67188,51.26307],[11.66852,51.25323],[11.68032,51.24466],[11.70405,51.24769],[11.71815,51.23855],[11.69373,51.22884],[11.70287,51.22262],[11.70021,51.21209],[11.66476,51.20672],[11.64843,51.19006],[11.63841,51.19113],[11.63849,51.19755],[11.63183,51.19368],[11.61311,51.19166],[11.606,51.17501],[11.61549,51.17121],[11.64577,51.17162],[11.64683,51.1657],[11.66326,51.16747],[11.68417,51.17896],[11.68549,51.17334],[11.71071,51.17114],[11.71891,51.17576],[11.72986,51.18333],[11.73711,51.18068],[11.74642,51.19043],[11.74835,51.1844],[11.76627,51.19047],[11.77367,51.18845],[11.77659,51.19832],[11.78807,51.20089],[11.80027,51.19846],[11.81394,51.20166],[11.82203,51.18848],[11.83298,51.18054],[11.83397,51.18769],[11.84613,51.19264],[11.85355,51.20205],[11.85445,51.21551],[11.84175,51.21536],[11.84026,51.22364],[11.85075,51.23062],[11.84763,51.23648],[11.8586,51.23665],[11.87277,51.24296],[11.86753,51.26242],[11.86057,51.26965],[11.84729,51.2687],[11.83645,51.27472],[11.82371,51.27146],[11.81714,51.27955]]]},"properties":{"plz":"06632","name":"06632 Freyburg, Balgstädt"}},{"type":"Feature","geometry":{"type":"Polygon","coordinates":[[[11.67188,51.26307],[11.64333,51.25852],[11.63431,51.26507],[11.62903,51.25178],[11.61708,51.25651],[11.60096,51.24503],[11.60034,51.24036],[11.6168,51.23991],[11.6229,51.2265],[11.64802,51.22409],[11.63441,51.21096],[11.64452,51.20473],[11.63849,51.19755],[11.63841,51.19113],[11.64843,51.19006],[11.66476,51.20672],[11.70021,51.21209],[11.70287,51.22262],[11.69373,51.22884],[11.71815,51.23855],[11.70405,51.24769],[11.68032,51.24466],[11.66852,51.25323],[11.67188,51.26307]]]},"properties":{"plz":"06636","name":"06636 Laucha an der Unstrut"}},{"type":"Feature","geometry":{"type":"Polygon","coordinates":[[[11.62947,51.30598],[11.62241,51.28687],[11.60582,51.28579],[11.59624,51.25685],[11.60096,51.24503],[11.61708,51.25651],[11.62903,51.25178],[11.63431,51.26507],[11.64333,51.25852],[11.67188,51.26307],[11.68144,51.26954],[11.67755,51.27637],[11.66971,51.28601],[11.6619,51.28399],[11.6492,51.29244],[11.64807,51.2979],[11.62947,51.30598]]]},"properties":{"plz":"06638","name":"06638 Karsdorf"}},{"type":"Feature","geometry":{"type":"Polygon","coordinates":[[[11.47308,51.2967],[11.46811,51.28832],[11.46007,51.29407],[11.45419,51.27934],[11.43304,51.25712],[11.42193,51.25326],[11.42004,51.24636],[11.39982,51.23657],[11.43347,51.23577],[11.4484,51.23071],[11.47351,51.22876],[11.48399,51.23642],[11.48775,51.2299],[11.49894,51.23096],[11.5002,51.22374],[11.53646,51.23727],[11.52051,51.24243],[11.53945,51.251],[11.55017,51.25998],[11.57738,51.26141],[11.59624,51.25685],[11.60582,51.28579],[11.62241,51.28687],[11.62947,51.30598],[11.63524,51.31425],[11.62363,51.31982],[11.60568,51.3154],[11.59707,51.30219],[11.58177,51.30646],[11.5815,51.30055],[11.56662,51.29727],[11.57224,51.28981],[11.56404,51.27858],[11.55073,51.27464],[11.5268,51.2868],[11.51805,51.27601],[11.50528,51.278],[11.47308,51.2967]]]},"properties":{"plz":"06642","name":"06642 Nebra, Kaiserpfalz"}},{"type":"Feature","geometry":{"type":"Polygon","coordinates":[[[11.38726,51.24588],[11.369,51.22943],[11.3652,51.22138],[11.39093,51.21747],[11.39152,51.2037],[11.43133,51.21244],[11.44618,51.20878],[11.44882,51.19366],[11.45302,51.19194],[11.46849,51.19267],[11.46688,51.18104],[11.47921,51.15772],[11.472,51.14791],[11.45143,51.14653],[11.46331,51.12919],[11.47732,51.13293],[11.51203,51.12204],[11.50024,51.13875],[11.50806,51.14441],[11.5053,51.15651],[11.52786,51.15562],[11.53154,51.15222],[11.55549,51.15052],[11.57123,51.1561],[11.57768,51.13977],[11.57637,51.13353],[11.59571,51.13436],[11.60499,51.14024],[11.61321,51.14781],[11.62988,51.15594],[11.62317,51.14824],[11.65442,51.15774],[11.66565,51.15562],[11.66326,51.16747],[11.64683,51.1657],[11.64577,51.17162],[11.61549,51.17121],[11.606,51.17501],[11.61311,51.19166],[11.63183,51.19368],[11.63849,51.19755],[11.64452,51.20473],[11.63441,51.21096],[11.64802,51.22409],[11.6229,51.2265],[11.6168,51.23991],[11.60034,51.24036],[11.60096,51.24503],[11.59624,51.25685],[11.57738,51.26141],[11.55017,51.25998],[11.53945,51.251],[11.52051,51.24243],[11.53646,51.23727],[11.5002,51.22374],[11.49894,51.23096],[11.48775,51.2299],[11.48399,51.23642],[11.47351,51.22876],[11.4484,51.23071],[11.43347,51.23577],[11.39982,51.23657],[11.4019,51.24283],[11.38726,51.24588]]]},"properties":{"plz":"06647","name":"06647 Bad Bibra, Finne u.a."}},{"type":"Feature","geometry":{"type":"MultiPolygon","coordinates":[[[[11.96996,51.27531],[11.96924,51.27021],[11.92648,51.27075],[11.9299,51.2557],[11.92402,51.2357],[11.89445,51.23477],[11.88599,51.24472],[11.87277,51.24296],[11.8586,51.23665],[11.84763,51.23648],[11.85075,51.23062],[11.84026,51.22364],[11.84175,51.21536],[11.85445,51.21551],[11.85355,51.20205],[11.84613,51.19264],[11.85418,51.18644],[11.88392,51.18716],[11.89363,51.17442],[11.90248,51.17286],[11.90384,51.16416],[11.91681,51.16347],[11.9451,51.16339],[11.95393,51.15839],[11.97008,51.15583],[11.99174,51.15854],[12.01272,51.16631],[12.00088,51.17214],[12.00377,51.18774],[12.01787,51.19316],[12.00999,51.19782],[12.02377,51.199],[12.03791,51.20512],[12.02771,51.20762],[12.02342,51.21599],[12.01063,51.21698],[12.0019,51.2271],[11.97756,51.26171],[11.98045,51.27424],[11.96996,51.27531]]],[[[11.92113,51.10049],[11.93376,51.09794],[11.95096,51.10884],[11.95176,51.12387],[11.9477,51.12952],[11.92724,51.12688],[11.92775,51.12284],[11.91008,51.12088],[11.9066,51.11754],[11.92113,51.10049]]]]},"properties":{"plz":"06667","name":"06667 Weißenfels, Stößen"}},{"type":"Feature","geometry":{"type":"Polygon","coordinates":[[[12.18046,51.19011],[12.1583,51.19881],[12.15817,51.19152],[12.16827,51.18716],[12.13747,51.18257],[12.14043,51.18005],[12.12008,51.17368],[12.11762,51.17913],[12.10193,51.17721],[12.09755,51.18653],[12.1045,51.1888],[12.09321,51.19627],[12.09574,51.20526],[12.08338,51.2049],[12.04774,51.19761],[12.04981,51.19198],[12.02632,51.18064],[12.02474,51.17182],[12.01535,51.16709],[12.03521,51.16489],[12.04012,51.15874],[12.05498,51.1597],[12.05693,51.15082],[12.04772,51.14982],[12.04148,51.14287],[12.05586,51.12953],[12.05505,51.12165],[12.06545,51.12374],[12.07326,51.13555],[12.10634,51.13465],[12.10809,51.12516],[12.10145,51.11628],[12.12537,51.11581],[12.13094,51.12713],[12.1423,51.12536],[12.15095,51.1296],[12.15408,51.13381],[12.1675,51.13125],[12.17974,51.13367],[12.18452,51.14274],[12.19559,51.14146],[12.19754,51.16019],[12.20224,51.16188],[12.21312,51.18355],[12.19006,51.185],[12.1748,51.18117],[12.17368,51.18987],[12.18046,51.19011]]]},"properties":{"plz":"06679","name":"06679 Hohenmölsen"}},{"type":"Feature","geometry":{"type":"Polygon","coordinates":[[[11.91008,51.12088],[11.92775,51.12284],[11.92724,51.12688],[11.9477,51.12952],[11.95176,51.12387],[11.95096,51.10884],[11.96668,51.09668],[11.98423,51.1059],[11.99208,51.08693],[12.0113,51.0875],[12.02638,51.09119],[12.03854,51.08256],[12.04629,51.08211],[12.05761,51.09243],[12.07655,51.09292],[12.08381,51.09946],[12.10317,51.10548],[12.10145,51.11628],[12.10809,51.12516],[12.10634,51.13465],[12.07326,51.13555],[12.06545,51.12374],[12.05505,51.12165],[12.05586,51.12953],[12.04148,51.14287],[12.04772,51.14982],[12.05693,51.15082],[12.05498,51.1597],[12.04012,51.15874],[12.03521,51.16489],[12.01535,51.16709],[12.01272,51.16631],[11.99174,51.15854],[11.97008,51.15583],[11.95393,51.15839],[11.9451,51.16339],[11.91681,51.16347],[11.89995,51.14897],[11.88654,51.14662],[11.89403,51.14198],[11.89076,51.13392],[11.9132,51.13295],[11.91008,51.12088]]]},"properties":{"plz":"06682","name":"06682 Teuchern"}},{"type":"Feature","geometry":{"type":"Polygon","coordinates":[[[12.17173,51.27715],[12.1473,51.27909],[12.14468,51.27026],[12.11281,51.2684],[12.11126,51.26098],[12.07673,51.25776],[12.07473,51.249],[12.07077,51.24022],[12.06168,51.2378],[12.04737,51.24204],[12.04823,51.24788],[12.02401,51.24462],[12.01969,51.2338],[12.0019,51.2271],[12.01063,51.21698],[12.02342,51.21599],[12.02771,51.20762],[12.03791,51.20512],[12.02377,51.199],[12.00999,51.19782],[12.01787,51.19316],[12.00377,51.18774],[12.00088,51.17214],[12.01272,51.16631],[12.01535,51.16709],[12.02474,51.17182],[12.02632,51.18064],[12.04981,51.19198],[12.04774,51.19761],[12.08338,51.2049],[12.09574,51.20526],[12.09321,51.19627],[12.1045,51.1888],[12.09755,51.18653],[12.10193,51.17721],[12.11762,51.17913],[12.12008,51.17368],[12.14043,51.18005],[12.13747,51.18257],[12.16827,51.18716],[12.15817,51.19152],[12.1583,51.19881],[12.18046,51.19011],[12.19173,51.19571],[12.18953,51.20393],[12.20483,51.21419],[12.19785,51.21675],[12.19212,51.23579],[12.19948,51.23856],[12.19366,51.24063],[12.18908,51.25779],[12.17348,51.25798],[12.17295,51.26616],[12.16587,51.26599],[12.17173,51.27715]]]},"properties":{"plz":"06686","name":"06686 Lützen"}},{"type":"Feature","geometry":{"type":"Polygon","coordinates":[[[12.04215,51.28616],[11.99992,51.27722],[11.98926,51.28091],[11.98045,51.27424],[11.97756,51.26171],[12.0019,51.2271],[12.01969,51.2338],[12.02401,51.24462],[12.04823,51.24788],[12.04737,51.24204],[12.06168,51.2378],[12.07077,51.24022],[12.07473,51.249],[12.05169,51.25359],[12.04548,51.26283],[12.06042,51.26965],[12.04777,51.27796],[12.06183,51.28787],[12.04215,51.28616]]]},"properties":{"plz":"06688","name":"06688 Weißenfels"}},{"type":"Feature","geometry":{"type":"Polygon","coordinates":[[[12.10145,51.11628],[12.10317,51.10548],[12.08381,51.09946],[12.07655,51.09292],[12.05761,51.09243],[12.04629,51.08211],[12.05144,51.07675],[12.06449,51.07821],[12.07888,51.07434],[12.08011,51.06815],[12.11409,51.07393],[12.13089,51.08099],[12.14168,51.06944],[12.14915,51.07063],[12.14336,51.05995],[12.1679,51.06374],[12.16906,51.07124],[12.16157,51.07701],[12.16893,51.08162],[12.15061,51.09692],[12.14694,51.11118],[12.15814,51.10772],[12.18202,51.1076],[12.17124,51.11504],[12.14964,51.12317],[12.15095,51.1296],[12.1423,51.12536],[12.13094,51.12713],[12.12537,51.11581],[12.10145,51.11628]]]},"properties":{"plz":"06711","name":"06711 Zeitz"}},{"type":"Feature","geometry":{"type":"Polygon","coordinates":[[[12.25086,51.04465],[12.24203,51.04428],[12.2407,51.05585],[12.22439,51.05313],[12.22532,51.04036],[12.20212,51.04133],[12.18796,51.02905],[12.17379,51.02844],[12.17416,51.04292],[12.16268,51.05257],[12.1679,51.06374],[12.14336,51.05995],[12.14915,51.07063],[12.14168,51.06944],[12.13089,51.08099],[12.11409,51.07393],[12.08011,51.06815],[12.07888,51.07434],[12.06449,51.07821],[12.05144,51.07675],[12.04629,51.08211],[12.03854,51.08256],[12.02638,51.09119],[12.0113,51.0875],[12.02803,51.06379],[12.01873,51.05928],[12.03573,51.05078],[12.05532,51.02968],[12.06409,51.02573],[12.0756,51.0306],[12.09122,51.02892],[12.1004,51.02065],[12.09593,51.00634],[12.09865,51.0017],[12.08442,50.99213],[12.07554,50.9809],[12.07638,50.97471],[12.09103,50.97659],[12.13272,50.96572],[12.13194,50.96074],[12.15165,50.9643],[12.16355,50.95859],[12.16255,50.96593],[12.18281,50.97599],[12.19872,50.95677],[12.21353,50.96021],[12.21048,50.94954],[12.21446,50.93785],[12.22383,50.94159],[12.23849,50.95139],[12.24182,50.96109],[12.23245,50.96137],[12.24003,50.97545],[12.26518,50.99163],[12.27789,51.00579],[12.26907,51.01258],[12.25123,51.00898],[12.23886,51.01999],[12.24161,51.02877],[12.23638,51.03654],[12.2513,51.04161],[12.25086,51.04465]]]},"properties":{"plz":"06712","name":"06712 Zeitz, Gutenborn u.a."}},{"type":"Feature","geometry":{"type":"Polygon","coordinates":[[[11.87507,51.05686],[11.89006,51.05514],[11.89734,51.04505],[11.90997,51.04475],[11.91525,51.03734],[11.91125,51.02825],[11.92365,51.02627],[11.94315,51.03266],[11.94792,51.02857],[11.95393,51.03336],[11.97062,51.03543],[11.96685,51.04761],[12.00441,51.04763],[12.00318,51.05361],[12.01873,51.05928],[12.02803,51.06379],[12.0113,51.0875],[11.99208,51.08693],[11.98423,51.1059],[11.96668,51.09668],[11.95096,51.10884],[11.93376,51.09794],[11.92113,51.10049],[11.91296,51.09807],[11.9149,51.07145],[11.90609,51.06805],[11.89737,51.0713],[11.87412,51.07057],[11.87716,51.06449],[11.86743,51.0634],[11.87507,51.05686]]]},"properties":{"plz":"06721","name":"06721 Meineweh, Osterfeld"}},{"type":"Feature","geometry":{"type":"Polygon","coordinates":[[[12.01873,51.05928],[12.00318,51.05361],[12.00441,51.04763],[11.96685,51.04761],[11.97062,51.03543],[11.95393,51.03336],[11.94792,51.02857],[11.95818,51.02095],[11.96933,51.02045],[11.98033,51.01303],[11.97861,51.00317],[11.96824,50.99732],[11.97461,50.99023],[11.99564,50.9934],[12.00654,50.99104],[12.01741,50.97666],[12.01087,50.96991],[12.02077,50.96884],[12.03685,50.97265],[12.05574,50.96822],[12.07638,50.97471],[12.07554,50.9809],[12.08442,50.99213],[12.09865,51.0017],[12.09593,51.00634],[12.1004,51.02065],[12.09122,51.02892],[12.0756,51.0306],[12.06409,51.02573],[12.05532,51.02968],[12.03573,51.05078],[12.01873,51.05928]]]},"properties":{"plz":"06722","name":"06722 Droyßig, Wetterzeube"}},{"type":"Feature","geometry":{"type":"MultiPolygon","coordinates":[[[[12.19559,51.14146],[12.18452,51.14274],[12.17974,51.13367],[12.1675,51.13125],[12.15408,51.13381],[12.15095,51.1296],[12.14964,51.12317],[12.17124,51.11504],[12.18202,51.1076],[12.15814,51.10772],[12.14694,51.11118],[12.15061,51.09692],[12.16893,51.08162],[12.16157,51.07701],[12.16906,51.07124],[12.1679,51.06374],[12.16268,51.05257],[12.17416,51.04292],[12.17379,51.02844],[12.18796,51.02905],[12.20212,51.04133],[12.22532,51.04036],[12.22439,51.05313],[12.2407,51.05585],[12.24203,51.04428],[12.25086,51.04465],[12.26238,51.04962],[12.25838,51.06625],[12.26949,51.07167],[12.27817,51.08168],[12.28826,51.08825],[12.28304,51.09249],[12.27833,51.0994],[12.25294,51.09717],[12.23202,51.10283],[12.22138,51.10972],[12.22759,51.12],[12.23655,51.12393],[12.23853,51.13275],[12.22791,51.13699],[12.19559,51.14146]]],[[[12.2513,51.04161],[12.23638,51.03654],[12.24161,51.02877],[12.23886,51.01999],[12.25123,51.00898],[12.26907,51.01258],[12.27789,51.00579],[12.28816,51.01573],[12.29465,51.02899],[12.28662,51.03824],[12.27335,51.04061],[12.2529,51.03757],[12.2513,51.04161]]]]},"properties":{"plz":"06729","name":"06729 Elsteraue"}},{"type":"Feature","geometry":{"type":"Polygon","coordinates":[[[12.28003,51.63738],[12.28677,51.6071],[12.28008,51.59809],[12.30022,51.60889],[12.33009,51.61719],[12.3467,51.60142],[12.35227,51.60305],[12.36808,51.59524],[12.37858,51.59901],[12.38578,51.59044],[12.39186,51.59907],[12.38372,51.60267],[12.38254,51.61045],[12.38923,51.62438],[12.37835,51.61507],[12.36777,51.62426],[12.35137,51.62514],[12.36,51.63162],[12.35097,51.63631],[12.35817,51.64265],[12.34878,51.65185],[12.33797,51.65225],[12.32875,51.65889],[12.31478,51.65466],[12.31841,51.64802],[12.29784,51.63643],[12.29082,51.64491],[12.28003,51.63738]]]},"properties":{"plz":"06749","name":"06749 Bitterfeld-Wolfen"}},{"type":"Feature","geometry":{"type":"Polygon","coordinates":[[[12.22428,51.70325],[12.21844,51.70174],[12.22348,51.6861],[12.20171,51.68755],[12.19666,51.68228],[12.20764,51.67769],[12.21141,51.67068],[12.17857,51.65989],[12.18632,51.65575],[12.18632,51.64301],[12.1795,51.63908],[12.19593,51.63471],[12.25271,51.64517],[12.25348,51.65315],[12.27994,51.65311],[12.28944,51.66526],[12.28022,51.66522],[12.27703,51.68729],[12.298,51.69193],[12.28573,51.70036],[12.26919,51.70547],[12.25497,51.70515],[12.23648,51.70055],[12.22428,51.70325]]]},"properties":{"plz":"06766","name":"06766 Bitterfeld-Wolfen"}},{"type":"Feature","geometry":{"type":"MultiPolygon","coordinates":[[[[12.62125,51.62742],[12.61483,51.63203],[12.62638,51.65643],[12.63188,51.65404],[12.63304,51.66458],[12.6418,51.6774],[12.62505,51.69196],[12.61171,51.68568],[12.58217,51.68735],[12.57915,51.66721],[12.5739,51.66739],[12.57052,51.63717],[12.5593,51.63802],[12.58049,51.62599],[12.58929,51.61815],[12.60202,51.62551],[12.62125,51.62742]]],[[[12.33612,51.73397],[12.32476,51.72676],[12.32713,51.71753],[12.34881,51.7196],[12.36354,51.70728],[12.34486,51.70362],[12.3506,51.6845],[12.36061,51.68554],[12.37102,51.69477],[12.38037,51.69696],[12.39528,51.69477],[12.42067,51.69751],[12.42974,51.70288],[12.44363,51.70331],[12.43064,51.70972],[12.42381,51.72395],[12.40317,51.73946],[12.40317,51.74587],[12.38032,51.7405],[12.38999,51.75861],[12.33885,51.77937],[12.34739,51.77184],[12.34283,51.75269],[12.3518,51.73687],[12.33612,51.73397]]]]},"properties":{"plz":"06772","name":"06772 Gräfenhainichen"}},{"type":"Feature","geometry":{"type":"Polygon","coordinates":[[[12.61171,51.68568],[12.60176,51.69827],[12.6039,51.70186],[12.5729,51.70419],[12.57727,51.71361],[12.5684,51.71956],[12.53689,51.71324],[12.52664,51.7203],[12.51807,51.73734],[12.51257,51.73602],[12.49149,51.74238],[12.48388,51.75321],[12.46032,51.75839],[12.46051,51.76885],[12.42878,51.76568],[12.42462,51.77463],[12.40169,51.78098],[12.39371,51.77926],[12.38168,51.80049],[12.36286,51.79904],[12.34139,51.78907],[12.33885,51.77937],[12.38999,51.75861],[12.38032,51.7405],[12.40317,51.74587],[12.40317,51.73946],[12.42381,51.72395],[12.43064,51.70972],[12.44363,51.70331],[12.45912,51.70559],[12.47334,51.70299],[12.47448,51.68238],[12.49526,51.68246],[12.49751,51.67073],[12.51686,51.66056],[12.52902,51.66432],[12.5492,51.66407],[12.54977,51.66848],[12.5739,51.66739],[12.57915,51.66721],[12.58217,51.68735],[12.61171,51.68568]]]},"properties":{"plz":"06773","name":"06773 Gräfenhainichen"}},{"type":"Feature","geometry":{"type":"Polygon","coordinates":[[[12.52466,51.60633],[12.56141,51.60833],[12.56274,51.61388],[12.57436,51.61531],[12.58049,51.62599],[12.5593,51.63802],[12.57052,51.63717],[12.5739,51.66739],[12.54977,51.66848],[12.5492,51.66407],[12.52902,51.66432],[12.51686,51.66056],[12.49751,51.67073],[12.49526,51.68246],[12.47448,51.68238],[12.47334,51.70299],[12.45912,51.70559],[12.44363,51.70331],[12.42974,51.70288],[12.42067,51.69751],[12.39528,51.69477],[12.38037,51.69696],[12.38977,51.68119],[12.36609,51.6787],[12.35424,51.68163],[12.34894,51.67447],[12.33565,51.67173],[12.33563,51.6645],[12.32076,51.66569],[12.31916,51.66114],[12.32875,51.65889],[12.33797,51.65225],[12.34878,51.65185],[12.35817,51.64265],[12.35097,51.63631],[12.36,51.63162],[12.35137,51.62514],[12.36777,51.62426],[12.37835,51.61507],[12.38923,51.62438],[12.38254,51.61045],[12.38372,51.60267],[12.39186,51.59907],[12.38578,51.59044],[12.39195,51.58808],[12.41169,51.58195],[12.42545,51.58209],[12.42741,51.59918],[12.43676,51.59939],[12.43333,51.60608],[12.44423,51.6103],[12.46016,51.60335],[12.48518,51.60451],[12.47752,51.59619],[12.48287,51.59265],[12.49776,51.59694],[12.49615,51.60509],[12.5068,51.60848],[12.52466,51.60633]]]},"properties":{"plz":"06774","name":"06774 Muldestausee"}},{"type":"Feature","geometry":{"type":"Polygon","coordinates":[[[12.16853,51.71171],[12.18465,51.71146],[12.19806,51.71591],[12.22428,51.70325],[12.23648,51.70055],[12.25497,51.70515],[12.26919,51.70547],[12.28573,51.70036],[12.298,51.69193],[12.29506,51.69738],[12.31587,51.70225],[12.34486,51.70362],[12.36354,51.70728],[12.34881,51.7196],[12.32713,51.71753],[12.32476,51.72676],[12.33612,51.73397],[12.3226,51.73314],[12.31947,51.741],[12.30672,51.74314],[12.30707,51.75756],[12.30159,51.76736],[12.28972,51.77671],[12.29608,51.78754],[12.28273,51.79012],[12.28138,51.80006],[12.26782,51.78127],[12.26384,51.78519],[12.2427,51.78377],[12.23982,51.78532],[12.22802,51.76566],[12.22859,51.757],[12.19431,51.76645],[12.19597,51.74348],[12.17436,51.73932],[12.16533,51.74407],[12.1707,51.72186],[12.16853,51.71171]]]},"properties":{"plz":"06779","name":"06779 Raguhn-Jeßnitz"}},{"type":"Feature","geometry":{"type":"Polygon","coordinates":[[[12.16488,51.57628],[12.17379,51.58089],[12.17672,51.58723],[12.16344,51.5867],[12.1584,51.60702],[12.17631,51.60867],[12.17536,51.6128],[12.22035,51.61757],[12.22192,51.62278],[12.20232,51.62199],[12.19468,51.6266],[12.19593,51.63471],[12.1795,51.63908],[12.18632,51.64301],[12.18632,51.65575],[12.17857,51.65989],[12.21141,51.67068],[12.20764,51.67769],[12.19666,51.68228],[12.20171,51.68755],[12.22348,51.6861],[12.21844,51.70174],[12.22428,51.70325],[12.19806,51.71591],[12.18465,51.71146],[12.16853,51.71171],[12.15311,51.70917],[12.17643,51.68856],[12.16225,51.68554],[12.14245,51.67682],[12.11136,51.65176],[12.08474,51.64742],[12.08848,51.65144],[12.08685,51.66542],[12.06979,51.6661],[12.06106,51.6611],[12.03358,51.66286],[12.02529,51.67092],[12.0144,51.6691],[12.00698,51.64604],[12.03985,51.64383],[12.04206,51.63413],[12.02763,51.6284],[12.02693,51.62003],[12.05066,51.61648],[12.04397,51.61174],[12.0459,51.5981],[12.031,51.59449],[12.0461,51.58441],[12.08206,51.58259],[12.1231,51.58013],[12.16409,51.58117],[12.16488,51.57628]]]},"properties":{"plz":"06780","name":"06780 Zörbig"}},{"type":"Feature","geometry":{"type":"Polygon","coordinates":[[[12.42462,51.77463],[12.43564,51.77861],[12.44896,51.79893],[12.4749,51.79675],[12.47754,51.80933],[12.51557,51.80884],[12.51252,51.82048],[12.5217,51.8177],[12.53291,51.82246],[12.52326,51.82713],[12.51449,51.83564],[12.51653,51.84223],[12.49553,51.8406],[12.49553,51.85359],[12.50861,51.85895],[12.50192,51.86463],[12.50516,51.87652],[12.48876,51.87952],[12.48025,51.8697],[12.47756,51.8578],[12.4641,51.8578],[12.45026,51.8626],[12.45287,51.87861],[12.44358,51.88212],[12.41289,51.87256],[12.40375,51.86432],[12.38468,51.86215],[12.38071,51.85067],[12.37143,51.84681],[12.35952,51.8489],[12.35068,51.86038],[12.32165,51.87136],[12.33177,51.88216],[12.30911,51.88472],[12.2956,51.88041],[12.28454,51.86157],[12.30648,51.84441],[12.31858,51.83899],[12.32374,51.82466],[12.32142,51.81975],[12.30664,51.80805],[12.30564,51.80291],[12.31955,51.79344],[12.34139,51.78907],[12.36286,51.79904],[12.38168,51.80049],[12.39371,51.77926],[12.40169,51.78098],[12.42462,51.77463]]]},"properties":{"plz":"06785","name":"06785 Oranienbaum-Wörlitz"}},{"type":"Feature","geometry":{"type":"Polygon","coordinates":[[[12.28003,51.63738],[12.27312,51.63267],[12.27128,51.64175],[12.25271,51.64517],[12.19593,51.63471],[12.19468,51.6266],[12.20232,51.62199],[12.22192,51.62278],[12.22725,51.62311],[12.23034,51.60736],[12.2129,51.60568],[12.2179,51.59331],[12.22663,51.58973],[12.26086,51.60146],[12.26331,51.59495],[12.28008,51.59809],[12.28677,51.6071],[12.28003,51.63738]]]},"properties":{"plz":"06792","name":"06792 Sandersdorf-Brehna"}},{"type":"Feature","geometry":{"type":"Polygon","coordinates":[[[12.17379,51.58089],[12.17574,51.57282],[12.18429,51.5694],[12.19109,51.58068],[12.20832,51.57988],[12.21366,51.58356],[12.2179,51.59331],[12.2129,51.60568],[12.23034,51.60736],[12.22725,51.62311],[12.22192,51.62278],[12.22035,51.61757],[12.17536,51.6128],[12.17631,51.60867],[12.1584,51.60702],[12.16344,51.5867],[12.17672,51.58723],[12.17379,51.58089]]]},"properties":{"plz":"06794","name":"06794 Sandersdorf-Brehna"}},{"type":"Feature","geometry":{"type":"Polygon","coordinates":[[[12.24418,51.56651],[12.23688,51.56674],[12.22545,51.57991],[12.21366,51.58356],[12.20832,51.57988],[12.19109,51.58068],[12.18429,51.5694],[12.17574,51.57282],[12.17379,51.58089],[12.16488,51.57628],[12.16985,51.56252],[12.16937,51.54973],[12.1871,51.53508],[12.19723,51.53191],[12.20748,51.53528],[12.21002,51.54197],[12.23135,51.54736],[12.23296,51.56095],[12.24418,51.56651]]]},"properties":{"plz":"06796","name":"06796 Sandersdorf-Brehna"}},{"type":"Feature","geometry":{"type":"Polygon","coordinates":[[[12.28944,51.66526],[12.30516,51.66378],[12.31188,51.65704],[12.31916,51.66114],[12.32076,51.66569],[12.33563,51.6645],[12.33565,51.67173],[12.34894,51.67447],[12.35424,51.68163],[12.36609,51.6787],[12.38977,51.68119],[12.38037,51.69696],[12.37102,51.69477],[12.36061,51.68554],[12.3506,51.6845],[12.34486,51.70362],[12.31587,51.70225],[12.29506,51.69738],[12.298,51.69193],[12.27703,51.68729],[12.28022,51.66522],[12.28944,51.66526]]]},"properties":{"plz":"06800","name":"06800 Raguhn-Jeßnitz"}},{"type":"Feature","geometry":{"type":"Polygon","coordinates":[[[12.32875,51.65889],[12.31916,51.66114],[12.31188,51.65704],[12.30516,51.66378],[12.28944,51.66526],[12.27994,51.65311],[12.25348,51.65315],[12.25271,51.64517],[12.27128,51.64175],[12.27312,51.63267],[12.28003,51.63738],[12.29082,51.64491],[12.29784,51.63643],[12.31841,51.64802],[12.31478,51.65466],[12.32875,51.65889]]]},"properties":{"plz":"06803","name":"06803 Bitterfeld-Wolfen"}},{"type":"Feature","geometry":{"type":"Polygon","coordinates":[[[12.39195,51.58808],[12.38578,51.59044],[12.37858,51.59901],[12.36808,51.59524],[12.35227,51.60305],[12.3467,51.60142],[12.33009,51.61719],[12.30022,51.60889],[12.28008,51.59809],[12.30651,51.58986],[12.31456,51.58441],[12.34103,51.59016],[12.33912,51.58584],[12.34828,51.58692],[12.36983,51.58247],[12.36733,51.58761],[12.39009,51.58542],[12.39195,51.58808]]]},"properties":{"plz":"06808","name":"06808 Bitterfeld-Wolfen"}},{"type":"Feature","geometry":{"type":"Polygon","coordinates":[[[12.33912,51.58584],[12.34103,51.59016],[12.31456,51.58441],[12.30651,51.58986],[12.28008,51.59809],[12.26331,51.59495],[12.26086,51.60146],[12.22663,51.58973],[12.2179,51.59331],[12.21366,51.58356],[12.22545,51.57991],[12.23688,51.56674],[12.24418,51.56651],[12.25468,51.56064],[12.29284,51.56046],[12.29743,51.56675],[12.31317,51.5684],[12.3198,51.57796],[12.34066,51.57997],[12.33912,51.58584]]]},"properties":{"plz":"06809","name":"06809 Roitzsch, Petersroda"}},{"type":"Feature","geometry":{"type":"Polygon","coordinates":[[[12.33885,51.77937],[12.34139,51.78907],[12.31955,51.79344],[12.30564,51.80291],[12.30664,51.80805],[12.32142,51.81975],[12.30334,51.82358],[12.29469,51.82959],[12.25084,51.83384],[12.2289,51.82951],[12.23397,51.80975],[12.25302,51.81666],[12.26365,51.81469],[12.2661,51.80135],[12.28138,51.80006],[12.28273,51.79012],[12.29608,51.78754],[12.28972,51.77671],[12.30159,51.76736],[12.30707,51.75756],[12.30672,51.74314],[12.31947,51.741],[12.3226,51.73314],[12.33612,51.73397],[12.3518,51.73687],[12.34283,51.75269],[12.34739,51.77184],[12.33885,51.77937]]]},"properties":{"plz":"06842","name":"06842 Dessau-Roßlau"}},{"type":"Feature","geometry":{"type":"Polygon","coordinates":[[[12.2956,51.88041],[12.27595,51.87414],[12.25186,51.88],[12.23256,51.88071],[12.22801,51.87705],[12.23036,51.86204],[12.23851,51.84872],[12.23223,51.83587],[12.2289,51.82951],[12.25084,51.83384],[12.29469,51.82959],[12.30334,51.82358],[12.32142,51.81975],[12.32374,51.82466],[12.31858,51.83899],[12.30648,51.84441],[12.28454,51.86157],[12.2956,51.88041]]]},"properties":{"plz":"06844","name":"06844 Dessau-Roßlau"}},{"type":"Feature","geometry":{"type":"Polygon","coordinates":[[[12.13394,51.82529],[12.13737,51.8137],[12.1644,51.81812],[12.23223,51.83587],[12.23851,51.84872],[12.23036,51.86204],[12.2124,51.85915],[12.20488,51.87706],[12.18635,51.87687],[12.13144,51.87161],[12.14385,51.86585],[12.14292,51.84977],[12.13518,51.83923],[12.13394,51.82529]]]},"properties":{"plz":"06846","name":"06846 Dessau-Roßlau"}},{"type":"Feature","geometry":{"type":"Polygon","coordinates":[[[12.19431,51.76645],[12.22859,51.757],[12.22802,51.76566],[12.23982,51.78532],[12.2427,51.78377],[12.23397,51.80975],[12.2289,51.82951],[12.23223,51.83587],[12.1644,51.81812],[12.13737,51.8137],[12.11805,51.80677],[12.12004,51.79656],[12.10986,51.79282],[12.12253,51.7903],[12.11963,51.78216],[12.1378,51.7805],[12.14565,51.77536],[12.15806,51.77604],[12.19431,51.76645]]]},"properties":{"plz":"06847","name":"06847 Dessau-Roßlau"}},{"type":"Feature","geometry":{"type":"Polygon","coordinates":[[[12.28138,51.80006],[12.2661,51.80135],[12.26365,51.81469],[12.25302,51.81666],[12.23397,51.80975],[12.2427,51.78377],[12.26384,51.78519],[12.26782,51.78127],[12.28138,51.80006]]]},"properties":{"plz":"06849","name":"06849 Dessau-Roßlau"}},{"type":"Feature","geometry":{"type":"Polygon","coordinates":[[[12.62505,51.69196],[12.62168,51.70509],[12.62915,51.71411],[12.61948,51.72286],[12.64096,51.72553],[12.64962,51.72104],[12.67149,51.73544],[12.66621,51.74888],[12.6767,51.74608],[12.68686,51.75169],[12.67945,51.75775],[12.68066,51.76554],[12.69081,51.76729],[12.72737,51.76312],[12.73591,51.77012],[12.7548,51.76536],[12.7683,51.77616],[12.80545,51.76857],[12.82482,51.77353],[12.81116,51.77696],[12.8042,51.78818],[12.81258,51.81058],[12.80494,51.81536],[12.80062,51.82861],[12.77575,51.83274],[12.76319,51.82049],[12.74874,51.82209],[12.75494,51.83564],[12.75064,51.84069],[12.72864,51.84299],[12.70964,51.85252],[12.6932,51.85535],[12.68975,51.84922],[12.66992,51.8504],[12.66593,51.84259],[12.68744,51.83767],[12.68042,51.83046],[12.68054,51.8213],[12.65303,51.83116],[12.61841,51.82792],[12.61046,51.83745],[12.59212,51.83374],[12.59667,51.82173],[12.54906,51.82216],[12.53805,51.82896],[12.52326,51.82713],[12.53291,51.82246],[12.5217,51.8177],[12.51252,51.82048],[12.51557,51.80884],[12.47754,51.80933],[12.4749,51.79675],[12.44896,51.79893],[12.43564,51.77861],[12.42462,51.77463],[12.42878,51.76568],[12.46051,51.76885],[12.46032,51.75839],[12.48388,51.75321],[12.49149,51.74238],[12.51257,51.73602],[12.51807,51.73734],[12.52664,51.7203],[12.53689,51.71324],[12.5684,51.71956],[12.57727,51.71361],[12.5729,51.70419],[12.6039,51.70186],[12.60176,51.69827],[12.61171,51.68568],[12.62505,51.69196]]]},"properties":{"plz":"06901","name":"06901 Kemberg"}},{"type":"Feature","geometry":{"type":"Polygon","coordinates":[[[12.73669,51.65638],[12.74934,51.65048],[12.77214,51.6472],[12.79285,51.66558],[12.80761,51.66723],[12.83173,51.67628],[12.82866,51.68194],[12.83975,51.68785],[12.84422,51.70769],[12.8395,51.7121],[12.81021,51.72088],[12.80291,51.72635],[12.80534,51.73753],[12.82263,51.74879],[12.82105,51.75361],[12.80086,51.75612],[12.78947,51.74951],[12.77715,51.75423],[12.78271,51.76274],[12.80545,51.76857],[12.7683,51.77616],[12.7548,51.76536],[12.73591,51.77012],[12.72737,51.76312],[12.69081,51.76729],[12.68066,51.76554],[12.67945,51.75775],[12.68686,51.75169],[12.6767,51.74608],[12.66621,51.74888],[12.67149,51.73544],[12.64962,51.72104],[12.64096,51.72553],[12.61948,51.72286],[12.62915,51.71411],[12.62168,51.70509],[12.62505,51.69196],[12.6418,51.6774],[12.63304,51.66458],[12.63188,51.65404],[12.62638,51.65643],[12.61483,51.63203],[12.62125,51.62742],[12.62941,51.62527],[12.62269,51.61651],[12.60769,51.61088],[12.64911,51.62099],[12.65706,51.63004],[12.66356,51.62984],[12.66985,51.64659],[12.67725,51.64946],[12.68589,51.66117],[12.7069,51.66281],[12.73669,51.65638]]]},"properties":{"plz":"06905","name":"06905 Bad Schmiedeberg"}},{"type":"Feature","geometry":{"type":"Polygon","coordinates":[[[12.07619,50.89083],[12.07297,50.8754],[12.08367,50.86242],[12.08633,50.86306],[12.0908,50.86426],[12.08782,50.88503],[12.09541,50.88406],[12.08305,50.89402],[12.07619,50.89083]]]},"properties":{"plz":"07545","name":"07545 Gera"}},{"type":"Feature","geometry":{"type":"Polygon","coordinates":[[[12.08633,50.86306],[12.10365,50.86502],[12.11827,50.87315],[12.14099,50.88081],[12.13277,50.88977],[12.10832,50.88754],[12.1066,50.89646],[12.08889,50.90271],[12.05755,50.90807],[12.07619,50.89083],[12.08305,50.89402],[12.09541,50.88406],[12.08782,50.88503],[12.0908,50.86426],[12.08633,50.86306]]]},"properties":{"plz":"07546","name":"07546 Gera"}},{"type":"Feature","geometry":{"type":"Polygon","coordinates":[[[12.07619,50.89083],[12.05755,50.90807],[12.04797,50.90934],[12.03082,50.91878],[12.01761,50.91376],[12.02735,50.90093],[12.00277,50.88235],[11.99825,50.87236],[12.00893,50.87101],[12.01566,50.86164],[12.00035,50.85684],[11.99832,50.8497],[12.01183,50.84152],[12.02108,50.84552],[12.03756,50.84458],[12.04775,50.85355],[12.07758,50.85661],[12.08367,50.86242],[12.07297,50.8754],[12.07619,50.89083]]]},"properties":{"plz":"07548","name":"07548 Gera"}},{"type":"Feature","geometry":{"type":"Polygon","coordinates":[[[12.08367,50.86242],[12.07758,50.85661],[12.0796,50.84565],[12.0724,50.83364],[12.07808,50.82245],[12.08505,50.82636],[12.11154,50.81808],[12.11943,50.81016],[12.11841,50.80315],[12.12668,50.7987],[12.14741,50.80321],[12.15373,50.81013],[12.13838,50.81876],[12.13732,50.83842],[12.13067,50.83935],[12.12561,50.84888],[12.13487,50.85841],[12.10945,50.85316],[12.10342,50.8621],[12.12561,50.86828],[12.11827,50.87315],[12.10365,50.86502],[12.08633,50.86306],[12.08367,50.86242]]]},"properties":{"plz":"07551","name":"07551 Gera"}},{"type":"Feature","geometry":{"type":"Polygon","coordinates":[[[12.1066,50.89646],[12.11464,50.90283],[12.10051,50.90617],[12.07846,50.93151],[12.05321,50.92999],[12.04949,50.93269],[12.03039,50.92504],[12.03082,50.91878],[12.04797,50.90934],[12.05755,50.90807],[12.08889,50.90271],[12.1066,50.89646]]]},"properties":{"plz":"07552","name":"07552 Gera"}},{"type":"Feature","geometry":{"type":"Polygon","coordinates":[[[12.07638,50.97471],[12.05574,50.96822],[12.03685,50.97265],[12.02077,50.96884],[12.01677,50.95215],[12.02108,50.94793],[12.04116,50.94008],[12.04949,50.93269],[12.05321,50.92999],[12.07846,50.93151],[12.10051,50.90617],[12.11464,50.90283],[12.1066,50.89646],[12.10832,50.88754],[12.13277,50.88977],[12.14099,50.88081],[12.11827,50.87315],[12.12561,50.86828],[12.10342,50.8621],[12.10945,50.85316],[12.13487,50.85841],[12.12561,50.84888],[12.13067,50.83935],[12.13732,50.83842],[12.13838,50.81876],[12.14958,50.82609],[12.16054,50.82394],[12.17097,50.82928],[12.16187,50.83424],[12.15921,50.85738],[12.13832,50.85691],[12.13612,50.86057],[12.15355,50.86842],[12.15753,50.87772],[12.16842,50.87395],[12.20084,50.87931],[12.18326,50.89855],[12.18083,50.89576],[12.1652,50.90229],[12.15777,50.91207],[12.16568,50.91651],[12.18337,50.91516],[12.1893,50.9216],[12.20211,50.9212],[12.21446,50.93785],[12.21048,50.94954],[12.21353,50.96021],[12.19872,50.95677],[12.18281,50.97599],[12.16255,50.96593],[12.16355,50.95859],[12.15165,50.9643],[12.13194,50.96074],[12.13272,50.96572],[12.09103,50.97659],[12.07638,50.97471]]]},"properties":{"plz":"07554","name":"07554 Brahmenau"}},{"type":"Feature","geometry":{"type":"Polygon","coordinates":[[[12.22383,50.94159],[12.21446,50.93785],[12.20211,50.9212],[12.1893,50.9216],[12.18337,50.91516],[12.16568,50.91651],[12.15777,50.91207],[12.1652,50.90229],[12.18083,50.89576],[12.18326,50.89855],[12.20084,50.87931],[12.16842,50.87395],[12.15753,50.87772],[12.15355,50.86842],[12.13612,50.86057],[12.13832,50.85691],[12.15921,50.85738],[12.16187,50.83424],[12.17097,50.82928],[12.16054,50.82394],[12.14958,50.82609],[12.13838,50.81876],[12.15373,50.81013],[12.14741,50.80321],[12.17475,50.79565],[12.18229,50.79718],[12.18401,50.78259],[12.20047,50.7686],[12.21573,50.76533],[12.2157,50.75839],[12.22637,50.74639],[12.22925,50.75824],[12.24126,50.76784],[12.26452,50.76047],[12.28392,50.773],[12.29007,50.78351],[12.28745,50.78962],[12.26715,50.78702],[12.25273,50.78855],[12.25406,50.79922],[12.24298,50.80903],[12.25058,50.81851],[12.2521,50.83667],[12.24659,50.84472],[12.25709,50.85381],[12.24228,50.86262],[12.21758,50.859],[12.22157,50.86505],[12.21756,50.87507],[12.20779,50.8807],[12.22638,50.89051],[12.22566,50.91054],[12.24208,50.91587],[12.24862,50.92949],[12.23687,50.92884],[12.22383,50.94159]]]},"properties":{"plz":"07580","name":"07580 Ronneburg, Braunichswalde, Großenstein u.a."}},{"type":"Feature","geometry":{"type":"Polygon","coordinates":[[[12.03082,50.91878],[12.03039,50.92504],[12.04949,50.93269],[12.04116,50.94008],[12.02108,50.94793],[12.00461,50.94829],[11.98564,50.95385],[11.9574,50.94444],[11.9671,50.93435],[11.9626,50.92592],[11.9494,50.92469],[11.95267,50.91579],[11.92274,50.91426],[11.92425,50.90876],[11.91375,50.90489],[11.91913,50.89261],[11.88858,50.89501],[11.88338,50.89111],[11.87201,50.88155],[11.89162,50.87791],[11.89756,50.86292],[11.92101,50.86077],[11.96111,50.86236],[11.99825,50.87236],[12.00277,50.88235],[12.02735,50.90093],[12.01761,50.91376],[12.03082,50.91878]]]},"properties":{"plz":"07586","name":"07586 Bad Köstritz"}},{"type":"Feature","geometry":{"type":"Polygon","coordinates":[[[11.86519,50.98546],[11.8793,50.97943],[11.86585,50.97948],[11.84764,50.97431],[11.86044,50.96864],[11.84692,50.95988],[11.84627,50.96955],[11.83882,50.97429],[11.82806,50.97147],[11.82384,50.96233],[11.83675,50.9508],[11.83748,50.94134],[11.84788,50.93698],[11.87483,50.94142],[11.89234,50.94137],[11.8965,50.95014],[11.91267,50.9506],[11.9158,50.94426],[11.90997,50.93584],[11.9243,50.93723],[11.93098,50.94381],[11.93291,50.96422],[11.92154,50.97757],[11.92233,50.98865],[11.88548,50.99051],[11.87024,51.00034],[11.86002,50.9972],[11.86519,50.98546]]]},"properties":{"plz":"07607","name":"07607 Eisenberg, Gösen, Hainspitz"}},{"type":"Feature","geometry":{"type":"Polygon","coordinates":[[[11.91125,51.02825],[11.90168,51.03958],[11.88729,51.03611],[11.88721,51.03158],[11.86874,51.03078],[11.85674,51.0169],[11.86506,51.00859],[11.84319,51.00684],[11.85254,50.99748],[11.84975,50.98989],[11.86519,50.98546],[11.86002,50.9972],[11.87024,51.00034],[11.88548,50.99051],[11.92233,50.98865],[11.92154,50.97757],[11.93291,50.96422],[11.93098,50.94381],[11.9243,50.93723],[11.94201,50.92217],[11.9494,50.92469],[11.9626,50.92592],[11.9671,50.93435],[11.9574,50.94444],[11.98564,50.95385],[12.00461,50.94829],[12.02108,50.94793],[12.01677,50.95215],[12.02077,50.96884],[12.01087,50.96991],[12.01741,50.97666],[12.00654,50.99104],[11.99564,50.9934],[11.97461,50.99023],[11.96824,50.99732],[11.97861,51.00317],[11.98033,51.01303],[11.96933,51.02045],[11.95818,51.02095],[11.94792,51.02857],[11.94315,51.03266],[11.92365,51.02627],[11.91125,51.02825]]]},"properties":{"plz":"07613","name":"07613 Crossen, Heideland u.a."}},{"type":"Feature","geometry":{"type":"Polygon","coordinates":[[[11.86519,50.98546],[11.84975,50.98989],[11.85254,50.99748],[11.82915,50.99401],[11.81875,50.99542],[11.80805,50.98733],[11.80334,50.99345],[11.77245,50.97838],[11.77079,50.96876],[11.75011,50.9726],[11.74013,50.96626],[11.72248,50.97228],[11.70662,50.95332],[11.69615,50.94937],[11.69201,50.93254],[11.69947,50.93084],[11.70648,50.91907],[11.71706,50.91944],[11.73114,50.9299],[11.74327,50.92396],[11.73861,50.91732],[11.74626,50.90903],[11.76992,50.90893],[11.76901,50.9249],[11.76159,50.92861],[11.79005,50.93158],[11.81211,50.93093],[11.81671,50.93519],[11.83041,50.92818],[11.84788,50.93698],[11.83748,50.94134],[11.83675,50.9508],[11.82384,50.96233],[11.82806,50.97147],[11.83882,50.97429],[11.84627,50.96955],[11.84692,50.95988],[11.86044,50.96864],[11.84764,50.97431],[11.86585,50.97948],[11.8793,50.97943],[11.86519,50.98546]]]},"properties":{"plz":"07616","name":"07616 Bürgel u.a."}},{"type":"Feature","geometry":{"type":"Polygon","coordinates":[[[11.76642,51.04334],[11.77752,51.03326],[11.7759,51.02364],[11.75325,51.01573],[11.75756,51.00751],[11.74381,50.9957],[11.74477,50.98045],[11.75365,50.97909],[11.75011,50.9726],[11.77079,50.96876],[11.77245,50.97838],[11.80334,50.99345],[11.80805,50.98733],[11.81875,50.99542],[11.82915,50.99401],[11.85254,50.99748],[11.84319,51.00684],[11.86506,51.00859],[11.85674,51.0169],[11.86874,51.03078],[11.88721,51.03158],[11.88729,51.03611],[11.90168,51.03958],[11.91125,51.02825],[11.91525,51.03734],[11.90997,51.04475],[11.89734,51.04505],[11.89006,51.05514],[11.87507,51.05686],[11.8637,51.05132],[11.83209,51.05214],[11.80403,51.04578],[11.79753,51.05034],[11.77477,51.05308],[11.76642,51.04334]]]},"properties":{"plz":"07619","name":"07619 Schkölen"}},{"type":"Feature","geometry":{"type":"Polygon","coordinates":[[[11.9494,50.92469],[11.94201,50.92217],[11.9243,50.93723],[11.90997,50.93584],[11.9158,50.94426],[11.91267,50.9506],[11.8965,50.95014],[11.89234,50.94137],[11.87483,50.94142],[11.84788,50.93698],[11.83041,50.92818],[11.81635,50.92232],[11.80842,50.91345],[11.8117,50.90315],[11.82321,50.89815],[11.84298,50.90089],[11.84269,50.90656],[11.86504,50.90801],[11.86608,50.8997],[11.88338,50.89111],[11.88858,50.89501],[11.91913,50.89261],[11.91375,50.90489],[11.92425,50.90876],[11.92274,50.91426],[11.95267,50.91579],[11.9494,50.92469]]]},"properties":{"plz":"07639","name":"07639 Bad Klosterlausnitz"}},{"type":"Feature","geometry":{"type":"Polygon","coordinates":[[[11.70098,51.07866],[11.69667,51.08763],[11.68189,51.0837],[11.68782,51.07634],[11.68865,51.06157],[11.67799,51.0605],[11.68682,51.05413],[11.66827,51.04235],[11.67521,51.03636],[11.65156,51.02378],[11.62096,51.02743],[11.62291,51.02046],[11.63125,51.01784],[11.65806,50.99298],[11.66975,50.9897],[11.6788,50.9879],[11.68136,50.99686],[11.71448,50.99998],[11.73013,50.99558],[11.74381,50.9957],[11.75756,51.00751],[11.75325,51.01573],[11.7759,51.02364],[11.77752,51.03326],[11.76642,51.04334],[11.74599,51.05186],[11.75218,51.05766],[11.72046,51.07097],[11.70119,51.06909],[11.70098,51.07866]]]},"properties":{"plz":"07774","name":"07774 Dornburg-Camburg u.a."}},{"type":"Feature","geometry":{"type":"Polygon","coordinates":[[[12.60037,50.84464],[12.59621,50.85376],[12.60037,50.86718],[12.5896,50.86863],[12.589,50.8743],[12.57415,50.87235],[12.56217,50.87578],[12.54347,50.86487],[12.5322,50.86259],[12.51593,50.85176],[12.51891,50.84868],[12.52899,50.8421],[12.55858,50.844],[12.55615,50.85062],[12.59136,50.84008],[12.60037,50.84464]]]},"properties":{"plz":"08373","name":"08373 Remse"}},{"type":"Feature","geometry":{"type":"Polygon","coordinates":[[[12.48819,50.89317],[12.45927,50.88033],[12.46412,50.87019],[12.44959,50.86777],[12.44391,50.8621],[12.44844,50.85512],[12.44091,50.84613],[12.42025,50.83947],[12.40927,50.83034],[12.41687,50.82262],[12.43051,50.82743],[12.44512,50.82652],[12.44482,50.80369],[12.45529,50.79115],[12.48053,50.79878],[12.48655,50.80598],[12.49041,50.79914],[12.50368,50.79953],[12.50983,50.8017],[12.51329,50.81411],[12.49304,50.82139],[12.48564,50.83707],[12.51891,50.84868],[12.51593,50.85176],[12.5322,50.86259],[12.5342,50.86706],[12.5205,50.87187],[12.52163,50.88211],[12.5098,50.89319],[12.48819,50.89317]]]},"properties":{"plz":"08393","name":"08393 Meerane"}},{"type":"Feature","geometry":{"type":"Polygon","coordinates":[[[12.62017,50.90932],[12.59164,50.90257],[12.58469,50.90406],[12.5743,50.90136],[12.55554,50.90594],[12.53518,50.89998],[12.52345,50.9088],[12.50729,50.90466],[12.5098,50.89319],[12.52163,50.88211],[12.5205,50.87187],[12.5342,50.86706],[12.5322,50.86259],[12.54347,50.86487],[12.56217,50.87578],[12.57415,50.87235],[12.589,50.8743],[12.5896,50.86863],[12.60037,50.86718],[12.59621,50.85376],[12.60037,50.84464],[12.6067,50.83737],[12.6189,50.84029],[12.6111,50.85411],[12.63803,50.8594],[12.63228,50.86706],[12.64557,50.87958],[12.6393,50.88394],[12.65264,50.89746],[12.64097,50.90301],[12.62017,50.90932]]]},"properties":{"plz":"08396","name":"08396 Waldenburg"}},{"type":"Feature","geometry":{"type":"Polygon","coordinates":[[[12.75593,50.93865],[12.75998,50.92444],[12.76976,50.91948],[12.78166,50.91598],[12.78593,50.90031],[12.79888,50.89856],[12.80858,50.89245],[12.82348,50.89049],[12.82721,50.88399],[12.83973,50.88624],[12.83705,50.89164],[12.84783,50.89752],[12.83246,50.89794],[12.81979,50.9113],[12.83192,50.9181],[12.83847,50.92959],[12.84951,50.92988],[12.84938,50.9377],[12.82111,50.94377],[12.80794,50.94656],[12.79568,50.94358],[12.78896,50.94864],[12.77576,50.94913],[12.76855,50.93984],[12.75593,50.93865]]]},"properties":{"plz":"09217","name":"09217 Burgstädt"}},{"type":"Feature","geometry":{"type":"Polygon","coordinates":[[[12.76976,50.91948],[12.76689,50.91549],[12.74005,50.90526],[12.74837,50.8881],[12.76289,50.88291],[12.76654,50.89045],[12.78185,50.8854],[12.7795,50.89188],[12.78593,50.90031],[12.78166,50.91598],[12.76976,50.91948]]]},"properties":{"plz":"09241","name":"09241 Mühlau"}},{"type":"Feature","geometry":{"type":"Polygon","coordinates":[[[12.76549,50.87853],[12.76289,50.88291],[12.74837,50.8881],[12.74005,50.90526],[12.73211,50.90823],[12.72545,50.90307],[12.7091,50.90251],[12.69949,50.89914],[12.71071,50.884],[12.72477,50.87503],[12.74436,50.87612],[12.7516,50.86552],[12.76549,50.87853]]]},"properties":{"plz":"09243","name":"09243 Niederfrohna"}},{"type":"Feature","geometry":{"type":"Polygon","coordinates":[[[12.73182,50.99817],[12.73268,50.9879],[12.74557,50.9915],[12.74494,50.98192],[12.76043,50.97824],[12.7747,50.98749],[12.78247,50.98556],[12.78364,50.97704],[12.79457,50.97879],[12.8095,50.96939],[12.80445,50.95817],[12.80794,50.94656],[12.82111,50.94377],[12.83546,50.95615],[12.8588,50.95681],[12.87708,50.94676],[12.91145,50.95547],[12.91147,50.95807],[12.91438,50.97274],[12.88408,50.99011],[12.88137,51.00163],[12.86942,51.00136],[12.86708,51.01313],[12.89508,51.01042],[12.89879,51.00181],[12.95047,50.99344],[12.9551,50.9998],[12.95684,51.01624],[12.95237,51.01698],[12.9516,51.0363],[12.96252,51.04035],[12.97943,51.03431],[12.9872,51.04711],[12.9688,51.04947],[12.95697,51.05559],[12.95564,51.07074],[12.95261,51.05847],[12.93006,51.05146],[12.92315,51.05692],[12.92478,51.04525],[12.87737,51.04356],[12.88742,51.05255],[12.8791,51.05981],[12.86964,51.05198],[12.86294,51.06073],[12.86868,51.06911],[12.88532,51.07605],[12.87625,51.07968],[12.87427,51.09125],[12.87135,51.09497],[12.85069,51.09797],[12.84232,51.09359],[12.82605,51.09465],[12.8131,51.09154],[12.80318,51.09695],[12.80626,51.10331],[12.79503,51.10574],[12.78865,51.10073],[12.77642,51.10587],[12.7667,51.10267],[12.75396,51.1058],[12.73964,51.10493],[12.738,51.09597],[12.74663,51.09451],[12.72626,51.08387],[12.72723,51.07902],[12.71603,51.06238],[12.73322,51.05131],[12.72646,51.04636],[12.73074,51.03784],[12.70973,51.02464],[12.73128,51.01949],[12.72928,51.01339],[12.73835,51.00278],[12.73182,50.99817]]]},"properties":{"plz":"09306","name":"09306 Rochlitz"}},{"type":"Feature","geometry":{"type":"Polygon","coordinates":[[[12.65274,50.92421],[12.66907,50.92143],[12.67325,50.91054],[12.68362,50.90989],[12.6928,50.90273],[12.7091,50.90251],[12.72545,50.90307],[12.73211,50.90823],[12.74005,50.90526],[12.76689,50.91549],[12.76976,50.91948],[12.75998,50.92444],[12.75593,50.93865],[12.75013,50.93905],[12.73843,50.9526],[12.72821,50.95599],[12.71718,50.9484],[12.70964,50.95492],[12.69165,50.95918],[12.69573,50.97186],[12.70365,50.98117],[12.71633,50.97999],[12.73268,50.9879],[12.73182,50.99817],[12.70616,51.00697],[12.68633,50.98504],[12.66763,50.98752],[12.6635,50.98382],[12.63785,50.98436],[12.63384,50.97969],[12.61715,50.9813],[12.62968,50.9466],[12.62574,50.94238],[12.64503,50.92615],[12.65274,50.92421]]]},"properties":{"plz":"09322","name":"09322 Penig"}},{"type":"Feature","geometry":{"type":"Polygon","coordinates":[[[12.87427,51.09125],[12.87625,51.07968],[12.88532,51.07605],[12.86868,51.06911],[12.86294,51.06073],[12.86964,51.05198],[12.8791,51.05981],[12.88742,51.05255],[12.87737,51.04356],[12.92478,51.04525],[12.92315,51.05692],[12.93006,51.05146],[12.95261,51.05847],[12.95564,51.07074],[12.95246,51.08531],[12.94644,51.08511],[12.94453,51.10132],[12.92326,51.09713],[12.9233,51.10603],[12.88948,51.09709],[12.87427,51.09125]]]},"properties":{"plz":"09326","name":"09326 Geringswalde"}},{"type":"Feature","geometry":{"type":"Polygon","coordinates":[[[12.80794,50.94656],[12.80445,50.95817],[12.8095,50.96939],[12.79457,50.97879],[12.78364,50.97704],[12.78247,50.98556],[12.7747,50.98749],[12.76043,50.97824],[12.74494,50.98192],[12.74557,50.9915],[12.73268,50.9879],[12.71633,50.97999],[12.70365,50.98117],[12.69573,50.97186],[12.69165,50.95918],[12.70964,50.95492],[12.71718,50.9484],[12.72821,50.95599],[12.73843,50.9526],[12.75013,50.93905],[12.75593,50.93865],[12.76855,50.93984],[12.77576,50.94913],[12.78896,50.94864],[12.79568,50.94358],[12.80794,50.94656]]]},"properties":{"plz":"09328","name":"09328 Lunzenau"}}]}