{"type":"FeatureCollection","features":[{"type":"Feature","geometry":{"type":"Polygon","coordinates":[[[11.56428,48.13851],[11.56829,48.13265],[11.58451,48.13205],[11.58334,48.13556],[11.57721,48.13882],[11.5675,48.13986],[11.56428,48.13851]]]},"properties":{"plz":"80331","name":"80331 München"}},{"type":"Feature","geometry":{"type":"Polygon","coordinates":[[[11.57721,48.13882],[11.5791,48.1484],[11.56786,48.15136],[11.56106,48.15229],[11.55914,48.15162],[11.55836,48.14503],[11.5675,48.13986],[11.57721,48.13882]]]},"properties":{"plz":"80333","name":"80333 München"}},{"type":"Feature","geometry":{"type":"Polygon","coordinates":[[[11.5675,48.13986],[11.55836,48.14503],[11.55914,48.15162],[11.55391,48.15419],[11.54114,48.14604],[11.54838,48.14074],[11.54979,48.13885],[11.56428,48.13851],[11.5675,48.13986]]]},"properties":{"plz":"80335","name":"80335 München"}},{"type":"Feature","geometry":{"type":"Polygon","coordinates":[[[11.56428,48.13851],[11.54979,48.13885],[11.5442,48.12637],[11.54374,48.12349],[11.56722,48.1327],[11.56829,48.13265],[11.56428,48.13851]]]},"properties":{"plz":"80336","name":"80336 München"}},{"type":"Feature","geometry":{"type":"Polygon","coordinates":[[[11.54374,48.12349],[11.54166,48.12178],[11.55712,48.12043],[11.56722,48.1327],[11.54374,48.12349]]]},"properties":{"plz":"80337","name":"80337 München"}},{"type":"Feature","geometry":{"type":"Polygon","coordinates":[[[11.54838,48.14074],[11.53467,48.1428],[11.53105,48.14295],[11.5282,48.14124],[11.52613,48.13651],[11.53195,48.13224],[11.5442,48.12637],[11.54979,48.13885],[11.54838,48.14074]]]},"properties":{"plz":"80339","name":"80339 München"}},{"type":"Feature","geometry":{"type":"Polygon","coordinates":[[[11.56829,48.13265],[11.56722,48.1327],[11.55712,48.12043],[11.55817,48.11991],[11.56139,48.11839],[11.5713,48.12463],[11.57803,48.12813],[11.58451,48.13205],[11.56829,48.13265]]]},"properties":{"plz":"80469","name":"80469 München"}},{"type":"Feature","geometry":{"type":"Polygon","coordinates":[[[11.58451,48.13205],[11.57803,48.12813],[11.58261,48.12833],[11.58653,48.13175],[11.59185,48.13653],[11.59817,48.14935],[11.60502,48.15697],[11.60255,48.15834],[11.58879,48.15331],[11.58334,48.13556],[11.58451,48.13205]]]},"properties":{"plz":"80538","name":"80538 München"}},{"type":"Feature","geometry":{"type":"Polygon","coordinates":[[[11.58334,48.13556],[11.58879,48.15331],[11.58166,48.15221],[11.5791,48.1484],[11.57721,48.13882],[11.58334,48.13556]]]},"properties":{"plz":"80539","name":"80539 München"}},{"type":"Feature","geometry":{"type":"Polygon","coordinates":[[[11.53467,48.1428],[11.53607,48.14649],[11.537,48.15598],[11.53095,48.15645],[11.52082,48.15303],[11.52016,48.14668],[11.53105,48.14295],[11.53467,48.1428]]]},"properties":{"plz":"80634","name":"80634 München"}},{"type":"Feature","geometry":{"type":"Polygon","coordinates":[[[11.55391,48.15419],[11.54678,48.15965],[11.5382,48.15792],[11.53607,48.14649],[11.53467,48.1428],[11.54838,48.14074],[11.54114,48.14604],[11.55391,48.15419]]]},"properties":{"plz":"80636","name":"80636 München"}},{"type":"Feature","geometry":{"type":"Polygon","coordinates":[[[11.53607,48.14649],[11.5382,48.15792],[11.54678,48.15965],[11.54669,48.16644],[11.53847,48.17098],[11.52527,48.16879],[11.52989,48.15948],[11.53095,48.15645],[11.537,48.15598],[11.53607,48.14649]]]},"properties":{"plz":"80637","name":"80637 München"}},{"type":"Feature","geometry":{"type":"Polygon","coordinates":[[[11.52527,48.16879],[11.5152,48.17335],[11.5075,48.16472],[11.49165,48.1653],[11.48131,48.15741],[11.48173,48.15556],[11.49749,48.15328],[11.50928,48.15829],[11.52989,48.15948],[11.52527,48.16879]]]},"properties":{"plz":"80638","name":"80638 München"}},{"type":"Feature","geometry":{"type":"Polygon","coordinates":[[[11.53105,48.14295],[11.52016,48.14668],[11.52082,48.15303],[11.53095,48.15645],[11.52989,48.15948],[11.50928,48.15829],[11.49749,48.15328],[11.48173,48.15556],[11.48565,48.14657],[11.5282,48.14124],[11.53105,48.14295]]]},"properties":{"plz":"80639","name":"80639 München"}},{"type":"Feature","geometry":{"type":"Polygon","coordinates":[[[11.52613,48.13651],[11.49168,48.13978],[11.50295,48.13543],[11.50269,48.12582],[11.52015,48.12367],[11.53195,48.13224],[11.52613,48.13651]]]},"properties":{"plz":"80686","name":"80686 München"}},{"type":"Feature","geometry":{"type":"Polygon","coordinates":[[[11.5282,48.14124],[11.48565,48.14657],[11.4817,48.14162],[11.49168,48.13978],[11.52613,48.13651],[11.5282,48.14124]]]},"properties":{"plz":"80687","name":"80687 München"}},{"type":"Feature","geometry":{"type":"Polygon","coordinates":[[[11.49168,48.13978],[11.4817,48.14162],[11.47591,48.13136],[11.46491,48.12842],[11.46476,48.12397],[11.50186,48.12553],[11.50269,48.12582],[11.50295,48.13543],[11.49168,48.13978]]]},"properties":{"plz":"80689","name":"80689 München"}},{"type":"Feature","geometry":{"type":"Polygon","coordinates":[[[11.56502,48.16787],[11.56348,48.15928],[11.57206,48.1577],[11.57538,48.16152],[11.57416,48.16714],[11.56502,48.16787]]]},"properties":{"plz":"80796","name":"80796 München"}},{"type":"Feature","geometry":{"type":"Polygon","coordinates":[[[11.56106,48.15229],[11.56348,48.15928],[11.56502,48.16787],[11.56464,48.17065],[11.54669,48.16644],[11.54678,48.15965],[11.55391,48.15419],[11.55914,48.15162],[11.56106,48.15229]]]},"properties":{"plz":"80797","name":"80797 München"}},{"type":"Feature","geometry":{"type":"Polygon","coordinates":[[[11.56786,48.15136],[11.5714,48.15672],[11.57206,48.1577],[11.56348,48.15928],[11.56106,48.15229],[11.56786,48.15136]]]},"properties":{"plz":"80798","name":"80798 München"}},{"type":"Feature","geometry":{"type":"Polygon","coordinates":[[[11.5791,48.1484],[11.58166,48.15221],[11.58057,48.15551],[11.5714,48.15672],[11.56786,48.15136],[11.5791,48.1484]]]},"properties":{"plz":"80799","name":"80799 München"}},{"type":"Feature","geometry":{"type":"Polygon","coordinates":[[[11.57206,48.1577],[11.5714,48.15672],[11.58057,48.15551],[11.58478,48.16154],[11.57538,48.16152],[11.57206,48.1577]]]},"properties":{"plz":"80801","name":"80801 München"}},{"type":"Feature","geometry":{"type":"Polygon","coordinates":[[[11.60255,48.15834],[11.58691,48.1679],[11.58575,48.16732],[11.58478,48.16154],[11.58057,48.15551],[11.58166,48.15221],[11.58879,48.15331],[11.60255,48.15834]]]},"properties":{"plz":"80802","name":"80802 München"}},{"type":"Feature","geometry":{"type":"Polygon","coordinates":[[[11.57538,48.16152],[11.58478,48.16154],[11.58575,48.16732],[11.57416,48.16714],[11.57538,48.16152]]]},"properties":{"plz":"80803","name":"80803 München"}},{"type":"Feature","geometry":{"type":"Polygon","coordinates":[[[11.57416,48.16714],[11.58575,48.16732],[11.58691,48.1679],[11.58527,48.17764],[11.56981,48.1773],[11.56464,48.17065],[11.56502,48.16787],[11.57416,48.16714]]]},"properties":{"plz":"80804","name":"80804 München"}},{"type":"Feature","geometry":{"type":"Polygon","coordinates":[[[11.60502,48.15697],[11.62674,48.18042],[11.6292,48.18313],[11.61235,48.18793],[11.593,48.17566],[11.58527,48.17764],[11.58691,48.1679],[11.60255,48.15834],[11.60502,48.15697]]]},"properties":{"plz":"80805","name":"80805 München"}},{"type":"Feature","geometry":{"type":"Polygon","coordinates":[[[11.58527,48.17764],[11.593,48.17566],[11.61235,48.18793],[11.58417,48.19049],[11.56566,48.19026],[11.56981,48.1773],[11.58527,48.17764]]]},"properties":{"plz":"80807","name":"80807 München"}},{"type":"Feature","geometry":{"type":"Polygon","coordinates":[[[11.54669,48.16644],[11.56464,48.17065],[11.56981,48.1773],[11.56566,48.19026],[11.53937,48.18803],[11.53993,48.18109],[11.53847,48.17098],[11.54669,48.16644]]]},"properties":{"plz":"80809","name":"80809 München"}},{"type":"Feature","geometry":{"type":"Polygon","coordinates":[[[11.54651,48.20889],[11.56364,48.20882],[11.56347,48.22485],[11.55195,48.22349],[11.54651,48.20889]]]},"properties":{"plz":"80933","name":"80933 München"}},{"type":"Feature","geometry":{"type":"Polygon","coordinates":[[[11.56566,48.19026],[11.56364,48.20882],[11.54651,48.20889],[11.54032,48.20308],[11.53937,48.18803],[11.56566,48.19026]]]},"properties":{"plz":"80935","name":"80935 München"}},{"type":"Feature","geometry":{"type":"Polygon","coordinates":[[[11.58417,48.19049],[11.58744,48.22212],[11.5823,48.22856],[11.56325,48.22718],[11.56347,48.22485],[11.56364,48.20882],[11.56566,48.19026],[11.58417,48.19049]]]},"properties":{"plz":"80937","name":"80937 München"}},{"type":"Feature","geometry":{"type":"Polygon","coordinates":[[[11.62674,48.18042],[11.62837,48.17947],[11.63912,48.20377],[11.64513,48.20797],[11.65051,48.21701],[11.63899,48.22596],[11.62461,48.22924],[11.60572,48.22677],[11.61158,48.21914],[11.60183,48.21686],[11.58747,48.21348],[11.58744,48.22212],[11.58417,48.19049],[11.61235,48.18793],[11.6292,48.18313],[11.62674,48.18042]]]},"properties":{"plz":"80939","name":"80939 München"}},{"type":"Feature","geometry":{"type":"Polygon","coordinates":[[[11.53847,48.17098],[11.53993,48.18109],[11.50866,48.18248],[11.48785,48.16601],[11.49165,48.1653],[11.5075,48.16472],[11.5152,48.17335],[11.52527,48.16879],[11.53847,48.17098]]]},"properties":{"plz":"80992","name":"80992 München"}},{"type":"Feature","geometry":{"type":"Polygon","coordinates":[[[11.53937,48.18803],[11.50185,48.19266],[11.50866,48.18248],[11.53993,48.18109],[11.53937,48.18803]]]},"properties":{"plz":"80993","name":"80993 München"}},{"type":"Feature","geometry":{"type":"Polygon","coordinates":[[[11.56347,48.22485],[11.56325,48.22718],[11.54743,48.227],[11.53112,48.23134],[11.52539,48.24132],[11.49984,48.2481],[11.49069,48.24542],[11.48775,48.23208],[11.49108,48.2231],[11.47706,48.21955],[11.47502,48.21054],[11.48528,48.20924],[11.50185,48.19266],[11.53937,48.18803],[11.54032,48.20308],[11.54651,48.20889],[11.55195,48.22349],[11.56347,48.22485]]]},"properties":{"plz":"80995","name":"80995 München"}},{"type":"Feature","geometry":{"type":"Polygon","coordinates":[[[11.50866,48.18248],[11.50185,48.19266],[11.48528,48.20924],[11.47502,48.21054],[11.47706,48.21955],[11.45947,48.21172],[11.47345,48.17601],[11.48785,48.16601],[11.50866,48.18248]]]},"properties":{"plz":"80997","name":"80997 München"}},{"type":"Feature","geometry":{"type":"Polygon","coordinates":[[[11.45947,48.21172],[11.4576,48.2088],[11.43242,48.20524],[11.43713,48.19136],[11.43039,48.18877],[11.43853,48.17756],[11.44852,48.17379],[11.47345,48.17601],[11.45947,48.21172]]]},"properties":{"plz":"80999","name":"80999 München"}},{"type":"Feature","geometry":{"type":"Polygon","coordinates":[[[11.48565,48.14657],[11.44567,48.15291],[11.45429,48.14353],[11.44765,48.13348],[11.46491,48.12842],[11.47591,48.13136],[11.4817,48.14162],[11.48565,48.14657]]]},"properties":{"plz":"81241","name":"81241 München"}},{"type":"Feature","geometry":{"type":"Polygon","coordinates":[[[11.44567,48.15291],[11.41761,48.15556],[11.42429,48.14186],[11.43637,48.13666],[11.44765,48.13348],[11.45429,48.14353],[11.44567,48.15291]]]},"properties":{"plz":"81243","name":"81243 München"}},{"type":"Feature","geometry":{"type":"Polygon","coordinates":[[[11.48131,48.15741],[11.45766,48.15752],[11.4561,48.1653],[11.4415,48.17502],[11.42123,48.17415],[11.40646,48.16186],[11.40655,48.15678],[11.41761,48.15556],[11.44567,48.15291],[11.48565,48.14657],[11.48173,48.15556],[11.48131,48.15741]]]},"properties":{"plz":"81245","name":"81245 München"}},{"type":"Feature","geometry":{"type":"Polygon","coordinates":[[[11.49165,48.1653],[11.48785,48.16601],[11.47345,48.17601],[11.44852,48.17379],[11.43853,48.17756],[11.4415,48.17502],[11.4561,48.1653],[11.45766,48.15752],[11.48131,48.15741],[11.49165,48.1653]]]},"properties":{"plz":"81247","name":"81247 München"}},{"type":"Feature","geometry":{"type":"Polygon","coordinates":[[[11.43242,48.20524],[11.42623,48.20436],[11.40244,48.20139],[11.39359,48.20059],[11.38874,48.19232],[11.39096,48.18149],[11.37508,48.17907],[11.36913,48.17653],[11.36078,48.15807],[11.3712,48.15842],[11.38914,48.14793],[11.39218,48.13666],[11.38962,48.12787],[11.40227,48.12517],[11.41288,48.12749],[11.42626,48.13654],[11.43637,48.13666],[11.42429,48.14186],[11.41761,48.15556],[11.40655,48.15678],[11.40646,48.16186],[11.42123,48.17415],[11.4415,48.17502],[11.43853,48.17756],[11.43039,48.18877],[11.43713,48.19136],[11.43242,48.20524]]]},"properties":{"plz":"81249","name":"81249 München"}},{"type":"Feature","geometry":{"type":"Polygon","coordinates":[[[11.51983,48.11417],[11.51942,48.10972],[11.52509,48.10347],[11.54059,48.10396],[11.54166,48.12178],[11.53977,48.11611],[11.51983,48.11417]]]},"properties":{"plz":"81369","name":"81369 München"}},{"type":"Feature","geometry":{"type":"Polygon","coordinates":[[[11.54166,48.12178],[11.54059,48.10396],[11.54878,48.10583],[11.55817,48.11991],[11.55712,48.12043],[11.54166,48.12178]]]},"properties":{"plz":"81371","name":"81371 München"}},{"type":"Feature","geometry":{"type":"Polygon","coordinates":[[[11.5442,48.12637],[11.53195,48.13224],[11.52015,48.12367],[11.51983,48.11417],[11.53977,48.11611],[11.54166,48.12178],[11.54374,48.12349],[11.5442,48.12637]]]},"properties":{"plz":"81373","name":"81373 München"}},{"type":"Feature","geometry":{"type":"Polygon","coordinates":[[[11.46476,48.12397],[11.46506,48.11471],[11.47731,48.11576],[11.50232,48.1121],[11.50186,48.12553],[11.46476,48.12397]]]},"properties":{"plz":"81375","name":"81375 München"}},{"type":"Feature","geometry":{"type":"Polygon","coordinates":[[[11.50269,48.12582],[11.50186,48.12553],[11.50232,48.1121],[11.47731,48.11576],[11.46506,48.11471],[11.4634,48.1145],[11.46297,48.10525],[11.4744,48.10359],[11.48074,48.09585],[11.5016,48.10269],[11.51942,48.10972],[11.51983,48.11417],[11.52015,48.12367],[11.50269,48.12582]]]},"properties":{"plz":"81377","name":"81377 München"}},{"type":"Feature","geometry":{"type":"Polygon","coordinates":[[[11.55817,48.11991],[11.54878,48.10583],[11.54059,48.10396],[11.52509,48.10347],[11.51942,48.10972],[11.5016,48.10269],[11.50404,48.10056],[11.50693,48.09862],[11.50377,48.09383],[11.52122,48.09493],[11.52098,48.09052],[11.53965,48.08989],[11.54512,48.08503],[11.55055,48.09225],[11.55135,48.10208],[11.56018,48.10896],[11.56139,48.11839],[11.55817,48.11991]]]},"properties":{"plz":"81379","name":"81379 München"}},{"type":"Feature","geometry":{"type":"Polygon","coordinates":[[[11.4744,48.10359],[11.47085,48.09938],[11.47634,48.08877],[11.47092,48.08319],[11.4867,48.0765],[11.48875,48.0954],[11.50404,48.10056],[11.5016,48.10269],[11.48074,48.09585],[11.4744,48.10359]]]},"properties":{"plz":"81475","name":"81475 München"}},{"type":"Feature","geometry":{"type":"Polygon","coordinates":[[[11.50404,48.10056],[11.48875,48.0954],[11.4867,48.0765],[11.49161,48.07441],[11.50304,48.08309],[11.50271,48.09296],[11.50693,48.09862],[11.50404,48.10056]]]},"properties":{"plz":"81476","name":"81476 München"}},{"type":"Feature","geometry":{"type":"Polygon","coordinates":[[[11.50693,48.09862],[11.50271,48.09296],[11.50304,48.08309],[11.49161,48.07441],[11.50356,48.06929],[11.51073,48.07373],[11.52098,48.09052],[11.52122,48.09493],[11.50377,48.09383],[11.50693,48.09862]]]},"properties":{"plz":"81477","name":"81477 München"}},{"type":"Feature","geometry":{"type":"Polygon","coordinates":[[[11.52098,48.09052],[11.51073,48.07373],[11.50356,48.06929],[11.50876,48.06162],[11.52825,48.06898],[11.53374,48.07771],[11.54133,48.07789],[11.54512,48.08503],[11.53965,48.08989],[11.52098,48.09052]]]},"properties":{"plz":"81479","name":"81479 München"}},{"type":"Feature","geometry":{"type":"Polygon","coordinates":[[[11.57304,48.11156],[11.58222,48.10441],[11.60449,48.10901],[11.60237,48.11506],[11.57622,48.11592],[11.57304,48.11156]]]},"properties":{"plz":"81539","name":"81539 München"}},{"type":"Feature","geometry":{"type":"Polygon","coordinates":[[[11.5713,48.12463],[11.57622,48.11592],[11.60237,48.11506],[11.59953,48.12328],[11.58261,48.12833],[11.57803,48.12813],[11.5713,48.12463]]]},"properties":{"plz":"81541","name":"81541 München"}},{"type":"Feature","geometry":{"type":"Polygon","coordinates":[[[11.56139,48.11839],[11.56018,48.10896],[11.55135,48.10208],[11.55055,48.09225],[11.56155,48.09958],[11.57304,48.11156],[11.57622,48.11592],[11.5713,48.12463],[11.56139,48.11839]]]},"properties":{"plz":"81543","name":"81543 München"}},{"type":"Feature","geometry":{"type":"Polygon","coordinates":[[[11.54512,48.08503],[11.54133,48.07789],[11.54407,48.06831],[11.54542,48.06813],[11.55347,48.08395],[11.5608,48.08294],[11.57443,48.08934],[11.57106,48.09831],[11.56155,48.09958],[11.55055,48.09225],[11.54512,48.08503]]]},"properties":{"plz":"81545","name":"81545 München"}},{"type":"Feature","geometry":{"type":"Polygon","coordinates":[[[11.57304,48.11156],[11.56155,48.09958],[11.57106,48.09831],[11.57443,48.08934],[11.58542,48.09353],[11.58222,48.10441],[11.57304,48.11156]]]},"properties":{"plz":"81547","name":"81547 München"}},{"type":"Feature","geometry":{"type":"Polygon","coordinates":[[[11.58222,48.10441],[11.58542,48.09353],[11.59362,48.08498],[11.60776,48.08562],[11.61631,48.08843],[11.61511,48.1121],[11.60449,48.10901],[11.58222,48.10441]]]},"properties":{"plz":"81549","name":"81549 München"}},{"type":"Feature","geometry":{"type":"Polygon","coordinates":[[[11.58653,48.13175],[11.60109,48.12447],[11.61158,48.13153],[11.61038,48.1325],[11.59185,48.13653],[11.58653,48.13175]]]},"properties":{"plz":"81667","name":"81667 München"}},{"type":"Feature","geometry":{"type":"Polygon","coordinates":[[[11.58261,48.12833],[11.59953,48.12328],[11.60237,48.11506],[11.60449,48.10901],[11.61511,48.1121],[11.61765,48.11313],[11.61823,48.11525],[11.60109,48.12447],[11.58653,48.13175],[11.58261,48.12833]]]},"properties":{"plz":"81669","name":"81669 München"}},{"type":"Feature","geometry":{"type":"Polygon","coordinates":[[[11.60109,48.12447],[11.61823,48.11525],[11.63952,48.11802],[11.64082,48.12148],[11.6207,48.12292],[11.61158,48.13153],[11.60109,48.12447]]]},"properties":{"plz":"81671","name":"81671 München"}},{"type":"Feature","geometry":{"type":"Polygon","coordinates":[[[11.61158,48.13153],[11.6207,48.12292],[11.64082,48.12148],[11.63952,48.11802],[11.64076,48.11712],[11.64789,48.13203],[11.6166,48.13372],[11.61038,48.1325],[11.61158,48.13153]]]},"properties":{"plz":"81673","name":"81673 München"}},{"type":"Feature","geometry":{"type":"Polygon","coordinates":[[[11.59185,48.13653],[11.61038,48.1325],[11.6166,48.13372],[11.60712,48.13992],[11.60111,48.1421],[11.60819,48.15036],[11.59817,48.14935],[11.59185,48.13653]]]},"properties":{"plz":"81675","name":"81675 München"}},{"type":"Feature","geometry":{"type":"Polygon","coordinates":[[[11.64789,48.13203],[11.66545,48.14035],[11.63288,48.13857],[11.63446,48.14309],[11.62827,48.14717],[11.61848,48.14641],[11.60712,48.13992],[11.6166,48.13372],[11.64789,48.13203]]]},"properties":{"plz":"81677","name":"81677 München"}},{"type":"Feature","geometry":{"type":"Polygon","coordinates":[[[11.59817,48.14935],[11.60819,48.15036],[11.60111,48.1421],[11.60712,48.13992],[11.61848,48.14641],[11.60502,48.15697],[11.59817,48.14935]]]},"properties":{"plz":"81679","name":"81679 München"}},{"type":"Feature","geometry":{"type":"Polygon","coordinates":[[[11.61765,48.11313],[11.62292,48.10592],[11.64853,48.10555],[11.66202,48.09939],[11.66438,48.10122],[11.66658,48.10402],[11.64076,48.11712],[11.63952,48.11802],[11.61823,48.11525],[11.61765,48.11313]]]},"properties":{"plz":"81735","name":"81735 München"}},{"type":"Feature","geometry":{"type":"Polygon","coordinates":[[[11.61631,48.08843],[11.63304,48.08597],[11.6364,48.09886],[11.65856,48.09188],[11.66202,48.09939],[11.64853,48.10555],[11.62292,48.10592],[11.61765,48.11313],[11.61511,48.1121],[11.61631,48.08843]]]},"properties":{"plz":"81737","name":"81737 München"}},{"type":"Feature","geometry":{"type":"Polygon","coordinates":[[[11.66202,48.09939],[11.65856,48.09188],[11.6364,48.09886],[11.63304,48.08597],[11.66557,48.07821],[11.68565,48.07749],[11.68096,48.0841],[11.68711,48.09354],[11.66438,48.10122],[11.66202,48.09939]]]},"properties":{"plz":"81739","name":"81739 München"}},{"type":"Feature","geometry":{"type":"Polygon","coordinates":[[[11.64076,48.11712],[11.66658,48.10402],[11.68592,48.12112],[11.64789,48.13203],[11.64076,48.11712]]]},"properties":{"plz":"81825","name":"81825 München"}},{"type":"Feature","geometry":{"type":"Polygon","coordinates":[[[11.66438,48.10122],[11.68711,48.09354],[11.7127,48.10487],[11.71067,48.11556],[11.69405,48.11936],[11.68592,48.12112],[11.66658,48.10402],[11.66438,48.10122]]]},"properties":{"plz":"81827","name":"81827 München"}},{"type":"Feature","geometry":{"type":"Polygon","coordinates":[[[11.64789,48.13203],[11.68592,48.12112],[11.69405,48.11936],[11.71617,48.12817],[11.71227,48.13338],[11.7229,48.13706],[11.70992,48.14178],[11.70834,48.14794],[11.67816,48.14429],[11.66545,48.14035],[11.64789,48.13203]]]},"properties":{"plz":"81829","name":"81829 München"}},{"type":"Feature","geometry":{"type":"Polygon","coordinates":[[[11.60502,48.15697],[11.61848,48.14641],[11.62827,48.14717],[11.63002,48.16571],[11.63667,48.17277],[11.63133,48.1775],[11.62837,48.17947],[11.62674,48.18042],[11.60502,48.15697]]]},"properties":{"plz":"81925","name":"81925 München"}},{"type":"Feature","geometry":{"type":"Polygon","coordinates":[[[11.63446,48.14309],[11.64794,48.15746],[11.64539,48.17371],[11.63133,48.1775],[11.63667,48.17277],[11.63002,48.16571],[11.62827,48.14717],[11.63446,48.14309]]]},"properties":{"plz":"81927","name":"81927 München"}},{"type":"Feature","geometry":{"type":"Polygon","coordinates":[[[11.66545,48.14035],[11.67816,48.14429],[11.6798,48.15325],[11.67393,48.15647],[11.6961,48.17429],[11.69181,48.18256],[11.68683,48.18037],[11.6622,48.18289],[11.66553,48.17618],[11.64539,48.17371],[11.64794,48.15746],[11.63446,48.14309],[11.63288,48.13857],[11.66545,48.14035]]]},"properties":{"plz":"81929","name":"81929 München"}},{"type":"Feature","geometry":{"type":"Polygon","coordinates":[[[11.59362,48.08498],[11.59764,48.07312],[11.59312,48.05423],[11.61605,48.05505],[11.62681,48.05234],[11.64447,48.05419],[11.65026,48.06926],[11.64648,48.07547],[11.62683,48.07195],[11.61045,48.07543],[11.60776,48.08562],[11.59362,48.08498]]]},"properties":{"plz":"82008","name":"82008 Unterhaching"}},{"type":"Feature","geometry":{"type":"Polygon","coordinates":[[[11.59312,48.05423],[11.59376,48.04509],[11.58469,48.04345],[11.59204,48.03905],[11.6083,48.03747],[11.60587,48.025],[11.61431,48.02249],[11.61081,48.01436],[11.62793,48.01271],[11.62681,48.0066],[11.63879,48.00763],[11.64076,48.00307],[11.65292,48.00827],[11.66475,48.00379],[11.66598,48.01208],[11.65831,48.02307],[11.65045,48.02713],[11.659,48.03151],[11.65586,48.03958],[11.67378,48.04535],[11.67029,48.05206],[11.64447,48.05419],[11.62681,48.05234],[11.61605,48.05505],[11.59312,48.05423]]]},"properties":{"plz":"82024","name":"82024 Taufkirchen"}},{"type":"Feature","geometry":{"type":"Polygon","coordinates":[[[11.54407,48.06831],[11.5389,48.05843],[11.5266,48.05604],[11.50925,48.03596],[11.52354,48.02808],[11.53904,48.03797],[11.5569,48.03432],[11.55614,48.04518],[11.54077,48.03981],[11.55146,48.06283],[11.54542,48.06813],[11.54407,48.06831]]]},"properties":{"plz":"82031","name":"82031 Grünwald"}},{"type":"Feature","geometry":{"type":"Polygon","coordinates":[[[11.58469,48.04345],[11.57121,48.04272],[11.56381,48.02063],[11.54257,48.01608],[11.55086,48.01083],[11.56822,48.01153],[11.55999,48.00044],[11.54327,47.99833],[11.53948,47.99267],[11.55182,47.97791],[11.55435,47.96573],[11.5681,47.96138],[11.57305,47.96288],[11.5831,47.97786],[11.59675,47.97567],[11.59921,47.98478],[11.60817,47.98323],[11.61689,48.00622],[11.62538,48.00476],[11.62681,48.0066],[11.62793,48.01271],[11.61081,48.01436],[11.61431,48.02249],[11.60587,48.025],[11.6083,48.03747],[11.59204,48.03905],[11.58469,48.04345]]]},"properties":{"plz":"82041","name":"82041 Oberhaching"}},{"type":"Feature","geometry":{"type":"Polygon","coordinates":[[[11.50876,48.06162],[11.49946,48.05633],[11.50129,48.0468],[11.48799,48.04269],[11.50044,48.04166],[11.50053,48.03675],[11.50925,48.03596],[11.5266,48.05604],[11.5389,48.05843],[11.54407,48.06831],[11.54133,48.07789],[11.53374,48.07771],[11.52825,48.06898],[11.50876,48.06162]]]},"properties":{"plz":"82049","name":"82049 Pullach i. Isartal"}},{"type":"Feature","geometry":{"type":"Polygon","coordinates":[[[11.5681,47.96138],[11.56644,47.95814],[11.58205,47.95022],[11.5956,47.93719],[11.60543,47.93412],[11.60354,47.92401],[11.62361,47.9203],[11.63901,47.92586],[11.64312,47.9221],[11.65508,47.92811],[11.65901,47.92273],[11.68073,47.93687],[11.70239,47.93919],[11.68833,47.96293],[11.68991,47.97647],[11.66925,47.98325],[11.66779,47.99437],[11.6512,47.99201],[11.64121,47.99843],[11.63106,47.99504],[11.62538,48.00476],[11.61689,48.00622],[11.60817,47.98323],[11.59921,47.98478],[11.59675,47.97567],[11.5831,47.97786],[11.57305,47.96288],[11.5681,47.96138]]]},"properties":{"plz":"82054","name":"82054 Sauerlach"}},{"type":"Feature","geometry":{"type":"Polygon","coordinates":[[[11.39554,47.91935],[11.38945,47.914],[11.39822,47.90837],[11.4046,47.91492],[11.41588,47.91761],[11.43135,47.93457],[11.43581,47.94295],[11.45304,47.95687],[11.46305,47.96554],[11.45287,47.97302],[11.42842,47.97854],[11.42267,47.97239],[11.41333,47.97317],[11.42111,47.96636],[11.40936,47.95722],[11.40448,47.94396],[11.39628,47.93973],[11.40563,47.93053],[11.39554,47.91935]]]},"properties":{"plz":"82057","name":"82057 Icking"}},{"type":"Feature","geometry":{"type":"Polygon","coordinates":[[[11.46297,48.10525],[11.4601,48.09548],[11.435,48.08992],[11.42031,48.0784],[11.41336,48.06835],[11.42019,48.04176],[11.40341,48.03222],[11.42598,48.02936],[11.42629,48.01947],[11.43308,48.01288],[11.46077,48.00955],[11.47051,48.01336],[11.47263,48.0308],[11.49611,48.03133],[11.50053,48.03675],[11.50044,48.04166],[11.48799,48.04269],[11.50129,48.0468],[11.49946,48.05633],[11.50876,48.06162],[11.50356,48.06929],[11.49161,48.07441],[11.4867,48.0765],[11.47092,48.08319],[11.47634,48.08877],[11.47085,48.09938],[11.4744,48.10359],[11.46297,48.10525]]]},"properties":{"plz":"82061","name":"82061 Neuried"}},{"type":"Feature","geometry":{"type":"Polygon","coordinates":[[[11.54542,48.06813],[11.55146,48.06283],[11.54077,48.03981],[11.55614,48.04518],[11.5569,48.03432],[11.53904,48.03797],[11.52354,48.02808],[11.50925,48.03596],[11.50647,48.02691],[11.49618,48.02179],[11.47979,48.0082],[11.47169,47.98593],[11.47517,47.97219],[11.4955,47.97341],[11.49781,47.96779],[11.51517,47.96535],[11.50991,47.95221],[11.54616,47.94938],[11.54611,47.95326],[11.56644,47.95814],[11.5681,47.96138],[11.55435,47.96573],[11.55182,47.97791],[11.53948,47.99267],[11.54327,47.99833],[11.55999,48.00044],[11.56822,48.01153],[11.55086,48.01083],[11.54257,48.01608],[11.56381,48.02063],[11.57121,48.04272],[11.58469,48.04345],[11.59376,48.04509],[11.59312,48.05423],[11.59764,48.07312],[11.59362,48.08498],[11.58542,48.09353],[11.57443,48.08934],[11.5608,48.08294],[11.55347,48.08395],[11.54542,48.06813]]]},"properties":{"plz":"82064","name":"82064 Straßlach-Dingharting"}},{"type":"Feature","geometry":{"type":"Polygon","coordinates":[[[11.50053,48.03675],[11.49611,48.03133],[11.47263,48.0308],[11.47051,48.01336],[11.46077,48.00955],[11.46808,48.00207],[11.4598,47.98373],[11.47169,47.98593],[11.47979,48.0082],[11.49618,48.02179],[11.50647,48.02691],[11.50925,48.03596],[11.50053,48.03675]]]},"properties":{"plz":"82065","name":"82065 Baierbrunn"}},{"type":"Feature","geometry":{"type":"Polygon","coordinates":[[[11.45304,47.95687],[11.46926,47.96338],[11.47517,47.97219],[11.47169,47.98593],[11.4598,47.98373],[11.43277,47.98274],[11.4272,47.97921],[11.42842,47.97854],[11.45287,47.97302],[11.46305,47.96554],[11.45304,47.95687]]]},"properties":{"plz":"82067","name":"82067 Schäftlarn"}},{"type":"Feature","geometry":{"type":"Polygon","coordinates":[[[11.43308,48.01288],[11.42345,48.00789],[11.42177,48.00081],[11.4098,47.99894],[11.40631,47.98936],[11.4272,47.97921],[11.43277,47.98274],[11.4598,47.98373],[11.46808,48.00207],[11.46077,48.00955],[11.43308,48.01288]]]},"properties":{"plz":"82069","name":"82069 Schäftlarn"}},{"type":"Feature","geometry":{"type":"Polygon","coordinates":[[[11.36078,48.15807],[11.36127,48.15373],[11.34543,48.13844],[11.32983,48.1366],[11.33124,48.13121],[11.32067,48.13256],[11.31985,48.12415],[11.30597,48.11996],[11.30851,48.11689],[11.3352,48.11219],[11.34854,48.10587],[11.35249,48.11114],[11.37082,48.11526],[11.38258,48.1066],[11.38949,48.11849],[11.39996,48.11672],[11.41288,48.12749],[11.40227,48.12517],[11.38962,48.12787],[11.39218,48.13666],[11.38914,48.14793],[11.3712,48.15842],[11.36078,48.15807]]]},"properties":{"plz":"82110","name":"82110 Germering"}},{"type":"Feature","geometry":{"type":"Polygon","coordinates":[[[11.42031,48.0784],[11.41161,48.08124],[11.41522,48.09073],[11.38846,48.10132],[11.37893,48.09986],[11.37508,48.09151],[11.35809,48.09012],[11.35323,48.08371],[11.35687,48.07149],[11.34189,48.06973],[11.33245,48.07803],[11.31369,48.07874],[11.31722,48.08812],[11.31486,48.09136],[11.2941,48.0898],[11.29638,48.0791],[11.29269,48.0604],[11.28464,48.05042],[11.29125,48.04883],[11.2767,48.04061],[11.28069,48.03497],[11.292,48.03016],[11.31274,48.03902],[11.32517,48.03129],[11.34864,48.03057],[11.36048,48.03709],[11.37796,48.03543],[11.38845,48.0392],[11.40341,48.03222],[11.42019,48.04176],[11.41336,48.06835],[11.42031,48.0784]]]},"properties":{"plz":"82131","name":"82131 Gauting"}},{"type":"Feature","geometry":{"type":"Polygon","coordinates":[[[11.40244,48.20139],[11.40467,48.21914],[11.39736,48.22734],[11.3841,48.22698],[11.3789,48.23547],[11.368,48.23715],[11.34173,48.22857],[11.33676,48.2344],[11.32478,48.22823],[11.33189,48.22306],[11.30705,48.2156],[11.28533,48.20043],[11.2852,48.19815],[11.30155,48.19068],[11.31303,48.1974],[11.32109,48.18555],[11.32997,48.18029],[11.3403,48.18012],[11.34111,48.18652],[11.3553,48.18807],[11.36213,48.20119],[11.35376,48.20466],[11.38571,48.2066],[11.39359,48.20059],[11.40244,48.20139]]]},"properties":{"plz":"82140","name":"82140 Olching"}},{"type":"Feature","geometry":{"type":"Polygon","coordinates":[[[11.4634,48.1145],[11.45018,48.11518],[11.44185,48.10676],[11.42908,48.1116],[11.39996,48.11672],[11.38949,48.11849],[11.38258,48.1066],[11.37082,48.11526],[11.35249,48.11114],[11.34854,48.10587],[11.34543,48.09819],[11.3163,48.09607],[11.32601,48.08913],[11.33361,48.09303],[11.35323,48.08371],[11.35809,48.09012],[11.37508,48.09151],[11.37893,48.09986],[11.38846,48.10132],[11.41522,48.09073],[11.41161,48.08124],[11.42031,48.0784],[11.435,48.08992],[11.4601,48.09548],[11.46297,48.10525],[11.4634,48.1145]]]},"properties":{"plz":"82152","name":"82152 Planegg/Krailling"}},{"type":"Feature","geometry":{"type":"Polygon","coordinates":[[[11.46491,48.12842],[11.44765,48.13348],[11.43637,48.13666],[11.42626,48.13654],[11.41288,48.12749],[11.39996,48.11672],[11.42908,48.1116],[11.44185,48.10676],[11.45018,48.11518],[11.4634,48.1145],[11.46506,48.11471],[11.46476,48.12397],[11.46491,48.12842]]]},"properties":{"plz":"82166","name":"82166 Gräfelfing"}},{"type":"Feature","geometry":{"type":"Polygon","coordinates":[[[11.37508,48.17907],[11.37135,48.18666],[11.36061,48.18409],[11.3553,48.18807],[11.34111,48.18652],[11.3403,48.18012],[11.32934,48.16577],[11.33069,48.16132],[11.31795,48.15136],[11.32983,48.1366],[11.34543,48.13844],[11.36127,48.15373],[11.36078,48.15807],[11.36913,48.17653],[11.37508,48.17907]]]},"properties":{"plz":"82178","name":"82178 Puchheim"}},{"type":"Feature","geometry":{"type":"Polygon","coordinates":[[[11.39359,48.20059],[11.38571,48.2066],[11.35376,48.20466],[11.36213,48.20119],[11.3553,48.18807],[11.36061,48.18409],[11.37135,48.18666],[11.37508,48.17907],[11.39096,48.18149],[11.38874,48.19232],[11.39359,48.20059]]]},"properties":{"plz":"82194","name":"82194 Gröbenzell"}},{"type":"Feature","geometry":{"type":"Polygon","coordinates":[[[11.30597,48.11996],[11.30436,48.12721],[11.28799,48.13119],[11.27504,48.13027],[11.27457,48.13644],[11.25156,48.13557],[11.23449,48.12909],[11.20938,48.11701],[11.20988,48.11397],[11.23543,48.09725],[11.2668,48.10175],[11.26674,48.09398],[11.2941,48.0898],[11.31486,48.09136],[11.31722,48.08812],[11.32601,48.08913],[11.3163,48.09607],[11.34543,48.09819],[11.34854,48.10587],[11.3352,48.11219],[11.30851,48.11689],[11.30597,48.11996]]]},"properties":{"plz":"82205","name":"82205 Gilching"}},{"type":"Feature","geometry":{"type":"Polygon","coordinates":[[[11.11619,48.04487],[11.11668,48.03346],[11.11816,47.99923],[11.1319,47.95728],[11.15185,47.95756],[11.15671,47.96342],[11.1671,47.96464],[11.17899,47.98901],[11.18824,48.00067],[11.21094,48.0105],[11.21111,48.02265],[11.20703,48.02644],[11.1912,48.0205],[11.18662,48.01468],[11.16509,48.0147],[11.16911,48.02508],[11.16184,48.02941],[11.17309,48.03198],[11.16369,48.03522],[11.14794,48.03435],[11.13818,48.04609],[11.11619,48.04487]]]},"properties":{"plz":"82211","name":"82211 Herrsching a. Ammersee"}},{"type":"Feature","geometry":{"type":"Polygon","coordinates":[[[11.32478,48.22823],[11.32016,48.23446],[11.31069,48.23218],[11.29376,48.26047],[11.28555,48.2623],[11.25248,48.26129],[11.24829,48.26986],[11.23234,48.27449],[11.22866,48.25998],[11.22265,48.25678],[11.20937,48.26202],[11.20285,48.25916],[11.21758,48.24551],[11.21051,48.24082],[11.21074,48.23075],[11.20111,48.22735],[11.20106,48.2191],[11.19533,48.20929],[11.18718,48.20503],[11.19339,48.19307],[11.20771,48.1985],[11.24277,48.20261],[11.24446,48.20811],[11.26446,48.20934],[11.26431,48.21276],[11.28506,48.2093],[11.28533,48.20043],[11.30705,48.2156],[11.33189,48.22306],[11.32478,48.22823]]]},"properties":{"plz":"82216","name":"82216 Maisach"}},{"type":"Feature","geometry":{"type":"Polygon","coordinates":[[[11.32997,48.18029],[11.32358,48.18091],[11.30422,48.16832],[11.28884,48.16842],[11.29119,48.15829],[11.29882,48.15321],[11.31795,48.15136],[11.33069,48.16132],[11.32934,48.16577],[11.3403,48.18012],[11.32997,48.18029]]]},"properties":{"plz":"82223","name":"82223 Eichenau"}},{"type":"Feature","geometry":{"type":"Polygon","coordinates":[[[11.2767,48.04061],[11.26871,48.04752],[11.25386,48.04447],[11.24485,48.05405],[11.25982,48.05745],[11.25668,48.06682],[11.24521,48.0655],[11.22755,48.06842],[11.22331,48.07504],[11.21329,48.05342],[11.19819,48.04866],[11.18233,48.05503],[11.16931,48.04116],[11.17309,48.03198],[11.16184,48.02941],[11.16911,48.02508],[11.16509,48.0147],[11.18662,48.01468],[11.1912,48.0205],[11.20703,48.02644],[11.21111,48.02265],[11.21848,48.0175],[11.23503,48.01431],[11.23109,48.00879],[11.24416,48.00258],[11.24046,47.99698],[11.24763,47.99847],[11.24892,48.0098],[11.25925,48.00949],[11.2575,48.02084],[11.2751,48.02744],[11.28069,48.03497],[11.2767,48.04061]]]},"properties":{"plz":"82229","name":"82229 Seefeld"}},{"type":"Feature","geometry":{"type":"Polygon","coordinates":[[[11.2941,48.0898],[11.26674,48.09398],[11.2668,48.10175],[11.23543,48.09725],[11.23368,48.08965],[11.22324,48.08435],[11.22331,48.07504],[11.22755,48.06842],[11.24521,48.0655],[11.25668,48.06682],[11.25982,48.05745],[11.24485,48.05405],[11.25386,48.04447],[11.26871,48.04752],[11.2767,48.04061],[11.29125,48.04883],[11.28464,48.05042],[11.29269,48.0604],[11.29638,48.0791],[11.2941,48.0898]]]},"properties":{"plz":"82234","name":"82234 Weßling"}},{"type":"Feature","geometry":{"type":"Polygon","coordinates":[[[11.20988,48.11397],[11.1986,48.11217],[11.20162,48.10865],[11.18598,48.09684],[11.18523,48.09068],[11.17432,48.08605],[11.17818,48.07893],[11.16737,48.06733],[11.18233,48.05503],[11.19819,48.04866],[11.21329,48.05342],[11.22331,48.07504],[11.22324,48.08435],[11.23368,48.08965],[11.23543,48.09725],[11.20988,48.11397]]]},"properties":{"plz":"82237","name":"82237 Wörthsee"}},{"type":"Feature","geometry":{"type":"Polygon","coordinates":[[[11.32983,48.1366],[11.31795,48.15136],[11.29882,48.15321],[11.29119,48.15829],[11.28213,48.16303],[11.26229,48.16499],[11.25105,48.15363],[11.23535,48.15117],[11.23063,48.14609],[11.2234,48.13532],[11.23449,48.12909],[11.25156,48.13557],[11.27457,48.13644],[11.27504,48.13027],[11.28799,48.13119],[11.30436,48.12721],[11.30597,48.11996],[11.31985,48.12415],[11.32067,48.13256],[11.33124,48.13121],[11.32983,48.1366]]]},"properties":{"plz":"82239","name":"82239 Alling"}},{"type":"Feature","geometry":{"type":"Polygon","coordinates":[[[11.28533,48.20043],[11.28506,48.2093],[11.26431,48.21276],[11.26446,48.20934],[11.24446,48.20811],[11.24277,48.20261],[11.20771,48.1985],[11.19339,48.19307],[11.1783,48.18996],[11.18108,48.18419],[11.17295,48.17867],[11.19003,48.16277],[11.20052,48.16022],[11.20447,48.15336],[11.21605,48.15716],[11.23178,48.15539],[11.23063,48.14609],[11.23535,48.15117],[11.25105,48.15363],[11.26229,48.16499],[11.28213,48.16303],[11.27937,48.17311],[11.26808,48.17967],[11.26574,48.19074],[11.2852,48.19815],[11.28533,48.20043]]]},"properties":{"plz":"82256","name":"82256 Fürstenfeldbruck"}},{"type":"Feature","geometry":{"type":"Polygon","coordinates":[[[11.17309,48.03198],[11.16931,48.04116],[11.18233,48.05503],[11.16737,48.06733],[11.17818,48.07893],[11.17432,48.08605],[11.18523,48.09068],[11.18598,48.09684],[11.17946,48.10368],[11.16784,48.10108],[11.16141,48.10915],[11.15323,48.1046],[11.15107,48.11094],[11.14258,48.10922],[11.1394,48.10609],[11.1361,48.09736],[11.13455,48.08191],[11.12027,48.06334],[11.11619,48.04487],[11.13818,48.04609],[11.14794,48.03435],[11.16369,48.03522],[11.17309,48.03198]]]},"properties":{"plz":"82266","name":"82266 Inning a. Ammersee"}},{"type":"Feature","geometry":{"type":"Polygon","coordinates":[[[11.05986,48.12189],[11.06936,48.1204],[11.0731,48.13018],[11.10305,48.12641],[11.11264,48.13541],[11.13365,48.13604],[11.13588,48.14112],[11.12235,48.14045],[11.10389,48.15141],[11.10294,48.1676],[11.09731,48.18079],[11.10078,48.19072],[11.07471,48.19654],[11.05908,48.19624],[11.04086,48.19714],[11.03465,48.19296],[11.02487,48.1781],[10.99303,48.17606],[11.00613,48.16471],[11.01444,48.1625],[11.00455,48.15606],[11.01531,48.15022],[11.04262,48.14833],[11.0483,48.13655],[11.06062,48.13895],[11.06014,48.13256],[11.04794,48.13118],[11.05986,48.12189]]]},"properties":{"plz":"82272","name":"82272 Moorenweis"}},{"type":"Feature","geometry":{"type":"Polygon","coordinates":[[[11.2852,48.19815],[11.26574,48.19074],[11.26808,48.17967],[11.27937,48.17311],[11.28213,48.16303],[11.29119,48.15829],[11.28884,48.16842],[11.30422,48.16832],[11.32358,48.18091],[11.32997,48.18029],[11.32109,48.18555],[11.31303,48.1974],[11.30155,48.19068],[11.2852,48.19815]]]},"properties":{"plz":"82275","name":"82275 Emmering"}},{"type":"Feature","geometry":{"type":"Polygon","coordinates":[[[11.10294,48.1676],[11.11992,48.16758],[11.11845,48.17147],[11.13376,48.18419],[11.12891,48.19028],[11.14296,48.19448],[11.14268,48.19968],[11.12535,48.19769],[11.11809,48.20612],[11.11025,48.20109],[11.08367,48.21377],[11.07728,48.20524],[11.06046,48.20075],[11.05908,48.19624],[11.07471,48.19654],[11.10078,48.19072],[11.09731,48.18079],[11.10294,48.1676]]]},"properties":{"plz":"82276","name":"82276 Adelshofen"}},{"type":"Feature","geometry":{"type":"Polygon","coordinates":[[[11.11809,48.20612],[11.11678,48.20842],[11.10502,48.21356],[11.11203,48.21847],[11.09373,48.22031],[11.08712,48.22672],[11.08909,48.23308],[11.08148,48.24119],[11.06862,48.24537],[11.06354,48.2548],[11.04434,48.25563],[11.04467,48.25008],[11.057,48.2505],[11.05694,48.24116],[11.04552,48.2422],[11.03722,48.22921],[11.049,48.22422],[11.03871,48.22228],[11.05152,48.21328],[11.06026,48.21354],[11.06046,48.20075],[11.07728,48.20524],[11.08367,48.21377],[11.11025,48.20109],[11.11809,48.20612]]]},"properties":{"plz":"82278","name":"82278 Althegnenberg"}},{"type":"Feature","geometry":{"type":"Polygon","coordinates":[[[11.1361,48.09736],[11.11845,48.09642],[11.09919,48.09052],[11.10477,48.07728],[11.09807,48.06958],[11.10572,48.06386],[11.12027,48.06334],[11.13455,48.08191],[11.1361,48.09736]]]},"properties":{"plz":"82279","name":"82279 Eching a. Ammersee"}},{"type":"Feature","geometry":{"type":"Polygon","coordinates":[[[11.23234,48.27449],[11.2267,48.2817],[11.20128,48.27884],[11.19526,48.28831],[11.1773,48.29672],[11.15334,48.28969],[11.14892,48.2841],[11.15876,48.27904],[11.14926,48.27705],[11.14893,48.26985],[11.13965,48.26998],[11.13186,48.26509],[11.14265,48.25758],[11.15129,48.25476],[11.14933,48.24766],[11.16427,48.25248],[11.17038,48.23589],[11.16432,48.23109],[11.17249,48.23252],[11.18778,48.21878],[11.20106,48.2191],[11.20111,48.22735],[11.21074,48.23075],[11.21051,48.24082],[11.21758,48.24551],[11.20285,48.25916],[11.20937,48.26202],[11.22265,48.25678],[11.22866,48.25998],[11.23234,48.27449]]]},"properties":{"plz":"82281","name":"82281 Egenhofen"}},{"type":"Feature","geometry":{"type":"Polygon","coordinates":[[[11.1986,48.11217],[11.17693,48.11675],[11.17797,48.12365],[11.19196,48.12769],[11.18515,48.13751],[11.16917,48.13872],[11.16776,48.14833],[11.15407,48.13849],[11.15089,48.14768],[11.1354,48.14574],[11.13588,48.14112],[11.13365,48.13604],[11.15023,48.127],[11.14258,48.10922],[11.15107,48.11094],[11.15323,48.1046],[11.16141,48.10915],[11.16784,48.10108],[11.17946,48.10368],[11.18598,48.09684],[11.20162,48.10865],[11.1986,48.11217]]]},"properties":{"plz":"82284","name":"82284 Grafrath"}},{"type":"Feature","geometry":{"type":"Polygon","coordinates":[[[11.11678,48.20842],[11.12915,48.20992],[11.1353,48.22672],[11.11713,48.23435],[11.10534,48.23723],[11.08909,48.23308],[11.08712,48.22672],[11.09373,48.22031],[11.11203,48.21847],[11.10502,48.21356],[11.11678,48.20842]]]},"properties":{"plz":"82285","name":"82285 Hattenhofen"}},{"type":"Feature","geometry":{"type":"Polygon","coordinates":[[[11.13588,48.14112],[11.1354,48.14574],[11.15089,48.14768],[11.15407,48.13849],[11.16776,48.14833],[11.15607,48.14798],[11.14926,48.15513],[11.1552,48.16391],[11.15285,48.17647],[11.16061,48.18244],[11.14834,48.18405],[11.14296,48.19448],[11.12891,48.19028],[11.13376,48.18419],[11.11845,48.17147],[11.11992,48.16758],[11.10294,48.1676],[11.10389,48.15141],[11.12235,48.14045],[11.13588,48.14112]]]},"properties":{"plz":"82287","name":"82287 Jesenwang"}},{"type":"Feature","geometry":{"type":"Polygon","coordinates":[[[11.14258,48.10922],[11.15023,48.127],[11.13365,48.13604],[11.11264,48.13541],[11.10305,48.12641],[11.10749,48.11446],[11.1161,48.11433],[11.1394,48.10609],[11.14258,48.10922]]]},"properties":{"plz":"82288","name":"82288 Kottgeisering"}},{"type":"Feature","geometry":{"type":"Polygon","coordinates":[[[11.17295,48.17867],[11.16061,48.18244],[11.15285,48.17647],[11.1552,48.16391],[11.14926,48.15513],[11.15607,48.14798],[11.16776,48.14833],[11.16917,48.13872],[11.20447,48.15336],[11.20052,48.16022],[11.19003,48.16277],[11.17295,48.17867]]]},"properties":{"plz":"82290","name":"82290 Landsberied"}},{"type":"Feature","geometry":{"type":"Polygon","coordinates":[[[11.20106,48.2191],[11.18778,48.21878],[11.17249,48.23252],[11.16432,48.23109],[11.15613,48.22738],[11.14362,48.23442],[11.1353,48.22672],[11.12915,48.20992],[11.11678,48.20842],[11.11809,48.20612],[11.12535,48.19769],[11.14268,48.19968],[11.14296,48.19448],[11.14834,48.18405],[11.16061,48.18244],[11.17295,48.17867],[11.18108,48.18419],[11.1783,48.18996],[11.19339,48.19307],[11.18718,48.20503],[11.19533,48.20929],[11.20106,48.2191]]]},"properties":{"plz":"82291","name":"82291 Mammendorf"}},{"type":"Feature","geometry":{"type":"Polygon","coordinates":[[[11.08909,48.23308],[11.10534,48.23723],[11.11713,48.23435],[11.13166,48.24436],[11.13149,48.24918],[11.14578,48.25261],[11.14265,48.25758],[11.13186,48.26509],[11.13965,48.26998],[11.1165,48.26836],[11.09667,48.26018],[11.07709,48.27955],[11.06195,48.27426],[11.06655,48.26154],[11.06354,48.2548],[11.06862,48.24537],[11.08148,48.24119],[11.08909,48.23308]]]},"properties":{"plz":"82293","name":"82293 Mittelstetten"}},{"type":"Feature","geometry":{"type":"Polygon","coordinates":[[[11.14265,48.25758],[11.14578,48.25261],[11.13149,48.24918],[11.13166,48.24436],[11.11713,48.23435],[11.1353,48.22672],[11.14362,48.23442],[11.15613,48.22738],[11.16432,48.23109],[11.17038,48.23589],[11.16427,48.25248],[11.14933,48.24766],[11.15129,48.25476],[11.14265,48.25758]]]},"properties":{"plz":"82294","name":"82294 Oberschweinbach"}},{"type":"Feature","geometry":{"type":"Polygon","coordinates":[[[11.23449,48.12909],[11.2234,48.13532],[11.23063,48.14609],[11.23178,48.15539],[11.21605,48.15716],[11.20447,48.15336],[11.16917,48.13872],[11.18515,48.13751],[11.19196,48.12769],[11.17797,48.12365],[11.17693,48.11675],[11.1986,48.11217],[11.20988,48.11397],[11.20938,48.11701],[11.23449,48.12909]]]},"properties":{"plz":"82296","name":"82296 Schöngeising"}},{"type":"Feature","geometry":{"type":"Polygon","coordinates":[[[11.1394,48.10609],[11.1161,48.11433],[11.10749,48.11446],[11.10305,48.12641],[11.0731,48.13018],[11.06936,48.1204],[11.05986,48.12189],[11.06147,48.11287],[11.0556,48.10375],[11.06777,48.09873],[11.08211,48.09745],[11.08932,48.08771],[11.09919,48.09052],[11.11845,48.09642],[11.1361,48.09736],[11.1394,48.10609]]]},"properties":{"plz":"82299","name":"82299 Türkenfeld"}},{"type":"Feature","geometry":{"type":"Polygon","coordinates":[[[11.40341,48.03222],[11.38845,48.0392],[11.37796,48.03543],[11.36048,48.03709],[11.34864,48.03057],[11.32517,48.03129],[11.31274,48.03902],[11.292,48.03016],[11.28069,48.03497],[11.2751,48.02744],[11.2575,48.02084],[11.25925,48.00949],[11.24892,48.0098],[11.24763,47.99847],[11.24046,47.99698],[11.24084,47.99087],[11.22364,47.97761],[11.23279,47.97356],[11.2595,47.98579],[11.27229,47.97921],[11.29184,47.99888],[11.3015,47.99579],[11.30837,47.98634],[11.31952,47.98762],[11.3213,47.97955],[11.34098,47.97705],[11.35068,47.994],[11.36962,47.99529],[11.38105,47.9911],[11.40004,47.99352],[11.39896,47.99963],[11.4098,47.99894],[11.42177,48.00081],[11.42345,48.00789],[11.43308,48.01288],[11.42629,48.01947],[11.42598,48.02936],[11.40341,48.03222]]]},"properties":{"plz":"82319","name":"82319 Starnberg"}},{"type":"Feature","geometry":{"type":"Polygon","coordinates":[[[11.18443,47.88856],[11.18436,47.88342],[11.21055,47.88495],[11.21875,47.88042],[11.24188,47.88048],[11.25148,47.88387],[11.25974,47.87502],[11.2734,47.87924],[11.28399,47.89707],[11.30527,47.89793],[11.30931,47.91306],[11.27612,47.92439],[11.27289,47.92789],[11.28339,47.93407],[11.27637,47.94102],[11.27755,47.94843],[11.26133,47.9556],[11.24507,47.9548],[11.23747,47.94564],[11.24531,47.9365],[11.23578,47.9222],[11.21608,47.9162],[11.20181,47.90312],[11.18893,47.89912],[11.18443,47.88856]]]},"properties":{"plz":"82327","name":"82327 Tutzing"}},{"type":"Feature","geometry":{"type":"Polygon","coordinates":[[[11.42842,47.97854],[11.4272,47.97921],[11.40631,47.98936],[11.4098,47.99894],[11.39896,47.99963],[11.40004,47.99352],[11.38105,47.9911],[11.36962,47.99529],[11.35068,47.994],[11.34098,47.97705],[11.3209,47.94395],[11.31798,47.93538],[11.33689,47.93344],[11.34452,47.92537],[11.35235,47.93134],[11.35951,47.92437],[11.36891,47.93124],[11.38034,47.9204],[11.39554,47.91935],[11.40563,47.93053],[11.39628,47.93973],[11.40448,47.94396],[11.40936,47.95722],[11.42111,47.96636],[11.41333,47.97317],[11.42267,47.97239],[11.42842,47.97854]]]},"properties":{"plz":"82335","name":"82335 Berg"}},{"type":"Feature","geometry":{"type":"Polygon","coordinates":[[[11.30931,47.91306],[11.31798,47.93538],[11.3209,47.94395],[11.30523,47.94896],[11.29558,47.95636],[11.28427,47.95591],[11.28409,47.96321],[11.27537,47.97051],[11.26468,47.96578],[11.26133,47.9556],[11.27755,47.94843],[11.27637,47.94102],[11.28339,47.93407],[11.27289,47.92789],[11.27612,47.92439],[11.30931,47.91306]]]},"properties":{"plz":"82340","name":"82340 Feldafing"}},{"type":"Feature","geometry":{"type":"Polygon","coordinates":[[[11.23279,47.97356],[11.23894,47.95483],[11.24507,47.9548],[11.26133,47.9556],[11.26468,47.96578],[11.27537,47.97051],[11.28409,47.96321],[11.28427,47.95591],[11.29558,47.95636],[11.30523,47.94896],[11.3209,47.94395],[11.34098,47.97705],[11.3213,47.97955],[11.31952,47.98762],[11.30837,47.98634],[11.3015,47.99579],[11.29184,47.99888],[11.27229,47.97921],[11.2595,47.98579],[11.23279,47.97356]]]},"properties":{"plz":"82343","name":"82343 Pöcking"}},{"type":"Feature","geometry":{"type":"Polygon","coordinates":[[[11.1319,47.95728],[11.13224,47.95292],[11.16758,47.95264],[11.18138,47.95016],[11.19085,47.93354],[11.21552,47.93521],[11.21759,47.92876],[11.23578,47.9222],[11.24531,47.9365],[11.23747,47.94564],[11.24507,47.9548],[11.23894,47.95483],[11.23279,47.97356],[11.22364,47.97761],[11.24084,47.99087],[11.24046,47.99698],[11.24416,48.00258],[11.23109,48.00879],[11.23503,48.01431],[11.21848,48.0175],[11.21111,48.02265],[11.21094,48.0105],[11.18824,48.00067],[11.17899,47.98901],[11.1671,47.96464],[11.15671,47.96342],[11.15185,47.95756],[11.1319,47.95728]]]},"properties":{"plz":"82346","name":"82346 Andechs"}},{"type":"Feature","geometry":{"type":"Polygon","coordinates":[[[11.24188,47.88048],[11.24743,47.877],[11.2466,47.85654],[11.25392,47.85812],[11.27141,47.84177],[11.2912,47.8435],[11.31489,47.83966],[11.31746,47.86201],[11.30527,47.89793],[11.28399,47.89707],[11.2734,47.87924],[11.25974,47.87502],[11.25148,47.88387],[11.24188,47.88048]]]},"properties":{"plz":"82347","name":"82347 Bernried"}},{"type":"Feature","geometry":{"type":"Polygon","coordinates":[[[11.35323,48.08371],[11.33361,48.09303],[11.32601,48.08913],[11.31722,48.08812],[11.31369,48.07874],[11.33245,48.07803],[11.34189,48.06973],[11.35687,48.07149],[11.35323,48.08371]]]},"properties":{"plz":"82349","name":"82349 Pentenried"}},{"type":"Feature","geometry":{"type":"Polygon","coordinates":[[[11.23578,47.9222],[11.21759,47.92876],[11.21552,47.93521],[11.19085,47.93354],[11.18138,47.95016],[11.16758,47.95264],[11.13224,47.95292],[11.12996,47.93571],[11.12084,47.92962],[11.13565,47.92741],[11.14133,47.9208],[11.13673,47.91505],[11.14072,47.90242],[11.13752,47.89629],[11.14386,47.8908],[11.15059,47.89776],[11.16004,47.89519],[11.16082,47.88565],[11.18443,47.88856],[11.18893,47.89912],[11.20181,47.90312],[11.21608,47.9162],[11.23578,47.9222]]]},"properties":{"plz":"82396","name":"82396 Pähl"}},{"type":"Feature","geometry":{"type":"Polygon","coordinates":[[[11.39822,47.90837],[11.40243,47.89831],[11.41923,47.89776],[11.42431,47.90078],[11.43205,47.89389],[11.45121,47.89738],[11.44582,47.91642],[11.44229,47.91335],[11.43135,47.93457],[11.41588,47.91761],[11.4046,47.91492],[11.39822,47.90837]]]},"properties":{"plz":"82515","name":"82515 Wolfratshausen"}},{"type":"Feature","geometry":{"type":"Polygon","coordinates":[[[11.41923,47.89776],[11.41219,47.88764],[11.41139,47.86828],[11.41884,47.86188],[11.43334,47.86259],[11.443,47.85661],[11.43737,47.85172],[11.44763,47.84597],[11.45371,47.84988],[11.46757,47.85545],[11.47383,47.84316],[11.48267,47.84595],[11.47953,47.85224],[11.50487,47.84809],[11.51483,47.84251],[11.52147,47.84583],[11.51504,47.8594],[11.4924,47.87308],[11.47782,47.88878],[11.47243,47.88726],[11.45121,47.89738],[11.43205,47.89389],[11.42431,47.90078],[11.41923,47.89776]]]},"properties":{"plz":"82538","name":"82538 Geretsried"}},{"type":"Feature","geometry":{"type":"Polygon","coordinates":[[[11.39554,47.91935],[11.38034,47.9204],[11.36891,47.93124],[11.35951,47.92437],[11.35235,47.93134],[11.34452,47.92537],[11.33689,47.93344],[11.31798,47.93538],[11.30931,47.91306],[11.30527,47.89793],[11.31746,47.86201],[11.31489,47.83966],[11.32502,47.8324],[11.32886,47.81558],[11.3384,47.80324],[11.36016,47.79728],[11.36291,47.79301],[11.37213,47.79497],[11.36095,47.80586],[11.36707,47.81659],[11.36163,47.82473],[11.37342,47.84349],[11.35939,47.86202],[11.37156,47.8709],[11.37507,47.86594],[11.38644,47.86859],[11.39226,47.85965],[11.40603,47.86424],[11.40662,47.88422],[11.41219,47.88764],[11.41923,47.89776],[11.40243,47.89831],[11.39822,47.90837],[11.38945,47.914],[11.39554,47.91935]]]},"properties":{"plz":"82541","name":"82541 Münsing"}},{"type":"Feature","geometry":{"type":"Polygon","coordinates":[[[11.56644,47.95814],[11.54611,47.95326],[11.54616,47.94938],[11.50991,47.95221],[11.51517,47.96535],[11.49781,47.96779],[11.4955,47.97341],[11.47517,47.97219],[11.46926,47.96338],[11.45304,47.95687],[11.43581,47.94295],[11.43135,47.93457],[11.44229,47.91335],[11.44582,47.91642],[11.45121,47.89738],[11.47243,47.88726],[11.47782,47.88878],[11.47567,47.89793],[11.48802,47.89563],[11.4916,47.9025],[11.52223,47.90236],[11.51494,47.89376],[11.5167,47.88076],[11.53323,47.8833],[11.53918,47.87713],[11.56473,47.89002],[11.56242,47.89467],[11.574,47.8982],[11.56545,47.90427],[11.56418,47.92382],[11.58554,47.92078],[11.60354,47.92401],[11.60543,47.93412],[11.5956,47.93719],[11.58205,47.95022],[11.56644,47.95814]]]},"properties":{"plz":"82544","name":"82544 Egling"}},{"type":"Feature","geometry":{"type":"Polygon","coordinates":[[[11.40977,47.79014],[11.40341,47.80093],[11.4053,47.81067],[11.43362,47.81351],[11.44697,47.82752],[11.44655,47.83866],[11.45371,47.84988],[11.44763,47.84597],[11.43737,47.85172],[11.443,47.85661],[11.43334,47.86259],[11.41884,47.86188],[11.41139,47.86828],[11.41219,47.88764],[11.40662,47.88422],[11.40603,47.86424],[11.39226,47.85965],[11.38644,47.86859],[11.37507,47.86594],[11.37156,47.8709],[11.35939,47.86202],[11.37342,47.84349],[11.36163,47.82473],[11.36707,47.81659],[11.36095,47.80586],[11.37213,47.79497],[11.37623,47.80001],[11.39196,47.79629],[11.39249,47.7898],[11.40977,47.79014]]]},"properties":{"plz":"82547","name":"82547 Eurasburg"}},{"type":"Feature","geometry":{"type":"Polygon","coordinates":[[[11.41172,47.7889],[11.42539,47.78511],[11.43189,47.78776],[11.44361,47.78163],[11.44619,47.77337],[11.47149,47.76897],[11.47641,47.78278],[11.48633,47.79118],[11.49405,47.7922],[11.50272,47.79786],[11.50425,47.80925],[11.51,47.81144],[11.50913,47.82086],[11.5229,47.8194],[11.52052,47.83029],[11.51483,47.84251],[11.50487,47.84809],[11.47953,47.85224],[11.48267,47.84595],[11.47383,47.84316],[11.46757,47.85545],[11.45371,47.84988],[11.44655,47.83866],[11.44697,47.82752],[11.43362,47.81351],[11.4053,47.81067],[11.40341,47.80093],[11.40977,47.79014],[11.41172,47.7889]]]},"properties":{"plz":"82549","name":"82549 Königsdorf"}},{"type":"Feature","geometry":{"type":"Polygon","coordinates":[[[11.98067,47.89215],[11.96961,47.89789],[11.97624,47.90984],[11.96004,47.92009],[11.94944,47.92229],[11.95612,47.92892],[11.95222,47.93505],[11.95654,47.94216],[11.94645,47.94309],[11.92828,47.93898],[11.92524,47.93159],[11.91589,47.91935],[11.90797,47.91719],[11.90036,47.90041],[11.87708,47.8924],[11.87809,47.88408],[11.89369,47.87884],[11.88824,47.86359],[11.89726,47.85924],[11.90086,47.85147],[11.92019,47.85565],[11.92484,47.84809],[11.93261,47.85349],[11.94791,47.84538],[11.94617,47.84248],[11.96071,47.84483],[11.96073,47.85819],[11.96507,47.86685],[11.97684,47.87119],[11.98067,47.89215]]]},"properties":{"plz":"83052","name":"83052 Bruckmühl"}},{"type":"Feature","geometry":{"type":"Polygon","coordinates":[[[12.0332,47.91128],[12.04067,47.92689],[12.05555,47.92794],[12.09428,47.9377],[12.09635,47.95452],[12.11075,47.9606],[12.10561,47.96877],[12.10569,47.98108],[12.09952,47.99342],[12.09185,47.98942],[12.07185,47.988],[12.07278,47.9756],[12.06211,47.97029],[12.02685,47.97122],[12.01591,47.95877],[11.99891,47.96073],[11.981,47.97079],[11.96786,47.98355],[11.95084,47.98506],[11.93464,47.99319],[11.92661,47.98401],[11.92941,47.97236],[11.93713,47.96167],[11.93591,47.95373],[11.94645,47.94309],[11.95654,47.94216],[11.95222,47.93505],[11.95612,47.92892],[11.94944,47.92229],[11.96004,47.92009],[11.97624,47.90984],[11.96961,47.89789],[11.98067,47.89215],[11.99902,47.89069],[12.0077,47.89697],[12.01088,47.91007],[12.0332,47.91128]]]},"properties":{"plz":"83104","name":"83104 Tuntenhausen"}},{"type":"Feature","geometry":{"type":"Polygon","coordinates":[[[12.09952,47.99342],[12.09387,47.9977],[12.09822,48.01152],[12.07683,48.01817],[12.06041,48.01626],[12.05343,48.00625],[12.04038,48.00519],[12.03718,47.99139],[12.02843,47.99008],[12.03197,47.97509],[12.02685,47.97122],[12.06211,47.97029],[12.07278,47.9756],[12.07185,47.988],[12.09185,47.98942],[12.09952,47.99342]]]},"properties":{"plz":"83550","name":"83550 Emmering"}},{"type":"Feature","geometry":{"type":"Polygon","coordinates":[[[12.07549,48.05526],[12.05965,48.05701],[12.04533,48.05226],[12.04016,48.06085],[12.02779,48.05078],[11.99887,48.0484],[12.01201,48.03465],[12.02595,48.03247],[12.02068,48.02054],[12.02609,48.01373],[12.04038,48.00519],[12.05343,48.00625],[12.06041,48.01626],[12.07683,48.01817],[12.08798,48.022],[12.07378,48.02448],[12.08129,48.03284],[12.07549,48.05526]]]},"properties":{"plz":"83553","name":"83553 Frauenneuharting"}},{"type":"Feature","geometry":{"type":"Polygon","coordinates":[[[12.10235,48.17396],[12.10364,48.16924],[12.05345,48.16257],[12.05069,48.1542],[12.03332,48.16048],[12.04318,48.14151],[12.05035,48.12859],[12.06929,48.12786],[12.06587,48.1227],[12.08375,48.12681],[12.08566,48.12241],[12.10331,48.12592],[12.11661,48.12378],[12.12728,48.13145],[12.12306,48.13473],[12.13173,48.14133],[12.14412,48.1414],[12.15415,48.15416],[12.13786,48.1621],[12.12267,48.15735],[12.11331,48.167],[12.11566,48.17183],[12.10235,48.17396]]]},"properties":{"plz":"83558","name":"83558 Maitenbeth"}},{"type":"Feature","geometry":{"type":"Polygon","coordinates":[[[12.02068,48.02054],[12.00614,48.01577],[12.02609,48.01373],[12.02068,48.02054]]]},"properties":{"plz":"83565","name":"83565 Ast"}},{"type":"Feature","geometry":{"type":"Polygon","coordinates":[[[11.66393,47.8891],[11.64922,47.87031],[11.63676,47.86492],[11.63388,47.85082],[11.6249,47.84298],[11.61953,47.84457],[11.61053,47.83151],[11.6303,47.82917],[11.62804,47.82296],[11.65116,47.82271],[11.67862,47.82383],[11.68198,47.83085],[11.70834,47.84294],[11.71242,47.86014],[11.70388,47.86517],[11.71896,47.86524],[11.72087,47.88179],[11.73577,47.88918],[11.72212,47.89759],[11.74461,47.90933],[11.73324,47.91806],[11.71497,47.91593],[11.70472,47.91304],[11.69491,47.89715],[11.67425,47.89423],[11.66393,47.8891]]]},"properties":{"plz":"83607","name":"83607 Holzkirchen"}},{"type":"Feature","geometry":{"type":"Polygon","coordinates":[[[11.92524,47.93159],[11.87241,47.95686],[11.86142,47.95481],[11.86107,47.94842],[11.84809,47.9481],[11.83974,47.94888],[11.83878,47.93967],[11.82452,47.92328],[11.80664,47.92557],[11.80141,47.92102],[11.81441,47.90124],[11.81034,47.89855],[11.8322,47.8906],[11.83192,47.88035],[11.83852,47.88031],[11.85934,47.86351],[11.87049,47.8595],[11.8774,47.86426],[11.88824,47.86359],[11.89369,47.87884],[11.87809,47.88408],[11.87708,47.8924],[11.90036,47.90041],[11.90797,47.91719],[11.91589,47.91935],[11.92524,47.93159]]]},"properties":{"plz":"83620","name":"83620 Feldkirchen-Westerham"}},{"type":"Feature","geometry":{"type":"Polygon","coordinates":[[[11.60354,47.92401],[11.58554,47.92078],[11.56418,47.92382],[11.56545,47.90427],[11.574,47.8982],[11.56242,47.89467],[11.56473,47.89002],[11.53918,47.87713],[11.53323,47.8833],[11.5167,47.88076],[11.51494,47.89376],[11.52223,47.90236],[11.4916,47.9025],[11.48802,47.89563],[11.47567,47.89793],[11.47782,47.88878],[11.4924,47.87308],[11.51504,47.8594],[11.52147,47.84583],[11.51483,47.84251],[11.52052,47.83029],[11.53229,47.82262],[11.53989,47.81085],[11.5534,47.80514],[11.57732,47.81304],[11.59358,47.82926],[11.60157,47.82201],[11.61053,47.83151],[11.61953,47.84457],[11.6249,47.84298],[11.63388,47.85082],[11.63676,47.86492],[11.64922,47.87031],[11.66393,47.8891],[11.64996,47.88734],[11.65602,47.90071],[11.64504,47.90881],[11.62973,47.91009],[11.62361,47.9203],[11.60354,47.92401]]]},"properties":{"plz":"83623","name":"83623 Dietramszell"}},{"type":"Feature","geometry":{"type":"Polygon","coordinates":[[[11.62361,47.9203],[11.62973,47.91009],[11.64504,47.90881],[11.65602,47.90071],[11.64996,47.88734],[11.66393,47.8891],[11.67425,47.89423],[11.69491,47.89715],[11.70472,47.91304],[11.71497,47.91593],[11.70497,47.93653],[11.70239,47.93919],[11.68073,47.93687],[11.65901,47.92273],[11.65508,47.92811],[11.64312,47.9221],[11.63901,47.92586],[11.62361,47.9203]]]},"properties":{"plz":"83624","name":"83624 Otterfing"}},{"type":"Feature","geometry":{"type":"Polygon","coordinates":[[[11.71896,47.86524],[11.72948,47.86767],[11.73748,47.86271],[11.7427,47.86667],[11.74623,47.85503],[11.74415,47.84501],[11.7575,47.83933],[11.76519,47.84125],[11.77413,47.83513],[11.77987,47.84311],[11.78985,47.84148],[11.79865,47.83457],[11.80622,47.83972],[11.7931,47.85731],[11.78795,47.85783],[11.78726,47.87462],[11.78362,47.87984],[11.78333,47.91999],[11.80141,47.92102],[11.80664,47.92557],[11.78795,47.92915],[11.77663,47.94323],[11.75644,47.93838],[11.75636,47.92216],[11.73324,47.91806],[11.74461,47.90933],[11.72212,47.89759],[11.73577,47.88918],[11.72087,47.88179],[11.71896,47.86524]]]},"properties":{"plz":"83626","name":"83626 Valley"}},{"type":"Feature","geometry":{"type":"Polygon","coordinates":[[[11.67862,47.82383],[11.6865,47.80923],[11.67504,47.8028],[11.69157,47.79573],[11.70944,47.80815],[11.71948,47.80117],[11.72519,47.7876],[11.73807,47.78344],[11.74864,47.78555],[11.75056,47.77743],[11.76393,47.77479],[11.764,47.77024],[11.77585,47.77414],[11.78679,47.78158],[11.78636,47.78817],[11.7955,47.79567],[11.80132,47.81012],[11.78236,47.808],[11.77413,47.83513],[11.76519,47.84125],[11.7575,47.83933],[11.74415,47.84501],[11.74623,47.85503],[11.7427,47.86667],[11.73748,47.86271],[11.72948,47.86767],[11.71896,47.86524],[11.70388,47.86517],[11.71242,47.86014],[11.70834,47.84294],[11.68198,47.83085],[11.67862,47.82383]]]},"properties":{"plz":"83627","name":"83627 Warngau"}},{"type":"Feature","geometry":{"type":"Polygon","coordinates":[[[11.80141,47.92102],[11.78333,47.91999],[11.78362,47.87984],[11.78726,47.87462],[11.78795,47.85783],[11.7931,47.85731],[11.80622,47.83972],[11.79865,47.83457],[11.78985,47.84148],[11.77987,47.84311],[11.77413,47.83513],[11.78236,47.808],[11.80132,47.81012],[11.80758,47.81385],[11.81013,47.82548],[11.82933,47.81717],[11.83426,47.81042],[11.84406,47.8116],[11.86076,47.81989],[11.84921,47.82472],[11.84882,47.83178],[11.83251,47.83566],[11.83578,47.84817],[11.84454,47.84383],[11.85325,47.84834],[11.86047,47.84419],[11.87056,47.84607],[11.86927,47.85302],[11.85934,47.86351],[11.83852,47.88031],[11.83192,47.88035],[11.8322,47.8906],[11.81034,47.89855],[11.81441,47.90124],[11.80141,47.92102]]]},"properties":{"plz":"83629","name":"83629 Weyarn"}},{"type":"Feature","geometry":{"type":"Polygon","coordinates":[[[11.61053,47.83151],[11.60157,47.82201],[11.61024,47.81532],[11.59862,47.80105],[11.59913,47.79279],[11.60588,47.79034],[11.63591,47.79275],[11.65395,47.79323],[11.66533,47.80004],[11.65643,47.81914],[11.65116,47.82271],[11.62804,47.82296],[11.6303,47.82917],[11.61053,47.83151]]]},"properties":{"plz":"83679","name":"83679 Sachsenkam"}},{"type":"Feature","geometry":{"type":"Polygon","coordinates":[[[12.11123,48.18577],[12.11333,48.19314],[12.10454,48.20033],[12.09368,48.20197],[12.08132,48.22326],[12.08178,48.23048],[12.0712,48.23565],[12.03763,48.23003],[12.03366,48.22241],[12.03477,48.21103],[12.0213,48.20713],[12.0263,48.19814],[12.01729,48.18678],[12.02837,48.18438],[12.01078,48.17008],[12.01461,48.16328],[12.00216,48.16137],[12.02188,48.15514],[12.02681,48.14786],[12.04318,48.14151],[12.03332,48.16048],[12.05069,48.1542],[12.05345,48.16257],[12.10364,48.16924],[12.10235,48.17396],[12.11123,48.18577]]]},"properties":{"plz":"84424","name":"84424 Isen"}},{"type":"Feature","geometry":{"type":"Polygon","coordinates":[[[12.07465,48.29298],[12.05034,48.29768],[12.04097,48.29716],[12.03395,48.28458],[12.02221,48.28594],[12.00914,48.28242],[12.00465,48.27254],[12.01314,48.2637],[12.01407,48.24546],[12.0077,48.24253],[12.01107,48.23503],[12.03189,48.22957],[12.03366,48.22241],[12.03763,48.23003],[12.0712,48.23565],[12.08178,48.23048],[12.09156,48.23465],[12.08178,48.24016],[12.09908,48.23891],[12.08829,48.24461],[12.08324,48.25731],[12.07127,48.26442],[12.07776,48.27999],[12.07022,48.28161],[12.07465,48.29298]]]},"properties":{"plz":"84435","name":"84435 Lengdorf"}},{"type":"Feature","geometry":{"type":"Polygon","coordinates":[[[11.38439,48.29375],[11.39539,48.28876],[11.40507,48.27806],[11.4196,48.27232],[11.41124,48.27141],[11.40921,48.26414],[11.41741,48.24474],[11.41909,48.2303],[11.43262,48.23043],[11.45472,48.24152],[11.46923,48.24246],[11.46993,48.25577],[11.50091,48.25396],[11.49976,48.26239],[11.49497,48.2761],[11.4744,48.27435],[11.46229,48.28382],[11.46241,48.28996],[11.44507,48.28063],[11.42495,48.28269],[11.42516,48.29174],[11.43152,48.30286],[11.41989,48.30962],[11.40371,48.31132],[11.39039,48.29388],[11.38439,48.29375]]]},"properties":{"plz":"85221","name":"85221 Dachau"}},{"type":"Feature","geometry":{"type":"Polygon","coordinates":[[[11.33182,48.41048],[11.32203,48.40949],[11.30452,48.40076],[11.30827,48.38653],[11.28662,48.38885],[11.28369,48.38312],[11.2908,48.3735],[11.29914,48.37355],[11.30439,48.36248],[11.31561,48.35364],[11.31108,48.34767],[11.31938,48.33923],[11.36073,48.34717],[11.35766,48.32496],[11.36269,48.3144],[11.37911,48.30681],[11.39816,48.32055],[11.41135,48.33249],[11.40841,48.33952],[11.42074,48.34086],[11.42605,48.34715],[11.42072,48.35596],[11.41135,48.35424],[11.40326,48.37173],[11.39028,48.38014],[11.38976,48.3887],[11.37942,48.39145],[11.38905,48.39991],[11.38932,48.41036],[11.4074,48.40604],[11.4093,48.40941],[11.40227,48.41265],[11.40669,48.42115],[11.3808,48.42406],[11.36072,48.41776],[11.35092,48.41149],[11.33182,48.41048]]]},"properties":{"plz":"85229","name":"85229 Markt Indersdorf"}},{"type":"Feature","geometry":{"type":"Polygon","coordinates":[[[11.42623,48.20436],[11.42803,48.22075],[11.43262,48.23043],[11.41909,48.2303],[11.41741,48.24474],[11.40921,48.26414],[11.41124,48.27141],[11.4196,48.27232],[11.40507,48.27806],[11.39539,48.28876],[11.38439,48.29375],[11.36573,48.29345],[11.35504,48.2813],[11.34522,48.27673],[11.32798,48.28037],[11.3299,48.28768],[11.30356,48.28522],[11.30446,48.27994],[11.28988,48.2875],[11.27644,48.28356],[11.27662,48.26824],[11.28555,48.2623],[11.29376,48.26047],[11.31069,48.23218],[11.32016,48.23446],[11.32478,48.22823],[11.33676,48.2344],[11.34173,48.22857],[11.368,48.23715],[11.3789,48.23547],[11.3841,48.22698],[11.39736,48.22734],[11.40467,48.21914],[11.40244,48.20139],[11.42623,48.20436]]]},"properties":{"plz":"85232","name":"85232 Bergkirchen"}},{"type":"Feature","geometry":{"type":"Polygon","coordinates":[[[11.2267,48.2817],[11.23845,48.28629],[11.23435,48.29074],[11.21575,48.29782],[11.21541,48.30505],[11.23797,48.31506],[11.23929,48.32196],[11.25696,48.32711],[11.25398,48.34029],[11.22405,48.34606],[11.21442,48.34725],[11.21833,48.33919],[11.2075,48.34328],[11.19543,48.33861],[11.18323,48.34441],[11.1666,48.34299],[11.17406,48.33633],[11.15699,48.32233],[11.13944,48.32625],[11.12992,48.32421],[11.12144,48.31459],[11.11754,48.3091],[11.12687,48.30151],[11.1136,48.29643],[11.1165,48.26836],[11.13965,48.26998],[11.14893,48.26985],[11.14926,48.27705],[11.15876,48.27904],[11.14892,48.2841],[11.15334,48.28969],[11.1773,48.29672],[11.19526,48.28831],[11.20128,48.27884],[11.2267,48.2817]]]},"properties":{"plz":"85235","name":"85235 Odelzhausen"}},{"type":"Feature","geometry":{"type":"Polygon","coordinates":[[[11.42103,48.40962],[11.42972,48.40397],[11.44498,48.40158],[11.45592,48.39237],[11.44964,48.38734],[11.46269,48.37893],[11.50393,48.37709],[11.51261,48.38404],[11.51273,48.39194],[11.5304,48.3914],[11.5281,48.40031],[11.50408,48.40823],[11.49893,48.41976],[11.50916,48.42956],[11.49398,48.43586],[11.49323,48.44042],[11.47367,48.44089],[11.45946,48.4332],[11.44971,48.43259],[11.43653,48.42637],[11.44324,48.41313],[11.42804,48.41702],[11.42103,48.40962]]]},"properties":{"plz":"85238","name":"85238 Petershausen"}},{"type":"Feature","geometry":{"type":"Polygon","coordinates":[[[11.49976,48.26239],[11.51244,48.26559],[11.51735,48.27867],[11.51914,48.28557],[11.51162,48.3043],[11.53162,48.31206],[11.52237,48.32232],[11.50683,48.32407],[11.49722,48.32585],[11.48183,48.3184],[11.47793,48.30827],[11.46064,48.30581],[11.45931,48.31519],[11.4468,48.31435],[11.44283,48.31917],[11.43899,48.30268],[11.42793,48.30981],[11.41989,48.30962],[11.43152,48.30286],[11.42516,48.29174],[11.42495,48.28269],[11.44507,48.28063],[11.46241,48.28996],[11.46229,48.28382],[11.4744,48.27435],[11.49497,48.2761],[11.49976,48.26239]]]},"properties":{"plz":"85241","name":"85241 Hebertshausen"}},{"type":"Feature","geometry":{"type":"Polygon","coordinates":[[[11.41989,48.30962],[11.42793,48.30981],[11.43899,48.30268],[11.44283,48.31917],[11.4468,48.31435],[11.45931,48.31519],[11.46064,48.30581],[11.47793,48.30827],[11.48183,48.3184],[11.49722,48.32585],[11.50683,48.32407],[11.50635,48.33607],[11.52034,48.34045],[11.51541,48.3509],[11.5088,48.35685],[11.49496,48.34964],[11.47091,48.35532],[11.45721,48.35063],[11.44771,48.3566],[11.44031,48.34397],[11.42605,48.34715],[11.42074,48.34086],[11.40841,48.33952],[11.41135,48.33249],[11.39816,48.32055],[11.40371,48.31132],[11.41989,48.30962]]]},"properties":{"plz":"85244","name":"85244 Röhrmoos"}},{"type":"Feature","geometry":{"type":"Polygon","coordinates":[[[11.40371,48.31132],[11.39816,48.32055],[11.37911,48.30681],[11.36269,48.3144],[11.35766,48.32496],[11.36073,48.34717],[11.31938,48.33923],[11.3332,48.31996],[11.31068,48.30891],[11.29015,48.3054],[11.2907,48.30199],[11.29188,48.2974],[11.30591,48.29452],[11.29213,48.29218],[11.28988,48.2875],[11.30446,48.27994],[11.30356,48.28522],[11.3299,48.28768],[11.32798,48.28037],[11.34522,48.27673],[11.35504,48.2813],[11.36573,48.29345],[11.38439,48.29375],[11.39039,48.29388],[11.40371,48.31132]]]},"properties":{"plz":"85247","name":"85247 Schwabhausen"}},{"type":"Feature","geometry":{"type":"Polygon","coordinates":[[[11.33182,48.41048],[11.32516,48.41703],[11.31294,48.41205],[11.28341,48.41692],[11.28564,48.42128],[11.27604,48.42816],[11.28083,48.43473],[11.25658,48.44058],[11.24661,48.44219],[11.23954,48.4307],[11.21434,48.43053],[11.19896,48.42021],[11.17831,48.41724],[11.18815,48.40576],[11.18916,48.39788],[11.1992,48.39523],[11.19293,48.37968],[11.17436,48.37378],[11.18375,48.36623],[11.16581,48.36883],[11.16587,48.35821],[11.17316,48.35591],[11.16178,48.34838],[11.16432,48.34354],[11.1666,48.34299],[11.18323,48.34441],[11.19543,48.33861],[11.2075,48.34328],[11.21833,48.33919],[11.21442,48.34725],[11.22405,48.34606],[11.23146,48.35356],[11.25301,48.34761],[11.25163,48.35426],[11.28055,48.36071],[11.2908,48.3735],[11.28369,48.38312],[11.28662,48.38885],[11.30827,48.38653],[11.30452,48.40076],[11.32203,48.40949],[11.33182,48.41048]]]},"properties":{"plz":"85250","name":"85250 Altomünster"}},{"type":"Feature","geometry":{"type":"Polygon","coordinates":[[[11.2908,48.3735],[11.28055,48.36071],[11.25163,48.35426],[11.25301,48.34761],[11.23146,48.35356],[11.22405,48.34606],[11.25398,48.34029],[11.25696,48.32711],[11.23929,48.32196],[11.23797,48.31506],[11.25128,48.31105],[11.24976,48.30049],[11.2618,48.29818],[11.2907,48.30199],[11.29015,48.3054],[11.31068,48.30891],[11.3332,48.31996],[11.31938,48.33923],[11.31108,48.34767],[11.31561,48.35364],[11.30439,48.36248],[11.29914,48.37355],[11.2908,48.3735]]]},"properties":{"plz":"85253","name":"85253 Erdweg"}},{"type":"Feature","geometry":{"type":"Polygon","coordinates":[[[11.28555,48.2623],[11.27662,48.26824],[11.27644,48.28356],[11.28988,48.2875],[11.29213,48.29218],[11.30591,48.29452],[11.29188,48.2974],[11.2907,48.30199],[11.2618,48.29818],[11.24976,48.30049],[11.23435,48.29074],[11.23845,48.28629],[11.2267,48.2817],[11.23234,48.27449],[11.24829,48.26986],[11.25248,48.26129],[11.28555,48.2623]]]},"properties":{"plz":"85254","name":"85254 Sulzemoos"}},{"type":"Feature","geometry":{"type":"Polygon","coordinates":[[[11.42605,48.34715],[11.44031,48.34397],[11.44771,48.3566],[11.45721,48.35063],[11.47091,48.35532],[11.49496,48.34964],[11.5088,48.35685],[11.52507,48.36291],[11.50393,48.37709],[11.46269,48.37893],[11.44964,48.38734],[11.4249,48.37684],[11.43782,48.36895],[11.42641,48.37056],[11.42885,48.36279],[11.42072,48.35596],[11.42605,48.34715]]]},"properties":{"plz":"85256","name":"85256 Vierkirchen"}},{"type":"Feature","geometry":{"type":"Polygon","coordinates":[[[11.42072,48.35596],[11.42885,48.36279],[11.42641,48.37056],[11.43782,48.36895],[11.4249,48.37684],[11.44964,48.38734],[11.45592,48.39237],[11.44498,48.40158],[11.42972,48.40397],[11.42103,48.40962],[11.4093,48.40941],[11.4074,48.40604],[11.38932,48.41036],[11.38905,48.39991],[11.37942,48.39145],[11.38976,48.3887],[11.39028,48.38014],[11.40326,48.37173],[11.41135,48.35424],[11.42072,48.35596]]]},"properties":{"plz":"85258","name":"85258 Weichs"}},{"type":"Feature","geometry":{"type":"Polygon","coordinates":[[[11.23435,48.29074],[11.24976,48.30049],[11.25128,48.31105],[11.23797,48.31506],[11.21541,48.30505],[11.21575,48.29782],[11.23435,48.29074]]]},"properties":{"plz":"85259","name":"85259 Sulzemoos"}},{"type":"Feature","geometry":{"type":"Polygon","coordinates":[[[11.49323,48.44042],[11.50872,48.44165],[11.51803,48.45221],[11.53518,48.46006],[11.52877,48.46893],[11.50333,48.47421],[11.49326,48.46805],[11.46577,48.47371],[11.45829,48.46489],[11.44298,48.46629],[11.43471,48.4612],[11.43162,48.45425],[11.41571,48.44684],[11.43757,48.44092],[11.44971,48.43259],[11.45946,48.4332],[11.47367,48.44089],[11.49323,48.44042]]]},"properties":{"plz":"85293","name":"85293 Reichertshausen"}},{"type":"Feature","geometry":{"type":"Polygon","coordinates":[[[11.48476,48.49507],[11.47133,48.49481],[11.45755,48.48588],[11.45695,48.47623],[11.46577,48.47371],[11.49326,48.46805],[11.50333,48.47421],[11.52877,48.46893],[11.54452,48.47251],[11.54949,48.47924],[11.53078,48.48382],[11.53008,48.49013],[11.54129,48.49495],[11.5643,48.49772],[11.56454,48.51104],[11.52375,48.50866],[11.51773,48.49121],[11.48476,48.49507]]]},"properties":{"plz":"85304","name":"85304 Ilmmünster"}},{"type":"Feature","geometry":{"type":"Polygon","coordinates":[[[11.4093,48.40941],[11.42103,48.40962],[11.42804,48.41702],[11.44324,48.41313],[11.43653,48.42637],[11.44971,48.43259],[11.43757,48.44092],[11.41571,48.44684],[11.43162,48.45425],[11.43471,48.4612],[11.41886,48.46349],[11.40803,48.4599],[11.40828,48.45323],[11.39116,48.45539],[11.385,48.463],[11.37171,48.45988],[11.37205,48.45428],[11.36174,48.44386],[11.37761,48.44108],[11.38945,48.43469],[11.38083,48.4307],[11.3808,48.42406],[11.40669,48.42115],[11.40227,48.41265],[11.4093,48.40941]]]},"properties":{"plz":"85305","name":"85305 Jetzendorf"}},{"type":"Feature","geometry":{"type":"Polygon","coordinates":[[[11.53518,48.46006],[11.55522,48.45433],[11.57359,48.45882],[11.59454,48.46002],[11.60333,48.4671],[11.58612,48.48323],[11.57618,48.48243],[11.57005,48.48991],[11.57523,48.49571],[11.5643,48.49772],[11.54129,48.49495],[11.53008,48.49013],[11.53078,48.48382],[11.54949,48.47924],[11.54452,48.47251],[11.52877,48.46893],[11.53518,48.46006]]]},"properties":{"plz":"85307","name":"85307 Paunzhausen"}},{"type":"Feature","geometry":{"type":"Polygon","coordinates":[[[11.70054,48.42646],[11.6908,48.40931],[11.68139,48.41273],[11.68353,48.40587],[11.66206,48.40212],[11.65135,48.40343],[11.64142,48.38639],[11.64962,48.37302],[11.66304,48.36872],[11.66961,48.37347],[11.68299,48.3662],[11.67824,48.35884],[11.6823,48.35347],[11.68623,48.34341],[11.69335,48.34302],[11.6979,48.33223],[11.70534,48.33106],[11.7142,48.33792],[11.71387,48.34506],[11.72683,48.35528],[11.72448,48.36317],[11.73495,48.37017],[11.73589,48.37746],[11.74964,48.39623],[11.74617,48.40655],[11.74892,48.41575],[11.74689,48.42882],[11.76274,48.44317],[11.72079,48.44662],[11.71913,48.44903],[11.70317,48.44695],[11.70612,48.43183],[11.70054,48.42646]]]},"properties":{"plz":"85354","name":"85354 Freising"}},{"type":"Feature","geometry":{"type":"Polygon","coordinates":[[[11.7142,48.33792],[11.72773,48.34639],[11.74336,48.3514],[11.73794,48.33691],[11.77248,48.33954],[11.81776,48.34307],[11.82481,48.3624],[11.83427,48.36465],[11.83331,48.37065],[11.79354,48.36748],[11.77755,48.37618],[11.78442,48.38244],[11.77885,48.39079],[11.78922,48.39327],[11.79038,48.40972],[11.78075,48.41744],[11.78481,48.4222],[11.77555,48.42817],[11.78807,48.43105],[11.78833,48.43931],[11.78341,48.4427],[11.76274,48.44317],[11.74689,48.42882],[11.74892,48.41575],[11.74617,48.40655],[11.74964,48.39623],[11.73589,48.37746],[11.73495,48.37017],[11.72448,48.36317],[11.72683,48.35528],[11.71387,48.34506],[11.7142,48.33792]]]},"properties":{"plz":"85356","name":"85356 Freising"}},{"type":"Feature","geometry":{"type":"Polygon","coordinates":[[[11.6823,48.35347],[11.65845,48.3498],[11.64613,48.34145],[11.64124,48.33256],[11.63628,48.34077],[11.61653,48.33998],[11.60526,48.34283],[11.60442,48.33137],[11.61376,48.32798],[11.62001,48.3194],[11.62886,48.32431],[11.64033,48.31915],[11.64923,48.30837],[11.64315,48.30592],[11.65534,48.29101],[11.67394,48.29025],[11.69568,48.29887],[11.70534,48.33106],[11.6979,48.33223],[11.69335,48.34302],[11.68623,48.34341],[11.6823,48.35347]]]},"properties":{"plz":"85375","name":"85375 Neufahrn b. Freising"}},{"type":"Feature","geometry":{"type":"Polygon","coordinates":[[[11.64962,48.37302],[11.63371,48.37624],[11.62068,48.37433],[11.62351,48.36082],[11.59608,48.35402],[11.59443,48.34668],[11.60526,48.34283],[11.61653,48.33998],[11.63628,48.34077],[11.64124,48.33256],[11.64613,48.34145],[11.65845,48.3498],[11.6823,48.35347],[11.67824,48.35884],[11.68299,48.3662],[11.66961,48.37347],[11.66304,48.36872],[11.64962,48.37302]]]},"properties":{"plz":"85376","name":"85376 Neufahrn b. Freising"}},{"type":"Feature","geometry":{"type":"Polygon","coordinates":[[[11.60442,48.33137],[11.57274,48.32671],[11.57155,48.30984],[11.57696,48.29912],[11.58968,48.28589],[11.59205,48.27195],[11.60027,48.28074],[11.61514,48.27005],[11.63662,48.27046],[11.64407,48.27323],[11.68519,48.27024],[11.68833,48.27243],[11.69808,48.29269],[11.69568,48.29887],[11.67394,48.29025],[11.65534,48.29101],[11.64315,48.30592],[11.64923,48.30837],[11.64033,48.31915],[11.62886,48.32431],[11.62001,48.3194],[11.61376,48.32798],[11.60442,48.33137]]]},"properties":{"plz":"85386","name":"85386 Eching"}},{"type":"Feature","geometry":{"type":"Polygon","coordinates":[[[11.60333,48.4671],[11.59454,48.46002],[11.57359,48.45882],[11.55522,48.45433],[11.55873,48.43667],[11.56488,48.43227],[11.55712,48.42083],[11.56324,48.40512],[11.57266,48.40046],[11.59358,48.40103],[11.59647,48.41616],[11.60683,48.42605],[11.62072,48.42261],[11.63632,48.43353],[11.6377,48.44497],[11.61991,48.44405],[11.61015,48.45219],[11.61398,48.46316],[11.60333,48.4671]]]},"properties":{"plz":"85391","name":"85391 Allershausen"}},{"type":"Feature","geometry":{"type":"Polygon","coordinates":[[[11.70534,48.33106],[11.69568,48.29887],[11.69808,48.29269],[11.68833,48.27243],[11.69968,48.26952],[11.70319,48.27626],[11.73533,48.27898],[11.73817,48.27614],[11.73117,48.28921],[11.73872,48.29603],[11.76022,48.29435],[11.7662,48.29767],[11.77033,48.31033],[11.76443,48.32589],[11.77248,48.33954],[11.73794,48.33691],[11.74336,48.3514],[11.72773,48.34639],[11.7142,48.33792],[11.70534,48.33106]]]},"properties":{"plz":"85399","name":"85399 Hallbergmoos"}},{"type":"Feature","geometry":{"type":"Polygon","coordinates":[[[11.70054,48.42646],[11.67901,48.42772],[11.67098,48.43594],[11.65897,48.43122],[11.64534,48.43359],[11.64641,48.44161],[11.6377,48.44497],[11.63632,48.43353],[11.62072,48.42261],[11.60683,48.42605],[11.59647,48.41616],[11.59358,48.40103],[11.57266,48.40046],[11.56324,48.40512],[11.5554,48.40612],[11.54984,48.39435],[11.56112,48.38153],[11.57461,48.38272],[11.57843,48.37752],[11.58788,48.38312],[11.60674,48.38102],[11.6089,48.37414],[11.62068,48.37433],[11.63371,48.37624],[11.64962,48.37302],[11.64142,48.38639],[11.65135,48.40343],[11.66206,48.40212],[11.68353,48.40587],[11.68139,48.41273],[11.6908,48.40931],[11.70054,48.42646]]]},"properties":{"plz":"85402","name":"85402 Kranzberg"}},{"type":"Feature","geometry":{"type":"Polygon","coordinates":[[[11.76274,48.44317],[11.78341,48.4427],[11.78833,48.43931],[11.7956,48.43953],[11.81063,48.44967],[11.80678,48.45742],[11.81274,48.46104],[11.79754,48.46486],[11.80148,48.48995],[11.83596,48.49382],[11.83517,48.50486],[11.81119,48.50749],[11.79925,48.51229],[11.78627,48.50111],[11.79158,48.49453],[11.7865,48.47988],[11.77636,48.48445],[11.75374,48.4841],[11.75309,48.47096],[11.73907,48.4689],[11.73269,48.47506],[11.72094,48.47478],[11.71728,48.46444],[11.71307,48.47071],[11.70157,48.46816],[11.68819,48.47035],[11.68742,48.46071],[11.71913,48.44903],[11.72079,48.44662],[11.76274,48.44317]]]},"properties":{"plz":"85406","name":"85406 Zolling"}},{"type":"Feature","geometry":{"type":"Polygon","coordinates":[[[11.5304,48.3914],[11.53942,48.38805],[11.54984,48.39435],[11.5554,48.40612],[11.56324,48.40512],[11.55712,48.42083],[11.56488,48.43227],[11.55873,48.43667],[11.55522,48.45433],[11.53518,48.46006],[11.51803,48.45221],[11.50872,48.44165],[11.49323,48.44042],[11.49398,48.43586],[11.50916,48.42956],[11.49893,48.41976],[11.50408,48.40823],[11.5281,48.40031],[11.5304,48.3914]]]},"properties":{"plz":"85411","name":"85411 Hohenkammer"}},{"type":"Feature","geometry":{"type":"Polygon","coordinates":[[[11.61398,48.46316],[11.61015,48.45219],[11.61991,48.44405],[11.6377,48.44497],[11.64641,48.44161],[11.64534,48.43359],[11.65897,48.43122],[11.67098,48.43594],[11.67901,48.42772],[11.70054,48.42646],[11.70612,48.43183],[11.70317,48.44695],[11.71913,48.44903],[11.68742,48.46071],[11.68819,48.47035],[11.67224,48.48062],[11.67699,48.49282],[11.66249,48.49831],[11.64089,48.49642],[11.63772,48.48041],[11.63288,48.47899],[11.62604,48.46311],[11.61398,48.46316]]]},"properties":{"plz":"85414","name":"85414 Kirchdorf a.d. Amper"}},{"type":"Feature","geometry":{"type":"Polygon","coordinates":[[[11.88327,48.45583],[11.84995,48.45677],[11.83754,48.44955],[11.81586,48.44666],[11.81063,48.44967],[11.7956,48.43953],[11.80835,48.43647],[11.79799,48.42421],[11.81111,48.42667],[11.81828,48.41892],[11.83913,48.42154],[11.84548,48.41287],[11.86177,48.41222],[11.88582,48.41642],[11.88826,48.42135],[11.90225,48.42348],[11.91161,48.42756],[11.91067,48.43221],[11.89343,48.44561],[11.88816,48.44444],[11.88327,48.45583]]]},"properties":{"plz":"85416","name":"85416 Langenbach"}},{"type":"Feature","geometry":{"type":"Polygon","coordinates":[[[11.79354,48.36748],[11.80861,48.38121],[11.80817,48.38975],[11.84097,48.396],[11.83964,48.41127],[11.84548,48.41287],[11.83913,48.42154],[11.81828,48.41892],[11.81111,48.42667],[11.79799,48.42421],[11.80835,48.43647],[11.7956,48.43953],[11.78833,48.43931],[11.78807,48.43105],[11.77555,48.42817],[11.78481,48.4222],[11.78075,48.41744],[11.79038,48.40972],[11.78922,48.39327],[11.77885,48.39079],[11.78442,48.38244],[11.77755,48.37618],[11.79354,48.36748]]]},"properties":{"plz":"85417","name":"85417 Marzling"}},{"type":"Feature","geometry":{"type":"Polygon","coordinates":[[[11.8787,48.29678],[11.86778,48.28938],[11.86901,48.27217],[11.88578,48.25585],[11.89921,48.25525],[11.90014,48.26474],[11.90624,48.26672],[11.9249,48.26075],[11.93076,48.25333],[11.94562,48.25893],[11.94592,48.27801],[11.94816,48.28227],[11.93806,48.29044],[11.94551,48.29716],[11.94018,48.30854],[11.95454,48.31208],[11.95306,48.32394],[11.95951,48.3323],[11.95404,48.33972],[11.93542,48.35485],[11.93328,48.36254],[11.92136,48.36136],[11.92157,48.36779],[11.89908,48.36648],[11.8934,48.32955],[11.88767,48.31212],[11.87839,48.30848],[11.8787,48.29678]]]},"properties":{"plz":"85435","name":"85435 Erding"}},{"type":"Feature","geometry":{"type":"Polygon","coordinates":[[[11.77248,48.33954],[11.76443,48.32589],[11.77033,48.31033],[11.7662,48.29767],[11.80307,48.29822],[11.8123,48.29316],[11.84458,48.29483],[11.84455,48.29051],[11.86982,48.30037],[11.8787,48.29678],[11.87839,48.30848],[11.88767,48.31212],[11.8934,48.32955],[11.86859,48.3344],[11.86312,48.34304],[11.85364,48.34772],[11.85573,48.36322],[11.84878,48.38577],[11.80861,48.38121],[11.79354,48.36748],[11.83331,48.37065],[11.83427,48.36465],[11.82481,48.3624],[11.81776,48.34307],[11.77248,48.33954]]]},"properties":{"plz":"85445","name":"85445 Oberding"}},{"type":"Feature","geometry":{"type":"Polygon","coordinates":[[[11.73817,48.27614],[11.74846,48.26471],[11.7786,48.26649],[11.78066,48.2526],[11.78762,48.25025],[11.80258,48.25863],[11.8114,48.25672],[11.83648,48.26555],[11.84662,48.25956],[11.85912,48.26018],[11.85922,48.25108],[11.87143,48.24949],[11.88415,48.25117],[11.88578,48.25585],[11.86901,48.27217],[11.86778,48.28938],[11.8787,48.29678],[11.86982,48.30037],[11.84455,48.29051],[11.84458,48.29483],[11.8123,48.29316],[11.80307,48.29822],[11.7662,48.29767],[11.76022,48.29435],[11.73872,48.29603],[11.73117,48.28921],[11.73817,48.27614]]]},"properties":{"plz":"85452","name":"85452 Moosinning"}},{"type":"Feature","geometry":{"type":"Polygon","coordinates":[[[11.88578,48.25585],[11.88415,48.25117],[11.87143,48.24949],[11.87024,48.2343],[11.87518,48.22628],[11.88169,48.22308],[11.90752,48.22602],[11.92521,48.22694],[11.94149,48.23143],[11.96218,48.23151],[11.96998,48.2383],[11.96795,48.24355],[11.94743,48.2454],[11.9415,48.25199],[11.93076,48.25333],[11.9249,48.26075],[11.90624,48.26672],[11.90014,48.26474],[11.89921,48.25525],[11.88578,48.25585]]]},"properties":{"plz":"85457","name":"85457 Wörth"}},{"type":"Feature","geometry":{"type":"Polygon","coordinates":[[[11.91161,48.42756],[11.90225,48.42348],[11.90176,48.41308],[11.89384,48.39651],[11.90102,48.38446],[11.89908,48.36648],[11.92157,48.36779],[11.92136,48.36136],[11.93328,48.36254],[11.94621,48.372],[11.94904,48.38226],[11.9431,48.38943],[11.95213,48.4021],[11.92757,48.41003],[11.91341,48.42714],[11.91161,48.42756]]]},"properties":{"plz":"85459","name":"85459 Berglern"}},{"type":"Feature","geometry":{"type":"Polygon","coordinates":[[[12.04158,48.33594],[12.01402,48.33919],[11.99407,48.34495],[11.98165,48.33885],[11.9826,48.33478],[11.95951,48.3323],[11.95306,48.32394],[11.95454,48.31208],[11.94018,48.30854],[11.94551,48.29716],[11.93806,48.29044],[11.94816,48.28227],[11.94592,48.27801],[11.96253,48.27354],[11.97327,48.28061],[11.98779,48.27187],[12.00465,48.27254],[12.00914,48.28242],[12.02221,48.28594],[12.03395,48.28458],[12.04097,48.29716],[12.05034,48.29768],[12.04689,48.30656],[12.05861,48.31292],[12.04852,48.31796],[12.0476,48.32901],[12.04158,48.33594]]]},"properties":{"plz":"85461","name":"85461 Bockhorn"}},{"type":"Feature","geometry":{"type":"Polygon","coordinates":[[[11.84548,48.41287],[11.83964,48.41127],[11.84097,48.396],[11.80817,48.38975],[11.80861,48.38121],[11.84878,48.38577],[11.85573,48.36322],[11.85364,48.34772],[11.86312,48.34304],[11.86859,48.3344],[11.8934,48.32955],[11.89908,48.36648],[11.90102,48.38446],[11.89384,48.39651],[11.90176,48.41308],[11.90225,48.42348],[11.88826,48.42135],[11.88582,48.41642],[11.86177,48.41222],[11.84548,48.41287]]]},"properties":{"plz":"85462","name":"85462 Eitting"}},{"type":"Feature","geometry":{"type":"Polygon","coordinates":[[[11.74846,48.26471],[11.75981,48.25401],[11.74968,48.2411],[11.74797,48.23692],[11.75571,48.22191],[11.75611,48.22119],[11.78574,48.22207],[11.79674,48.2202],[11.79903,48.21266],[11.82643,48.20553],[11.84261,48.20934],[11.84706,48.20657],[11.85533,48.20917],[11.85679,48.22101],[11.84065,48.2231],[11.8423,48.23051],[11.82059,48.23677],[11.81687,48.22885],[11.81131,48.23597],[11.79933,48.23678],[11.78131,48.24464],[11.78066,48.2526],[11.7786,48.26649],[11.74846,48.26471]]]},"properties":{"plz":"85464","name":"85464 Finsing"}},{"type":"Feature","geometry":{"type":"Polygon","coordinates":[[[11.78066,48.2526],[11.78131,48.24464],[11.79933,48.23678],[11.81131,48.23597],[11.81687,48.22885],[11.82059,48.23677],[11.8423,48.23051],[11.84065,48.2231],[11.85679,48.22101],[11.86526,48.22652],[11.87518,48.22628],[11.87024,48.2343],[11.87143,48.24949],[11.85922,48.25108],[11.85912,48.26018],[11.84662,48.25956],[11.83648,48.26555],[11.8114,48.25672],[11.80258,48.25863],[11.78762,48.25025],[11.78066,48.2526]]]},"properties":{"plz":"85467","name":"85467 Neuching"}},{"type":"Feature","geometry":{"type":"Polygon","coordinates":[[[12.00465,48.27254],[11.98779,48.27187],[11.97327,48.28061],[11.96253,48.27354],[11.94592,48.27801],[11.94562,48.25893],[11.93076,48.25333],[11.9415,48.25199],[11.94743,48.2454],[11.96795,48.24355],[11.96998,48.2383],[11.98198,48.23848],[11.98586,48.24385],[12.0077,48.24253],[12.01407,48.24546],[12.01314,48.2637],[12.00465,48.27254]]]},"properties":{"plz":"85469","name":"85469 Walpertskirchen"}},{"type":"Feature","geometry":{"type":"Polygon","coordinates":[[[11.64447,48.05419],[11.67029,48.05206],[11.67378,48.04535],[11.67996,48.03953],[11.68088,48.05143],[11.69003,48.05138],[11.71276,48.06468],[11.69467,48.06575],[11.6912,48.07341],[11.66718,48.06868],[11.66337,48.07364],[11.64648,48.07547],[11.65026,48.06926],[11.64447,48.05419]]]},"properties":{"plz":"85521","name":"85521 Ottobrunn/Riemerling"}},{"type":"Feature","geometry":{"type":"Polygon","coordinates":[[[11.7127,48.10487],[11.72306,48.10002],[11.73546,48.10166],[11.74606,48.09764],[11.75158,48.10712],[11.75939,48.10855],[11.75705,48.12511],[11.74713,48.13785],[11.72835,48.13258],[11.7229,48.13706],[11.71227,48.13338],[11.71617,48.12817],[11.69405,48.11936],[11.71067,48.11556],[11.7127,48.10487]]]},"properties":{"plz":"85540","name":"85540 Haar"}},{"type":"Feature","geometry":{"type":"Polygon","coordinates":[[[11.75571,48.22191],[11.75137,48.2139],[11.73561,48.21668],[11.73981,48.20611],[11.73159,48.20503],[11.7293,48.19649],[11.73714,48.17126],[11.74469,48.16246],[11.73519,48.15628],[11.74658,48.14831],[11.75798,48.14848],[11.77159,48.15469],[11.77554,48.16246],[11.77044,48.17427],[11.76649,48.18235],[11.75505,48.18903],[11.7632,48.20891],[11.75611,48.22119],[11.75571,48.22191]]]},"properties":{"plz":"85551","name":"85551 Kirchheim b. München"}},{"type":"Feature","geometry":{"type":"Polygon","coordinates":[[[12.04016,48.06085],[12.04542,48.07157],[12.02637,48.08348],[12.00866,48.08785],[12.0008,48.105],[11.99219,48.10931],[11.9978,48.11837],[11.98768,48.12431],[11.94045,48.1309],[11.95019,48.16017],[11.94373,48.16241],[11.93032,48.16715],[11.92205,48.16403],[11.91674,48.15546],[11.89546,48.15816],[11.88807,48.15607],[11.86838,48.14799],[11.86608,48.1411],[11.84503,48.13106],[11.83995,48.12249],[11.94811,48.10568],[11.93089,48.08744],[11.91953,48.08246],[11.92779,48.07716],[11.92967,48.06485],[11.92151,48.05734],[11.92804,48.05532],[11.93647,48.06296],[11.95734,48.06287],[11.95865,48.06667],[11.97339,48.06203],[11.98237,48.06679],[11.99554,48.05872],[11.99887,48.0484],[12.02779,48.05078],[12.04016,48.06085]]]},"properties":{"plz":"85560","name":"85560 Ebersberg"}},{"type":"Feature","geometry":{"type":"Polygon","coordinates":[[[11.99887,48.0484],[11.99554,48.05872],[11.98237,48.06679],[11.97339,48.06203],[11.95865,48.06667],[11.95734,48.06287],[11.93647,48.06296],[11.92804,48.05532],[11.92151,48.05734],[11.91419,48.05559],[11.91555,48.04828],[11.90141,48.04055],[11.89452,48.02709],[11.88201,48.02941],[11.88451,48.02316],[11.87688,48.01744],[11.87812,48.01029],[11.90747,47.99934],[11.92173,48.00111],[11.93318,48.00516],[11.98133,48.01143],[11.99692,48.0091],[12.00614,48.01577],[12.02068,48.02054],[12.02595,48.03247],[12.01201,48.03465],[11.99887,48.0484]]]},"properties":{"plz":"85567","name":"85567 Grafing b. München"}},{"type":"Feature","geometry":{"type":"Polygon","coordinates":[[[11.87518,48.22628],[11.86526,48.22652],[11.85679,48.22101],[11.85533,48.20917],[11.84706,48.20657],[11.83536,48.19816],[11.84232,48.19323],[11.83962,48.18099],[11.83245,48.18196],[11.83782,48.1773],[11.85019,48.1825],[11.8647,48.17818],[11.86725,48.17364],[11.88001,48.17308],[11.88173,48.17766],[11.88911,48.18467],[11.88887,48.19999],[11.9032,48.1974],[11.90884,48.2005],[11.90219,48.2092],[11.91696,48.21735],[11.90752,48.22602],[11.88169,48.22308],[11.87518,48.22628]]]},"properties":{"plz":"85570","name":"85570 Markt Schwaben"}},{"type":"Feature","geometry":{"type":"Polygon","coordinates":[[[11.60776,48.08562],[11.61045,48.07543],[11.62683,48.07195],[11.64648,48.07547],[11.66337,48.07364],[11.66718,48.06868],[11.6912,48.07341],[11.68565,48.07749],[11.66557,48.07821],[11.63304,48.08597],[11.61631,48.08843],[11.60776,48.08562]]]},"properties":{"plz":"85579","name":"85579 Neubiberg"}},{"type":"Feature","geometry":{"type":"Polygon","coordinates":[[[11.77159,48.15469],[11.78458,48.15981],[11.78948,48.15014],[11.80855,48.15522],[11.82274,48.15413],[11.82637,48.16748],[11.84168,48.17196],[11.83782,48.1773],[11.83245,48.18196],[11.81387,48.17927],[11.79616,48.18582],[11.77044,48.17427],[11.77554,48.16246],[11.77159,48.15469]]]},"properties":{"plz":"85586","name":"85586 Poing"}},{"type":"Feature","geometry":{"type":"Polygon","coordinates":[[[11.75939,48.10855],[11.77113,48.09359],[11.7822,48.09168],[11.77805,48.0998],[11.78708,48.10368],[11.79271,48.11305],[11.7868,48.1213],[11.77524,48.12642],[11.75705,48.12511],[11.75939,48.10855]]]},"properties":{"plz":"85591","name":"85591 Vaterstetten"}},{"type":"Feature","geometry":{"type":"Polygon","coordinates":[[[11.84503,48.13106],[11.83665,48.12419],[11.82498,48.12767],[11.82867,48.13475],[11.80516,48.13144],[11.80181,48.11956],[11.7868,48.1213],[11.79271,48.11305],[11.78708,48.10368],[11.77805,48.0998],[11.7822,48.09168],[11.78218,48.08835],[11.79588,48.08923],[11.80625,48.09461],[11.80399,48.10703],[11.81715,48.11805],[11.83557,48.11778],[11.83995,48.12249],[11.84503,48.13106]]]},"properties":{"plz":"85598","name":"85598 Baldham"}},{"type":"Feature","geometry":{"type":"Polygon","coordinates":[[[11.78948,48.15014],[11.77748,48.14366],[11.77843,48.13266],[11.7868,48.1213],[11.80181,48.11956],[11.80516,48.13144],[11.82867,48.13475],[11.8283,48.14589],[11.81556,48.14299],[11.80855,48.15522],[11.78948,48.15014]]]},"properties":{"plz":"85599","name":"85599 Parsdorf/Hergolding"}},{"type":"Feature","geometry":{"type":"Polygon","coordinates":[[[11.78218,48.08835],[11.78497,48.06952],[11.80541,48.06397],[11.80692,48.05597],[11.83382,48.04501],[11.83404,48.0481],[11.84076,48.06548],[11.85523,48.07302],[11.84563,48.08096],[11.84758,48.08875],[11.83523,48.10222],[11.83557,48.11778],[11.81715,48.11805],[11.80399,48.10703],[11.80625,48.09461],[11.79588,48.08923],[11.78218,48.08835]]]},"properties":{"plz":"85604","name":"85604 Zorneding"}},{"type":"Feature","geometry":{"type":"Polygon","coordinates":[[[11.70834,48.14794],[11.70509,48.1508],[11.72315,48.15771],[11.73519,48.15628],[11.74469,48.16246],[11.73714,48.17126],[11.7293,48.19649],[11.73159,48.20503],[11.73981,48.20611],[11.73561,48.21668],[11.75137,48.2139],[11.75571,48.22191],[11.74797,48.23692],[11.74968,48.2411],[11.7402,48.23034],[11.71869,48.22174],[11.7181,48.2172],[11.69888,48.20623],[11.69001,48.20427],[11.69665,48.19439],[11.69181,48.18256],[11.6961,48.17429],[11.67393,48.15647],[11.6798,48.15325],[11.67816,48.14429],[11.70834,48.14794]]]},"properties":{"plz":"85609","name":"85609 Aschheim"}},{"type":"Feature","geometry":{"type":"Polygon","coordinates":[[[11.83995,48.12249],[11.83557,48.11778],[11.83523,48.10222],[11.84758,48.08875],[11.84563,48.08096],[11.85523,48.07302],[11.84076,48.06548],[11.83404,48.0481],[11.85565,48.04939],[11.86394,48.04632],[11.86983,48.05816],[11.88985,48.05477],[11.90423,48.06242],[11.91419,48.05559],[11.92151,48.05734],[11.92967,48.06485],[11.92779,48.07716],[11.91953,48.08246],[11.93089,48.08744],[11.94811,48.10568],[11.83995,48.12249]]]},"properties":{"plz":"85614","name":"85614 Kirchseeon"}},{"type":"Feature","geometry":{"type":"Polygon","coordinates":[[[12.02685,47.97122],[12.03197,47.97509],[12.02843,47.99008],[12.03718,47.99139],[12.04038,48.00519],[12.02609,48.01373],[12.00614,48.01577],[11.99692,48.0091],[11.98133,48.01143],[11.93318,48.00516],[11.92173,48.00111],[11.93464,47.99319],[11.95084,47.98506],[11.96786,47.98355],[11.981,47.97079],[11.99891,47.96073],[12.01591,47.95877],[12.02685,47.97122]]]},"properties":{"plz":"85617","name":"85617 Aßling"}},{"type":"Feature","geometry":{"type":"Polygon","coordinates":[[[11.7229,48.13706],[11.72835,48.13258],[11.74713,48.13785],[11.75705,48.12511],[11.77524,48.12642],[11.7868,48.1213],[11.77843,48.13266],[11.77748,48.14366],[11.78948,48.15014],[11.78458,48.15981],[11.77159,48.15469],[11.75798,48.14848],[11.74658,48.14831],[11.73519,48.15628],[11.72315,48.15771],[11.70509,48.1508],[11.70834,48.14794],[11.70992,48.14178],[11.7229,48.13706]]]},"properties":{"plz":"85622","name":"85622 Feldkirchen"}},{"type":"Feature","geometry":{"type":"Polygon","coordinates":[[[11.94645,47.94309],[11.93591,47.95373],[11.93713,47.96167],[11.92941,47.97236],[11.92661,47.98401],[11.93464,47.99319],[11.92173,48.00111],[11.90747,47.99934],[11.87812,48.01029],[11.87688,48.01744],[11.86913,48.01895],[11.86716,48.00966],[11.85261,48.00886],[11.84055,48.01769],[11.82924,48.00758],[11.81965,48.00104],[11.81876,47.99288],[11.84848,47.97069],[11.84033,47.96444],[11.85209,47.95447],[11.84809,47.9481],[11.86107,47.94842],[11.86142,47.95481],[11.87241,47.95686],[11.92524,47.93159],[11.92828,47.93898],[11.94645,47.94309]]]},"properties":{"plz":"85625","name":"85625 Glonn"}},{"type":"Feature","geometry":{"type":"Polygon","coordinates":[[[11.72306,48.10002],[11.72007,48.08729],[11.73004,48.07737],[11.7316,48.06888],[11.73899,48.05828],[11.74816,48.06243],[11.75404,48.03864],[11.77642,48.04106],[11.78383,48.0361],[11.78776,48.05709],[11.80692,48.05597],[11.80541,48.06397],[11.78497,48.06952],[11.78218,48.08835],[11.7822,48.09168],[11.77113,48.09359],[11.75939,48.10855],[11.75158,48.10712],[11.74606,48.09764],[11.73546,48.10166],[11.72306,48.10002]]]},"properties":{"plz":"85630","name":"85630 Grasbrunn"}},{"type":"Feature","geometry":{"type":"Polygon","coordinates":[[[11.75404,48.03864],[11.7235,48.03967],[11.70097,48.02901],[11.69284,48.03016],[11.69831,48.00765],[11.70904,48.00658],[11.70817,47.99752],[11.72469,47.99802],[11.76811,48.00339],[11.76682,48.02168],[11.78841,48.02118],[11.78383,48.0361],[11.77642,48.04106],[11.75404,48.03864]]]},"properties":{"plz":"85635","name":"85635 Höhenkirchen-Siegertsbrunn"}},{"type":"Feature","geometry":{"type":"Polygon","coordinates":[[[11.68565,48.07749],[11.6912,48.07341],[11.69467,48.06575],[11.71276,48.06468],[11.72557,48.07114],[11.7316,48.06888],[11.73004,48.07737],[11.72007,48.08729],[11.72306,48.10002],[11.7127,48.10487],[11.68711,48.09354],[11.68096,48.0841],[11.68565,48.07749]]]},"properties":{"plz":"85640","name":"85640 Putzbrunn"}},{"type":"Feature","geometry":{"type":"Polygon","coordinates":[[[12.08089,48.09931],[12.07355,48.11039],[12.08767,48.11659],[12.08566,48.12241],[12.08375,48.12681],[12.06587,48.1227],[12.06929,48.12786],[12.05035,48.12859],[12.0376,48.13161],[12.02974,48.13828],[11.9978,48.11837],[11.99219,48.10931],[12.0008,48.105],[12.00866,48.08785],[12.02637,48.08348],[12.04542,48.07157],[12.04016,48.06085],[12.04533,48.05226],[12.05965,48.05701],[12.07549,48.05526],[12.07384,48.08223],[12.06276,48.09891],[12.08089,48.09931]]]},"properties":{"plz":"85643","name":"85643 Steinhöring"}},{"type":"Feature","geometry":{"type":"Polygon","coordinates":[[[11.88807,48.15607],[11.88173,48.17766],[11.88001,48.17308],[11.86725,48.17364],[11.8647,48.17818],[11.85019,48.1825],[11.83782,48.1773],[11.84168,48.17196],[11.82637,48.16748],[11.82274,48.15413],[11.80855,48.15522],[11.81556,48.14299],[11.8283,48.14589],[11.82867,48.13475],[11.82498,48.12767],[11.83665,48.12419],[11.84503,48.13106],[11.86608,48.1411],[11.86838,48.14799],[11.88807,48.15607]]]},"properties":{"plz":"85646","name":"85646 Anzing"}},{"type":"Feature","geometry":{"type":"Polygon","coordinates":[[[11.62681,48.0066],[11.62538,48.00476],[11.63106,47.99504],[11.64121,47.99843],[11.6512,47.99201],[11.66779,47.99437],[11.66925,47.98325],[11.68991,47.97647],[11.68833,47.96293],[11.70239,47.93919],[11.70497,47.93653],[11.72496,47.93979],[11.72071,47.95175],[11.74464,47.95576],[11.73097,47.96796],[11.73848,47.96905],[11.72414,47.98159],[11.72469,47.99802],[11.70817,47.99752],[11.70904,48.00658],[11.69831,48.00765],[11.69284,48.03016],[11.67996,48.03953],[11.67378,48.04535],[11.65586,48.03958],[11.659,48.03151],[11.65045,48.02713],[11.65831,48.02307],[11.66598,48.01208],[11.66475,48.00379],[11.65292,48.00827],[11.64076,48.00307],[11.63879,48.00763],[11.62681,48.0066]]]},"properties":{"plz":"85649","name":"85649 Brunnthal"}},{"type":"Feature","geometry":{"type":"Polygon","coordinates":[[[11.75611,48.22119],[11.7632,48.20891],[11.75505,48.18903],[11.76649,48.18235],[11.77044,48.17427],[11.79616,48.18582],[11.81387,48.17927],[11.83245,48.18196],[11.83962,48.18099],[11.84232,48.19323],[11.83536,48.19816],[11.84706,48.20657],[11.84261,48.20934],[11.82643,48.20553],[11.79903,48.21266],[11.79674,48.2202],[11.78574,48.22207],[11.75611,48.22119]]]},"properties":{"plz":"85652","name":"85652 Pliening"}},{"type":"Feature","geometry":{"type":"Polygon","coordinates":[[[11.73324,47.91806],[11.75636,47.92216],[11.75644,47.93838],[11.77663,47.94323],[11.78795,47.92915],[11.80664,47.92557],[11.82452,47.92328],[11.83878,47.93967],[11.83974,47.94888],[11.84809,47.9481],[11.85209,47.95447],[11.84033,47.96444],[11.82437,47.96344],[11.81957,47.97326],[11.80147,47.97925],[11.80521,47.98355],[11.79066,47.98541],[11.78413,47.99051],[11.76167,47.99178],[11.76811,48.00339],[11.72469,47.99802],[11.72414,47.98159],[11.73848,47.96905],[11.73097,47.96796],[11.74464,47.95576],[11.72071,47.95175],[11.72496,47.93979],[11.70497,47.93653],[11.71497,47.91593],[11.73324,47.91806]]]},"properties":{"plz":"85653","name":"85653 Aying"}},{"type":"Feature","geometry":{"type":"Polygon","coordinates":[[[12.03366,48.22241],[12.03189,48.22957],[12.01107,48.23503],[12.0077,48.24253],[11.98586,48.24385],[11.98198,48.23848],[11.96998,48.2383],[11.96218,48.23151],[11.96275,48.22048],[11.97807,48.21122],[11.98075,48.19883],[11.99211,48.19809],[11.9918,48.19134],[12.00392,48.1832],[12.01729,48.18678],[12.0263,48.19814],[12.0213,48.20713],[12.03477,48.21103],[12.03366,48.22241]]]},"properties":{"plz":"85656","name":"85656 Buch a. Buchrain"}},{"type":"Feature","geometry":{"type":"Polygon","coordinates":[[[11.82924,48.00758],[11.80811,48.00693],[11.80732,48.01469],[11.78841,48.02118],[11.76682,48.02168],[11.76811,48.00339],[11.76167,47.99178],[11.78413,47.99051],[11.79066,47.98541],[11.80521,47.98355],[11.80147,47.97925],[11.81957,47.97326],[11.82437,47.96344],[11.84033,47.96444],[11.84848,47.97069],[11.81876,47.99288],[11.81965,48.00104],[11.82924,48.00758]]]},"properties":{"plz":"85658","name":"85658 Egmating"}},{"type":"Feature","geometry":{"type":"Polygon","coordinates":[[[12.01729,48.18678],[12.00392,48.1832],[11.9918,48.19134],[11.99211,48.19809],[11.98075,48.19883],[11.97332,48.19159],[11.96123,48.19098],[11.94261,48.18225],[11.92706,48.18839],[11.92406,48.17931],[11.93705,48.16567],[11.94561,48.16701],[11.95975,48.17277],[11.97608,48.17139],[11.98636,48.16427],[11.99574,48.17435],[12.01078,48.17008],[12.02837,48.18438],[12.01729,48.18678]]]},"properties":{"plz":"85659","name":"85659 Forstern"}},{"type":"Feature","geometry":{"type":"Polygon","coordinates":[[[11.94373,48.16241],[11.94561,48.16701],[11.93705,48.16567],[11.92406,48.17931],[11.92706,48.18839],[11.91019,48.18363],[11.9098,48.19438],[11.9032,48.1974],[11.88887,48.19999],[11.88911,48.18467],[11.88173,48.17766],[11.88807,48.15607],[11.89546,48.15816],[11.91674,48.15546],[11.92205,48.16403],[11.93032,48.16715],[11.94373,48.16241]]]},"properties":{"plz":"85661","name":"85661 Forstinning"}},{"type":"Feature","geometry":{"type":"Polygon","coordinates":[[[11.67996,48.03953],[11.69284,48.03016],[11.70097,48.02901],[11.7235,48.03967],[11.75404,48.03864],[11.74816,48.06243],[11.73899,48.05828],[11.7316,48.06888],[11.72557,48.07114],[11.71276,48.06468],[11.69003,48.05138],[11.68088,48.05143],[11.67996,48.03953]]]},"properties":{"plz":"85662","name":"85662 Hohenbrunn"}},{"type":"Feature","geometry":{"type":"Polygon","coordinates":[[[12.04318,48.14151],[12.02681,48.14786],[12.02188,48.15514],[12.00216,48.16137],[12.01461,48.16328],[12.01078,48.17008],[11.99574,48.17435],[11.98636,48.16427],[11.97608,48.17139],[11.95975,48.17277],[11.94561,48.16701],[11.94373,48.16241],[11.95019,48.16017],[11.94045,48.1309],[11.98768,48.12431],[11.9978,48.11837],[12.02974,48.13828],[12.0376,48.13161],[12.05035,48.12859],[12.04318,48.14151]]]},"properties":{"plz":"85664","name":"85664 Hohenlinden"}},{"type":"Feature","geometry":{"type":"Polygon","coordinates":[[[11.91419,48.05559],[11.90423,48.06242],[11.88985,48.05477],[11.86983,48.05816],[11.86394,48.04632],[11.85565,48.04939],[11.83404,48.0481],[11.83382,48.04501],[11.84809,48.03196],[11.84055,48.01769],[11.85261,48.00886],[11.86716,48.00966],[11.86913,48.01895],[11.87688,48.01744],[11.88451,48.02316],[11.88201,48.02941],[11.89452,48.02709],[11.90141,48.04055],[11.91555,48.04828],[11.91419,48.05559]]]},"properties":{"plz":"85665","name":"85665 Moosach"}},{"type":"Feature","geometry":{"type":"Polygon","coordinates":[[[11.80692,48.05597],[11.78776,48.05709],[11.78383,48.0361],[11.78841,48.02118],[11.80732,48.01469],[11.80811,48.00693],[11.82924,48.00758],[11.84055,48.01769],[11.84809,48.03196],[11.83382,48.04501],[11.80692,48.05597]]]},"properties":{"plz":"85667","name":"85667 Oberpframmern"}},{"type":"Feature","geometry":{"type":"Polygon","coordinates":[[[11.90752,48.22602],[11.91696,48.21735],[11.90219,48.2092],[11.90884,48.2005],[11.9032,48.1974],[11.9098,48.19438],[11.91019,48.18363],[11.92706,48.18839],[11.94261,48.18225],[11.96123,48.19098],[11.97332,48.19159],[11.98075,48.19883],[11.97807,48.21122],[11.96275,48.22048],[11.96218,48.23151],[11.94149,48.23143],[11.92521,48.22694],[11.90752,48.22602]]]},"properties":{"plz":"85669","name":"85669 Pastetten"}},{"type":"Feature","geometry":{"type":"Polygon","coordinates":[[[11.57696,48.29912],[11.56513,48.29009],[11.55716,48.29381],[11.51735,48.27867],[11.51383,48.26875],[11.54811,48.26145],[11.55284,48.27596],[11.56776,48.26452],[11.57416,48.26622],[11.58309,48.25513],[11.59672,48.2606],[11.59205,48.27195],[11.58968,48.28589],[11.57696,48.29912]]]},"properties":{"plz":"85716","name":"85716 Unterschleißheim"}},{"type":"Feature","geometry":{"type":"Polygon","coordinates":[[[11.64513,48.20797],[11.64355,48.204],[11.66041,48.20174],[11.67356,48.20669],[11.69001,48.20427],[11.69888,48.20623],[11.7181,48.2172],[11.71869,48.22174],[11.7402,48.23034],[11.74968,48.2411],[11.75981,48.25401],[11.74846,48.26471],[11.73817,48.27614],[11.73533,48.27898],[11.70319,48.27626],[11.69968,48.26952],[11.68833,48.27243],[11.68519,48.27024],[11.67896,48.2634],[11.68212,48.24968],[11.67022,48.23442],[11.65051,48.21701],[11.64513,48.20797]]]},"properties":{"plz":"85737","name":"85737 Ismaning"}},{"type":"Feature","geometry":{"type":"Polygon","coordinates":[[[11.65051,48.21701],[11.67022,48.23442],[11.68212,48.24968],[11.67896,48.2634],[11.68519,48.27024],[11.64407,48.27323],[11.63662,48.27046],[11.61514,48.27005],[11.61275,48.26455],[11.5972,48.26109],[11.60248,48.24887],[11.59833,48.23015],[11.60416,48.2297],[11.60183,48.21686],[11.61158,48.21914],[11.60572,48.22677],[11.62461,48.22924],[11.63899,48.22596],[11.65051,48.21701]]]},"properties":{"plz":"85748","name":"85748 Garching b. München"}},{"type":"Feature","geometry":{"type":"Polygon","coordinates":[[[11.49984,48.2481],[11.50091,48.25396],[11.46993,48.25577],[11.46923,48.24246],[11.45472,48.24152],[11.43262,48.23043],[11.42803,48.22075],[11.42623,48.20436],[11.43242,48.20524],[11.4576,48.2088],[11.45947,48.21172],[11.47706,48.21955],[11.49108,48.2231],[11.48775,48.23208],[11.49069,48.24542],[11.49984,48.2481]]]},"properties":{"plz":"85757","name":"85757 Karlsfeld"}},{"type":"Feature","geometry":{"type":"Polygon","coordinates":[[[11.58744,48.22212],[11.58747,48.21348],[11.60183,48.21686],[11.60416,48.2297],[11.59833,48.23015],[11.60248,48.24887],[11.5972,48.26109],[11.61275,48.26455],[11.61514,48.27005],[11.60027,48.28074],[11.59205,48.27195],[11.59672,48.2606],[11.58309,48.25513],[11.57416,48.26622],[11.56776,48.26452],[11.55284,48.27596],[11.54811,48.26145],[11.51383,48.26875],[11.51735,48.27867],[11.51244,48.26559],[11.49976,48.26239],[11.50091,48.25396],[11.49984,48.2481],[11.52539,48.24132],[11.53112,48.23134],[11.54743,48.227],[11.56325,48.22718],[11.5823,48.22856],[11.58744,48.22212]]]},"properties":{"plz":"85764","name":"85764 Oberschleißheim"}},{"type":"Feature","geometry":{"type":"Polygon","coordinates":[[[11.62837,48.17947],[11.63133,48.1775],[11.64539,48.17371],[11.66553,48.17618],[11.6622,48.18289],[11.68683,48.18037],[11.69181,48.18256],[11.69665,48.19439],[11.69001,48.20427],[11.67356,48.20669],[11.66041,48.20174],[11.64355,48.204],[11.64513,48.20797],[11.63912,48.20377],[11.62837,48.17947]]]},"properties":{"plz":"85774","name":"85774 Unterföhring"}},{"type":"Feature","geometry":{"type":"Polygon","coordinates":[[[11.50393,48.37709],[11.52507,48.36291],[11.5088,48.35685],[11.51541,48.3509],[11.52231,48.35212],[11.53375,48.34553],[11.56473,48.34037],[11.57145,48.33624],[11.57274,48.32671],[11.60442,48.33137],[11.60526,48.34283],[11.59443,48.34668],[11.59608,48.35402],[11.62351,48.36082],[11.62068,48.37433],[11.6089,48.37414],[11.60674,48.38102],[11.58788,48.38312],[11.57843,48.37752],[11.57461,48.38272],[11.56112,48.38153],[11.54984,48.39435],[11.53942,48.38805],[11.5304,48.3914],[11.51273,48.39194],[11.51261,48.38404],[11.50393,48.37709]]]},"properties":{"plz":"85777","name":"85777 Fahrenzhausen"}},{"type":"Feature","geometry":{"type":"Polygon","coordinates":[[[11.51735,48.27867],[11.55716,48.29381],[11.56513,48.29009],[11.57696,48.29912],[11.57155,48.30984],[11.57274,48.32671],[11.57145,48.33624],[11.56473,48.34037],[11.53375,48.34553],[11.52231,48.35212],[11.51541,48.3509],[11.52034,48.34045],[11.50635,48.33607],[11.50683,48.32407],[11.52237,48.32232],[11.53162,48.31206],[11.51162,48.3043],[11.51914,48.28557],[11.51735,48.27867]]]},"properties":{"plz":"85778","name":"85778 Haimhausen"}},{"type":"Feature","geometry":{"type":"Polygon","coordinates":[[[11.3808,48.42406],[11.38083,48.4307],[11.38945,48.43469],[11.37761,48.44108],[11.36174,48.44386],[11.35814,48.44985],[11.34467,48.45496],[11.33452,48.45443],[11.32588,48.44819],[11.31157,48.45221],[11.29291,48.4431],[11.28769,48.4463],[11.27293,48.444],[11.2649,48.4469],[11.25658,48.44058],[11.28083,48.43473],[11.27604,48.42816],[11.28564,48.42128],[11.28341,48.41692],[11.31294,48.41205],[11.32516,48.41703],[11.33182,48.41048],[11.35092,48.41149],[11.36072,48.41776],[11.3808,48.42406]]]},"properties":{"plz":"86567","name":"86567 Hilgertshausen-Tandern"}},{"type":"Feature","geometry":{"type":"Polygon","coordinates":[[[11.11668,48.03346],[11.0954,48.03445],[11.08649,48.0434],[11.07744,48.03957],[11.06548,48.04072],[11.05019,48.04374],[11.03854,48.03534],[11.04002,48.02064],[11.04502,48.02068],[11.05045,47.99663],[11.05826,47.98673],[11.06093,47.99358],[11.07085,47.99361],[11.07261,47.99972],[11.09058,48.00309],[11.11816,47.99923],[11.11668,48.03346]]]},"properties":{"plz":"86919","name":"86919 Utting a. Ammersee"}},{"type":"Feature","geometry":{"type":"Polygon","coordinates":[[[11.09919,48.09052],[11.08932,48.08771],[11.08211,48.09745],[11.06777,48.09873],[11.04899,48.09103],[11.06044,48.0779],[11.05548,48.0768],[11.05299,48.0715],[11.07325,48.06194],[11.09807,48.06958],[11.10477,48.07728],[11.09919,48.09052]]]},"properties":{"plz":"86926","name":"86926 Greifenberg"}},{"type":"Feature","geometry":{"type":"Polygon","coordinates":[[[11.11619,48.04487],[11.12027,48.06334],[11.10572,48.06386],[11.09807,48.06958],[11.07325,48.06194],[11.06548,48.04072],[11.07744,48.03957],[11.08649,48.0434],[11.0954,48.03445],[11.11668,48.03346],[11.11619,48.04487]]]},"properties":{"plz":"86938","name":"86938 Schondorf a. Ammersee"}},{"type":"Feature","geometry":{"type":"Polygon","coordinates":[[[11.03298,48.1061],[11.02809,48.09429],[11.04899,48.09103],[11.06777,48.09873],[11.0556,48.10375],[11.03298,48.1061]]]},"properties":{"plz":"86941","name":"86941 Eresing"}}]}