{"type":"FeatureCollection","features":[{"type":"Feature","geometry":{"type":"Polygon","coordinates":[[[6.78399,51.22569],[6.78261,51.2184],[6.79216,51.21716],[6.79824,51.22303],[6.79591,51.22468],[6.78399,51.22569]]]},"properties":{"plz":"40210","name":"40210 Düsseldorf"}},{"type":"Feature","geometry":{"type":"Polygon","coordinates":[[[6.79591,51.22468],[6.79802,51.22993],[6.79727,51.23639],[6.79399,51.23625],[6.7811,51.22928],[6.78399,51.22569],[6.79591,51.22468]]]},"properties":{"plz":"40211","name":"40211 Düsseldorf"}},{"type":"Feature","geometry":{"type":"Polygon","coordinates":[[[6.78399,51.22569],[6.7811,51.22928],[6.7771,51.22103],[6.78261,51.2184],[6.78399,51.22569]]]},"properties":{"plz":"40212","name":"40212 Düsseldorf"}},{"type":"Feature","geometry":{"type":"Polygon","coordinates":[[[6.7811,51.22928],[6.76866,51.2315],[6.76349,51.22105],[6.76587,51.21909],[6.76978,51.21722],[6.77741,51.21845],[6.7771,51.22103],[6.7811,51.22928]]]},"properties":{"plz":"40213","name":"40213 Düsseldorf"}},{"type":"Feature","geometry":{"type":"Polygon","coordinates":[[[6.78261,51.2184],[6.7771,51.22103],[6.77741,51.21845],[6.77987,51.20864],[6.79063,51.21256],[6.79216,51.21716],[6.78261,51.2184]]]},"properties":{"plz":"40215","name":"40215 Düsseldorf"}},{"type":"Feature","geometry":{"type":"Polygon","coordinates":[[[6.76978,51.21722],[6.76811,51.2082],[6.77987,51.20864],[6.77741,51.21845],[6.76978,51.21722]]]},"properties":{"plz":"40217","name":"40217 Düsseldorf"}},{"type":"Feature","geometry":{"type":"Polygon","coordinates":[[[6.76587,51.21909],[6.74792,51.21322],[6.76206,51.21091],[6.76811,51.2082],[6.76978,51.21722],[6.76587,51.21909]]]},"properties":{"plz":"40219","name":"40219 Düsseldorf"}},{"type":"Feature","geometry":{"type":"Polygon","coordinates":[[[6.76349,51.22105],[6.75404,51.22024],[6.73457,51.22912],[6.72352,51.22593],[6.73146,51.20521],[6.73215,51.18713],[6.74778,51.18094],[6.77382,51.18521],[6.76563,51.19011],[6.76973,51.19994],[6.76188,51.20183],[6.76206,51.21091],[6.74792,51.21322],[6.76587,51.21909],[6.76349,51.22105]]]},"properties":{"plz":"40221","name":"40221 Düsseldorf"}},{"type":"Feature","geometry":{"type":"Polygon","coordinates":[[[6.77987,51.20864],[6.76811,51.2082],[6.76206,51.21091],[6.76188,51.20183],[6.76973,51.19994],[6.76563,51.19011],[6.77382,51.18521],[6.79403,51.18026],[6.79194,51.18697],[6.77715,51.19358],[6.7752,51.20278],[6.79351,51.20946],[6.79063,51.21256],[6.77987,51.20864]]]},"properties":{"plz":"40223","name":"40223 Düsseldorf"}},{"type":"Feature","geometry":{"type":"Polygon","coordinates":[[[6.79194,51.18697],[6.80393,51.18063],[6.81007,51.19723],[6.80436,51.20752],[6.79351,51.20946],[6.7752,51.20278],[6.77715,51.19358],[6.79194,51.18697]]]},"properties":{"plz":"40225","name":"40225 Düsseldorf"}},{"type":"Feature","geometry":{"type":"Polygon","coordinates":[[[6.79216,51.21716],[6.79063,51.21256],[6.79351,51.20946],[6.80436,51.20752],[6.81435,51.20423],[6.82436,51.20533],[6.81421,51.2113],[6.79824,51.22303],[6.79216,51.21716]]]},"properties":{"plz":"40227","name":"40227 Düsseldorf"}},{"type":"Feature","geometry":{"type":"Polygon","coordinates":[[[6.81435,51.20423],[6.82591,51.1947],[6.84487,51.18987],[6.85022,51.19013],[6.87932,51.18997],[6.8472,51.2069],[6.83841,51.20196],[6.82436,51.20533],[6.81435,51.20423]]]},"properties":{"plz":"40229","name":"40229 Düsseldorf"}},{"type":"Feature","geometry":{"type":"Polygon","coordinates":[[[6.82436,51.20533],[6.83841,51.20196],[6.8472,51.2069],[6.83976,51.22045],[6.8307,51.22234],[6.81421,51.2113],[6.82436,51.20533]]]},"properties":{"plz":"40231","name":"40231 Düsseldorf"}},{"type":"Feature","geometry":{"type":"Polygon","coordinates":[[[6.79824,51.22303],[6.81421,51.2113],[6.8307,51.22234],[6.80911,51.22593],[6.80847,51.23122],[6.79802,51.22993],[6.79591,51.22468],[6.79824,51.22303]]]},"properties":{"plz":"40233","name":"40233 Düsseldorf"}},{"type":"Feature","geometry":{"type":"Polygon","coordinates":[[[6.83976,51.22045],[6.83212,51.23443],[6.82526,51.24612],[6.82196,51.24562],[6.82204,51.23526],[6.80847,51.23122],[6.80911,51.22593],[6.8307,51.22234],[6.83976,51.22045]]]},"properties":{"plz":"40235","name":"40235 Düsseldorf"}},{"type":"Feature","geometry":{"type":"Polygon","coordinates":[[[6.79802,51.22993],[6.80847,51.23122],[6.82204,51.23526],[6.82196,51.24562],[6.81393,51.24397],[6.79734,51.23712],[6.79727,51.23639],[6.79802,51.22993]]]},"properties":{"plz":"40237","name":"40237 Düsseldorf"}},{"type":"Feature","geometry":{"type":"Polygon","coordinates":[[[6.81393,51.24397],[6.80245,51.25176],[6.79501,51.24699],[6.79621,51.24363],[6.79734,51.23712],[6.81393,51.24397]]]},"properties":{"plz":"40239","name":"40239 Düsseldorf"}},{"type":"Feature","geometry":{"type":"Polygon","coordinates":[[[6.78178,51.28405],[6.77006,51.28013],[6.76037,51.27141],[6.75051,51.27141],[6.76291,51.25715],[6.77147,51.25325],[6.79347,51.25298],[6.79543,51.26299],[6.78757,51.28604],[6.78178,51.28405]]]},"properties":{"plz":"40468","name":"40468 Düsseldorf"}},{"type":"Feature","geometry":{"type":"Polygon","coordinates":[[[6.82526,51.24612],[6.82394,51.25138],[6.81425,51.26026],[6.79543,51.26299],[6.79347,51.25298],[6.79501,51.24699],[6.80245,51.25176],[6.81393,51.24397],[6.82196,51.24562],[6.82526,51.24612]]]},"properties":{"plz":"40470","name":"40470 Düsseldorf"}},{"type":"Feature","geometry":{"type":"Polygon","coordinates":[[[6.79543,51.26299],[6.81425,51.26026],[6.82394,51.25138],[6.85543,51.25832],[6.86225,51.26373],[6.85916,51.27427],[6.85091,51.27854],[6.83544,51.27728],[6.83069,51.28058],[6.81858,51.27486],[6.80366,51.27915],[6.80311,51.29031],[6.78996,51.29047],[6.78178,51.28405],[6.78757,51.28604],[6.79543,51.26299]]]},"properties":{"plz":"40472","name":"40472 Düsseldorf"}},{"type":"Feature","geometry":{"type":"Polygon","coordinates":[[[6.78178,51.28405],[6.78996,51.29047],[6.80311,51.29031],[6.80477,51.29997],[6.78052,51.30192],[6.75508,51.29009],[6.7412,51.28652],[6.72127,51.29245],[6.70701,51.28004],[6.70465,51.2671],[6.72632,51.25667],[6.75331,51.24968],[6.76671,51.23881],[6.77284,51.23671],[6.77306,51.23978],[6.77147,51.25325],[6.76291,51.25715],[6.75051,51.27141],[6.76037,51.27141],[6.77006,51.28013],[6.78178,51.28405]]]},"properties":{"plz":"40474","name":"40474 Düsseldorf"}},{"type":"Feature","geometry":{"type":"Polygon","coordinates":[[[6.79501,51.24699],[6.79347,51.25298],[6.77147,51.25325],[6.77306,51.23978],[6.79621,51.24363],[6.79501,51.24699]]]},"properties":{"plz":"40476","name":"40476 Düsseldorf"}},{"type":"Feature","geometry":{"type":"Polygon","coordinates":[[[6.79727,51.23639],[6.79734,51.23712],[6.79621,51.24363],[6.77306,51.23978],[6.77284,51.23671],[6.79399,51.23625],[6.79727,51.23639]]]},"properties":{"plz":"40477","name":"40477 Düsseldorf"}},{"type":"Feature","geometry":{"type":"Polygon","coordinates":[[[6.79399,51.23625],[6.77284,51.23671],[6.76671,51.23881],[6.76866,51.2315],[6.7811,51.22928],[6.79399,51.23625]]]},"properties":{"plz":"40479","name":"40479 Düsseldorf"}},{"type":"Feature","geometry":{"type":"Polygon","coordinates":[[[6.76866,51.2315],[6.76671,51.23881],[6.74504,51.23305],[6.73457,51.22912],[6.75404,51.22024],[6.76349,51.22105],[6.76866,51.2315]]]},"properties":{"plz":"40545","name":"40545 Düsseldorf"}},{"type":"Feature","geometry":{"type":"Polygon","coordinates":[[[6.72632,51.25667],[6.71678,51.24477],[6.74504,51.23305],[6.76671,51.23881],[6.75331,51.24968],[6.72632,51.25667]]]},"properties":{"plz":"40547","name":"40547 Düsseldorf"}},{"type":"Feature","geometry":{"type":"Polygon","coordinates":[[[6.73457,51.22912],[6.74504,51.23305],[6.71678,51.24477],[6.69898,51.23501],[6.68881,51.2295],[6.69532,51.22496],[6.72352,51.22593],[6.73457,51.22912]]]},"properties":{"plz":"40549","name":"40549 Düsseldorf"}},{"type":"Feature","geometry":{"type":"Polygon","coordinates":[[[6.79403,51.18026],[6.79835,51.16972],[6.79255,51.15212],[6.79772,51.14532],[6.81447,51.14387],[6.83553,51.16049],[6.85227,51.16124],[6.85467,51.16961],[6.84624,51.17837],[6.85022,51.19013],[6.84487,51.18987],[6.83268,51.17983],[6.81963,51.18419],[6.80896,51.17649],[6.80393,51.18063],[6.79194,51.18697],[6.79403,51.18026]]]},"properties":{"plz":"40589","name":"40589 Düsseldorf"}},{"type":"Feature","geometry":{"type":"Polygon","coordinates":[[[6.80393,51.18063],[6.80896,51.17649],[6.81963,51.18419],[6.83268,51.17983],[6.84487,51.18987],[6.82591,51.1947],[6.81435,51.20423],[6.80436,51.20752],[6.81007,51.19723],[6.80393,51.18063]]]},"properties":{"plz":"40591","name":"40591 Düsseldorf"}},{"type":"Feature","geometry":{"type":"Polygon","coordinates":[[[6.85748,51.15503],[6.84824,51.13806],[6.85615,51.12624],[6.85714,51.13123],[6.87291,51.13144],[6.88407,51.12712],[6.89441,51.12927],[6.89464,51.13796],[6.87707,51.14493],[6.89337,51.1487],[6.89068,51.1589],[6.87367,51.16064],[6.8706,51.15439],[6.85748,51.15503]]]},"properties":{"plz":"40593","name":"40593 Düsseldorf"}},{"type":"Feature","geometry":{"type":"Polygon","coordinates":[[[6.89441,51.12927],[6.90856,51.12649],[6.91894,51.12975],[6.92327,51.1405],[6.91767,51.14096],[6.89073,51.15893],[6.89068,51.1589],[6.89337,51.1487],[6.87707,51.14493],[6.89464,51.13796],[6.89441,51.12927]]]},"properties":{"plz":"40595","name":"40595 Düsseldorf"}},{"type":"Feature","geometry":{"type":"Polygon","coordinates":[[[6.85227,51.16124],[6.85748,51.15503],[6.8706,51.15439],[6.87367,51.16064],[6.89068,51.1589],[6.89073,51.15893],[6.89825,51.15875],[6.89542,51.17365],[6.88505,51.17662],[6.87216,51.16952],[6.85467,51.16961],[6.85227,51.16124]]]},"properties":{"plz":"40597","name":"40597 Düsseldorf"}},{"type":"Feature","geometry":{"type":"Polygon","coordinates":[[[6.85022,51.19013],[6.84624,51.17837],[6.85467,51.16961],[6.87216,51.16952],[6.88505,51.17662],[6.89542,51.17365],[6.90476,51.17646],[6.87932,51.18997],[6.85022,51.19013]]]},"properties":{"plz":"40599","name":"40599 Düsseldorf"}},{"type":"Feature","geometry":{"type":"Polygon","coordinates":[[[6.83976,51.22045],[6.87368,51.22055],[6.88006,51.22803],[6.87151,51.23979],[6.85656,51.24572],[6.83212,51.23443],[6.83976,51.22045]]]},"properties":{"plz":"40625","name":"40625 Düsseldorf"}},{"type":"Feature","geometry":{"type":"Polygon","coordinates":[[[6.87932,51.18997],[6.91561,51.19211],[6.92127,51.19282],[6.90524,51.20123],[6.91181,51.21076],[6.88118,51.21569],[6.87368,51.22055],[6.83976,51.22045],[6.8472,51.2069],[6.87932,51.18997]]]},"properties":{"plz":"40627","name":"40627 Düsseldorf"}},{"type":"Feature","geometry":{"type":"Polygon","coordinates":[[[6.83212,51.23443],[6.85656,51.24572],[6.87151,51.23979],[6.87836,51.24252],[6.90277,51.2371],[6.91022,51.24177],[6.92649,51.24253],[6.93122,51.23803],[6.93408,51.24843],[6.92684,51.25336],[6.93988,51.27256],[6.93582,51.27607],[6.91775,51.27269],[6.91277,51.27611],[6.90755,51.26735],[6.89595,51.2646],[6.88907,51.2694],[6.87638,51.26786],[6.85916,51.27427],[6.86225,51.26373],[6.85543,51.25832],[6.82394,51.25138],[6.82526,51.24612],[6.83212,51.23443]]]},"properties":{"plz":"40629","name":"40629 Düsseldorf"}},{"type":"Feature","geometry":{"type":"Polygon","coordinates":[[[6.70701,51.28004],[6.67836,51.28764],[6.6585,51.27511],[6.65343,51.26059],[6.64964,51.25236],[6.66307,51.23829],[6.67587,51.2336],[6.69898,51.23501],[6.71678,51.24477],[6.72632,51.25667],[6.70465,51.2671],[6.70701,51.28004]]]},"properties":{"plz":"40667","name":"40667 Meerbusch"}},{"type":"Feature","geometry":{"type":"Polygon","coordinates":[[[6.87368,51.22055],[6.88118,51.21569],[6.91181,51.21076],[6.90524,51.20123],[6.92127,51.19282],[6.9598,51.19798],[6.98754,51.20328],[6.9846,51.2078],[6.99459,51.21211],[6.98303,51.21803],[6.96509,51.22473],[6.95438,51.22193],[6.93869,51.22813],[6.93122,51.23803],[6.92649,51.24253],[6.91022,51.24177],[6.90277,51.2371],[6.87836,51.24252],[6.87151,51.23979],[6.88006,51.22803],[6.87368,51.22055]]]},"properties":{"plz":"40699","name":"40699 Erkrath"}},{"type":"Feature","geometry":{"type":"Polygon","coordinates":[[[6.92327,51.1405],[6.9349,51.14413],[6.926,51.16418],[6.94037,51.16376],[6.93906,51.17598],[6.92756,51.17694],[6.92506,51.18615],[6.91561,51.19211],[6.87932,51.18997],[6.90476,51.17646],[6.89542,51.17365],[6.89825,51.15875],[6.89073,51.15893],[6.91767,51.14096],[6.92327,51.1405]]]},"properties":{"plz":"40721","name":"40721 Hilden, Düsseldorf"}},{"type":"Feature","geometry":{"type":"Polygon","coordinates":[[[6.9349,51.14413],[6.95137,51.14716],[6.96132,51.16471],[6.94037,51.16376],[6.926,51.16418],[6.9349,51.14413]]]},"properties":{"plz":"40723","name":"40723 Hilden"}},{"type":"Feature","geometry":{"type":"Polygon","coordinates":[[[6.91561,51.19211],[6.92506,51.18615],[6.92756,51.17694],[6.93906,51.17598],[6.94037,51.16376],[6.96132,51.16471],[6.98234,51.16571],[6.9862,51.17196],[6.98107,51.17233],[6.97786,51.19102],[6.9598,51.19798],[6.92127,51.19282],[6.91561,51.19211]]]},"properties":{"plz":"40724","name":"40724 Hilden"}},{"type":"Feature","geometry":{"type":"Polygon","coordinates":[[[6.90856,51.12649],[6.91428,51.11694],[6.90582,51.10962],[6.9234,51.10586],[6.93058,51.08347],[6.92822,51.0798],[6.94231,51.07153],[6.95929,51.0725],[6.97435,51.06749],[6.98656,51.07306],[6.98874,51.09146],[6.98827,51.10701],[7.00081,51.11533],[6.99831,51.11972],[6.99626,51.12493],[6.99441,51.14473],[6.98099,51.1447],[6.97102,51.14936],[6.96298,51.14403],[6.95137,51.14716],[6.9349,51.14413],[6.92327,51.1405],[6.91894,51.12975],[6.90856,51.12649]]]},"properties":{"plz":"40764","name":"40764 Langenfeld"}},{"type":"Feature","geometry":{"type":"Polygon","coordinates":[[[6.85615,51.12624],[6.86911,51.11962],[6.88065,51.11181],[6.88274,51.10184],[6.85874,51.09014],[6.85326,51.08418],[6.85993,51.07392],[6.89776,51.06476],[6.91679,51.07915],[6.92376,51.07327],[6.92822,51.0798],[6.93058,51.08347],[6.9234,51.10586],[6.90582,51.10962],[6.91428,51.11694],[6.90856,51.12649],[6.89441,51.12927],[6.88407,51.12712],[6.87291,51.13144],[6.85714,51.13123],[6.85615,51.12624]]]},"properties":{"plz":"40789","name":"40789 Monheim am Rhein"}},{"type":"Feature","geometry":{"type":"Polygon","coordinates":[[[6.93122,51.23803],[6.93869,51.22813],[6.95438,51.22193],[6.96509,51.22473],[6.98303,51.21803],[7.00397,51.23089],[7.0037,51.24228],[7.02189,51.24271],[7.02137,51.24997],[7.03477,51.24715],[7.04093,51.25471],[7.03409,51.26534],[7.0186,51.27096],[7.00481,51.28811],[6.9805,51.29492],[6.96836,51.29278],[6.95887,51.28562],[6.94444,51.28515],[6.93582,51.27607],[6.93988,51.27256],[6.92684,51.25336],[6.93408,51.24843],[6.93122,51.23803]]]},"properties":{"plz":"40822","name":"40822 Mettmann"}},{"type":"Feature","geometry":{"type":"Polygon","coordinates":[[[6.83696,51.30564],[6.82951,51.29891],[6.82696,51.28849],[6.83551,51.28864],[6.8356,51.28145],[6.83957,51.28524],[6.8586,51.28346],[6.8659,51.28909],[6.86553,51.2999],[6.85554,51.30242],[6.85954,51.30999],[6.83696,51.30564]]]},"properties":{"plz":"40878","name":"40878 Ratingen"}},{"type":"Feature","geometry":{"type":"Polygon","coordinates":[[[6.83544,51.27728],[6.8356,51.28145],[6.83551,51.28864],[6.82696,51.28849],[6.82951,51.29891],[6.83696,51.30564],[6.83051,51.31979],[6.81747,51.32094],[6.80353,51.3069],[6.80477,51.29997],[6.80311,51.29031],[6.80366,51.27915],[6.81858,51.27486],[6.83069,51.28058],[6.83544,51.27728]]]},"properties":{"plz":"40880","name":"40880 Ratingen"}},{"type":"Feature","geometry":{"type":"Polygon","coordinates":[[[6.85916,51.27427],[6.87638,51.26786],[6.88907,51.2694],[6.89595,51.2646],[6.90755,51.26735],[6.91277,51.27611],[6.91775,51.27269],[6.93582,51.27607],[6.94444,51.28515],[6.95887,51.28562],[6.96836,51.29278],[6.9805,51.29492],[6.98285,51.3008],[6.94798,51.29626],[6.95006,51.29957],[6.93396,51.30388],[6.9275,51.31745],[6.90904,51.30892],[6.89838,51.31037],[6.87941,51.30724],[6.88431,51.31835],[6.86854,51.32252],[6.8702,51.33332],[6.85003,51.31596],[6.83051,51.31979],[6.83696,51.30564],[6.85954,51.30999],[6.85554,51.30242],[6.86553,51.2999],[6.8659,51.28909],[6.8586,51.28346],[6.83957,51.28524],[6.8356,51.28145],[6.83544,51.27728],[6.85091,51.27854],[6.85916,51.27427]]]},"properties":{"plz":"40882","name":"40882 Ratingen"}},{"type":"Feature","geometry":{"type":"Polygon","coordinates":[[[6.49178,51.19039],[6.48006,51.17629],[6.48986,51.17063],[6.50834,51.17734],[6.51588,51.18375],[6.52691,51.17018],[6.5221,51.16428],[6.53258,51.15364],[6.53262,51.14596],[6.54372,51.13971],[6.56998,51.15855],[6.5733,51.15125],[6.58612,51.15211],[6.59431,51.15192],[6.60819,51.14197],[6.61482,51.15105],[6.61504,51.15986],[6.62668,51.16492],[6.62142,51.18039],[6.60044,51.17866],[6.58585,51.18907],[6.58763,51.19359],[6.5725,51.20035],[6.56877,51.21805],[6.56001,51.21946],[6.56152,51.22869],[6.5358,51.23119],[6.5299,51.22263],[6.5222,51.22574],[6.51054,51.21962],[6.50751,51.22691],[6.49076,51.22796],[6.48806,51.21213],[6.4931,51.1985],[6.49178,51.19039]]]},"properties":{"plz":"41352","name":"41352 Korschenbroich"}},{"type":"Feature","geometry":{"type":"Polygon","coordinates":[[[6.44405,51.08983],[6.45045,51.09011],[6.45222,51.07435],[6.44423,51.0678],[6.45208,51.05983],[6.45984,51.06137],[6.47724,51.05614],[6.45905,51.04302],[6.48037,51.03437],[6.49202,51.04741],[6.51862,51.05831],[6.52587,51.05832],[6.52788,51.06731],[6.53492,51.06946],[6.53612,51.07827],[6.51925,51.08596],[6.5418,51.09583],[6.56023,51.10453],[6.5665,51.11335],[6.57715,51.11836],[6.58003,51.13126],[6.57659,51.13923],[6.59392,51.14021],[6.58391,51.14584],[6.58612,51.15211],[6.5733,51.15125],[6.56998,51.15855],[6.54372,51.13971],[6.53262,51.14596],[6.51447,51.13989],[6.51279,51.14728],[6.49116,51.14979],[6.46954,51.13967],[6.46666,51.13037],[6.47753,51.11223],[6.46497,51.11821],[6.44897,51.10833],[6.44272,51.10979],[6.4355,51.1004],[6.44405,51.08983]]]},"properties":{"plz":"41363","name":"41363 Jüchen"}},{"type":"Feature","geometry":{"type":"Polygon","coordinates":[[[6.72352,51.22593],[6.69532,51.22496],[6.68881,51.2295],[6.68134,51.21934],[6.68573,51.20663],[6.67481,51.20064],[6.67988,51.1956],[6.71235,51.18876],[6.73215,51.18713],[6.73146,51.20521],[6.72352,51.22593]]]},"properties":{"plz":"41460","name":"41460 Neuss"}},{"type":"Feature","geometry":{"type":"Polygon","coordinates":[[[6.69898,51.23501],[6.67587,51.2336],[6.63954,51.23087],[6.64508,51.20979],[6.63383,51.20732],[6.63442,51.19809],[6.65335,51.19864],[6.6546,51.2053],[6.67481,51.20064],[6.68573,51.20663],[6.68134,51.21934],[6.68881,51.2295],[6.69898,51.23501]]]},"properties":{"plz":"41462","name":"41462 Neuss"}},{"type":"Feature","geometry":{"type":"Polygon","coordinates":[[[6.67481,51.20064],[6.6546,51.2053],[6.65335,51.19864],[6.63442,51.19809],[6.62913,51.18977],[6.63943,51.18529],[6.64938,51.18891],[6.66327,51.17503],[6.6739,51.1792],[6.70428,51.17717],[6.71235,51.18876],[6.67988,51.1956],[6.67481,51.20064]]]},"properties":{"plz":"41464","name":"41464 Neuss"}},{"type":"Feature","geometry":{"type":"Polygon","coordinates":[[[6.6739,51.1792],[6.66594,51.1675],[6.68636,51.16069],[6.68215,51.15442],[6.69285,51.14938],[6.70732,51.1494],[6.71416,51.1615],[6.70766,51.16679],[6.71373,51.1713],[6.70428,51.17717],[6.6739,51.1792]]]},"properties":{"plz":"41466","name":"41466 Neuss"}},{"type":"Feature","geometry":{"type":"Polygon","coordinates":[[[6.73215,51.18713],[6.71235,51.18876],[6.70428,51.17717],[6.71373,51.1713],[6.73368,51.16974],[6.75245,51.15438],[6.7667,51.14399],[6.77895,51.147],[6.79504,51.14394],[6.79772,51.14532],[6.79255,51.15212],[6.79835,51.16972],[6.79403,51.18026],[6.77382,51.18521],[6.74778,51.18094],[6.73215,51.18713]]]},"properties":{"plz":"41468","name":"41468 Neuss"}},{"type":"Feature","geometry":{"type":"Polygon","coordinates":[[[6.69285,51.14938],[6.68553,51.13553],[6.7096,51.13247],[6.70715,51.14919],[6.7332,51.1465],[6.75245,51.15438],[6.73368,51.16974],[6.71373,51.1713],[6.70766,51.16679],[6.71416,51.1615],[6.70732,51.1494],[6.69285,51.14938]]]},"properties":{"plz":"41469","name":"41469 Neuss"}},{"type":"Feature","geometry":{"type":"Polygon","coordinates":[[[6.75245,51.15438],[6.7332,51.1465],[6.70715,51.14919],[6.7096,51.13247],[6.71493,51.11848],[6.73009,51.1173],[6.76151,51.12574],[6.7718,51.13143],[6.7618,51.13883],[6.7667,51.14399],[6.75245,51.15438]]]},"properties":{"plz":"41470","name":"41470 Neuss"}},{"type":"Feature","geometry":{"type":"Polygon","coordinates":[[[6.61482,51.15105],[6.62687,51.15372],[6.63457,51.14561],[6.65378,51.13506],[6.66241,51.14575],[6.66781,51.13133],[6.68553,51.13553],[6.69285,51.14938],[6.68215,51.15442],[6.68636,51.16069],[6.66594,51.1675],[6.6739,51.1792],[6.66327,51.17503],[6.64938,51.18891],[6.63943,51.18529],[6.62142,51.18039],[6.62668,51.16492],[6.61504,51.15986],[6.61482,51.15105]]]},"properties":{"plz":"41472","name":"41472 Neuss"}},{"type":"Feature","geometry":{"type":"Polygon","coordinates":[[[6.5418,51.09583],[6.55121,51.08578],[6.5632,51.08126],[6.57993,51.08168],[6.5926,51.07623],[6.61354,51.07496],[6.61195,51.0662],[6.59909,51.05685],[6.61601,51.0453],[6.63452,51.05055],[6.64574,51.05793],[6.6402,51.06185],[6.65887,51.07698],[6.64686,51.08367],[6.63118,51.09234],[6.60668,51.09273],[6.60032,51.09835],[6.59276,51.09513],[6.59009,51.10175],[6.59681,51.11239],[6.57715,51.11836],[6.5665,51.11335],[6.56023,51.10453],[6.5418,51.09583]]]},"properties":{"plz":"41515","name":"41515 Grevenbroich"}},{"type":"Feature","geometry":{"type":"Polygon","coordinates":[[[6.58612,51.15211],[6.58391,51.14584],[6.59392,51.14021],[6.57659,51.13923],[6.58003,51.13126],[6.57715,51.11836],[6.59681,51.11239],[6.59009,51.10175],[6.59276,51.09513],[6.60032,51.09835],[6.60668,51.09273],[6.63118,51.09234],[6.64686,51.08367],[6.64686,51.09198],[6.65555,51.10388],[6.66729,51.10083],[6.68395,51.11137],[6.69622,51.10176],[6.70066,51.11474],[6.71493,51.11848],[6.7096,51.13247],[6.68553,51.13553],[6.66781,51.13133],[6.66241,51.14575],[6.65378,51.13506],[6.63457,51.14561],[6.62687,51.15372],[6.61482,51.15105],[6.60819,51.14197],[6.59431,51.15192],[6.58612,51.15211]]]},"properties":{"plz":"41516","name":"41516 Grevenbroich"}},{"type":"Feature","geometry":{"type":"Polygon","coordinates":[[[6.52587,51.05832],[6.53479,51.05948],[6.53775,51.05213],[6.55395,51.05562],[6.56125,51.03523],[6.54832,51.02616],[6.56557,51.0219],[6.58112,51.02433],[6.5826,51.0184],[6.5923,51.02265],[6.60799,51.02132],[6.63728,51.02674],[6.6365,51.0388],[6.62607,51.03821],[6.63452,51.05055],[6.61601,51.0453],[6.59909,51.05685],[6.61195,51.0662],[6.61354,51.07496],[6.5926,51.07623],[6.57993,51.08168],[6.5632,51.08126],[6.55121,51.08578],[6.5418,51.09583],[6.51925,51.08596],[6.53612,51.07827],[6.53492,51.06946],[6.52788,51.06731],[6.52587,51.05832]]]},"properties":{"plz":"41517","name":"41517 Grevenbroich"}},{"type":"Feature","geometry":{"type":"Polygon","coordinates":[[[6.86911,51.11962],[6.85031,51.11247],[6.84079,51.11503],[6.83082,51.10782],[6.82253,51.11127],[6.80069,51.11014],[6.83145,51.08713],[6.83661,51.08007],[6.85326,51.08418],[6.85874,51.09014],[6.88274,51.10184],[6.88065,51.11181],[6.86911,51.11962]]]},"properties":{"plz":"41539","name":"41539 Dormagen"}},{"type":"Feature","geometry":{"type":"Polygon","coordinates":[[[6.80069,51.11014],[6.80392,51.09424],[6.79264,51.09355],[6.76112,51.07699],[6.74113,51.07707],[6.75335,51.06592],[6.77384,51.06409],[6.78682,51.06874],[6.80072,51.05958],[6.80627,51.04694],[6.8138,51.04589],[6.81646,51.05383],[6.83373,51.05979],[6.82453,51.0744],[6.83661,51.08007],[6.83145,51.08713],[6.80069,51.11014]]]},"properties":{"plz":"41540","name":"41540 Dormagen"}},{"type":"Feature","geometry":{"type":"Polygon","coordinates":[[[6.79772,51.14532],[6.79504,51.14394],[6.79688,51.13314],[6.80654,51.12739],[6.80069,51.11014],[6.82253,51.11127],[6.83082,51.10782],[6.84079,51.11503],[6.85031,51.11247],[6.86911,51.11962],[6.85615,51.12624],[6.84824,51.13806],[6.85748,51.15503],[6.85227,51.16124],[6.83553,51.16049],[6.81447,51.14387],[6.79772,51.14532]]]},"properties":{"plz":"41541","name":"41541 Dormagen"}},{"type":"Feature","geometry":{"type":"Polygon","coordinates":[[[6.7667,51.14399],[6.7618,51.13883],[6.7718,51.13143],[6.76151,51.12574],[6.73009,51.1173],[6.71493,51.11848],[6.70066,51.11474],[6.69622,51.10176],[6.70918,51.09424],[6.70827,51.07654],[6.71554,51.0826],[6.74113,51.07707],[6.76112,51.07699],[6.79264,51.09355],[6.80392,51.09424],[6.80069,51.11014],[6.80654,51.12739],[6.79688,51.13314],[6.79504,51.14394],[6.77895,51.147],[6.7667,51.14399]]]},"properties":{"plz":"41542","name":"41542 Dormagen"}},{"type":"Feature","geometry":{"type":"Polygon","coordinates":[[[6.65343,51.26059],[6.64737,51.26097],[6.62599,51.25035],[6.60527,51.24763],[6.6012,51.24249],[6.56782,51.24106],[6.57215,51.23715],[6.56152,51.22869],[6.56001,51.21946],[6.56877,51.21805],[6.5725,51.20035],[6.58763,51.19359],[6.58585,51.18907],[6.60044,51.17866],[6.62142,51.18039],[6.63943,51.18529],[6.62913,51.18977],[6.63442,51.19809],[6.63383,51.20732],[6.64508,51.20979],[6.63954,51.23087],[6.67587,51.2336],[6.66307,51.23829],[6.64964,51.25236],[6.65343,51.26059]]]},"properties":{"plz":"41564","name":"41564 Kaarst"}},{"type":"Feature","geometry":{"type":"Polygon","coordinates":[[[6.63452,51.05055],[6.62607,51.03821],[6.6365,51.0388],[6.63728,51.02674],[6.64891,51.02126],[6.67356,51.0159],[6.67734,51.02026],[6.71567,51.01501],[6.74375,51.04637],[6.75111,51.03995],[6.76202,51.04263],[6.75335,51.06592],[6.74113,51.07707],[6.71554,51.0826],[6.70827,51.07654],[6.70918,51.09424],[6.69622,51.10176],[6.68395,51.11137],[6.66729,51.10083],[6.65555,51.10388],[6.64686,51.09198],[6.64686,51.08367],[6.65887,51.07698],[6.6402,51.06185],[6.64574,51.05793],[6.63452,51.05055]]]},"properties":{"plz":"41569","name":"41569 Rommerskirchen"}},{"type":"Feature","geometry":{"type":"Polygon","coordinates":[[[7.1317,51.25411],[7.13251,51.25341],[7.14157,51.25145],[7.16375,51.25606],[7.16368,51.25869],[7.14763,51.25925],[7.1317,51.25411]]]},"properties":{"plz":"42103","name":"42103 Wuppertal"}},{"type":"Feature","geometry":{"type":"Polygon","coordinates":[[[7.14763,51.25925],[7.14823,51.26846],[7.13148,51.26579],[7.12974,51.26512],[7.1317,51.25411],[7.14763,51.25925]]]},"properties":{"plz":"42105","name":"42105 Wuppertal"}},{"type":"Feature","geometry":{"type":"Polygon","coordinates":[[[7.16368,51.25869],[7.16531,51.26478],[7.15511,51.27035],[7.14823,51.26846],[7.14763,51.25925],[7.16368,51.25869]]]},"properties":{"plz":"42107","name":"42107 Wuppertal"}},{"type":"Feature","geometry":{"type":"Polygon","coordinates":[[[7.14823,51.26846],[7.15511,51.27035],[7.16738,51.27621],[7.17142,51.27805],[7.1603,51.28745],[7.12753,51.2794],[7.13148,51.26579],[7.14823,51.26846]]]},"properties":{"plz":"42109","name":"42109 Wuppertal"}},{"type":"Feature","geometry":{"type":"Polygon","coordinates":[[[7.17142,51.27805],[7.17276,51.27955],[7.18142,51.2862],[7.16865,51.29759],[7.18074,51.30549],[7.17583,51.30998],[7.16714,51.31284],[7.14463,51.30648],[7.13374,51.30682],[7.12401,51.30159],[7.11698,51.30596],[7.1035,51.30125],[7.09612,51.29359],[7.09612,51.28607],[7.10905,51.28829],[7.12753,51.2794],[7.1603,51.28745],[7.17142,51.27805]]]},"properties":{"plz":"42111","name":"42111 Wuppertal"}},{"type":"Feature","geometry":{"type":"Polygon","coordinates":[[[7.13148,51.26579],[7.12753,51.2794],[7.10905,51.28829],[7.09612,51.28607],[7.09765,51.28259],[7.08146,51.28084],[7.07453,51.27089],[7.08428,51.26298],[7.11077,51.26109],[7.12974,51.26512],[7.13148,51.26579]]]},"properties":{"plz":"42113","name":"42113 Wuppertal"}},{"type":"Feature","geometry":{"type":"Polygon","coordinates":[[[7.1317,51.25411],[7.12974,51.26512],[7.11077,51.26109],[7.08428,51.26298],[7.09154,51.2506],[7.10189,51.25275],[7.10473,51.24581],[7.13251,51.25341],[7.1317,51.25411]]]},"properties":{"plz":"42115","name":"42115 Wuppertal"}},{"type":"Feature","geometry":{"type":"Polygon","coordinates":[[[7.13251,51.25341],[7.10473,51.24581],[7.10345,51.23747],[7.11358,51.23454],[7.14572,51.23146],[7.14157,51.25145],[7.13251,51.25341]]]},"properties":{"plz":"42117","name":"42117 Wuppertal"}},{"type":"Feature","geometry":{"type":"Polygon","coordinates":[[[7.14157,51.25145],[7.14572,51.23146],[7.15585,51.23549],[7.17298,51.2342],[7.17564,51.23961],[7.16283,51.24945],[7.16375,51.25606],[7.14157,51.25145]]]},"properties":{"plz":"42119","name":"42119 Wuppertal"}},{"type":"Feature","geometry":{"type":"Polygon","coordinates":[[[7.19395,51.27274],[7.1964,51.26755],[7.19911,51.26811],[7.21494,51.27328],[7.2177,51.27774],[7.20272,51.27766],[7.19395,51.27274]]]},"properties":{"plz":"42275","name":"42275 Wuppertal"}},{"type":"Feature","geometry":{"type":"Polygon","coordinates":[[[7.21494,51.27328],[7.22854,51.2749],[7.23913,51.28652],[7.23056,51.2911],[7.20678,51.28816],[7.20272,51.27766],[7.2177,51.27774],[7.21494,51.27328]]]},"properties":{"plz":"42277","name":"42277 Wuppertal"}},{"type":"Feature","geometry":{"type":"Polygon","coordinates":[[[7.23913,51.28652],[7.24666,51.283],[7.25573,51.28665],[7.26267,51.30393],[7.26394,51.31806],[7.22318,51.30531],[7.20846,51.30264],[7.20138,51.29648],[7.20678,51.28816],[7.23056,51.2911],[7.23913,51.28652]]]},"properties":{"plz":"42279","name":"42279 Wuppertal"}},{"type":"Feature","geometry":{"type":"Polygon","coordinates":[[[7.17276,51.27955],[7.18175,51.27967],[7.19395,51.27274],[7.20272,51.27766],[7.20678,51.28816],[7.20138,51.29648],[7.18959,51.29506],[7.18222,51.29916],[7.16865,51.29759],[7.18142,51.2862],[7.17276,51.27955]]]},"properties":{"plz":"42281","name":"42281 Wuppertal"}},{"type":"Feature","geometry":{"type":"Polygon","coordinates":[[[7.16738,51.27621],[7.18352,51.26366],[7.1964,51.26755],[7.19395,51.27274],[7.18175,51.27967],[7.17276,51.27955],[7.17142,51.27805],[7.16738,51.27621]]]},"properties":{"plz":"42283","name":"42283 Wuppertal"}},{"type":"Feature","geometry":{"type":"Polygon","coordinates":[[[7.16375,51.25606],[7.16283,51.24945],[7.17564,51.23961],[7.18697,51.24297],[7.19187,51.25119],[7.18352,51.26366],[7.16738,51.27621],[7.15511,51.27035],[7.16531,51.26478],[7.16368,51.25869],[7.16375,51.25606]]]},"properties":{"plz":"42285","name":"42285 Wuppertal"}},{"type":"Feature","geometry":{"type":"Polygon","coordinates":[[[7.1964,51.26755],[7.18352,51.26366],[7.19187,51.25119],[7.18697,51.24297],[7.19645,51.23814],[7.20082,51.24261],[7.2284,51.24425],[7.23482,51.22683],[7.2473,51.22269],[7.24789,51.24299],[7.26668,51.25774],[7.23681,51.25653],[7.23549,51.25922],[7.22711,51.2535],[7.21375,51.25304],[7.19911,51.26811],[7.1964,51.26755]]]},"properties":{"plz":"42287","name":"42287 Wuppertal"}},{"type":"Feature","geometry":{"type":"Polygon","coordinates":[[[7.19911,51.26811],[7.21375,51.25304],[7.22711,51.2535],[7.23549,51.25922],[7.23881,51.2651],[7.22854,51.2749],[7.21494,51.27328],[7.19911,51.26811]]]},"properties":{"plz":"42289","name":"42289 Wuppertal"}},{"type":"Feature","geometry":{"type":"Polygon","coordinates":[[[7.02189,51.24271],[7.03851,51.23538],[7.04142,51.22531],[7.03577,51.21556],[7.07739,51.235],[7.10345,51.23747],[7.10473,51.24581],[7.10189,51.25275],[7.09154,51.2506],[7.08428,51.26298],[7.07453,51.27089],[7.0617,51.25767],[7.04093,51.25471],[7.03477,51.24715],[7.02137,51.24997],[7.02189,51.24271]]]},"properties":{"plz":"42327","name":"42327 Wuppertal"}},{"type":"Feature","geometry":{"type":"Polygon","coordinates":[[[7.10345,51.23747],[7.07739,51.235],[7.03577,51.21556],[7.04797,51.20889],[7.05759,51.21013],[7.06579,51.2173],[7.09189,51.22038],[7.10492,51.21454],[7.11358,51.23454],[7.10345,51.23747]]]},"properties":{"plz":"42329","name":"42329 Wuppertal"}},{"type":"Feature","geometry":{"type":"Polygon","coordinates":[[[7.11358,51.23454],[7.10492,51.21454],[7.10697,51.19815],[7.11367,51.18406],[7.12568,51.18261],[7.12907,51.17358],[7.13565,51.1658],[7.15109,51.1755],[7.14133,51.19],[7.1536,51.19245],[7.1565,51.20095],[7.16653,51.2115],[7.16974,51.2179],[7.16483,51.22752],[7.17298,51.2342],[7.15585,51.23549],[7.14572,51.23146],[7.11358,51.23454]]]},"properties":{"plz":"42349","name":"42349 Wuppertal"}},{"type":"Feature","geometry":{"type":"Polygon","coordinates":[[[7.17298,51.2342],[7.16483,51.22752],[7.16974,51.2179],[7.16653,51.2115],[7.19051,51.21463],[7.20707,51.20561],[7.203,51.21228],[7.21744,51.2213],[7.23482,51.22683],[7.2284,51.24425],[7.20082,51.24261],[7.19645,51.23814],[7.18697,51.24297],[7.17564,51.23961],[7.17298,51.2342]]]},"properties":{"plz":"42369","name":"42369 Wuppertal"}},{"type":"Feature","geometry":{"type":"Polygon","coordinates":[[[7.22854,51.2749],[7.23881,51.2651],[7.23549,51.25922],[7.23681,51.25653],[7.26668,51.25774],[7.26736,51.25772],[7.27776,51.27232],[7.26661,51.28463],[7.25573,51.28665],[7.24666,51.283],[7.23913,51.28652],[7.22854,51.2749]]]},"properties":{"plz":"42389","name":"42389 Wuppertal"}},{"type":"Feature","geometry":{"type":"Polygon","coordinates":[[[7.2473,51.22269],[7.26072,51.21824],[7.26421,51.21001],[7.28966,51.20992],[7.29596,51.20544],[7.30122,51.21018],[7.29686,51.22391],[7.31343,51.23416],[7.30656,51.24017],[7.29681,51.24652],[7.30083,51.25184],[7.28322,51.24983],[7.27919,51.26355],[7.26736,51.25772],[7.26668,51.25774],[7.24789,51.24299],[7.2473,51.22269]]]},"properties":{"plz":"42399","name":"42399 Wuppertal"}},{"type":"Feature","geometry":{"type":"Polygon","coordinates":[[[7.29596,51.20544],[7.29763,51.19661],[7.30578,51.19494],[7.29895,51.18629],[7.3088,51.18899],[7.30551,51.17957],[7.34492,51.18254],[7.35478,51.19158],[7.36828,51.19674],[7.38125,51.19007],[7.38165,51.1698],[7.39203,51.17174],[7.39008,51.17722],[7.40465,51.18736],[7.41089,51.17794],[7.42469,51.18617],[7.41721,51.19773],[7.43014,51.20493],[7.43241,51.21434],[7.43013,51.22443],[7.4139,51.22794],[7.41419,51.22087],[7.40359,51.22119],[7.39504,51.23228],[7.40347,51.23942],[7.39286,51.24587],[7.37923,51.2415],[7.37477,51.24695],[7.36409,51.24548],[7.35466,51.23929],[7.34057,51.23893],[7.33108,51.25037],[7.32384,51.24467],[7.30656,51.24017],[7.31343,51.23416],[7.29686,51.22391],[7.30122,51.21018],[7.29596,51.20544]]]},"properties":{"plz":"42477","name":"42477 Radevormwald"}},{"type":"Feature","geometry":{"type":"Polygon","coordinates":[[[7.04093,51.25471],[7.0617,51.25767],[7.07453,51.27089],[7.08146,51.28084],[7.09765,51.28259],[7.09612,51.28607],[7.09612,51.29359],[7.07746,51.29727],[7.07117,51.29369],[7.06357,51.3007],[7.04589,51.30571],[7.04443,51.31207],[7.05229,51.32371],[7.04258,51.31812],[7.03967,51.32323],[7.0216,51.32161],[7.00628,51.31523],[7.00394,51.32465],[6.99369,51.32381],[6.98285,51.3008],[6.9805,51.29492],[7.00481,51.28811],[7.0186,51.27096],[7.03409,51.26534],[7.04093,51.25471]]]},"properties":{"plz":"42489","name":"42489 Wülfrath"}},{"type":"Feature","geometry":{"type":"Polygon","coordinates":[[[7.30551,51.17957],[7.29305,51.16076],[7.29531,51.14806],[7.28715,51.14385],[7.26973,51.14617],[7.27358,51.11475],[7.28089,51.10884],[7.29892,51.10475],[7.31744,51.10447],[7.31957,51.1077],[7.3373,51.10102],[7.34095,51.10395],[7.33399,51.11997],[7.31844,51.12046],[7.33645,51.12962],[7.34339,51.12542],[7.348,51.13223],[7.36725,51.12569],[7.36819,51.13307],[7.39689,51.15265],[7.38691,51.15564],[7.38165,51.1698],[7.38125,51.19007],[7.36828,51.19674],[7.35478,51.19158],[7.34492,51.18254],[7.30551,51.17957]]]},"properties":{"plz":"42499","name":"42499 Hückeswagen"}},{"type":"Feature","geometry":{"type":"Polygon","coordinates":[[[7.16714,51.31284],[7.16607,51.32611],[7.14793,51.33476],[7.1398,51.33638],[7.11358,51.32726],[7.09522,51.3377],[7.08673,51.33815],[7.07697,51.3357],[7.07342,51.32751],[7.06574,51.3289],[7.05229,51.32371],[7.04443,51.31207],[7.04589,51.30571],[7.06357,51.3007],[7.07117,51.29369],[7.07746,51.29727],[7.09612,51.29359],[7.1035,51.30125],[7.11698,51.30596],[7.12401,51.30159],[7.13374,51.30682],[7.14463,51.30648],[7.16714,51.31284]]]},"properties":{"plz":"42553","name":"42553 Velbert"}},{"type":"Feature","geometry":{"type":"Polygon","coordinates":[[[7.10697,51.19815],[7.10088,51.19051],[7.08047,51.18009],[7.08447,51.17486],[7.07538,51.16505],[7.08904,51.16572],[7.11166,51.16253],[7.12907,51.17358],[7.12568,51.18261],[7.11367,51.18406],[7.10697,51.19815]]]},"properties":{"plz":"42651","name":"42651 Solingen"}},{"type":"Feature","geometry":{"type":"Polygon","coordinates":[[[7.05759,51.21013],[7.05615,51.19915],[7.07445,51.19234],[7.05672,51.18551],[7.08047,51.18009],[7.10088,51.19051],[7.10697,51.19815],[7.10492,51.21454],[7.09189,51.22038],[7.06579,51.2173],[7.05759,51.21013]]]},"properties":{"plz":"42653","name":"42653 Solingen"}},{"type":"Feature","geometry":{"type":"Polygon","coordinates":[[[7.08047,51.18009],[7.05672,51.18551],[7.0589,51.17585],[7.0419,51.17261],[7.04437,51.16675],[7.02805,51.16199],[7.03999,51.16002],[7.03416,51.14682],[7.05891,51.16174],[7.07538,51.16505],[7.08447,51.17486],[7.08047,51.18009]]]},"properties":{"plz":"42655","name":"42655 Solingen"}},{"type":"Feature","geometry":{"type":"Polygon","coordinates":[[[7.07538,51.16505],[7.05891,51.16174],[7.03416,51.14682],[7.02668,51.14099],[7.03553,51.13957],[7.03531,51.13189],[7.0443,51.13206],[7.05848,51.12472],[7.07628,51.12676],[7.07463,51.13436],[7.07778,51.1376],[7.08612,51.13973],[7.08233,51.15664],[7.08904,51.16572],[7.07538,51.16505]]]},"properties":{"plz":"42657","name":"42657 Solingen"}},{"type":"Feature","geometry":{"type":"Polygon","coordinates":[[[7.12907,51.17358],[7.11166,51.16253],[7.08904,51.16572],[7.08233,51.15664],[7.08612,51.13973],[7.07778,51.1376],[7.07463,51.13436],[7.08261,51.13822],[7.09558,51.13347],[7.0966,51.1384],[7.10926,51.13779],[7.11754,51.13239],[7.11896,51.12253],[7.14817,51.11423],[7.15668,51.11985],[7.17715,51.12526],[7.15984,51.13326],[7.16976,51.13904],[7.15999,51.14497],[7.16532,51.15375],[7.16326,51.15535],[7.1437,51.14266],[7.13464,51.14913],[7.13565,51.1658],[7.12907,51.17358]]]},"properties":{"plz":"42659","name":"42659 Solingen"}},{"type":"Feature","geometry":{"type":"Polygon","coordinates":[[[6.95137,51.14716],[6.96298,51.14403],[6.97102,51.14936],[6.98099,51.1447],[6.99441,51.14473],[6.99626,51.12493],[7.00498,51.16015],[7.02301,51.16506],[7.0248,51.17105],[7.00739,51.18049],[6.9862,51.17196],[6.98234,51.16571],[6.96132,51.16471],[6.95137,51.14716]]]},"properties":{"plz":"42697","name":"42697 Solingen"}},{"type":"Feature","geometry":{"type":"Polygon","coordinates":[[[6.99831,51.11972],[7.03531,51.13189],[7.03553,51.13957],[7.02668,51.14099],[7.03416,51.14682],[7.03999,51.16002],[7.02805,51.16199],[7.04437,51.16675],[7.0419,51.17261],[7.0248,51.17105],[7.02301,51.16506],[7.00498,51.16015],[6.99626,51.12493],[6.99831,51.11972]]]},"properties":{"plz":"42699","name":"42699 Solingen"}},{"type":"Feature","geometry":{"type":"Polygon","coordinates":[[[7.04797,51.20889],[7.02948,51.18856],[7.00739,51.18049],[7.0248,51.17105],[7.0419,51.17261],[7.0589,51.17585],[7.05672,51.18551],[7.07445,51.19234],[7.05615,51.19915],[7.05759,51.21013],[7.04797,51.20889]]]},"properties":{"plz":"42719","name":"42719 Solingen"}},{"type":"Feature","geometry":{"type":"Polygon","coordinates":[[[6.9598,51.19798],[6.97786,51.19102],[6.98107,51.17233],[6.9862,51.17196],[7.00739,51.18049],[7.02948,51.18856],[7.04797,51.20889],[7.03577,51.21556],[7.04142,51.22531],[7.03851,51.23538],[7.02189,51.24271],[7.0037,51.24228],[7.00397,51.23089],[6.98303,51.21803],[6.99459,51.21211],[6.9846,51.2078],[6.98754,51.20328],[6.9598,51.19798]]]},"properties":{"plz":"42781","name":"42781 Haan"}},{"type":"Feature","geometry":{"type":"Polygon","coordinates":[[[6.98874,51.09146],[7.00974,51.0819],[7.03074,51.08941],[7.03899,51.09657],[7.07447,51.09701],[7.10089,51.10504],[7.142,51.107],[7.15795,51.11908],[7.15668,51.11985],[7.14817,51.11423],[7.11896,51.12253],[7.11754,51.13239],[7.10926,51.13779],[7.0966,51.1384],[7.09558,51.13347],[7.08261,51.13822],[7.07463,51.13436],[7.07628,51.12676],[7.05848,51.12472],[7.0443,51.13206],[7.03531,51.13189],[6.99831,51.11972],[7.00081,51.11533],[6.98827,51.10701],[6.98874,51.09146]]]},"properties":{"plz":"42799","name":"42799 Leichlingen"}},{"type":"Feature","geometry":{"type":"Polygon","coordinates":[[[7.17006,51.19194],[7.16078,51.18661],[7.19163,51.17684],[7.19908,51.17791],[7.19077,51.18671],[7.17006,51.19194]]]},"properties":{"plz":"42853","name":"42853 Remscheid"}},{"type":"Feature","geometry":{"type":"Polygon","coordinates":[[[7.1565,51.20095],[7.17006,51.19194],[7.19077,51.18671],[7.19908,51.17791],[7.21552,51.17594],[7.23368,51.17992],[7.23617,51.18343],[7.21489,51.19742],[7.21753,51.20446],[7.20707,51.20561],[7.19051,51.21463],[7.16653,51.2115],[7.1565,51.20095]]]},"properties":{"plz":"42855","name":"42855 Remscheid"}},{"type":"Feature","geometry":{"type":"Polygon","coordinates":[[[7.13565,51.1658],[7.13464,51.14913],[7.1437,51.14266],[7.16326,51.15535],[7.16846,51.16324],[7.18442,51.16425],[7.19163,51.17684],[7.16078,51.18661],[7.17006,51.19194],[7.1565,51.20095],[7.1536,51.19245],[7.14133,51.19],[7.15109,51.1755],[7.13565,51.1658]]]},"properties":{"plz":"42857","name":"42857 Remscheid"}},{"type":"Feature","geometry":{"type":"Polygon","coordinates":[[[7.16532,51.15375],[7.18513,51.15581],[7.19822,51.15109],[7.21942,51.16102],[7.24304,51.1586],[7.23526,51.16701],[7.23368,51.17992],[7.21552,51.17594],[7.19908,51.17791],[7.19163,51.17684],[7.18442,51.16425],[7.16846,51.16324],[7.16326,51.15535],[7.16532,51.15375]]]},"properties":{"plz":"42859","name":"42859 Remscheid"}},{"type":"Feature","geometry":{"type":"Polygon","coordinates":[[[7.26421,51.21001],[7.25798,51.20191],[7.24723,51.20314],[7.23639,51.19352],[7.23617,51.18343],[7.23368,51.17992],[7.23526,51.16701],[7.24304,51.1586],[7.25507,51.15707],[7.26045,51.14705],[7.26973,51.14617],[7.28715,51.14385],[7.29531,51.14806],[7.29305,51.16076],[7.30551,51.17957],[7.3088,51.18899],[7.29895,51.18629],[7.30578,51.19494],[7.29763,51.19661],[7.29596,51.20544],[7.28966,51.20992],[7.26421,51.21001]]]},"properties":{"plz":"42897","name":"42897 Remscheid"}},{"type":"Feature","geometry":{"type":"Polygon","coordinates":[[[7.23482,51.22683],[7.21744,51.2213],[7.203,51.21228],[7.20707,51.20561],[7.21753,51.20446],[7.21489,51.19742],[7.23617,51.18343],[7.23639,51.19352],[7.24723,51.20314],[7.25798,51.20191],[7.26421,51.21001],[7.26072,51.21824],[7.2473,51.22269],[7.23482,51.22683]]]},"properties":{"plz":"42899","name":"42899 Remscheid"}},{"type":"Feature","geometry":{"type":"Polygon","coordinates":[[[7.26973,51.14617],[7.26045,51.14705],[7.25507,51.15707],[7.24304,51.1586],[7.21942,51.16102],[7.19822,51.15109],[7.18513,51.15581],[7.16532,51.15375],[7.15999,51.14497],[7.16976,51.13904],[7.15984,51.13326],[7.17715,51.12526],[7.15668,51.11985],[7.15795,51.11908],[7.16921,51.11072],[7.15821,51.09998],[7.16732,51.08987],[7.16431,51.08386],[7.14834,51.08265],[7.14858,51.07348],[7.13855,51.06631],[7.14682,51.06613],[7.16241,51.0747],[7.17724,51.06682],[7.19502,51.06569],[7.21128,51.07174],[7.23031,51.07145],[7.25732,51.07701],[7.27914,51.08666],[7.29892,51.10475],[7.28089,51.10884],[7.27358,51.11475],[7.26973,51.14617]]]},"properties":{"plz":"42929","name":"42929 Wermelskirchen"}},{"type":"Feature","geometry":{"type":"Polygon","coordinates":[[[6.56355,50.9691],[6.57574,50.95816],[6.60636,50.94567],[6.61202,50.94696],[6.64859,50.93764],[6.65139,50.94747],[6.66173,50.94138],[6.67212,50.94685],[6.6353,50.96742],[6.65963,50.97554],[6.65227,50.98934],[6.61572,50.99474],[6.58684,50.9811],[6.57847,50.97323],[6.56355,50.9691]]]},"properties":{"plz":"50126","name":"50126 Bergheim"}},{"type":"Feature","geometry":{"type":"Polygon","coordinates":[[[6.60636,50.94567],[6.61403,50.93669],[6.63468,50.92845],[6.65505,50.91598],[6.6669,50.92207],[6.68585,50.92377],[6.72248,50.92321],[6.73496,50.92542],[6.71995,50.92844],[6.73154,50.9358],[6.70492,50.9572],[6.69061,50.95864],[6.69529,50.94796],[6.67212,50.94685],[6.66173,50.94138],[6.65139,50.94747],[6.64859,50.93764],[6.61202,50.94696],[6.60636,50.94567]]]},"properties":{"plz":"50127","name":"50127 Bergheim"}},{"type":"Feature","geometry":{"type":"Polygon","coordinates":[[[6.64891,51.02126],[6.65042,51.00845],[6.66032,50.99853],[6.65227,50.98934],[6.65963,50.97554],[6.6353,50.96742],[6.67212,50.94685],[6.69529,50.94796],[6.69061,50.95864],[6.70492,50.9572],[6.73154,50.9358],[6.73937,50.94654],[6.74144,50.95571],[6.7674,50.9666],[6.74951,50.98771],[6.75679,51.00305],[6.74154,51.00499],[6.72561,50.9982],[6.71119,51.0069],[6.71567,51.01501],[6.67734,51.02026],[6.67356,51.0159],[6.64891,51.02126]]]},"properties":{"plz":"50129","name":"50129 Bergheim"}},{"type":"Feature","geometry":{"type":"Polygon","coordinates":[[[6.68585,50.92377],[6.70542,50.89953],[6.73328,50.86429],[6.72553,50.86273],[6.74922,50.84786],[6.75216,50.84979],[6.76348,50.83736],[6.77494,50.83571],[6.78532,50.84509],[6.80378,50.85094],[6.80474,50.85508],[6.80467,50.86523],[6.77992,50.86548],[6.78356,50.87553],[6.77866,50.87839],[6.76433,50.87607],[6.74334,50.88809],[6.73096,50.90669],[6.7505,50.92239],[6.73496,50.92542],[6.72248,50.92321],[6.68585,50.92377]]]},"properties":{"plz":"50169","name":"50169 Kerpen"}},{"type":"Feature","geometry":{"type":"MultiPolygon","coordinates":[[[[6.65505,50.91598],[6.64004,50.89451],[6.65123,50.89123],[6.67777,50.8896],[6.69043,50.89199],[6.70542,50.89953],[6.68585,50.92377],[6.6669,50.92207],[6.65505,50.91598]]],[[[6.55265,50.89301],[6.56157,50.8778],[6.55317,50.87623],[6.56102,50.86884],[6.5531,50.86573],[6.56025,50.85871],[6.55136,50.85049],[6.56653,50.85373],[6.57178,50.84683],[6.59764,50.84792],[6.60916,50.84023],[6.61668,50.84847],[6.61506,50.8586],[6.6068,50.8611],[6.62823,50.8769],[6.62649,50.88662],[6.63707,50.89182],[6.61757,50.89458],[6.62132,50.90278],[6.60981,50.90481],[6.60047,50.90094],[6.59527,50.90545],[6.55265,50.89301]]]]},"properties":{"plz":"50170","name":"50170 Kerpen"}},{"type":"Feature","geometry":{"type":"Polygon","coordinates":[[[6.70542,50.89953],[6.69043,50.89199],[6.67777,50.8896],[6.65123,50.89123],[6.64004,50.89451],[6.63707,50.89182],[6.62649,50.88662],[6.62823,50.8769],[6.6068,50.8611],[6.61506,50.8586],[6.61668,50.84847],[6.60916,50.84023],[6.61384,50.82546],[6.62904,50.82791],[6.63599,50.82523],[6.65268,50.83521],[6.67695,50.83107],[6.67733,50.83812],[6.68698,50.83511],[6.68991,50.84758],[6.71217,50.84858],[6.70733,50.85425],[6.72165,50.85593],[6.72553,50.86273],[6.73328,50.86429],[6.70542,50.89953]]]},"properties":{"plz":"50171","name":"50171 Kerpen"}},{"type":"Feature","geometry":{"type":"Polygon","coordinates":[[[6.48037,51.03437],[6.4696,51.02734],[6.45281,51.02516],[6.46055,51.02272],[6.4664,51.01185],[6.45899,51.00405],[6.47039,50.99435],[6.47365,50.98405],[6.49225,50.98392],[6.49983,50.97344],[6.5479,50.97639],[6.55,50.97071],[6.56355,50.9691],[6.57847,50.97323],[6.58684,50.9811],[6.61572,50.99474],[6.65227,50.98934],[6.66032,50.99853],[6.65042,51.00845],[6.64891,51.02126],[6.63728,51.02674],[6.60799,51.02132],[6.5923,51.02265],[6.5826,51.0184],[6.58112,51.02433],[6.56557,51.0219],[6.54832,51.02616],[6.56125,51.03523],[6.55395,51.05562],[6.53775,51.05213],[6.53479,51.05948],[6.52587,51.05832],[6.51862,51.05831],[6.49202,51.04741],[6.48037,51.03437]]]},"properties":{"plz":"50181","name":"50181 Bedburg"}},{"type":"Feature","geometry":{"type":"Polygon","coordinates":[[[6.56355,50.9691],[6.55,50.97071],[6.5479,50.97639],[6.49983,50.97344],[6.48322,50.96708],[6.47968,50.95926],[6.48866,50.958],[6.48508,50.95189],[6.49456,50.94963],[6.50337,50.93093],[6.52453,50.9318],[6.51869,50.91814],[6.51934,50.89562],[6.53591,50.8924],[6.55265,50.89301],[6.59527,50.90545],[6.60047,50.90094],[6.60981,50.90481],[6.62132,50.90278],[6.61757,50.89458],[6.63707,50.89182],[6.64004,50.89451],[6.65505,50.91598],[6.63468,50.92845],[6.61403,50.93669],[6.60636,50.94567],[6.57574,50.95816],[6.56355,50.9691]]]},"properties":{"plz":"50189","name":"50189 Elsdorf"}},{"type":"Feature","geometry":{"type":"Polygon","coordinates":[[[6.73496,50.92542],[6.7505,50.92239],[6.73096,50.90669],[6.74334,50.88809],[6.76433,50.87607],[6.77866,50.87839],[6.82245,50.89163],[6.84593,50.90419],[6.85516,50.90601],[6.84107,50.91723],[6.83993,50.92684],[6.82088,50.92938],[6.81782,50.93868],[6.80528,50.93968],[6.79339,50.93875],[6.79044,50.94485],[6.77881,50.94397],[6.7724,50.94956],[6.7507,50.94286],[6.73937,50.94654],[6.73154,50.9358],[6.71995,50.92844],[6.73496,50.92542]]]},"properties":{"plz":"50226","name":"50226 Frechen"}},{"type":"Feature","geometry":{"type":"Polygon","coordinates":[[[6.75335,51.06592],[6.76202,51.04263],[6.75111,51.03995],[6.74375,51.04637],[6.71567,51.01501],[6.71119,51.0069],[6.72561,50.9982],[6.74154,51.00499],[6.75679,51.00305],[6.74951,50.98771],[6.7674,50.9666],[6.74144,50.95571],[6.73937,50.94654],[6.7507,50.94286],[6.7724,50.94956],[6.77881,50.94397],[6.79044,50.94485],[6.79339,50.93875],[6.80528,50.93968],[6.81442,50.9406],[6.8095,50.94853],[6.82425,50.95705],[6.81865,50.96512],[6.83255,50.97755],[6.84462,50.98882],[6.83533,50.99976],[6.84478,51.00407],[6.83387,51.01787],[6.83996,51.02885],[6.82054,51.03853],[6.7982,51.03673],[6.78824,51.04992],[6.77292,51.05994],[6.77384,51.06409],[6.75335,51.06592]]]},"properties":{"plz":"50259","name":"50259 Pulheim"}},{"type":"Feature","geometry":{"type":"Polygon","coordinates":[[[6.84222,50.83688],[6.83346,50.82966],[6.83888,50.82425],[6.85201,50.78845],[6.86394,50.78487],[6.87026,50.79075],[6.90849,50.80277],[6.91751,50.8002],[6.93412,50.80536],[6.94175,50.80399],[6.93043,50.8375],[6.91854,50.85006],[6.89659,50.84805],[6.89233,50.85141],[6.875,50.84362],[6.85647,50.84617],[6.84222,50.83688]]]},"properties":{"plz":"50321","name":"50321 Brühl"}},{"type":"Feature","geometry":{"type":"Polygon","coordinates":[[[6.80474,50.85508],[6.81197,50.85907],[6.82936,50.84164],[6.84222,50.83688],[6.85647,50.84617],[6.875,50.84362],[6.89233,50.85141],[6.89659,50.84805],[6.91854,50.85006],[6.91636,50.85857],[6.92325,50.86543],[6.91286,50.88261],[6.91998,50.89324],[6.90916,50.8984],[6.88,50.91158],[6.86045,50.90382],[6.85516,50.90601],[6.84593,50.90419],[6.82245,50.89163],[6.77866,50.87839],[6.78356,50.87553],[6.77992,50.86548],[6.80467,50.86523],[6.80474,50.85508]]]},"properties":{"plz":"50354","name":"50354 Hürth"}},{"type":"Feature","geometry":{"type":"Polygon","coordinates":[[[6.72553,50.86273],[6.72165,50.85593],[6.70733,50.85425],[6.71217,50.84858],[6.68991,50.84758],[6.68698,50.83511],[6.70655,50.8353],[6.70788,50.82371],[6.71836,50.80434],[6.70893,50.79938],[6.71264,50.78774],[6.69682,50.78495],[6.69887,50.78003],[6.67861,50.77409],[6.68045,50.76994],[6.69376,50.75377],[6.71591,50.7536],[6.724,50.74594],[6.70947,50.73525],[6.71294,50.73184],[6.7481,50.72927],[6.77797,50.71712],[6.80583,50.74673],[6.79874,50.74907],[6.81334,50.75891],[6.81312,50.76381],[6.83272,50.76431],[6.8436,50.76876],[6.83791,50.7819],[6.85201,50.78845],[6.83888,50.82425],[6.83346,50.82966],[6.84222,50.83688],[6.82936,50.84164],[6.81197,50.85907],[6.80474,50.85508],[6.80378,50.85094],[6.78532,50.84509],[6.77494,50.83571],[6.76348,50.83736],[6.75216,50.84979],[6.74922,50.84786],[6.72553,50.86273]]]},"properties":{"plz":"50374","name":"50374 Erftstadt"}},{"type":"Feature","geometry":{"type":"Polygon","coordinates":[[[6.94175,50.80399],[6.95817,50.80429],[6.98074,50.79768],[6.99029,50.79888],[6.99163,50.79268],[7.02955,50.80067],[7.02432,50.81874],[7.01369,50.82343],[6.98577,50.82771],[6.9806,50.84096],[6.97367,50.84412],[6.95465,50.83473],[6.94492,50.84543],[6.93991,50.83834],[6.93043,50.8375],[6.94175,50.80399]]]},"properties":{"plz":"50389","name":"50389 Wesseling"}},{"type":"Feature","geometry":{"type":"Polygon","coordinates":[[[6.9407,50.93639],[6.94042,50.93483],[6.96607,50.93477],[6.96508,50.94168],[6.95073,50.94315],[6.94518,50.94047],[6.9407,50.93639]]]},"properties":{"plz":"50667","name":"50667 Köln"}},{"type":"Feature","geometry":{"type":"Polygon","coordinates":[[[6.96508,50.94168],[6.97555,50.95465],[6.9673,50.95879],[6.96369,50.95929],[6.9641,50.95396],[6.95119,50.94828],[6.95073,50.94315],[6.96508,50.94168]]]},"properties":{"plz":"50668","name":"50668 Köln"}},{"type":"Feature","geometry":{"type":"Polygon","coordinates":[[[6.95073,50.94315],[6.95119,50.94828],[6.9641,50.95396],[6.96369,50.95929],[6.94191,50.95374],[6.93327,50.94905],[6.94453,50.94639],[6.94518,50.94047],[6.95073,50.94315]]]},"properties":{"plz":"50670","name":"50670 Köln"}},{"type":"Feature","geometry":{"type":"Polygon","coordinates":[[[6.94518,50.94047],[6.94453,50.94639],[6.93327,50.94905],[6.92531,50.93903],[6.9407,50.93639],[6.94518,50.94047]]]},"properties":{"plz":"50672","name":"50672 Köln"}},{"type":"Feature","geometry":{"type":"Polygon","coordinates":[[[6.9407,50.93639],[6.92531,50.93903],[6.93212,50.928],[6.93479,50.92588],[6.94046,50.92293],[6.94312,50.9287],[6.94042,50.93483],[6.9407,50.93639]]]},"properties":{"plz":"50674","name":"50674 Köln"}},{"type":"Feature","geometry":{"type":"Polygon","coordinates":[[[6.94042,50.93483],[6.94312,50.9287],[6.95215,50.92478],[6.96737,50.93072],[6.96607,50.93477],[6.94042,50.93483]]]},"properties":{"plz":"50676","name":"50676 Köln"}},{"type":"Feature","geometry":{"type":"Polygon","coordinates":[[[6.94046,50.92293],[6.94931,50.91783],[6.96094,50.91569],[6.95215,50.92478],[6.94312,50.9287],[6.94046,50.92293]]]},"properties":{"plz":"50677","name":"50677 Köln"}},{"type":"Feature","geometry":{"type":"Polygon","coordinates":[[[6.95215,50.92478],[6.96094,50.91569],[6.97334,50.91723],[6.96737,50.93072],[6.95215,50.92478]]]},"properties":{"plz":"50678","name":"50678 Köln"}},{"type":"Feature","geometry":{"type":"Polygon","coordinates":[[[6.96607,50.93477],[6.96737,50.93072],[6.97334,50.91723],[6.98297,50.9202],[6.99404,50.93712],[6.98793,50.93952],[6.99546,50.94919],[6.99561,50.94938],[6.98626,50.94721],[6.97555,50.95465],[6.96508,50.94168],[6.96607,50.93477]]]},"properties":{"plz":"50679","name":"50679 Köln"}},{"type":"Feature","geometry":{"type":"Polygon","coordinates":[[[6.9673,50.95879],[6.96883,50.97105],[6.95526,50.97323],[6.94998,50.97524],[6.94136,50.96901],[6.94113,50.95603],[6.94191,50.95374],[6.96369,50.95929],[6.9673,50.95879]]]},"properties":{"plz":"50733","name":"50733 Köln"}},{"type":"Feature","geometry":{"type":"Polygon","coordinates":[[[6.97555,50.95465],[6.996,50.96514],[6.99527,50.97857],[6.97156,50.98738],[6.96268,51.00137],[6.97063,51.01265],[6.94703,51.01728],[6.94298,51.02377],[6.92242,51.01487],[6.94096,50.99301],[6.94637,50.99449],[6.95776,50.98539],[6.95526,50.97323],[6.96883,50.97105],[6.9673,50.95879],[6.97555,50.95465]]]},"properties":{"plz":"50735","name":"50735 Köln"}},{"type":"Feature","geometry":{"type":"Polygon","coordinates":[[[6.95526,50.97323],[6.95776,50.98539],[6.94637,50.99449],[6.94096,50.99301],[6.92242,51.01487],[6.91136,51.00778],[6.91365,50.99538],[6.9374,50.97759],[6.9467,50.97731],[6.94998,50.97524],[6.95526,50.97323]]]},"properties":{"plz":"50737","name":"50737 Köln"}},{"type":"Feature","geometry":{"type":"Polygon","coordinates":[[[6.94998,50.97524],[6.9467,50.97731],[6.9374,50.97759],[6.91365,50.99538],[6.91136,51.00778],[6.89148,50.99701],[6.90285,50.98807],[6.91911,50.97071],[6.92842,50.95996],[6.94113,50.95603],[6.94136,50.96901],[6.94998,50.97524]]]},"properties":{"plz":"50739","name":"50739 Köln"}},{"type":"Feature","geometry":{"type":"Polygon","coordinates":[[[6.84462,50.98882],[6.8636,50.99363],[6.85772,50.99719],[6.87116,51.00244],[6.86921,51.00668],[6.88786,51.01229],[6.89229,51.00877],[6.89745,51.01864],[6.91044,51.02685],[6.89769,51.03447],[6.88359,51.05191],[6.8745,51.04263],[6.85683,51.04411],[6.87206,51.02847],[6.86366,51.0265],[6.83996,51.02885],[6.83387,51.01787],[6.84478,51.00407],[6.83533,50.99976],[6.84462,50.98882]]]},"properties":{"plz":"50765","name":"50765 Köln"}},{"type":"Feature","geometry":{"type":"Polygon","coordinates":[[[6.91136,51.00778],[6.89745,51.01864],[6.89229,51.00877],[6.88786,51.01229],[6.86921,51.00668],[6.87116,51.00244],[6.85772,50.99719],[6.8636,50.99363],[6.86917,50.98864],[6.89167,50.9921],[6.89148,50.99701],[6.91136,51.00778]]]},"properties":{"plz":"50767","name":"50767 Köln"}},{"type":"Feature","geometry":{"type":"Polygon","coordinates":[[[6.85326,51.08418],[6.83661,51.08007],[6.82453,51.0744],[6.83373,51.05979],[6.81646,51.05383],[6.8138,51.04589],[6.80627,51.04694],[6.80072,51.05958],[6.78682,51.06874],[6.77384,51.06409],[6.77292,51.05994],[6.78824,51.04992],[6.7982,51.03673],[6.82054,51.03853],[6.83996,51.02885],[6.86366,51.0265],[6.87206,51.02847],[6.85683,51.04411],[6.8745,51.04263],[6.88359,51.05191],[6.89769,51.03447],[6.91044,51.02685],[6.89745,51.01864],[6.91136,51.00778],[6.92242,51.01487],[6.94298,51.02377],[6.94703,51.01728],[6.97063,51.01265],[6.97187,51.01417],[6.96922,51.02807],[6.93826,51.04499],[6.89776,51.06476],[6.85993,51.07392],[6.85326,51.08418]]]},"properties":{"plz":"50769","name":"50769 Köln"}},{"type":"Feature","geometry":{"type":"Polygon","coordinates":[[[6.94191,50.95374],[6.94113,50.95603],[6.92842,50.95996],[6.91563,50.95152],[6.91343,50.94173],[6.92531,50.93903],[6.93327,50.94905],[6.94191,50.95374]]]},"properties":{"plz":"50823","name":"50823 Köln"}},{"type":"Feature","geometry":{"type":"Polygon","coordinates":[[[6.91911,50.97071],[6.89742,50.94984],[6.88926,50.94891],[6.89368,50.94351],[6.90369,50.94457],[6.9108,50.93942],[6.91343,50.94173],[6.91563,50.95152],[6.92842,50.95996],[6.91911,50.97071]]]},"properties":{"plz":"50825","name":"50825 Köln"}},{"type":"Feature","geometry":{"type":"Polygon","coordinates":[[[6.90285,50.98807],[6.9033,50.97773],[6.87346,50.9762],[6.88721,50.97206],[6.88185,50.96665],[6.88964,50.96279],[6.88926,50.94891],[6.89742,50.94984],[6.91911,50.97071],[6.90285,50.98807]]]},"properties":{"plz":"50827","name":"50827 Köln"}},{"type":"Feature","geometry":{"type":"Polygon","coordinates":[[[6.83255,50.97755],[6.84066,50.97394],[6.85188,50.97757],[6.85035,50.95524],[6.87028,50.95615],[6.87543,50.94722],[6.88926,50.94891],[6.88964,50.96279],[6.88185,50.96665],[6.88721,50.97206],[6.87346,50.9762],[6.9033,50.97773],[6.90285,50.98807],[6.89148,50.99701],[6.89167,50.9921],[6.86917,50.98864],[6.8636,50.99363],[6.84462,50.98882],[6.83255,50.97755]]]},"properties":{"plz":"50829","name":"50829 Köln"}},{"type":"Feature","geometry":{"type":"Polygon","coordinates":[[[6.85516,50.90601],[6.86045,50.90382],[6.88,50.91158],[6.88077,50.91197],[6.87515,50.92902],[6.86816,50.92886],[6.86774,50.93783],[6.8496,50.94439],[6.83278,50.94257],[6.83175,50.93436],[6.83993,50.92684],[6.84107,50.91723],[6.85516,50.90601]]]},"properties":{"plz":"50858","name":"50858 Köln"}},{"type":"Feature","geometry":{"type":"Polygon","coordinates":[[[6.83993,50.92684],[6.83175,50.93436],[6.83278,50.94257],[6.8496,50.94439],[6.85035,50.95524],[6.85188,50.97757],[6.84066,50.97394],[6.83255,50.97755],[6.81865,50.96512],[6.82425,50.95705],[6.8095,50.94853],[6.81442,50.9406],[6.80528,50.93968],[6.81782,50.93868],[6.82088,50.92938],[6.83993,50.92684]]]},"properties":{"plz":"50859","name":"50859 Köln"}},{"type":"Feature","geometry":{"type":"Polygon","coordinates":[[[6.92531,50.93903],[6.91343,50.94173],[6.9108,50.93942],[6.90868,50.9368],[6.91392,50.92318],[6.93212,50.928],[6.92531,50.93903]]]},"properties":{"plz":"50931","name":"50931 Köln"}},{"type":"Feature","geometry":{"type":"Polygon","coordinates":[[[6.88926,50.94891],[6.87543,50.94722],[6.87028,50.95615],[6.85035,50.95524],[6.8496,50.94439],[6.86774,50.93783],[6.86816,50.92886],[6.87515,50.92902],[6.90075,50.93222],[6.90868,50.9368],[6.9108,50.93942],[6.90369,50.94457],[6.89368,50.94351],[6.88926,50.94891]]]},"properties":{"plz":"50933","name":"50933 Köln"}},{"type":"Feature","geometry":{"type":"Polygon","coordinates":[[[6.88077,50.91197],[6.89579,50.9146],[6.90548,50.90981],[6.91771,50.91831],[6.91392,50.92318],[6.90868,50.9368],[6.90075,50.93222],[6.87515,50.92902],[6.88077,50.91197]]]},"properties":{"plz":"50935","name":"50935 Köln"}},{"type":"Feature","geometry":{"type":"Polygon","coordinates":[[[6.90916,50.8984],[6.93479,50.92588],[6.93212,50.928],[6.91392,50.92318],[6.91771,50.91831],[6.90548,50.90981],[6.89579,50.9146],[6.88077,50.91197],[6.88,50.91158],[6.90916,50.8984]]]},"properties":{"plz":"50937","name":"50937 Köln"}},{"type":"Feature","geometry":{"type":"Polygon","coordinates":[[[6.91998,50.89324],[6.94046,50.92293],[6.93479,50.92588],[6.90916,50.8984],[6.91998,50.89324]]]},"properties":{"plz":"50939","name":"50939 Köln"}},{"type":"Feature","geometry":{"type":"Polygon","coordinates":[[[6.94931,50.91783],[6.95441,50.90655],[6.94569,50.90479],[6.94356,50.89429],[6.96565,50.89271],[6.96785,50.88512],[6.99055,50.89923],[6.97334,50.91723],[6.96094,50.91569],[6.94931,50.91783]]]},"properties":{"plz":"50968","name":"50968 Köln"}},{"type":"Feature","geometry":{"type":"Polygon","coordinates":[[[6.94046,50.92293],[6.91998,50.89324],[6.94356,50.89429],[6.94569,50.90479],[6.95441,50.90655],[6.94931,50.91783],[6.94046,50.92293]]]},"properties":{"plz":"50969","name":"50969 Köln"}},{"type":"Feature","geometry":{"type":"Polygon","coordinates":[[[6.96785,50.88512],[6.96914,50.86374],[6.9905,50.8672],[6.9972,50.86546],[6.99633,50.88072],[7.01122,50.88809],[7.0272,50.88476],[7.03158,50.89441],[7.00192,50.89543],[6.99055,50.89923],[6.96785,50.88512]]]},"properties":{"plz":"50996","name":"50996 Köln"}},{"type":"Feature","geometry":{"type":"Polygon","coordinates":[[[6.93043,50.8375],[6.93991,50.83834],[6.94492,50.84543],[6.95465,50.83473],[6.97367,50.84412],[6.9806,50.84096],[6.98395,50.84394],[6.99723,50.84969],[6.99063,50.85435],[6.9972,50.86546],[6.9905,50.8672],[6.96914,50.86374],[6.96785,50.88512],[6.96565,50.89271],[6.94356,50.89429],[6.91998,50.89324],[6.91286,50.88261],[6.92325,50.86543],[6.91636,50.85857],[6.91854,50.85006],[6.93043,50.8375]]]},"properties":{"plz":"50997","name":"50997 Köln"}},{"type":"Feature","geometry":{"type":"Polygon","coordinates":[[[6.9972,50.86546],[6.99063,50.85435],[6.99723,50.84969],[7.0255,50.8681],[7.04779,50.87665],[7.04824,50.88973],[7.03158,50.89441],[7.0272,50.88476],[7.01122,50.88809],[6.99633,50.88072],[6.9972,50.86546]]]},"properties":{"plz":"50999","name":"50999 Köln"}},{"type":"Feature","geometry":{"type":"Polygon","coordinates":[[[6.99527,50.97857],[7.00984,50.98832],[7.0282,50.97402],[7.05394,50.97865],[7.04739,50.99279],[7.02698,50.99752],[7.01224,50.996],[7.012,51.02046],[7.01089,51.02251],[6.99636,51.0118],[6.97552,51.01112],[6.97187,51.01417],[6.97063,51.01265],[6.96268,51.00137],[6.97156,50.98738],[6.99527,50.97857]]]},"properties":{"plz":"51061","name":"51061 Köln"}},{"type":"Feature","geometry":{"type":"Polygon","coordinates":[[[6.99561,50.94938],[7.00408,50.96315],[7.0197,50.96398],[7.03136,50.96595],[7.0282,50.97402],[7.00984,50.98832],[6.99527,50.97857],[6.996,50.96514],[6.97555,50.95465],[6.98626,50.94721],[6.99561,50.94938]]]},"properties":{"plz":"51063","name":"51063 Köln"}},{"type":"Feature","geometry":{"type":"Polygon","coordinates":[[[6.99546,50.94919],[7.00152,50.94711],[7.02736,50.95099],[7.0197,50.96398],[7.00408,50.96315],[6.99561,50.94938],[6.99546,50.94919]]]},"properties":{"plz":"51065","name":"51065 Köln"}},{"type":"Feature","geometry":{"type":"Polygon","coordinates":[[[7.0282,50.97402],[7.03136,50.96595],[7.0197,50.96398],[7.02736,50.95099],[7.03641,50.95251],[7.05641,50.96181],[7.06689,50.96775],[7.05394,50.97865],[7.0282,50.97402]]]},"properties":{"plz":"51067","name":"51067 Köln"}},{"type":"Feature","geometry":{"type":"Polygon","coordinates":[[[7.05394,50.97865],[7.06689,50.96775],[7.05641,50.96181],[7.06836,50.96045],[7.07138,50.95388],[7.08599,50.95793],[7.10054,50.96723],[7.09624,50.98553],[7.06904,50.98948],[7.07244,50.99947],[7.07605,51.002],[7.06179,51.01333],[7.06838,51.01835],[7.03064,51.01821],[7.02168,51.016],[7.012,51.02046],[7.01224,50.996],[7.02698,50.99752],[7.04739,50.99279],[7.05394,50.97865]]]},"properties":{"plz":"51069","name":"51069 Köln"}},{"type":"Feature","geometry":{"type":"Polygon","coordinates":[[[6.99404,50.93712],[7.01352,50.93484],[7.01614,50.9277],[7.03576,50.94009],[7.04168,50.94241],[7.03641,50.95251],[7.02736,50.95099],[7.00152,50.94711],[6.99546,50.94919],[6.98793,50.93952],[6.99404,50.93712]]]},"properties":{"plz":"51103","name":"51103 Köln"}},{"type":"Feature","geometry":{"type":"Polygon","coordinates":[[[6.97334,50.91723],[6.99055,50.89923],[7.00192,50.89543],[6.99678,50.90464],[7.01705,50.91485],[7.01614,50.9277],[7.01352,50.93484],[6.99404,50.93712],[6.98297,50.9202],[6.97334,50.91723]]]},"properties":{"plz":"51105","name":"51105 Köln"}},{"type":"Feature","geometry":{"type":"Polygon","coordinates":[[[7.01614,50.9277],[7.01705,50.91485],[7.06089,50.92201],[7.06107,50.91625],[7.07484,50.91004],[7.10017,50.90895],[7.09942,50.91645],[7.13353,50.90348],[7.13979,50.91999],[7.13667,50.92761],[7.14467,50.94639],[7.11084,50.94302],[7.09868,50.93506],[7.07979,50.92862],[7.07043,50.93483],[7.06057,50.92783],[7.04699,50.93024],[7.04627,50.93623],[7.03576,50.94009],[7.01614,50.9277]]]},"properties":{"plz":"51107","name":"51107 Köln"}},{"type":"Feature","geometry":{"type":"Polygon","coordinates":[[[7.03641,50.95251],[7.04168,50.94241],[7.03576,50.94009],[7.04627,50.93623],[7.04699,50.93024],[7.06057,50.92783],[7.07043,50.93483],[7.07979,50.92862],[7.09868,50.93506],[7.11084,50.94302],[7.08599,50.95793],[7.07138,50.95388],[7.06836,50.96045],[7.05641,50.96181],[7.03641,50.95251]]]},"properties":{"plz":"51109","name":"51109 Köln"}},{"type":"Feature","geometry":{"type":"Polygon","coordinates":[[[6.98395,50.84394],[6.99252,50.83717],[7.02335,50.83924],[7.02724,50.84695],[7.05112,50.85009],[7.05733,50.85093],[7.07457,50.86626],[7.06039,50.89037],[7.04824,50.88973],[7.04779,50.87665],[7.0255,50.8681],[6.99723,50.84969],[6.98395,50.84394]]]},"properties":{"plz":"51143","name":"51143 Köln"}},{"type":"Feature","geometry":{"type":"Polygon","coordinates":[[[7.07457,50.86626],[7.09611,50.86481],[7.09333,50.89031],[7.08733,50.89624],[7.07705,50.90188],[7.06889,50.89254],[7.06039,50.89037],[7.07457,50.86626]]]},"properties":{"plz":"51145","name":"51145 Köln"}},{"type":"Feature","geometry":{"type":"Polygon","coordinates":[[[7.10017,50.90895],[7.10143,50.89903],[7.08733,50.89624],[7.09333,50.89031],[7.09611,50.86481],[7.07457,50.86626],[7.05733,50.85093],[7.05112,50.85009],[7.06138,50.84409],[7.06247,50.83047],[7.09063,50.8333],[7.09473,50.8348],[7.12976,50.85402],[7.15961,50.86693],[7.13756,50.88128],[7.1398,50.8969],[7.13353,50.90348],[7.09942,50.91645],[7.10017,50.90895]]]},"properties":{"plz":"51147","name":"51147 Köln"}},{"type":"Feature","geometry":{"type":"Polygon","coordinates":[[[7.03158,50.89441],[7.04824,50.88973],[7.06039,50.89037],[7.06889,50.89254],[7.07705,50.90188],[7.08733,50.89624],[7.10143,50.89903],[7.10017,50.90895],[7.07484,50.91004],[7.06107,50.91625],[7.06089,50.92201],[7.01705,50.91485],[6.99678,50.90464],[7.00192,50.89543],[7.03158,50.89441]]]},"properties":{"plz":"51149","name":"51149 Köln"}},{"type":"Feature","geometry":{"type":"Polygon","coordinates":[[[6.92822,51.0798],[6.92376,51.07327],[6.91679,51.07915],[6.89776,51.06476],[6.93826,51.04499],[6.96101,51.04939],[6.97634,51.04655],[6.97858,51.03756],[6.99013,51.03574],[6.9861,51.05048],[6.97224,51.05896],[6.97816,51.06128],[6.98656,51.07306],[6.97435,51.06749],[6.95929,51.0725],[6.94231,51.07153],[6.92822,51.0798]]]},"properties":{"plz":"51371","name":"51371 Leverkusen"}},{"type":"Feature","geometry":{"type":"Polygon","coordinates":[[[6.97187,51.01417],[6.97552,51.01112],[6.99636,51.0118],[7.01089,51.02251],[7.00813,51.03852],[7.01859,51.04571],[7.00966,51.05425],[6.97816,51.06128],[6.97224,51.05896],[6.9861,51.05048],[6.99013,51.03574],[6.97858,51.03756],[6.97634,51.04655],[6.96101,51.04939],[6.93826,51.04499],[6.96922,51.02807],[6.97187,51.01417]]]},"properties":{"plz":"51373","name":"51373 Leverkusen"}},{"type":"Feature","geometry":{"type":"Polygon","coordinates":[[[7.06838,51.01835],[7.07866,51.02694],[7.09088,51.02581],[7.09292,51.03483],[7.05567,51.04313],[7.05418,51.04925],[7.03531,51.04032],[7.03641,51.03135],[7.0261,51.03736],[7.03064,51.01821],[7.06838,51.01835]]]},"properties":{"plz":"51375","name":"51375 Leverkusen"}},{"type":"Feature","geometry":{"type":"Polygon","coordinates":[[[7.012,51.02046],[7.02168,51.016],[7.03064,51.01821],[7.0261,51.03736],[7.03641,51.03135],[7.03531,51.04032],[7.05418,51.04925],[7.05567,51.04313],[7.09292,51.03483],[7.10082,51.04056],[7.09728,51.05025],[7.11612,51.05815],[7.11466,51.06352],[7.09986,51.06809],[7.07606,51.06696],[7.04959,51.05477],[7.02839,51.05653],[7.01859,51.04571],[7.00813,51.03852],[7.01089,51.02251],[7.012,51.02046]]]},"properties":{"plz":"51377","name":"51377 Leverkusen"}},{"type":"Feature","geometry":{"type":"Polygon","coordinates":[[[6.98656,51.07306],[6.97816,51.06128],[7.00966,51.05425],[7.01625,51.0656],[7.02419,51.07052],[7.00974,51.0819],[6.98874,51.09146],[6.98656,51.07306]]]},"properties":{"plz":"51379","name":"51379 Leverkusen"}},{"type":"Feature","geometry":{"type":"Polygon","coordinates":[[[7.00974,51.0819],[7.02419,51.07052],[7.01625,51.0656],[7.00966,51.05425],[7.01859,51.04571],[7.02839,51.05653],[7.04959,51.05477],[7.07606,51.06696],[7.05766,51.07748],[7.07092,51.08745],[7.07447,51.09701],[7.03899,51.09657],[7.03074,51.08941],[7.00974,51.0819]]]},"properties":{"plz":"51381","name":"51381 Leverkusen"}},{"type":"Feature","geometry":{"type":"Polygon","coordinates":[[[7.07447,51.09701],[7.07092,51.08745],[7.05766,51.07748],[7.07606,51.06696],[7.09986,51.06809],[7.11466,51.06352],[7.13855,51.06631],[7.14858,51.07348],[7.14834,51.08265],[7.16431,51.08386],[7.16732,51.08987],[7.15821,51.09998],[7.16921,51.11072],[7.15795,51.11908],[7.142,51.107],[7.10089,51.10504],[7.07447,51.09701]]]},"properties":{"plz":"51399","name":"51399 Burscheid"}},{"type":"Feature","geometry":{"type":"Polygon","coordinates":[[[7.08599,50.95793],[7.11084,50.94302],[7.14467,50.94639],[7.13667,50.92761],[7.13979,50.91999],[7.15958,50.93185],[7.16207,50.94781],[7.1514,50.95128],[7.14062,50.96377],[7.12939,50.96647],[7.10054,50.96723],[7.08599,50.95793]]]},"properties":{"plz":"51427","name":"51427 Bergisch Gladbach"}},{"type":"Feature","geometry":{"type":"Polygon","coordinates":[[[7.15958,50.93185],[7.18001,50.93228],[7.19386,50.9431],[7.19677,50.94896],[7.21077,50.94932],[7.22373,50.95898],[7.22157,50.96524],[7.23677,50.9636],[7.24771,50.9752],[7.24073,50.98317],[7.24912,50.98773],[7.23451,50.99167],[7.21717,51.00215],[7.20035,51.0048],[7.17207,51.00157],[7.1756,50.99025],[7.16955,50.97721],[7.17431,50.974],[7.15161,50.97164],[7.14274,50.97454],[7.12939,50.96647],[7.14062,50.96377],[7.1514,50.95128],[7.16207,50.94781],[7.15958,50.93185]]]},"properties":{"plz":"51429","name":"51429 Bergisch Gladbach"}},{"type":"Feature","geometry":{"type":"Polygon","coordinates":[[[7.20035,51.0048],[7.19887,51.01833],[7.18659,51.01099],[7.18058,51.01503],[7.16709,51.01392],[7.16172,51.00472],[7.14165,50.99788],[7.11834,50.99762],[7.11087,50.99104],[7.12517,50.98505],[7.14029,50.98645],[7.14959,50.98025],[7.14274,50.97454],[7.15161,50.97164],[7.17431,50.974],[7.16955,50.97721],[7.1756,50.99025],[7.17207,51.00157],[7.20035,51.0048]]]},"properties":{"plz":"51465","name":"51465 Bergisch Gladbach"}},{"type":"Feature","geometry":{"type":"Polygon","coordinates":[[[7.07244,50.99947],[7.08155,50.99838],[7.09769,51.0066],[7.10277,51.00152],[7.11834,50.99762],[7.14165,50.99788],[7.16172,51.00472],[7.16709,51.01392],[7.1454,51.01669],[7.12008,51.01039],[7.10251,51.0105],[7.10331,51.02153],[7.09088,51.02581],[7.07866,51.02694],[7.06838,51.01835],[7.06179,51.01333],[7.07605,51.002],[7.07244,50.99947]]]},"properties":{"plz":"51467","name":"51467 Bergisch Gladbach"}},{"type":"Feature","geometry":{"type":"Polygon","coordinates":[[[7.10054,50.96723],[7.12939,50.96647],[7.14274,50.97454],[7.14959,50.98025],[7.14029,50.98645],[7.12517,50.98505],[7.11087,50.99104],[7.11834,50.99762],[7.10277,51.00152],[7.09769,51.0066],[7.08155,50.99838],[7.07244,50.99947],[7.06904,50.98948],[7.09624,50.98553],[7.10054,50.96723]]]},"properties":{"plz":"51469","name":"51469 Bergisch Gladbach"}},{"type":"Feature","geometry":{"type":"Polygon","coordinates":[[[7.19386,50.9431],[7.21812,50.92871],[7.23581,50.93231],[7.24725,50.92853],[7.25988,50.91939],[7.27347,50.91745],[7.2748,50.91093],[7.30032,50.90671],[7.3031,50.90679],[7.32468,50.91691],[7.33605,50.91101],[7.34812,50.91329],[7.35947,50.92294],[7.36244,50.93455],[7.386,50.93449],[7.39867,50.9497],[7.38549,50.9574],[7.36158,50.955],[7.35631,50.95017],[7.34026,50.96735],[7.32913,50.9639],[7.33569,50.97236],[7.32592,50.97792],[7.28774,50.97685],[7.28449,50.97109],[7.25089,50.98617],[7.24912,50.98773],[7.24073,50.98317],[7.24771,50.9752],[7.23677,50.9636],[7.22157,50.96524],[7.22373,50.95898],[7.21077,50.94932],[7.19677,50.94896],[7.19386,50.9431]]]},"properties":{"plz":"51491","name":"51491 Overath"}},{"type":"Feature","geometry":{"type":"Polygon","coordinates":[[[7.13353,50.90348],[7.1398,50.8969],[7.13756,50.88128],[7.15961,50.86693],[7.1849,50.87427],[7.19367,50.87362],[7.20506,50.88172],[7.20443,50.88709],[7.23535,50.90793],[7.23563,50.91877],[7.24725,50.92853],[7.23581,50.93231],[7.21812,50.92871],[7.19386,50.9431],[7.18001,50.93228],[7.15958,50.93185],[7.13979,50.91999],[7.13353,50.90348]]]},"properties":{"plz":"51503","name":"51503 Rösrath"}},{"type":"Feature","geometry":{"type":"Polygon","coordinates":[[[7.19502,51.06569],[7.19592,51.05812],[7.21035,51.05194],[7.19176,51.04593],[7.18668,51.03099],[7.19456,51.02922],[7.19887,51.01833],[7.20035,51.0048],[7.21717,51.00215],[7.23451,50.99167],[7.24912,50.98773],[7.25089,50.98617],[7.28194,51.00493],[7.27522,51.01237],[7.2847,51.01989],[7.28023,51.02721],[7.29154,51.03215],[7.31227,51.02747],[7.31914,51.04046],[7.33048,51.04862],[7.32262,51.05346],[7.3329,51.06338],[7.31679,51.07996],[7.30906,51.06973],[7.30014,51.06877],[7.29392,51.07819],[7.28072,51.07796],[7.27914,51.08666],[7.25732,51.07701],[7.23031,51.07145],[7.21128,51.07174],[7.19502,51.06569]]]},"properties":{"plz":"51515","name":"51515 Kürten"}},{"type":"Feature","geometry":{"type":"Polygon","coordinates":[[[7.13855,51.06631],[7.11466,51.06352],[7.11612,51.05815],[7.09728,51.05025],[7.10082,51.04056],[7.09292,51.03483],[7.09088,51.02581],[7.10331,51.02153],[7.10251,51.0105],[7.12008,51.01039],[7.1454,51.01669],[7.16709,51.01392],[7.18058,51.01503],[7.18659,51.01099],[7.19887,51.01833],[7.19456,51.02922],[7.18668,51.03099],[7.19176,51.04593],[7.21035,51.05194],[7.19592,51.05812],[7.19502,51.06569],[7.17724,51.06682],[7.16241,51.0747],[7.14682,51.06613],[7.13855,51.06631]]]},"properties":{"plz":"51519","name":"51519 Odenthal"}},{"type":"Feature","geometry":{"type":"Polygon","coordinates":[[[7.5131,50.85417],[7.52939,50.84213],[7.5282,50.83348],[7.54798,50.8301],[7.56389,50.8351],[7.56261,50.8412],[7.57267,50.84257],[7.59624,50.82655],[7.60371,50.8333],[7.61869,50.82926],[7.62006,50.82024],[7.62573,50.82539],[7.64734,50.83476],[7.64935,50.84507],[7.66388,50.85631],[7.65949,50.86049],[7.66906,50.87857],[7.6861,50.89425],[7.6772,50.90305],[7.66576,50.90683],[7.66187,50.90058],[7.65139,50.90195],[7.63475,50.91306],[7.63897,50.91821],[7.62669,50.92102],[7.62076,50.92882],[7.61029,50.92303],[7.60532,50.90932],[7.61641,50.9059],[7.6148,50.90081],[7.58876,50.89237],[7.58581,50.88156],[7.57703,50.8805],[7.5644,50.87199],[7.55628,50.85939],[7.52408,50.85801],[7.5131,50.85417]]]},"properties":{"plz":"51545","name":"51545 Waldbröl"}},{"type":"Feature","geometry":{"type":"Polygon","coordinates":[[[7.5282,50.83348],[7.47403,50.81741],[7.47578,50.80163],[7.48728,50.79968],[7.48606,50.78115],[7.50379,50.77211],[7.49947,50.7677],[7.50464,50.75748],[7.51601,50.74963],[7.51648,50.74306],[7.53883,50.74214],[7.55149,50.74658],[7.58079,50.73822],[7.58801,50.74005],[7.59523,50.7459],[7.58935,50.7566],[7.59868,50.76681],[7.61755,50.77038],[7.6426,50.76851],[7.65846,50.7701],[7.65946,50.77057],[7.65892,50.7849],[7.66808,50.78635],[7.6776,50.78124],[7.68045,50.79726],[7.67498,50.80249],[7.67912,50.80968],[7.65934,50.82018],[7.64734,50.83476],[7.62573,50.82539],[7.62006,50.82024],[7.61869,50.82926],[7.60371,50.8333],[7.59624,50.82655],[7.57267,50.84257],[7.56261,50.8412],[7.56389,50.8351],[7.54798,50.8301],[7.5282,50.83348]]]},"properties":{"plz":"51570","name":"51570 Windeck"}},{"type":"Feature","geometry":{"type":"Polygon","coordinates":[[[7.62076,50.92882],[7.61033,50.9331],[7.60053,50.93085],[7.58666,50.93887],[7.57481,50.94042],[7.55704,50.93506],[7.525,50.93521],[7.51276,50.92997],[7.49049,50.9409],[7.47221,50.93861],[7.46153,50.9313],[7.47233,50.9226],[7.4793,50.91016],[7.46782,50.89793],[7.46873,50.88949],[7.46231,50.8788],[7.46971,50.87971],[7.49077,50.87398],[7.50638,50.85954],[7.50419,50.85225],[7.5131,50.85417],[7.52408,50.85801],[7.55628,50.85939],[7.5644,50.87199],[7.57703,50.8805],[7.58581,50.88156],[7.58876,50.89237],[7.6148,50.90081],[7.61641,50.9059],[7.60532,50.90932],[7.61029,50.92303],[7.62076,50.92882]]]},"properties":{"plz":"51588","name":"51588 Nümbrecht"}},{"type":"Feature","geometry":{"type":"Polygon","coordinates":[[[7.50846,51.00715],[7.56789,51.0079],[7.57181,51.01634],[7.58732,51.01952],[7.57954,51.02604],[7.58886,51.03605],[7.57215,51.04332],[7.55561,51.03639],[7.54699,51.03766],[7.55056,51.02825],[7.52477,51.0291],[7.50846,51.00715]]]},"properties":{"plz":"51643","name":"51643 Gummersbach"}},{"type":"Feature","geometry":{"type":"Polygon","coordinates":[[[7.63797,51.00365],[7.62472,51.01176],[7.62475,51.02157],[7.61691,51.02217],[7.61947,51.03061],[7.62839,51.03182],[7.6173,51.03317],[7.6088,51.02489],[7.61163,51.02079],[7.59237,51.01436],[7.58732,51.01952],[7.57181,51.01634],[7.56789,51.0079],[7.50846,51.00715],[7.51409,51.00168],[7.49935,50.99415],[7.4929,50.98232],[7.51929,50.9736],[7.53382,50.97671],[7.54473,50.97482],[7.55421,50.97865],[7.55061,50.98462],[7.57832,50.99309],[7.59399,50.99347],[7.63797,51.00365]]]},"properties":{"plz":"51645","name":"51645 Gummersbach"}},{"type":"Feature","geometry":{"type":"Polygon","coordinates":[[[7.58732,51.01952],[7.59237,51.01436],[7.61163,51.02079],[7.6088,51.02489],[7.6173,51.03317],[7.62839,51.03182],[7.63704,51.04112],[7.65251,51.04243],[7.66669,51.04906],[7.66751,51.06034],[7.68112,51.05944],[7.70184,51.0627],[7.71365,51.07306],[7.69001,51.08621],[7.68546,51.08205],[7.64766,51.07322],[7.63906,51.0745],[7.62634,51.06859],[7.60976,51.07769],[7.61849,51.0646],[7.5993,51.05801],[7.58313,51.04658],[7.56838,51.05437],[7.55166,51.055],[7.52861,51.05145],[7.51456,51.05279],[7.49748,51.0473],[7.46166,51.04895],[7.45017,51.03623],[7.43937,51.037],[7.43871,51.02262],[7.44397,51.01897],[7.47216,51.0255],[7.50412,51.01631],[7.50846,51.00715],[7.52477,51.0291],[7.55056,51.02825],[7.54699,51.03766],[7.55561,51.03639],[7.57215,51.04332],[7.58886,51.03605],[7.57954,51.02604],[7.58732,51.01952]]]},"properties":{"plz":"51647","name":"51647 Gummersbach"}},{"type":"Feature","geometry":{"type":"Polygon","coordinates":[[[7.59399,50.99347],[7.57832,50.99309],[7.55061,50.98462],[7.55421,50.97865],[7.54473,50.97482],[7.53382,50.97671],[7.51929,50.9736],[7.4929,50.98232],[7.48428,50.98416],[7.46863,50.97242],[7.45958,50.95913],[7.42776,50.95251],[7.42815,50.94775],[7.44433,50.94733],[7.44367,50.94276],[7.45936,50.93736],[7.46153,50.9313],[7.47221,50.93861],[7.49049,50.9409],[7.51276,50.92997],[7.525,50.93521],[7.55704,50.93506],[7.57481,50.94042],[7.58666,50.93887],[7.60053,50.93085],[7.61033,50.9331],[7.61707,50.93927],[7.60028,50.9502],[7.60183,50.96119],[7.59416,50.96846],[7.58934,50.98094],[7.59996,50.98774],[7.59399,50.99347]]]},"properties":{"plz":"51674","name":"51674 Wiehl"}},{"type":"Feature","geometry":{"type":"Polygon","coordinates":[[[7.38165,51.1698],[7.38691,51.15564],[7.39689,51.15265],[7.36819,51.13307],[7.36725,51.12569],[7.348,51.13223],[7.34339,51.12542],[7.33645,51.12962],[7.31844,51.12046],[7.33399,51.11997],[7.34095,51.10395],[7.3373,51.10102],[7.31957,51.1077],[7.31744,51.10447],[7.29892,51.10475],[7.27914,51.08666],[7.28072,51.07796],[7.29392,51.07819],[7.30014,51.06877],[7.30906,51.06973],[7.31679,51.07996],[7.3329,51.06338],[7.32262,51.05346],[7.33048,51.04862],[7.35988,51.05389],[7.35886,51.06061],[7.37381,51.06407],[7.3764,51.06922],[7.39878,51.0791],[7.42384,51.06494],[7.43567,51.07053],[7.43749,51.077],[7.45377,51.07064],[7.46971,51.07395],[7.48116,51.08247],[7.484,51.1006],[7.49625,51.10597],[7.50452,51.11716],[7.50232,51.13036],[7.49327,51.125],[7.48164,51.14079],[7.46893,51.14623],[7.47936,51.16512],[7.45608,51.1586],[7.4415,51.16748],[7.43676,51.18044],[7.42469,51.18617],[7.41089,51.17794],[7.40465,51.18736],[7.39008,51.17722],[7.39203,51.17174],[7.38165,51.1698]]]},"properties":{"plz":"51688","name":"51688 Wipperfürth"}},{"type":"Feature","geometry":{"type":"Polygon","coordinates":[[[7.60976,51.07769],[7.59942,51.08759],[7.60689,51.09635],[7.60207,51.10052],[7.58227,51.10664],[7.56714,51.10386],[7.55407,51.10537],[7.5172,51.1006],[7.49625,51.10597],[7.484,51.1006],[7.48116,51.08247],[7.46971,51.07395],[7.45377,51.07064],[7.4613,51.06367],[7.45213,51.05772],[7.46166,51.04895],[7.49748,51.0473],[7.51456,51.05279],[7.52861,51.05145],[7.55166,51.055],[7.56838,51.05437],[7.58313,51.04658],[7.5993,51.05801],[7.61849,51.0646],[7.60976,51.07769]]]},"properties":{"plz":"51709","name":"51709 Marienheide"}},{"type":"Feature","geometry":{"type":"Polygon","coordinates":[[[7.39867,50.9497],[7.41184,50.94649],[7.42815,50.94775],[7.42776,50.95251],[7.45958,50.95913],[7.46863,50.97242],[7.48428,50.98416],[7.4929,50.98232],[7.49935,50.99415],[7.51409,51.00168],[7.50846,51.00715],[7.50412,51.01631],[7.47216,51.0255],[7.44397,51.01897],[7.43871,51.02262],[7.42864,51.01166],[7.41713,51.01285],[7.40554,51.0078],[7.4089,51.00269],[7.3879,51.00522],[7.3846,50.99651],[7.36496,50.98848],[7.34218,50.98774],[7.32592,50.97792],[7.33569,50.97236],[7.32913,50.9639],[7.34026,50.96735],[7.35631,50.95017],[7.36158,50.955],[7.38549,50.9574],[7.39867,50.9497]]]},"properties":{"plz":"51766","name":"51766 Engelskirchen"}},{"type":"Feature","geometry":{"type":"Polygon","coordinates":[[[7.32592,50.97792],[7.34218,50.98774],[7.36496,50.98848],[7.3846,50.99651],[7.3879,51.00522],[7.4089,51.00269],[7.40554,51.0078],[7.41713,51.01285],[7.42864,51.01166],[7.43871,51.02262],[7.43937,51.037],[7.45017,51.03623],[7.46166,51.04895],[7.45213,51.05772],[7.4613,51.06367],[7.45377,51.07064],[7.43749,51.077],[7.43567,51.07053],[7.42384,51.06494],[7.39878,51.0791],[7.3764,51.06922],[7.37381,51.06407],[7.35886,51.06061],[7.35988,51.05389],[7.33048,51.04862],[7.31914,51.04046],[7.31227,51.02747],[7.29154,51.03215],[7.28023,51.02721],[7.2847,51.01989],[7.27522,51.01237],[7.28194,51.00493],[7.25089,50.98617],[7.28449,50.97109],[7.28774,50.97685],[7.32592,50.97792]]]},"properties":{"plz":"51789","name":"51789 Lindlar"}},{"type":"Feature","geometry":{"type":"Polygon","coordinates":[[[6.4446,50.80698],[6.43121,50.8034],[6.4539,50.79787],[6.4719,50.79664],[6.48839,50.78275],[6.4962,50.78339],[6.50419,50.78868],[6.48804,50.79647],[6.48101,50.80814],[6.47014,50.81701],[6.4446,50.80698]]]},"properties":{"plz":"52349","name":"52349 Düren"}},{"type":"Feature","geometry":{"type":"Polygon","coordinates":[[[6.4962,50.78339],[6.50668,50.76007],[6.5196,50.77034],[6.51617,50.7758],[6.52805,50.78239],[6.52082,50.78717],[6.52141,50.79893],[6.53835,50.80533],[6.52476,50.81878],[6.50239,50.81823],[6.49358,50.81917],[6.48101,50.80814],[6.48804,50.79647],[6.50419,50.78868],[6.4962,50.78339]]]},"properties":{"plz":"52351","name":"52351 Düren"}},{"type":"Feature","geometry":{"type":"Polygon","coordinates":[[[6.48101,50.80814],[6.49358,50.81917],[6.50239,50.81823],[6.50233,50.82321],[6.51868,50.84075],[6.50731,50.85231],[6.48469,50.84614],[6.47644,50.85001],[6.45025,50.84112],[6.43814,50.84754],[6.43339,50.85722],[6.41895,50.85591],[6.39027,50.84059],[6.38912,50.8355],[6.38596,50.82899],[6.4038,50.81989],[6.41233,50.82311],[6.42171,50.81609],[6.44006,50.81408],[6.4446,50.80698],[6.47014,50.81701],[6.48101,50.80814]]]},"properties":{"plz":"52353","name":"52353 Düren"}},{"type":"Feature","geometry":{"type":"Polygon","coordinates":[[[6.4446,50.80698],[6.44006,50.81408],[6.42171,50.81609],[6.41233,50.82311],[6.4038,50.81989],[6.41856,50.80681],[6.40044,50.78347],[6.40397,50.77364],[6.42058,50.75857],[6.43174,50.75804],[6.43543,50.75127],[6.44782,50.75097],[6.45321,50.74349],[6.45968,50.74098],[6.46784,50.75076],[6.48024,50.75712],[6.50668,50.76007],[6.4962,50.78339],[6.48839,50.78275],[6.4719,50.79664],[6.4539,50.79787],[6.43121,50.8034],[6.4446,50.80698]]]},"properties":{"plz":"52355","name":"52355 Düren"}},{"type":"Feature","geometry":{"type":"Polygon","coordinates":[[[6.50668,50.76007],[6.48024,50.75712],[6.46784,50.75076],[6.45968,50.74098],[6.45321,50.74349],[6.44224,50.7361],[6.41873,50.73152],[6.43053,50.72469],[6.42206,50.71436],[6.43633,50.70705],[6.47944,50.71257],[6.48782,50.70298],[6.49667,50.70422],[6.51046,50.69343],[6.51438,50.69632],[6.54573,50.69961],[6.53294,50.70397],[6.53663,50.70882],[6.52674,50.71438],[6.52111,50.72404],[6.53074,50.72866],[6.51821,50.73915],[6.53412,50.74644],[6.53092,50.74887],[6.54894,50.75582],[6.54616,50.7662],[6.53873,50.76547],[6.53091,50.77477],[6.53857,50.77966],[6.52805,50.78239],[6.51617,50.7758],[6.5196,50.77034],[6.50668,50.76007]]]},"properties":{"plz":"52372","name":"52372 Kreuzau"}},{"type":"Feature","geometry":{"type":"Polygon","coordinates":[[[6.48508,50.95189],[6.48068,50.9453],[6.46127,50.94145],[6.4548,50.93454],[6.45356,50.92841],[6.43418,50.92564],[6.43608,50.90814],[6.41886,50.8954],[6.42845,50.88646],[6.41303,50.87963],[6.43019,50.87038],[6.43339,50.85722],[6.43814,50.84754],[6.45025,50.84112],[6.47644,50.85001],[6.48469,50.84614],[6.50731,50.85231],[6.51451,50.85504],[6.52177,50.87565],[6.51467,50.87526],[6.53591,50.8924],[6.51934,50.89562],[6.51869,50.91814],[6.52453,50.9318],[6.50337,50.93093],[6.49456,50.94963],[6.48508,50.95189]]]},"properties":{"plz":"52382","name":"52382 Niederzier"}},{"type":"Feature","geometry":{"type":"Polygon","coordinates":[[[6.61384,50.82546],[6.58107,50.82393],[6.5652,50.8177],[6.57344,50.80824],[6.54957,50.80162],[6.53835,50.80533],[6.52141,50.79893],[6.52082,50.78717],[6.52805,50.78239],[6.53857,50.77966],[6.53091,50.77477],[6.53873,50.76547],[6.54616,50.7662],[6.57207,50.77499],[6.56587,50.78009],[6.58125,50.7854],[6.58378,50.78222],[6.60343,50.788],[6.60879,50.7815],[6.65397,50.77986],[6.65861,50.77138],[6.68045,50.76994],[6.67861,50.77409],[6.69887,50.78003],[6.69682,50.78495],[6.71264,50.78774],[6.70893,50.79938],[6.71836,50.80434],[6.70788,50.82371],[6.70655,50.8353],[6.68698,50.83511],[6.67733,50.83812],[6.67695,50.83107],[6.65268,50.83521],[6.63599,50.82523],[6.62904,50.82791],[6.61384,50.82546]]]},"properties":{"plz":"52388","name":"52388 Nörvenich"}},{"type":"Feature","geometry":{"type":"Polygon","coordinates":[[[6.68045,50.76994],[6.65861,50.77138],[6.65397,50.77986],[6.60879,50.7815],[6.60343,50.788],[6.58378,50.78222],[6.58125,50.7854],[6.56587,50.78009],[6.57207,50.77499],[6.54616,50.7662],[6.54894,50.75582],[6.53092,50.74887],[6.53412,50.74644],[6.51821,50.73915],[6.53074,50.72866],[6.52111,50.72404],[6.52674,50.71438],[6.53663,50.70882],[6.53294,50.70397],[6.54573,50.69961],[6.56992,50.68941],[6.57069,50.69408],[6.593,50.69678],[6.58547,50.69962],[6.58905,50.70823],[6.61345,50.71442],[6.62353,50.72183],[6.62645,50.73408],[6.6788,50.71325],[6.70258,50.73053],[6.69298,50.7353],[6.70062,50.74068],[6.69376,50.75377],[6.68045,50.76994]]]},"properties":{"plz":"52391","name":"52391 Vettweiß"}},{"type":"Feature","geometry":{"type":"Polygon","coordinates":[[[6.55265,50.89301],[6.53591,50.8924],[6.51467,50.87526],[6.52177,50.87565],[6.51451,50.85504],[6.50731,50.85231],[6.51868,50.84075],[6.50233,50.82321],[6.50239,50.81823],[6.52476,50.81878],[6.53835,50.80533],[6.54957,50.80162],[6.57344,50.80824],[6.5652,50.8177],[6.58107,50.82393],[6.61384,50.82546],[6.60916,50.84023],[6.59764,50.84792],[6.57178,50.84683],[6.56653,50.85373],[6.55136,50.85049],[6.56025,50.85871],[6.5531,50.86573],[6.56102,50.86884],[6.55317,50.87623],[6.56157,50.8778],[6.55265,50.89301]]]},"properties":{"plz":"52399","name":"52399 Merzenich"}},{"type":"Feature","geometry":{"type":"Polygon","coordinates":[[[6.45905,51.04302],[6.45218,51.04567],[6.44473,51.03871],[6.4308,51.03449],[6.39884,51.03226],[6.39401,51.03513],[6.37163,51.03404],[6.3726,51.02606],[6.36077,51.02385],[6.35612,51.01634],[6.35573,50.99312],[6.3372,50.98592],[6.34677,50.975],[6.36203,50.96618],[6.37582,50.97854],[6.38064,50.97186],[6.4005,50.96563],[6.40001,50.9689],[6.41832,50.96804],[6.43207,50.97062],[6.44789,50.95936],[6.4548,50.93454],[6.46127,50.94145],[6.48068,50.9453],[6.48508,50.95189],[6.48866,50.958],[6.47968,50.95926],[6.48322,50.96708],[6.49983,50.97344],[6.49225,50.98392],[6.47365,50.98405],[6.47039,50.99435],[6.45899,51.00405],[6.4664,51.01185],[6.46055,51.02272],[6.45281,51.02516],[6.4696,51.02734],[6.48037,51.03437],[6.45905,51.04302]]]},"properties":{"plz":"52445","name":"52445 Titz"}},{"type":"Feature","geometry":{"type":"Polygon","coordinates":[[[7.0894,50.74379],[7.08594,50.73548],[7.09919,50.73127],[7.1123,50.73297],[7.10632,50.74819],[7.0894,50.74379]]]},"properties":{"plz":"53111","name":"53111 Bonn"}},{"type":"Feature","geometry":{"type":"Polygon","coordinates":[[[7.09919,50.73127],[7.09896,50.722],[7.11274,50.7198],[7.1277,50.70492],[7.13881,50.70998],[7.14316,50.71772],[7.1199,50.72426],[7.1123,50.73297],[7.09919,50.73127]]]},"properties":{"plz":"53113","name":"53113 Bonn"}},{"type":"Feature","geometry":{"type":"Polygon","coordinates":[[[7.08594,50.73548],[7.08154,50.73645],[7.07529,50.73086],[7.08149,50.72719],[7.07653,50.71973],[7.08109,50.715],[7.09704,50.71171],[7.10503,50.71517],[7.09896,50.722],[7.09919,50.73127],[7.08594,50.73548]]]},"properties":{"plz":"53115","name":"53115 Bonn"}},{"type":"Feature","geometry":{"type":"Polygon","coordinates":[[[7.10632,50.74819],[7.09979,50.75665],[7.07585,50.76723],[7.0667,50.77085],[7.05631,50.76311],[7.05136,50.76514],[7.03993,50.75817],[7.07276,50.74679],[7.0894,50.74379],[7.10632,50.74819]]]},"properties":{"plz":"53117","name":"53117 Bonn"}},{"type":"Feature","geometry":{"type":"Polygon","coordinates":[[[7.0894,50.74379],[7.07276,50.74679],[7.03993,50.75817],[7.03688,50.75518],[7.03636,50.74658],[7.08154,50.73645],[7.08594,50.73548],[7.0894,50.74379]]]},"properties":{"plz":"53119","name":"53119 Bonn"}},{"type":"Feature","geometry":{"type":"Polygon","coordinates":[[[7.08154,50.73645],[7.03636,50.74658],[7.03335,50.73384],[7.05587,50.7292],[7.06708,50.71658],[7.07653,50.71973],[7.08149,50.72719],[7.07529,50.73086],[7.08154,50.73645]]]},"properties":{"plz":"53121","name":"53121 Bonn"}},{"type":"Feature","geometry":{"type":"Polygon","coordinates":[[[7.03335,50.73384],[7.02963,50.72608],[7.04033,50.71886],[7.02254,50.70647],[7.03226,50.69656],[7.04756,50.69611],[7.04604,50.70541],[7.06233,50.70498],[7.06708,50.71658],[7.05587,50.7292],[7.03335,50.73384]]]},"properties":{"plz":"53123","name":"53123 Bonn"}},{"type":"Feature","geometry":{"type":"Polygon","coordinates":[[[7.03226,50.69656],[7.03908,50.68851],[7.03136,50.67864],[7.04425,50.67438],[7.03743,50.66171],[7.02442,50.66488],[7.0259,50.65434],[7.03246,50.65462],[7.06365,50.63287],[7.07714,50.64289],[7.07433,50.65555],[7.08243,50.66544],[7.07808,50.67267],[7.0816,50.68217],[7.06953,50.70574],[7.06233,50.70498],[7.04604,50.70541],[7.04756,50.69611],[7.03226,50.69656]]]},"properties":{"plz":"53125","name":"53125 Bonn"}},{"type":"Feature","geometry":{"type":"Polygon","coordinates":[[[7.07653,50.71973],[7.06708,50.71658],[7.06233,50.70498],[7.06953,50.70574],[7.0816,50.68217],[7.08917,50.68474],[7.10853,50.69648],[7.09704,50.71171],[7.08109,50.715],[7.07653,50.71973]]]},"properties":{"plz":"53127","name":"53127 Bonn"}},{"type":"Feature","geometry":{"type":"Polygon","coordinates":[[[7.09896,50.722],[7.10503,50.71517],[7.09704,50.71171],[7.10853,50.69648],[7.1137,50.69447],[7.1277,50.70492],[7.11274,50.7198],[7.09896,50.722]]]},"properties":{"plz":"53129","name":"53129 Bonn"}},{"type":"Feature","geometry":{"type":"Polygon","coordinates":[[[7.17089,50.69785],[7.15378,50.69545],[7.14595,50.68881],[7.17253,50.6756],[7.16863,50.68443],[7.1761,50.68704],[7.17089,50.69785]]]},"properties":{"plz":"53173","name":"53173 Bonn"}},{"type":"Feature","geometry":{"type":"Polygon","coordinates":[[[7.1277,50.70492],[7.1137,50.69447],[7.10853,50.69648],[7.08917,50.68474],[7.10548,50.67994],[7.12021,50.68207],[7.1303,50.68994],[7.14595,50.68881],[7.15378,50.69545],[7.17089,50.69785],[7.16826,50.70337],[7.15873,50.71208],[7.14316,50.71772],[7.13881,50.70998],[7.1277,50.70492]]]},"properties":{"plz":"53175","name":"53175 Bonn"}},{"type":"Feature","geometry":{"type":"Polygon","coordinates":[[[7.07714,50.64289],[7.10536,50.65954],[7.12238,50.65618],[7.12771,50.6472],[7.15116,50.65357],[7.15179,50.65655],[7.18076,50.66904],[7.17253,50.6756],[7.14595,50.68881],[7.1303,50.68994],[7.12021,50.68207],[7.10548,50.67994],[7.08917,50.68474],[7.0816,50.68217],[7.07808,50.67267],[7.08243,50.66544],[7.07433,50.65555],[7.07714,50.64289]]]},"properties":{"plz":"53177","name":"53177 Bonn"}},{"type":"Feature","geometry":{"type":"Polygon","coordinates":[[[7.17253,50.6756],[7.18076,50.66904],[7.15179,50.65655],[7.15116,50.65357],[7.15806,50.65514],[7.18136,50.65215],[7.19518,50.64304],[7.20054,50.64925],[7.21068,50.64975],[7.19953,50.6619],[7.1761,50.68704],[7.16863,50.68443],[7.17253,50.6756]]]},"properties":{"plz":"53179","name":"53179 Bonn"}},{"type":"Feature","geometry":{"type":"Polygon","coordinates":[[[7.1123,50.73297],[7.1199,50.72426],[7.13364,50.72922],[7.12688,50.73979],[7.14218,50.76756],[7.1254,50.77442],[7.11082,50.77028],[7.10253,50.7618],[7.0772,50.76871],[7.07585,50.76723],[7.09979,50.75665],[7.10632,50.74819],[7.1123,50.73297]]]},"properties":{"plz":"53225","name":"53225 Bonn"}},{"type":"Feature","geometry":{"type":"Polygon","coordinates":[[[7.14316,50.71772],[7.15873,50.71208],[7.16826,50.70337],[7.18793,50.71111],[7.19546,50.7171],[7.17815,50.7187],[7.18065,50.72514],[7.17162,50.73408],[7.15525,50.72935],[7.14264,50.74569],[7.12688,50.73979],[7.13364,50.72922],[7.1199,50.72426],[7.14316,50.71772]]]},"properties":{"plz":"53227","name":"53227 Bonn"}},{"type":"Feature","geometry":{"type":"Polygon","coordinates":[[[7.12688,50.73979],[7.14264,50.74569],[7.15525,50.72935],[7.17162,50.73408],[7.18065,50.72514],[7.17815,50.7187],[7.19546,50.7171],[7.19067,50.72719],[7.20908,50.73674],[7.20696,50.73938],[7.19953,50.74787],[7.1827,50.75176],[7.15832,50.75307],[7.14218,50.76756],[7.12688,50.73979]]]},"properties":{"plz":"53229","name":"53229 Bonn"}},{"type":"Feature","geometry":{"type":"Polygon","coordinates":[[[6.86394,50.78487],[6.87065,50.78036],[6.86015,50.76321],[6.86697,50.76187],[6.88149,50.74612],[6.89748,50.74664],[6.91575,50.73414],[6.93945,50.73157],[6.93743,50.72747],[6.96156,50.71863],[6.96439,50.72462],[6.97912,50.72931],[6.99233,50.74402],[7.00602,50.74432],[7.02971,50.75658],[7.03688,50.75518],[7.03993,50.75817],[7.05136,50.76514],[7.05631,50.76311],[7.0667,50.77085],[7.03604,50.78579],[7.02955,50.80067],[6.99163,50.79268],[6.99029,50.79888],[6.98074,50.79768],[6.95817,50.80429],[6.94175,50.80399],[6.93412,50.80536],[6.91751,50.8002],[6.90849,50.80277],[6.87026,50.79075],[6.86394,50.78487]]]},"properties":{"plz":"53332","name":"53332 Bornheim"}},{"type":"Feature","geometry":{"type":"Polygon","coordinates":[[[7.02442,50.66488],[7.01853,50.66645],[6.99369,50.64881],[7.01374,50.64184],[6.98971,50.63144],[6.9883,50.62561],[7.00012,50.62053],[7.00712,50.61233],[6.99755,50.59693],[6.95633,50.57697],[6.95762,50.57334],[6.98299,50.57109],[6.98361,50.56569],[6.99801,50.56504],[7.04683,50.60184],[7.03981,50.60439],[7.04154,50.61565],[7.06439,50.62473],[7.06365,50.63287],[7.03246,50.65462],[7.0259,50.65434],[7.02442,50.66488]]]},"properties":{"plz":"53340","name":"53340 Meckenheim"}},{"type":"Feature","geometry":{"type":"Polygon","coordinates":[[[7.06365,50.63287],[7.06439,50.62473],[7.04154,50.61565],[7.03981,50.60439],[7.04683,50.60184],[7.05626,50.60627],[7.06633,50.60062],[7.06826,50.59386],[7.09066,50.58593],[7.10406,50.59128],[7.11529,50.61203],[7.13111,50.60363],[7.14764,50.60042],[7.15474,50.6147],[7.17285,50.61235],[7.1739,50.61884],[7.18937,50.62375],[7.19518,50.64304],[7.18136,50.65215],[7.15806,50.65514],[7.15116,50.65357],[7.12771,50.6472],[7.12238,50.65618],[7.10536,50.65954],[7.07714,50.64289],[7.06365,50.63287]]]},"properties":{"plz":"53343","name":"53343 Wachtberg"}},{"type":"Feature","geometry":{"type":"Polygon","coordinates":[[[7.03688,50.75518],[7.02971,50.75658],[7.00602,50.74432],[6.99233,50.74402],[6.97912,50.72931],[6.96439,50.72462],[6.96156,50.71863],[6.96782,50.69704],[6.98575,50.69362],[6.99666,50.67332],[7.00969,50.67196],[7.01853,50.66645],[7.02442,50.66488],[7.03743,50.66171],[7.04425,50.67438],[7.03136,50.67864],[7.03908,50.68851],[7.03226,50.69656],[7.02254,50.70647],[7.04033,50.71886],[7.02963,50.72608],[7.03335,50.73384],[7.03636,50.74658],[7.03688,50.75518]]]},"properties":{"plz":"53347","name":"53347 Alfter"}},{"type":"Feature","geometry":{"type":"Polygon","coordinates":[[[7.01853,50.66645],[7.00969,50.67196],[6.99666,50.67332],[6.98344,50.66929],[6.98842,50.66267],[6.97692,50.65441],[6.93693,50.66189],[6.9337,50.65532],[6.92358,50.6606],[6.9109,50.66152],[6.89961,50.65136],[6.90576,50.64414],[6.89832,50.63566],[6.9163,50.62905],[6.90406,50.60907],[6.91404,50.60553],[6.88511,50.60021],[6.89164,50.58707],[6.8909,50.57449],[6.89903,50.5703],[6.90946,50.57862],[6.92714,50.5786],[6.93492,50.57098],[6.9216,50.56518],[6.92804,50.55858],[6.95116,50.56343],[6.95645,50.55694],[6.97248,50.55588],[6.98361,50.56569],[6.98299,50.57109],[6.95762,50.57334],[6.95633,50.57697],[6.99755,50.59693],[7.00712,50.61233],[7.00012,50.62053],[6.9883,50.62561],[6.98971,50.63144],[7.01374,50.64184],[6.99369,50.64881],[7.01853,50.66645]]]},"properties":{"plz":"53359","name":"53359 Rheinbach"}},{"type":"Feature","geometry":{"type":"Polygon","coordinates":[[[7.19518,50.64304],[7.18937,50.62375],[7.1739,50.61884],[7.17285,50.61235],[7.15474,50.6147],[7.14764,50.60042],[7.16522,50.59913],[7.16913,50.58247],[7.18136,50.57161],[7.20341,50.56368],[7.22549,50.56387],[7.23184,50.55887],[7.24243,50.5612],[7.2606,50.55614],[7.27753,50.56191],[7.26563,50.57439],[7.24873,50.57898],[7.2228,50.58362],[7.21014,50.59388],[7.21286,50.61251],[7.21256,50.62349],[7.21068,50.64975],[7.20054,50.64925],[7.19518,50.64304]]]},"properties":{"plz":"53424","name":"53424 Remagen"}},{"type":"Feature","geometry":{"type":"Polygon","coordinates":[[[7.16913,50.58247],[7.1617,50.57123],[7.15015,50.56809],[7.15577,50.55819],[7.12719,50.56033],[7.11477,50.5576],[7.11159,50.55186],[7.08858,50.55317],[7.06395,50.54412],[7.05933,50.53816],[7.05423,50.5109],[7.05864,50.50603],[7.0542,50.50002],[7.06712,50.50302],[7.08164,50.49478],[7.06752,50.48933],[7.06466,50.48143],[7.09367,50.47675],[7.10229,50.47871],[7.10263,50.48227],[7.12681,50.50329],[7.14094,50.50495],[7.1482,50.51225],[7.15801,50.51151],[7.18754,50.53234],[7.20866,50.54468],[7.19785,50.55648],[7.20341,50.56368],[7.18136,50.57161],[7.16913,50.58247]]]},"properties":{"plz":"53474","name":"53474 Bad Neuenahr-Ahrweiler"}},{"type":"Feature","geometry":{"type":"Polygon","coordinates":[[[6.99801,50.56504],[7.00667,50.55084],[7.00683,50.5396],[7.02951,50.5401],[7.04666,50.54332],[7.05933,50.53816],[7.06395,50.54412],[7.08858,50.55317],[7.11159,50.55186],[7.11477,50.5576],[7.12719,50.56033],[7.15577,50.55819],[7.15015,50.56809],[7.1617,50.57123],[7.16913,50.58247],[7.16522,50.59913],[7.14764,50.60042],[7.13111,50.60363],[7.11529,50.61203],[7.10406,50.59128],[7.09066,50.58593],[7.06826,50.59386],[7.06633,50.60062],[7.05626,50.60627],[7.04683,50.60184],[6.99801,50.56504]]]},"properties":{"plz":"53501","name":"53501 Grafschaft"}},{"type":"Feature","geometry":{"type":"Polygon","coordinates":[[[6.98361,50.56569],[6.97248,50.55588],[6.95645,50.55694],[6.95116,50.56343],[6.92804,50.55858],[6.92211,50.55422],[6.93008,50.53312],[6.90918,50.52554],[6.90217,50.53147],[6.88234,50.52707],[6.8844,50.52003],[6.89792,50.51782],[6.88821,50.50804],[6.90583,50.50193],[6.91026,50.50087],[6.92751,50.51064],[6.9423,50.51122],[6.9402,50.50552],[6.96594,50.49669],[6.97826,50.50261],[6.99638,50.5009],[7.00742,50.50383],[7.0042,50.51786],[7.00767,50.52915],[7.02536,50.53885],[7.02951,50.5401],[7.00683,50.5396],[7.00667,50.55084],[6.99801,50.56504],[6.98361,50.56569]]]},"properties":{"plz":"53505","name":"53505 Altenahr, Berg, Kalenborn, Kirchsahr"}},{"type":"Feature","geometry":{"type":"Polygon","coordinates":[[[7.05933,50.53816],[7.04666,50.54332],[7.02951,50.5401],[7.02536,50.53885],[7.03246,50.52593],[7.03632,50.51858],[7.04543,50.52065],[7.04468,50.51121],[7.05864,50.50603],[7.05423,50.5109],[7.05933,50.53816]]]},"properties":{"plz":"53507","name":"53507 Dernau"}},{"type":"Feature","geometry":{"type":"Polygon","coordinates":[[[7.27753,50.56191],[7.27922,50.5589],[7.31848,50.56312],[7.33967,50.57469],[7.32908,50.57894],[7.32259,50.58973],[7.33287,50.58919],[7.33476,50.59596],[7.32328,50.60038],[7.29811,50.59661],[7.29182,50.58912],[7.27246,50.58206],[7.26563,50.57439],[7.27753,50.56191]]]},"properties":{"plz":"53545","name":"53545 Linz am Rhein, Ockenfels"}},{"type":"Feature","geometry":{"type":"Polygon","coordinates":[[[7.32328,50.60038],[7.33769,50.60694],[7.35467,50.60612],[7.36278,50.61299],[7.36669,50.61847],[7.35185,50.62109],[7.33685,50.63096],[7.32997,50.6302],[7.32532,50.62322],[7.29908,50.614],[7.28368,50.61493],[7.27869,50.59898],[7.29811,50.59661],[7.32328,50.60038]]]},"properties":{"plz":"53560","name":"53560 Vettelschloß, Kretzhaus (Linz am Rhein)"}},{"type":"Feature","geometry":{"type":"Polygon","coordinates":[[[7.33967,50.57469],[7.35745,50.57713],[7.36718,50.57415],[7.37653,50.57951],[7.39014,50.57868],[7.39611,50.58469],[7.38194,50.59185],[7.38524,50.59497],[7.37828,50.60571],[7.36278,50.61299],[7.35467,50.60612],[7.33769,50.60694],[7.32328,50.60038],[7.33476,50.59596],[7.33287,50.58919],[7.32259,50.58973],[7.32908,50.57894],[7.33967,50.57469]]]},"properties":{"plz":"53562","name":"53562 Sankt Katharinen (Landkreis Neuwied)"}},{"type":"Feature","geometry":{"type":"Polygon","coordinates":[[[7.35741,50.69798],[7.36813,50.69788],[7.36522,50.68735],[7.37209,50.68193],[7.36958,50.67453],[7.36426,50.67115],[7.37648,50.65767],[7.37715,50.64744],[7.38743,50.64322],[7.39217,50.64673],[7.42999,50.63747],[7.43872,50.63954],[7.45078,50.62954],[7.43956,50.62748],[7.45095,50.6174],[7.46376,50.62565],[7.48163,50.62565],[7.47723,50.63371],[7.48539,50.64502],[7.47854,50.65633],[7.48535,50.66845],[7.46823,50.67193],[7.46434,50.68518],[7.45233,50.69294],[7.43899,50.71174],[7.41984,50.70999],[7.40698,50.71762],[7.39844,50.71424],[7.37434,50.71826],[7.36326,50.70138],[7.35741,50.69798]]]},"properties":{"plz":"53567","name":"53567 Asbach, Buchholz"}},{"type":"Feature","geometry":{"type":"Polygon","coordinates":[[[7.2228,50.58362],[7.22695,50.59153],[7.24203,50.60149],[7.25736,50.59515],[7.26568,50.60108],[7.27391,50.59987],[7.27819,50.60806],[7.26704,50.61185],[7.27355,50.62207],[7.31485,50.63073],[7.31633,50.63513],[7.27301,50.6238],[7.26413,50.61787],[7.24378,50.613],[7.21286,50.61251],[7.21014,50.59388],[7.2228,50.58362]]]},"properties":{"plz":"53572","name":"53572 Bruchhausen, Unkel"}},{"type":"Feature","geometry":{"type":"Polygon","coordinates":[[[7.36669,50.61847],[7.38191,50.61992],[7.37314,50.62776],[7.38784,50.63206],[7.38743,50.64322],[7.37715,50.64744],[7.37648,50.65767],[7.36426,50.67115],[7.35559,50.66474],[7.35729,50.64848],[7.33708,50.6423],[7.33436,50.63794],[7.32207,50.64166],[7.31462,50.63755],[7.31633,50.63513],[7.31485,50.63073],[7.32997,50.6302],[7.33685,50.63096],[7.35185,50.62109],[7.36669,50.61847]]]},"properties":{"plz":"53578","name":"53578 Windhagen"}},{"type":"Feature","geometry":{"type":"Polygon","coordinates":[[[7.24873,50.57898],[7.25659,50.59293],[7.27869,50.59898],[7.28368,50.61493],[7.29908,50.614],[7.32532,50.62322],[7.32997,50.6302],[7.31485,50.63073],[7.27355,50.62207],[7.26704,50.61185],[7.27819,50.60806],[7.27391,50.59987],[7.26568,50.60108],[7.25736,50.59515],[7.24203,50.60149],[7.22695,50.59153],[7.2228,50.58362],[7.24873,50.57898]]]},"properties":{"plz":"53579","name":"53579 Erpel"}},{"type":"Feature","geometry":{"type":"Polygon","coordinates":[[[7.21068,50.64975],[7.21256,50.62349],[7.21639,50.62675],[7.25184,50.62766],[7.25708,50.62447],[7.29671,50.63161],[7.30513,50.63783],[7.31462,50.63755],[7.32207,50.64166],[7.33436,50.63794],[7.33708,50.6423],[7.35729,50.64848],[7.35559,50.66474],[7.36426,50.67115],[7.36958,50.67453],[7.35758,50.67133],[7.34088,50.67415],[7.32766,50.67045],[7.31731,50.67289],[7.31924,50.679],[7.29712,50.68701],[7.29157,50.67605],[7.26933,50.67692],[7.25074,50.67104],[7.2247,50.67231],[7.21448,50.66187],[7.19953,50.6619],[7.21068,50.64975]]]},"properties":{"plz":"53604","name":"53604 Bad Honnef"}},{"type":"Feature","geometry":{"type":"Polygon","coordinates":[[[7.21286,50.61251],[7.24378,50.613],[7.26413,50.61787],[7.27301,50.6238],[7.31633,50.63513],[7.31462,50.63755],[7.30513,50.63783],[7.29671,50.63161],[7.25708,50.62447],[7.25184,50.62766],[7.21639,50.62675],[7.21256,50.62349],[7.21286,50.61251]]]},"properties":{"plz":"53619","name":"53619 Rheinbreitbach"}},{"type":"Feature","geometry":{"type":"Polygon","coordinates":[[[7.1761,50.68704],[7.19953,50.6619],[7.21448,50.66187],[7.2247,50.67231],[7.25074,50.67104],[7.26933,50.67692],[7.29157,50.67605],[7.29712,50.68701],[7.31924,50.679],[7.31731,50.67289],[7.32766,50.67045],[7.34088,50.67415],[7.35758,50.67133],[7.36958,50.67453],[7.37209,50.68193],[7.36522,50.68735],[7.36813,50.69788],[7.35741,50.69798],[7.34941,50.69622],[7.3329,50.70065],[7.32675,50.70993],[7.31311,50.71965],[7.29519,50.72575],[7.29103,50.7338],[7.28399,50.73244],[7.25485,50.73609],[7.23744,50.74769],[7.23576,50.74488],[7.21317,50.74293],[7.20696,50.73938],[7.20908,50.73674],[7.19067,50.72719],[7.19546,50.7171],[7.18793,50.71111],[7.16826,50.70337],[7.17089,50.69785],[7.1761,50.68704]]]},"properties":{"plz":"53639","name":"53639 Königswinter"}},{"type":"Feature","geometry":{"type":"Polygon","coordinates":[[[7.19463,50.82366],[7.19258,50.81534],[7.1826,50.81129],[7.17433,50.80053],[7.18978,50.79114],[7.20009,50.78986],[7.21942,50.77979],[7.23221,50.79175],[7.24282,50.79042],[7.26032,50.79797],[7.27797,50.79],[7.27926,50.80185],[7.29748,50.81288],[7.31036,50.82091],[7.2811,50.82751],[7.24927,50.81417],[7.21761,50.8127],[7.19463,50.82366]]]},"properties":{"plz":"53721","name":"53721 Siegburg"}},{"type":"Feature","geometry":{"type":"Polygon","coordinates":[[[7.14218,50.76756],[7.15832,50.75307],[7.1827,50.75176],[7.19953,50.74787],[7.20696,50.73938],[7.21317,50.74293],[7.23576,50.74488],[7.23744,50.74769],[7.22803,50.75234],[7.24182,50.76073],[7.24568,50.7828],[7.24282,50.79042],[7.23221,50.79175],[7.21942,50.77979],[7.20009,50.78986],[7.18978,50.79114],[7.17433,50.80053],[7.14573,50.79479],[7.14519,50.78828],[7.13192,50.7838],[7.1254,50.77442],[7.14218,50.76756]]]},"properties":{"plz":"53757","name":"53757 Sankt Augustin"}},{"type":"Feature","geometry":{"type":"Polygon","coordinates":[[[7.43899,50.71174],[7.43903,50.71178],[7.42431,50.72087],[7.42549,50.7335],[7.41482,50.74255],[7.41954,50.74599],[7.41161,50.7564],[7.41372,50.7626],[7.39108,50.76165],[7.38174,50.77062],[7.38158,50.77743],[7.36666,50.78197],[7.37146,50.79313],[7.36301,50.80401],[7.34076,50.79662],[7.33731,50.80856],[7.31757,50.81314],[7.29748,50.81288],[7.27926,50.80185],[7.27797,50.79],[7.26032,50.79797],[7.24282,50.79042],[7.24568,50.7828],[7.24182,50.76073],[7.22803,50.75234],[7.23744,50.74769],[7.25485,50.73609],[7.28399,50.73244],[7.29103,50.7338],[7.29519,50.72575],[7.31311,50.71965],[7.32675,50.70993],[7.3329,50.70065],[7.34941,50.69622],[7.35741,50.69798],[7.36326,50.70138],[7.37434,50.71826],[7.39844,50.71424],[7.40698,50.71762],[7.41984,50.70999],[7.43899,50.71174]]]},"properties":{"plz":"53773","name":"53773 Hennef (Sieg)"}},{"type":"Feature","geometry":{"type":"Polygon","coordinates":[[[7.47403,50.81741],[7.46175,50.81842],[7.45522,50.81372],[7.43797,50.81259],[7.41568,50.80426],[7.39297,50.79965],[7.39279,50.79213],[7.38153,50.78867],[7.38158,50.77743],[7.38174,50.77062],[7.39108,50.76165],[7.41372,50.7626],[7.41161,50.7564],[7.41954,50.74599],[7.41482,50.74255],[7.42549,50.7335],[7.42431,50.72087],[7.43903,50.71178],[7.44868,50.71785],[7.47903,50.7183],[7.50143,50.73004],[7.52004,50.72913],[7.52131,50.73351],[7.53883,50.74214],[7.51648,50.74306],[7.51601,50.74963],[7.50464,50.75748],[7.49947,50.7677],[7.50379,50.77211],[7.48606,50.78115],[7.48728,50.79968],[7.47578,50.80163],[7.47403,50.81741]]]},"properties":{"plz":"53783","name":"53783 Eitorf"}},{"type":"Feature","geometry":{"type":"Polygon","coordinates":[[[7.24725,50.92853],[7.23563,50.91877],[7.23535,50.90793],[7.20443,50.88709],[7.20506,50.88172],[7.19367,50.87362],[7.20879,50.86229],[7.2149,50.85289],[7.203,50.84544],[7.19081,50.82715],[7.19463,50.82366],[7.21761,50.8127],[7.24927,50.81417],[7.2811,50.82751],[7.29986,50.85555],[7.28981,50.86223],[7.27929,50.86123],[7.27567,50.86817],[7.2812,50.87514],[7.30409,50.87955],[7.30656,50.8859],[7.30057,50.8947],[7.30032,50.90671],[7.2748,50.91093],[7.27347,50.91745],[7.25988,50.91939],[7.24725,50.92853]]]},"properties":{"plz":"53797","name":"53797 Lohmar"}},{"type":"Feature","geometry":{"type":"Polygon","coordinates":[[[7.3031,50.90679],[7.31232,50.90342],[7.33747,50.90161],[7.34259,50.89598],[7.34226,50.88274],[7.35355,50.87441],[7.36882,50.87358],[7.36624,50.86469],[7.40346,50.85428],[7.40589,50.84531],[7.41627,50.84143],[7.41894,50.84619],[7.43751,50.84901],[7.44297,50.85439],[7.43799,50.86686],[7.44731,50.86777],[7.46231,50.8788],[7.46873,50.88949],[7.46782,50.89793],[7.4793,50.91016],[7.47233,50.9226],[7.46153,50.9313],[7.45936,50.93736],[7.44367,50.94276],[7.44433,50.94733],[7.42815,50.94775],[7.41184,50.94649],[7.39867,50.9497],[7.386,50.93449],[7.36244,50.93455],[7.35947,50.92294],[7.34812,50.91329],[7.33605,50.91101],[7.32468,50.91691],[7.3031,50.90679]]]},"properties":{"plz":"53804","name":"53804 Much"}},{"type":"Feature","geometry":{"type":"Polygon","coordinates":[[[7.5131,50.85417],[7.50419,50.85225],[7.50638,50.85954],[7.49077,50.87398],[7.46971,50.87971],[7.46231,50.8788],[7.44731,50.86777],[7.43799,50.86686],[7.44297,50.85439],[7.43751,50.84901],[7.41894,50.84619],[7.41627,50.84143],[7.40589,50.84531],[7.39047,50.84785],[7.37594,50.84618],[7.36406,50.82594],[7.35493,50.82243],[7.35594,50.81595],[7.33731,50.80856],[7.34076,50.79662],[7.36301,50.80401],[7.37146,50.79313],[7.36666,50.78197],[7.38158,50.77743],[7.38153,50.78867],[7.39279,50.79213],[7.39297,50.79965],[7.41568,50.80426],[7.43797,50.81259],[7.45522,50.81372],[7.46175,50.81842],[7.47403,50.81741],[7.5282,50.83348],[7.52939,50.84213],[7.5131,50.85417]]]},"properties":{"plz":"53809","name":"53809 Ruppichteroth"}},{"type":"Feature","geometry":{"type":"Polygon","coordinates":[[[7.30032,50.90671],[7.30057,50.8947],[7.30656,50.8859],[7.30409,50.87955],[7.2812,50.87514],[7.27567,50.86817],[7.27929,50.86123],[7.28981,50.86223],[7.29986,50.85555],[7.2811,50.82751],[7.31036,50.82091],[7.29748,50.81288],[7.31757,50.81314],[7.33731,50.80856],[7.35594,50.81595],[7.35493,50.82243],[7.36406,50.82594],[7.37594,50.84618],[7.39047,50.84785],[7.40589,50.84531],[7.40346,50.85428],[7.36624,50.86469],[7.36882,50.87358],[7.35355,50.87441],[7.34226,50.88274],[7.34259,50.89598],[7.33747,50.90161],[7.31232,50.90342],[7.3031,50.90679],[7.30032,50.90671]]]},"properties":{"plz":"53819","name":"53819 Neunkirchen-Seelscheid"}},{"type":"Feature","geometry":{"type":"Polygon","coordinates":[[[7.19463,50.82366],[7.19081,50.82715],[7.16148,50.82506],[7.14329,50.82745],[7.13134,50.82032],[7.15863,50.80976],[7.13973,50.80277],[7.14573,50.79479],[7.17433,50.80053],[7.1826,50.81129],[7.19258,50.81534],[7.19463,50.82366]]]},"properties":{"plz":"53840","name":"53840 Troisdorf"}},{"type":"Feature","geometry":{"type":"Polygon","coordinates":[[[7.09473,50.8348],[7.10044,50.82441],[7.13081,50.80993],[7.13973,50.80277],[7.15863,50.80976],[7.13134,50.82032],[7.14329,50.82745],[7.16148,50.82506],[7.19081,50.82715],[7.203,50.84544],[7.2149,50.85289],[7.20879,50.86229],[7.19367,50.87362],[7.1849,50.87427],[7.15961,50.86693],[7.12976,50.85402],[7.09473,50.8348]]]},"properties":{"plz":"53842","name":"53842 Troisdorf"}},{"type":"Feature","geometry":{"type":"Polygon","coordinates":[[[7.09063,50.8333],[7.10086,50.81978],[7.08504,50.81712],[7.09456,50.8047],[7.08513,50.79894],[7.08891,50.78993],[7.07822,50.78536],[7.08207,50.77254],[7.0772,50.76871],[7.10253,50.7618],[7.11082,50.77028],[7.1254,50.77442],[7.13192,50.7838],[7.14519,50.78828],[7.14573,50.79479],[7.13973,50.80277],[7.13081,50.80993],[7.10044,50.82441],[7.09473,50.8348],[7.09063,50.8333]]]},"properties":{"plz":"53844","name":"53844 Troisdorf"}},{"type":"Feature","geometry":{"type":"Polygon","coordinates":[[[7.02955,50.80067],[7.03604,50.78579],[7.0667,50.77085],[7.07585,50.76723],[7.0772,50.76871],[7.08207,50.77254],[7.07822,50.78536],[7.08891,50.78993],[7.08513,50.79894],[7.09456,50.8047],[7.08504,50.81712],[7.10086,50.81978],[7.09063,50.8333],[7.06247,50.83047],[7.06138,50.84409],[7.05112,50.85009],[7.02724,50.84695],[7.02335,50.83924],[6.99252,50.83717],[6.98395,50.84394],[6.9806,50.84096],[6.98577,50.82771],[7.01369,50.82343],[7.02432,50.81874],[7.02955,50.80067]]]},"properties":{"plz":"53859","name":"53859 Niederkassel"}},{"type":"Feature","geometry":{"type":"Polygon","coordinates":[[[6.75749,50.67112],[6.75916,50.65228],[6.76479,50.65249],[6.7716,50.63727],[6.78111,50.64205],[6.79667,50.63966],[6.80185,50.64782],[6.81434,50.65025],[6.81295,50.66639],[6.79866,50.66694],[6.79429,50.67357],[6.77531,50.67094],[6.76352,50.67614],[6.75749,50.67112]]]},"properties":{"plz":"53879","name":"53879 Euskirchen"}},{"type":"Feature","geometry":{"type":"Polygon","coordinates":[[[6.89832,50.63566],[6.87315,50.63861],[6.87233,50.64739],[6.85762,50.65325],[6.86666,50.66972],[6.876,50.67434],[6.87101,50.68016],[6.87563,50.69049],[6.8562,50.69116],[6.85417,50.69702],[6.8408,50.70298],[6.80559,50.69946],[6.8034,50.69152],[6.79479,50.68919],[6.76552,50.69359],[6.74754,50.69939],[6.73273,50.70091],[6.71049,50.68402],[6.7295,50.66854],[6.72182,50.65181],[6.71283,50.64469],[6.71583,50.62756],[6.73488,50.61396],[6.74785,50.61644],[6.75041,50.61161],[6.76952,50.61575],[6.76988,50.60284],[6.78343,50.60897],[6.81456,50.60806],[6.82186,50.59555],[6.81393,50.58735],[6.81219,50.57505],[6.81855,50.56188],[6.83301,50.56677],[6.85431,50.56366],[6.87118,50.57031],[6.87837,50.56466],[6.8951,50.56048],[6.90967,50.56566],[6.9216,50.56518],[6.93492,50.57098],[6.92714,50.5786],[6.90946,50.57862],[6.89903,50.5703],[6.8909,50.57449],[6.89164,50.58707],[6.88511,50.60021],[6.91404,50.60553],[6.90406,50.60907],[6.9163,50.62905],[6.89832,50.63566]],[[6.75749,50.67112],[6.76352,50.67614],[6.77531,50.67094],[6.79429,50.67357],[6.79866,50.66694],[6.81295,50.66639],[6.81434,50.65025],[6.80185,50.64782],[6.79667,50.63966],[6.78111,50.64205],[6.7716,50.63727],[6.76479,50.65249],[6.75916,50.65228],[6.75749,50.67112]]]},"properties":{"plz":"53881","name":"53881 Euskirchen"}},{"type":"Feature","geometry":{"type":"Polygon","coordinates":[[[6.69376,50.75377],[6.70062,50.74068],[6.69298,50.7353],[6.70258,50.73053],[6.6788,50.71325],[6.62645,50.73408],[6.62353,50.72183],[6.61345,50.71442],[6.58905,50.70823],[6.58547,50.69962],[6.593,50.69678],[6.59203,50.68837],[6.60145,50.6733],[6.58424,50.66927],[6.58257,50.66376],[6.56707,50.65622],[6.57729,50.63992],[6.60588,50.64384],[6.62239,50.65173],[6.62832,50.6329],[6.65699,50.63622],[6.66799,50.6304],[6.6853,50.64609],[6.71283,50.64469],[6.72182,50.65181],[6.7295,50.66854],[6.71049,50.68402],[6.73273,50.70091],[6.74754,50.69939],[6.76552,50.69359],[6.77797,50.71712],[6.7481,50.72927],[6.71294,50.73184],[6.70947,50.73525],[6.724,50.74594],[6.71591,50.7536],[6.69376,50.75377]]]},"properties":{"plz":"53909","name":"53909 Zülpich"}},{"type":"Feature","geometry":{"type":"Polygon","coordinates":[[[6.91575,50.73414],[6.89277,50.72091],[6.89853,50.71431],[6.86849,50.70686],[6.85417,50.69702],[6.8562,50.69116],[6.87563,50.69049],[6.87101,50.68016],[6.876,50.67434],[6.86666,50.66972],[6.85762,50.65325],[6.87233,50.64739],[6.87315,50.63861],[6.89832,50.63566],[6.90576,50.64414],[6.89961,50.65136],[6.9109,50.66152],[6.92358,50.6606],[6.9337,50.65532],[6.93693,50.66189],[6.97692,50.65441],[6.98842,50.66267],[6.98344,50.66929],[6.99666,50.67332],[6.98575,50.69362],[6.96782,50.69704],[6.96156,50.71863],[6.93743,50.72747],[6.93945,50.73157],[6.91575,50.73414]]]},"properties":{"plz":"53913","name":"53913 Swisttal"}},{"type":"Feature","geometry":{"type":"Polygon","coordinates":[[[6.85201,50.78845],[6.83791,50.7819],[6.8436,50.76876],[6.83272,50.76431],[6.81312,50.76381],[6.81334,50.75891],[6.79874,50.74907],[6.80583,50.74673],[6.77797,50.71712],[6.76552,50.69359],[6.79479,50.68919],[6.8034,50.69152],[6.80559,50.69946],[6.8408,50.70298],[6.85417,50.69702],[6.86849,50.70686],[6.89853,50.71431],[6.89277,50.72091],[6.91575,50.73414],[6.89748,50.74664],[6.88149,50.74612],[6.86697,50.76187],[6.86015,50.76321],[6.87065,50.78036],[6.86394,50.78487],[6.85201,50.78845]]]},"properties":{"plz":"53919","name":"53919 Weilerswist"}},{"type":"Feature","geometry":{"type":"Polygon","coordinates":[[[7.53883,50.74214],[7.52131,50.73351],[7.52004,50.72913],[7.50143,50.73004],[7.47903,50.7183],[7.44868,50.71785],[7.43903,50.71178],[7.43899,50.71174],[7.45233,50.69294],[7.46434,50.68518],[7.46823,50.67193],[7.48535,50.66845],[7.51392,50.67586],[7.56317,50.69349],[7.57181,50.69885],[7.56777,50.71359],[7.58676,50.71348],[7.60073,50.70253],[7.6156,50.70833],[7.60639,50.72765],[7.59583,50.73135],[7.58801,50.74005],[7.58079,50.73822],[7.55149,50.74658],[7.53883,50.74214]]]},"properties":{"plz":"57635","name":"57635 Weyerbusch"}},{"type":"Feature","geometry":{"type":"Polygon","coordinates":[[[7.25573,51.28665],[7.26661,51.28463],[7.27776,51.27232],[7.26736,51.25772],[7.27919,51.26355],[7.28322,51.24983],[7.30083,51.25184],[7.30268,51.26395],[7.31548,51.26925],[7.3203,51.27894],[7.3159,51.29261],[7.30707,51.30038],[7.30888,51.30782],[7.29982,51.31316],[7.28178,51.31471],[7.28019,51.30957],[7.26267,51.30393],[7.25573,51.28665]]]},"properties":{"plz":"58332","name":"58332 Schwelm"}},{"type":"Feature","geometry":{"type":"Polygon","coordinates":[[[7.42469,51.18617],[7.43676,51.18044],[7.4415,51.16748],[7.45608,51.1586],[7.47936,51.16512],[7.46893,51.14623],[7.48164,51.14079],[7.49327,51.125],[7.50232,51.13036],[7.51125,51.13925],[7.52672,51.1401],[7.52214,51.14433],[7.52963,51.15469],[7.5413,51.16222],[7.54646,51.17565],[7.55811,51.17837],[7.57779,51.18988],[7.5812,51.19315],[7.57063,51.20133],[7.55807,51.20013],[7.55381,51.2168],[7.55908,51.22059],[7.54982,51.2307],[7.5399,51.22458],[7.50446,51.22171],[7.50062,51.23628],[7.49353,51.23995],[7.46445,51.22746],[7.45264,51.2304],[7.44039,51.22504],[7.44394,51.22064],[7.43241,51.21434],[7.43014,51.20493],[7.41721,51.19773],[7.42469,51.18617]]]},"properties":{"plz":"58553","name":"58553 Halver"}}]}