{"type":"FeatureCollection","features":[{"type":"Feature","geometry":{"type":"Polygon","coordinates":[[[9.99117,53.55113],[10.00687,53.54573],[10.00893,53.55067],[9.99737,53.55699],[9.99117,53.55113]]]},"properties":{"plz":"20095","name":"20095 Hamburg"}},{"type":"Feature","geometry":{"type":"Polygon","coordinates":[[[10.00687,53.54573],[10.02298,53.5394],[10.03436,53.54254],[10.02526,53.55285],[10.02398,53.55265],[10.00893,53.55067],[10.00687,53.54573]]]},"properties":{"plz":"20097","name":"20097 Hamburg"}},{"type":"Feature","geometry":{"type":"Polygon","coordinates":[[[10.00893,53.55067],[10.02398,53.55265],[10.02642,53.55644],[10.00823,53.56525],[9.99737,53.55699],[10.00893,53.55067]]]},"properties":{"plz":"20099","name":"20099 Hamburg"}},{"type":"Feature","geometry":{"type":"Polygon","coordinates":[[[9.96781,53.57314],[9.96785,53.57206],[9.97086,53.56765],[9.98482,53.57305],[9.98143,53.58216],[9.97597,53.57857],[9.96781,53.57314]]]},"properties":{"plz":"20144","name":"20144 Hamburg"}},{"type":"Feature","geometry":{"type":"Polygon","coordinates":[[[9.97086,53.56765],[9.97677,53.56378],[9.98869,53.56119],[9.98797,53.57265],[9.98482,53.57305],[9.97086,53.56765]]]},"properties":{"plz":"20146","name":"20146 Hamburg"}},{"type":"Feature","geometry":{"type":"Polygon","coordinates":[[[9.98869,53.56119],[10.00024,53.56687],[10.00823,53.56525],[10.00485,53.57385],[9.98797,53.57265],[9.98869,53.56119]]]},"properties":{"plz":"20148","name":"20148 Hamburg"}},{"type":"Feature","geometry":{"type":"Polygon","coordinates":[[[9.98482,53.57305],[9.98797,53.57265],[10.00485,53.57385],[10.00381,53.57533],[9.99547,53.58404],[9.98348,53.58339],[9.98143,53.58216],[9.98482,53.57305]]]},"properties":{"plz":"20149","name":"20149 Hamburg"}},{"type":"Feature","geometry":{"type":"Polygon","coordinates":[[[9.99547,53.58404],[9.99227,53.59417],[9.97829,53.58776],[9.98348,53.58339],[9.99547,53.58404]]]},"properties":{"plz":"20249","name":"20249 Hamburg"}},{"type":"Feature","geometry":{"type":"Polygon","coordinates":[[[9.98143,53.58216],[9.98348,53.58339],[9.97829,53.58776],[9.99227,53.59417],[9.99142,53.60067],[9.98474,53.60139],[9.9754,53.59801],[9.96879,53.58624],[9.97597,53.57857],[9.98143,53.58216]]]},"properties":{"plz":"20251","name":"20251 Hamburg"}},{"type":"Feature","geometry":{"type":"Polygon","coordinates":[[[9.97597,53.57857],[9.96879,53.58624],[9.95795,53.581],[9.96344,53.57722],[9.96781,53.57314],[9.97597,53.57857]]]},"properties":{"plz":"20253","name":"20253 Hamburg"}},{"type":"Feature","geometry":{"type":"Polygon","coordinates":[[[9.95795,53.581],[9.9508,53.58265],[9.94096,53.58173],[9.95108,53.57419],[9.96344,53.57722],[9.95795,53.581]]]},"properties":{"plz":"20255","name":"20255 Hamburg"}},{"type":"Feature","geometry":{"type":"Polygon","coordinates":[[[9.94096,53.58173],[9.93753,53.57854],[9.94049,53.5743],[9.95043,53.56929],[9.95108,53.57419],[9.94096,53.58173]]]},"properties":{"plz":"20257","name":"20257 Hamburg"}},{"type":"Feature","geometry":{"type":"Polygon","coordinates":[[[9.96781,53.57314],[9.96344,53.57722],[9.95108,53.57419],[9.95043,53.56929],[9.95858,53.56554],[9.96785,53.57206],[9.96781,53.57314]]]},"properties":{"plz":"20259","name":"20259 Hamburg"}},{"type":"Feature","geometry":{"type":"Polygon","coordinates":[[[9.99737,53.55699],[10.00823,53.56525],[10.00024,53.56687],[9.98869,53.56119],[9.98696,53.5494],[9.99117,53.55113],[9.99737,53.55699]]]},"properties":{"plz":"20354","name":"20354 Hamburg"}},{"type":"Feature","geometry":{"type":"Polygon","coordinates":[[[9.97677,53.56378],[9.97518,53.55641],[9.96954,53.54989],[9.98616,53.54911],[9.98696,53.5494],[9.98869,53.56119],[9.97677,53.56378]]]},"properties":{"plz":"20355","name":"20355 Hamburg"}},{"type":"Feature","geometry":{"type":"Polygon","coordinates":[[[9.96785,53.57206],[9.95858,53.56554],[9.96346,53.55923],[9.97518,53.55641],[9.97677,53.56378],[9.97086,53.56765],[9.96785,53.57206]]]},"properties":{"plz":"20357","name":"20357 Hamburg"}},{"type":"Feature","geometry":{"type":"Polygon","coordinates":[[[9.97518,53.55641],[9.96346,53.55923],[9.96275,53.55846],[9.95441,53.54346],[9.97067,53.54317],[9.96954,53.54989],[9.97518,53.55641]]]},"properties":{"plz":"20359","name":"20359 Hamburg"}},{"type":"Feature","geometry":{"type":"Polygon","coordinates":[[[9.99117,53.55113],[9.98696,53.5494],[9.98616,53.54911],[9.98038,53.54055],[9.97067,53.54317],[9.95441,53.54346],[9.92986,53.54186],[9.93857,53.53298],[9.93931,53.52135],[9.96733,53.5157],[9.97702,53.52639],[9.98906,53.51913],[9.99971,53.52022],[10.01266,53.52151],[10.0246,53.53548],[10.02298,53.5394],[10.00687,53.54573],[9.99117,53.55113]]]},"properties":{"plz":"20457","name":"20457 Hamburg"}},{"type":"Feature","geometry":{"type":"Polygon","coordinates":[[[9.96954,53.54989],[9.97067,53.54317],[9.98038,53.54055],[9.98616,53.54911],[9.96954,53.54989]]]},"properties":{"plz":"20459","name":"20459 Hamburg"}},{"type":"Feature","geometry":{"type":"Polygon","coordinates":[[[10.02526,53.55285],[10.04166,53.55611],[10.06753,53.55402],[10.0661,53.55988],[10.06224,53.56611],[10.03802,53.56099],[10.02642,53.55644],[10.02398,53.55265],[10.02526,53.55285]]]},"properties":{"plz":"20535","name":"20535 Hamburg"}},{"type":"Feature","geometry":{"type":"Polygon","coordinates":[[[10.03436,53.54254],[10.06144,53.5459],[10.07001,53.53775],[10.06753,53.55402],[10.04166,53.55611],[10.02526,53.55285],[10.03436,53.54254]]]},"properties":{"plz":"20537","name":"20537 Hamburg"}},{"type":"Feature","geometry":{"type":"Polygon","coordinates":[[[10.02298,53.5394],[10.0246,53.53548],[10.01266,53.52151],[9.99971,53.52022],[10.01191,53.51922],[10.0239,53.51977],[10.03596,53.51092],[10.05945,53.50963],[10.05809,53.50665],[10.06732,53.50022],[10.06179,53.50927],[10.07299,53.51218],[10.06505,53.52419],[10.07377,53.53665],[10.07001,53.53775],[10.06144,53.5459],[10.03436,53.54254],[10.02298,53.5394]]]},"properties":{"plz":"20539","name":"20539 Hamburg"}},{"type":"Feature","geometry":{"type":"Polygon","coordinates":[[[10.19962,53.47435],[10.20229,53.46993],[10.20882,53.47569],[10.23075,53.47668],[10.25336,53.47159],[10.25732,53.46558],[10.26624,53.47312],[10.25008,53.47898],[10.23854,53.48255],[10.23685,53.49634],[10.21828,53.49923],[10.20456,53.48942],[10.20389,53.48851],[10.19962,53.47435]]]},"properties":{"plz":"21029","name":"21029 Hamburg"}},{"type":"Feature","geometry":{"type":"Polygon","coordinates":[[[10.21828,53.49923],[10.21846,53.50773],[10.21041,53.51993],[10.18784,53.51151],[10.16239,53.52299],[10.15648,53.51781],[10.20253,53.49839],[10.20456,53.48942],[10.21828,53.49923]]]},"properties":{"plz":"21031","name":"21031 Hamburg"}},{"type":"Feature","geometry":{"type":"Polygon","coordinates":[[[10.20456,53.48942],[10.20253,53.49839],[10.15648,53.51781],[10.14099,53.52462],[10.11785,53.50511],[10.13176,53.49809],[10.13104,53.4933],[10.19151,53.48653],[10.20389,53.48851],[10.20456,53.48942]]]},"properties":{"plz":"21033","name":"21033 Hamburg"}},{"type":"Feature","geometry":{"type":"Polygon","coordinates":[[[10.20389,53.48851],[10.19151,53.48653],[10.13104,53.4933],[10.13176,53.49809],[10.11785,53.50511],[10.09523,53.4969],[10.10065,53.49335],[10.11741,53.48618],[10.14282,53.48261],[10.1717,53.47452],[10.19962,53.47435],[10.20389,53.48851]]]},"properties":{"plz":"21035","name":"21035 Hamburg"}},{"type":"Feature","geometry":{"type":"Polygon","coordinates":[[[10.05809,53.50665],[10.05141,53.49646],[10.05216,53.4865],[10.06078,53.47716],[10.06482,53.46324],[10.07588,53.45424],[10.09428,53.44344],[10.1068,53.42658],[10.13498,53.42275],[10.14506,53.41614],[10.15935,53.40252],[10.17761,53.39646],[10.19773,53.39854],[10.2352,53.39553],[10.25089,53.41024],[10.22194,53.4215],[10.21772,53.43203],[10.20408,53.44334],[10.18352,53.45044],[10.20009,53.46247],[10.20229,53.46993],[10.19962,53.47435],[10.1717,53.47452],[10.14282,53.48261],[10.11741,53.48618],[10.10065,53.49335],[10.0909,53.48973],[10.08579,53.49793],[10.06732,53.50022],[10.05809,53.50665]]]},"properties":{"plz":"21037","name":"21037 Hamburg"}},{"type":"Feature","geometry":{"type":"Polygon","coordinates":[[[10.20229,53.46993],[10.20009,53.46247],[10.18352,53.45044],[10.20408,53.44334],[10.21772,53.43203],[10.22194,53.4215],[10.25089,53.41024],[10.26114,53.41898],[10.30796,53.43351],[10.33251,53.45325],[10.34552,53.4509],[10.33846,53.45767],[10.35744,53.46018],[10.35478,53.46774],[10.33292,53.46354],[10.33897,53.47609],[10.32414,53.47325],[10.29851,53.48751],[10.28761,53.49646],[10.27586,53.49353],[10.26937,53.48506],[10.25499,53.48422],[10.25008,53.47898],[10.26624,53.47312],[10.25732,53.46558],[10.25336,53.47159],[10.23075,53.47668],[10.20882,53.47569],[10.20229,53.46993]]]},"properties":{"plz":"21039","name":"21039 Hamburg"}},{"type":"Feature","geometry":{"type":"Polygon","coordinates":[[[9.96258,53.4703],[9.96726,53.46101],[9.95666,53.45934],[9.9542,53.45191],[9.95716,53.446],[9.97162,53.45123],[9.98773,53.45065],[9.98549,53.46246],[9.96258,53.4703]]]},"properties":{"plz":"21073","name":"21073 Hamburg"}},{"type":"Feature","geometry":{"type":"Polygon","coordinates":[[[9.96258,53.4703],[9.91754,53.47182],[9.90571,53.47039],[9.9043,53.45672],[9.91717,53.44658],[9.92236,53.45093],[9.9542,53.45191],[9.95666,53.45934],[9.96726,53.46101],[9.96258,53.4703]]]},"properties":{"plz":"21075","name":"21075 Hamburg"}},{"type":"Feature","geometry":{"type":"Polygon","coordinates":[[[9.9542,53.45191],[9.92236,53.45093],[9.91717,53.44658],[9.92293,53.43636],[9.9067,53.41595],[9.91647,53.41414],[9.92523,53.41931],[9.94213,53.42102],[9.94384,53.42945],[9.97593,53.42189],[9.97879,53.41407],[9.98244,53.41462],[9.98281,53.42988],[9.99234,53.44657],[9.98773,53.45065],[9.97162,53.45123],[9.95716,53.446],[9.9542,53.45191]]]},"properties":{"plz":"21077","name":"21077 Hamburg"}},{"type":"Feature","geometry":{"type":"Polygon","coordinates":[[[9.98773,53.45065],[9.99234,53.44657],[9.98281,53.42988],[9.98244,53.41462],[9.99591,53.42587],[10.01743,53.42878],[10.02921,53.4353],[10.01465,53.44202],[10.02225,53.44756],[10.03232,53.44411],[10.04539,53.4464],[10.04197,53.45655],[10.05161,53.46391],[10.03056,53.47411],[9.99586,53.47327],[9.97617,53.47727],[9.9613,53.48366],[9.94262,53.50219],[9.92549,53.49845],[9.88049,53.50616],[9.88538,53.49671],[9.88251,53.48786],[9.91391,53.48211],[9.91329,53.47192],[9.91754,53.47182],[9.96258,53.4703],[9.98549,53.46246],[9.98773,53.45065]]]},"properties":{"plz":"21079","name":"21079 Hamburg"}},{"type":"Feature","geometry":{"type":"Polygon","coordinates":[[[9.93931,53.52135],[9.94262,53.50219],[9.9613,53.48366],[9.97617,53.47727],[9.99586,53.47327],[9.99883,53.5061],[10.00245,53.51591],[10.01191,53.51922],[9.99971,53.52022],[9.98906,53.51913],[9.97702,53.52639],[9.96733,53.5157],[9.93931,53.52135]]]},"properties":{"plz":"21107","name":"21107 Hamburg"}},{"type":"Feature","geometry":{"type":"Polygon","coordinates":[[[10.01191,53.51922],[10.00245,53.51591],[9.99883,53.5061],[9.99586,53.47327],[10.03056,53.47411],[10.05161,53.46391],[10.07588,53.45424],[10.06482,53.46324],[10.06078,53.47716],[10.05216,53.4865],[10.05141,53.49646],[10.05809,53.50665],[10.05945,53.50963],[10.03596,53.51092],[10.0239,53.51977],[10.01191,53.51922]]]},"properties":{"plz":"21109","name":"21109 Hamburg"}},{"type":"Feature","geometry":{"type":"Polygon","coordinates":[[[9.92986,53.54186],[9.92771,53.54178],[9.9131,53.54156],[9.86426,53.54423],[9.8211,53.55069],[9.7776,53.55714],[9.77439,53.55433],[9.77232,53.54352],[9.76556,53.5411],[9.76987,53.52953],[9.78028,53.51949],[9.77107,53.52185],[9.76358,53.50826],[9.76885,53.5053],[9.78463,53.50001],[9.782,53.49232],[9.8028,53.49383],[9.8148,53.49258],[9.83403,53.49589],[9.85593,53.49257],[9.88538,53.49671],[9.88049,53.50616],[9.92549,53.49845],[9.94262,53.50219],[9.93931,53.52135],[9.93857,53.53298],[9.92986,53.54186]]]},"properties":{"plz":"21129","name":"21129 Hamburg"}},{"type":"Feature","geometry":{"type":"Polygon","coordinates":[[[9.88538,53.49671],[9.85593,53.49257],[9.83403,53.49589],[9.8148,53.49258],[9.8028,53.49383],[9.8003,53.47373],[9.82706,53.47508],[9.91329,53.47192],[9.91391,53.48211],[9.88251,53.48786],[9.88538,53.49671]]]},"properties":{"plz":"21147","name":"21147 Hamburg"}},{"type":"Feature","geometry":{"type":"Polygon","coordinates":[[[9.91754,53.47182],[9.91329,53.47192],[9.82706,53.47508],[9.8003,53.47373],[9.79981,53.46943],[9.83655,53.45092],[9.86183,53.42962],[9.8607,53.43843],[9.8733,53.44216],[9.89419,53.45579],[9.9043,53.45672],[9.90571,53.47039],[9.91754,53.47182]]]},"properties":{"plz":"21149","name":"21149 Hamburg"}},{"type":"Feature","geometry":{"type":"Polygon","coordinates":[[[10.07588,53.45424],[10.05161,53.46391],[10.04197,53.45655],[10.04539,53.4464],[10.03232,53.44411],[10.02225,53.44756],[10.01465,53.44202],[10.02921,53.4353],[10.01743,53.42878],[9.99591,53.42587],[9.98244,53.41462],[9.97879,53.41407],[9.99879,53.3944],[10.01365,53.39303],[10.03322,53.39932],[10.03978,53.40657],[10.05334,53.41202],[10.07534,53.40626],[10.08776,53.40724],[10.1068,53.42658],[10.09428,53.44344],[10.07588,53.45424]]]},"properties":{"plz":"21217","name":"21217 Seevetal"}},{"type":"Feature","geometry":{"type":"Polygon","coordinates":[[[9.92523,53.41931],[9.94353,53.41311],[9.94155,53.39855],[9.94838,53.39851],[9.93617,53.38845],[9.92229,53.3875],[9.92845,53.38072],[9.94916,53.37958],[9.95627,53.36308],[9.95579,53.35419],[9.96408,53.35695],[9.97904,53.35352],[9.99636,53.35801],[10.01496,53.35634],[10.02381,53.36275],[10.00888,53.38013],[10.01365,53.39303],[9.99879,53.3944],[9.97879,53.41407],[9.97593,53.42189],[9.94384,53.42945],[9.94213,53.42102],[9.92523,53.41931]]]},"properties":{"plz":"21218","name":"21218 Seevetal"}},{"type":"Feature","geometry":{"type":"Polygon","coordinates":[[[10.01365,53.39303],[10.00888,53.38013],[10.02381,53.36275],[10.01496,53.35634],[9.99707,53.3359],[10.00207,53.3276],[10.04897,53.31975],[10.04912,53.32681],[10.06756,53.31674],[10.08567,53.3206],[10.09196,53.32598],[10.10097,53.34111],[10.08913,53.35061],[10.07108,53.35461],[10.05623,53.36369],[10.07346,53.36996],[10.06869,53.38597],[10.07534,53.40626],[10.05334,53.41202],[10.03978,53.40657],[10.03322,53.39932],[10.01365,53.39303]]]},"properties":{"plz":"21220","name":"21220 Seevetal"}},{"type":"Feature","geometry":{"type":"Polygon","coordinates":[[[9.9043,53.45672],[9.89419,53.45579],[9.8733,53.44216],[9.8607,53.43843],[9.86183,53.42962],[9.84494,53.41772],[9.84329,53.40621],[9.82755,53.40311],[9.80898,53.40692],[9.80445,53.4028],[9.82411,53.39365],[9.8178,53.37604],[9.84133,53.37254],[9.85916,53.37311],[9.87107,53.37891],[9.9022,53.3671],[9.89264,53.36091],[9.89555,53.35286],[9.91323,53.35211],[9.91165,53.34033],[9.92802,53.34055],[9.93042,53.33478],[9.94228,53.34288],[9.95807,53.34246],[9.9476,53.34779],[9.95579,53.35419],[9.95627,53.36308],[9.94916,53.37958],[9.92845,53.38072],[9.92229,53.3875],[9.93617,53.38845],[9.94838,53.39851],[9.94155,53.39855],[9.94353,53.41311],[9.92523,53.41931],[9.91647,53.41414],[9.9067,53.41595],[9.92293,53.43636],[9.91717,53.44658],[9.9043,53.45672]]]},"properties":{"plz":"21224","name":"21224 Rosengarten"}},{"type":"Feature","geometry":{"type":"Polygon","coordinates":[[[9.95807,53.34246],[9.95319,53.33119],[9.98397,53.32501],[9.99707,53.3359],[9.99407,53.3404],[9.97544,53.34408],[9.95807,53.34246]]]},"properties":{"plz":"21227","name":"21227 Bendestorf"}},{"type":"Feature","geometry":{"type":"Polygon","coordinates":[[[9.95579,53.35419],[9.9476,53.34779],[9.95807,53.34246],[9.97544,53.34408],[9.99407,53.3404],[9.99707,53.3359],[10.01496,53.35634],[9.99636,53.35801],[9.97904,53.35352],[9.96408,53.35695],[9.95579,53.35419]]]},"properties":{"plz":"21228","name":"21228 Harmstorf"}},{"type":"Feature","geometry":{"type":"MultiPolygon","coordinates":[[[[9.8178,53.37604],[9.81599,53.36442],[9.81593,53.35419],[9.83083,53.35332],[9.82657,53.3421],[9.81125,53.34043],[9.78135,53.32124],[9.78645,53.31556],[9.78153,53.30488],[9.79637,53.30016],[9.79496,53.29438],[9.8181,53.29725],[9.85147,53.29139],[9.84574,53.28153],[9.84571,53.27565],[9.87567,53.26644],[9.86407,53.25672],[9.8739,53.24827],[9.89384,53.24512],[9.91899,53.24525],[9.8942,53.26145],[9.892,53.27108],[9.88211,53.26892],[9.8988,53.30004],[9.90755,53.30334],[9.91084,53.32927],[9.93042,53.33478],[9.92802,53.34055],[9.91165,53.34033],[9.91323,53.35211],[9.89555,53.35286],[9.89264,53.36091],[9.9022,53.3671],[9.87107,53.37891],[9.85916,53.37311],[9.84133,53.37254],[9.8178,53.37604]]],[[[9.7715,53.28915],[9.77482,53.2859],[9.79382,53.28662],[9.79446,53.29354],[9.7715,53.28915]]]]},"properties":{"plz":"21244","name":"21244 Buchholz in der Nordheide"}},{"type":"Feature","geometry":{"type":"Polygon","coordinates":[[[9.78135,53.32124],[9.76405,53.32335],[9.75654,53.32866],[9.75137,53.32306],[9.73415,53.32979],[9.72151,53.342],[9.69815,53.33515],[9.68937,53.3288],[9.69365,53.31695],[9.64606,53.29523],[9.65315,53.29064],[9.63694,53.28993],[9.6368,53.2814],[9.62013,53.26926],[9.62092,53.25935],[9.60295,53.25643],[9.60774,53.24289],[9.62364,53.22707],[9.68239,53.21946],[9.70834,53.21617],[9.70338,53.22769],[9.69342,53.23498],[9.69951,53.23972],[9.68027,53.24133],[9.68381,53.24891],[9.70821,53.25235],[9.73309,53.26422],[9.74652,53.2568],[9.75479,53.25965],[9.76312,53.2525],[9.76891,53.26568],[9.78456,53.26625],[9.80483,53.27086],[9.83,53.27148],[9.84574,53.28153],[9.85147,53.29139],[9.8181,53.29725],[9.79496,53.29438],[9.79637,53.30016],[9.78153,53.30488],[9.78645,53.31556],[9.78135,53.32124]],[[9.7715,53.28915],[9.79446,53.29354],[9.79382,53.28662],[9.77482,53.2859],[9.7715,53.28915]]]},"properties":{"plz":"21255","name":"21255 Tostedt, Kakenstorf u.a."}},{"type":"Feature","geometry":{"type":"Polygon","coordinates":[[[9.84574,53.28153],[9.83,53.27148],[9.80483,53.27086],[9.78898,53.26504],[9.80336,53.2428],[9.80857,53.24992],[9.81668,53.24937],[9.83194,53.2055],[9.84685,53.2102],[9.84678,53.22374],[9.86101,53.23065],[9.87012,53.22486],[9.88942,53.2306],[9.89384,53.24512],[9.8739,53.24827],[9.86407,53.25672],[9.87567,53.26644],[9.84571,53.27565],[9.84574,53.28153]]]},"properties":{"plz":"21256","name":"21256 Handeloh"}},{"type":"Feature","geometry":{"type":"Polygon","coordinates":[[[9.68937,53.3288],[9.67395,53.34147],[9.65996,53.33929],[9.65334,53.33815],[9.62807,53.35026],[9.61774,53.33916],[9.58354,53.32992],[9.58828,53.31686],[9.58352,53.31576],[9.58503,53.30715],[9.59398,53.30735],[9.60165,53.29984],[9.60407,53.28855],[9.58977,53.29157],[9.60167,53.25899],[9.60295,53.25643],[9.62092,53.25935],[9.62013,53.26926],[9.6368,53.2814],[9.63694,53.28993],[9.65315,53.29064],[9.64606,53.29523],[9.69365,53.31695],[9.68937,53.3288]]]},"properties":{"plz":"21258","name":"21258 Heidenau"}},{"type":"Feature","geometry":{"type":"Polygon","coordinates":[[[9.70834,53.21617],[9.72573,53.21415],[9.74391,53.20731],[9.7428,53.20339],[9.76335,53.19548],[9.78538,53.19363],[9.79871,53.1868],[9.80758,53.19017],[9.79893,53.22091],[9.79155,53.22242],[9.79315,53.23115],[9.76718,53.22852],[9.76112,53.22033],[9.75696,53.22979],[9.77033,53.23705],[9.7594,53.24387],[9.75479,53.25965],[9.74652,53.2568],[9.73309,53.26422],[9.70821,53.25235],[9.68381,53.24891],[9.68027,53.24133],[9.69951,53.23972],[9.69342,53.23498],[9.70338,53.22769],[9.70834,53.21617]]]},"properties":{"plz":"21259","name":"21259 Otter"}},{"type":"Feature","geometry":{"type":"Polygon","coordinates":[[[9.75479,53.25965],[9.7594,53.24387],[9.77033,53.23705],[9.75696,53.22979],[9.76112,53.22033],[9.76718,53.22852],[9.79315,53.23115],[9.79155,53.22242],[9.79893,53.22091],[9.80758,53.19017],[9.82773,53.19762],[9.83194,53.2055],[9.81668,53.24937],[9.80857,53.24992],[9.80336,53.2428],[9.78898,53.26504],[9.80483,53.27086],[9.78456,53.26625],[9.76891,53.26568],[9.76312,53.2525],[9.75479,53.25965]]]},"properties":{"plz":"21261","name":"21261 Welle"}},{"type":"Feature","geometry":{"type":"Polygon","coordinates":[[[9.93042,53.33478],[9.91084,53.32927],[9.90755,53.30334],[9.8988,53.30004],[9.88211,53.26892],[9.892,53.27108],[9.91328,53.28345],[9.94794,53.27071],[9.9626,53.30151],[9.97994,53.30863],[9.97703,53.31667],[9.98397,53.32501],[9.95319,53.33119],[9.95807,53.34246],[9.94228,53.34288],[9.93042,53.33478]]]},"properties":{"plz":"21266","name":"21266 Jesteburg"}},{"type":"Feature","geometry":{"type":"Polygon","coordinates":[[[9.91899,53.24525],[9.92343,53.24571],[9.94764,53.22593],[9.94931,53.21402],[9.96763,53.21476],[9.99036,53.21058],[10.0202,53.21471],[10.02759,53.22381],[10.0462,53.22804],[10.0569,53.23239],[10.05517,53.24438],[10.04876,53.24793],[10.05026,53.26077],[10.07076,53.27616],[10.03368,53.29446],[10.01901,53.28739],[10.00488,53.28029],[9.99745,53.28474],[9.99163,53.3074],[9.97994,53.30863],[9.9626,53.30151],[9.94794,53.27071],[9.91328,53.28345],[9.892,53.27108],[9.8942,53.26145],[9.91899,53.24525]]]},"properties":{"plz":"21271","name":"21271 Hanstedt, Asendorf"}},{"type":"Feature","geometry":{"type":"Polygon","coordinates":[[[9.99036,53.21058],[10.00115,53.20403],[9.99991,53.19693],[9.98965,53.18691],[10.01292,53.17941],[9.99609,53.1821],[9.98754,53.17841],[10.00083,53.1736],[9.99877,53.15914],[10.02555,53.1583],[10.0322,53.15053],[10.04871,53.15056],[10.061,53.13689],[10.07154,53.13611],[10.07522,53.12912],[10.082,53.13039],[10.10905,53.15695],[10.10981,53.16914],[10.08708,53.16892],[10.0846,53.18755],[10.09001,53.1908],[10.08661,53.20257],[10.07207,53.20646],[10.07022,53.21757],[10.045,53.21201],[10.05135,53.221],[10.0462,53.22804],[10.02759,53.22381],[10.0202,53.21471],[9.99036,53.21058]]]},"properties":{"plz":"21272","name":"21272 Eggestorf"}},{"type":"Feature","geometry":{"type":"Polygon","coordinates":[[[9.89384,53.24512],[9.88942,53.2306],[9.87012,53.22486],[9.86101,53.23065],[9.84678,53.22374],[9.84685,53.2102],[9.85723,53.20219],[9.88767,53.19501],[9.90276,53.18374],[9.91212,53.188],[9.93311,53.17797],[9.93373,53.1734],[9.95639,53.18084],[9.98754,53.17841],[9.99609,53.1821],[10.01292,53.17941],[9.98965,53.18691],[9.99991,53.19693],[10.00115,53.20403],[9.99036,53.21058],[9.96763,53.21476],[9.94931,53.21402],[9.94764,53.22593],[9.92343,53.24571],[9.91899,53.24525],[9.89384,53.24512]]]},"properties":{"plz":"21274","name":"21274 Undeloh"}},{"type":"Feature","geometry":{"type":"Polygon","coordinates":[[[9.81599,53.36442],[9.78088,53.3741],[9.77836,53.38278],[9.7681,53.38509],[9.76312,53.39498],[9.78118,53.40396],[9.77142,53.40623],[9.75724,53.41942],[9.72902,53.42229],[9.74096,53.40205],[9.7277,53.39316],[9.73323,53.37878],[9.72504,53.38179],[9.71245,53.39663],[9.678,53.39381],[9.66863,53.39037],[9.67383,53.37897],[9.67008,53.37549],[9.67991,53.36087],[9.67048,53.35337],[9.67395,53.34147],[9.68937,53.3288],[9.69815,53.33515],[9.72151,53.342],[9.73415,53.32979],[9.75137,53.32306],[9.75654,53.32866],[9.76405,53.32335],[9.78135,53.32124],[9.81125,53.34043],[9.82657,53.3421],[9.83083,53.35332],[9.81593,53.35419],[9.81599,53.36442]]]},"properties":{"plz":"21279","name":"21279 Hollenstedt, Drestedt u.a."}},{"type":"Feature","geometry":{"type":"Polygon","coordinates":[[[10.34693,53.22416],[10.35729,53.19341],[10.37212,53.19184],[10.40566,53.19927],[10.4168,53.19844],[10.41455,53.20738],[10.42221,53.22426],[10.40858,53.22881],[10.41863,53.23855],[10.41353,53.25442],[10.40058,53.2531],[10.40087,53.24075],[10.38895,53.23545],[10.37466,53.23539],[10.34693,53.22416]]]},"properties":{"plz":"21335","name":"21335 Lüneburg"}},{"type":"Feature","geometry":{"type":"Polygon","coordinates":[[[10.41455,53.20738],[10.43833,53.20727],[10.44434,53.21369],[10.43653,53.22727],[10.44988,53.22932],[10.49127,53.22651],[10.49545,53.22312],[10.5047,53.22488],[10.50773,53.23496],[10.49584,53.23675],[10.51168,53.24373],[10.50968,53.25219],[10.51436,53.2616],[10.48969,53.26779],[10.4982,53.2544],[10.48163,53.2569],[10.47674,53.26323],[10.45252,53.27278],[10.44276,53.26898],[10.42846,53.27168],[10.4216,53.27117],[10.42162,53.26206],[10.41353,53.25442],[10.41863,53.23855],[10.40858,53.22881],[10.42221,53.22426],[10.41455,53.20738]]]},"properties":{"plz":"21337","name":"21337 Lüneburg"}},{"type":"Feature","geometry":{"type":"Polygon","coordinates":[[[10.41353,53.25442],[10.42162,53.26206],[10.4216,53.27117],[10.42846,53.27168],[10.42467,53.28361],[10.40906,53.28271],[10.3657,53.28566],[10.36485,53.26851],[10.36439,53.25973],[10.37329,53.24833],[10.3732,53.23972],[10.35813,53.23849],[10.34736,53.23095],[10.34666,53.23852],[10.33299,53.23969],[10.33094,53.23458],[10.34693,53.22416],[10.37466,53.23539],[10.38895,53.23545],[10.40087,53.24075],[10.40058,53.2531],[10.41353,53.25442]]]},"properties":{"plz":"21339","name":"21339 Lüneburg"}},{"type":"Feature","geometry":{"type":"Polygon","coordinates":[[[10.42467,53.28361],[10.42713,53.30124],[10.42318,53.30742],[10.43116,53.31282],[10.43426,53.31673],[10.41051,53.32224],[10.40748,53.33466],[10.39957,53.33775],[10.42097,53.33864],[10.4311,53.34424],[10.43426,53.3522],[10.42282,53.35565],[10.40379,53.3603],[10.40687,53.36642],[10.39046,53.36799],[10.3866,53.36434],[10.37051,53.37043],[10.37123,53.36285],[10.36003,53.35892],[10.36172,53.34498],[10.35594,53.32834],[10.32664,53.3244],[10.33023,53.31831],[10.30866,53.31152],[10.31736,53.30509],[10.34214,53.2959],[10.34539,53.29088],[10.3657,53.28566],[10.40906,53.28271],[10.42467,53.28361]]]},"properties":{"plz":"21357","name":"21357 Bardowick, Wittorf, Barum"}},{"type":"Feature","geometry":{"type":"Polygon","coordinates":[[[10.30588,53.30052],[10.27205,53.29767],[10.26847,53.28928],[10.28264,53.2787],[10.26986,53.27356],[10.26725,53.26081],[10.27837,53.25992],[10.28253,53.26436],[10.32023,53.26295],[10.33208,53.27249],[10.32773,53.28508],[10.31708,53.29837],[10.30588,53.30052]]]},"properties":{"plz":"21358","name":"21358 Mechtersen"}},{"type":"Feature","geometry":{"type":"Polygon","coordinates":[[[10.3657,53.28566],[10.34539,53.29088],[10.34214,53.2959],[10.31736,53.30509],[10.30588,53.30052],[10.31708,53.29837],[10.32773,53.28508],[10.33208,53.27249],[10.32023,53.26295],[10.3374,53.26083],[10.34252,53.26606],[10.36485,53.26851],[10.3657,53.28566]]]},"properties":{"plz":"21360","name":"21360 Vögelsen"}},{"type":"Feature","geometry":{"type":"Polygon","coordinates":[[[10.48969,53.26779],[10.48977,53.27724],[10.46363,53.2882],[10.47223,53.29914],[10.47374,53.30817],[10.46095,53.31201],[10.45454,53.30838],[10.43116,53.31282],[10.42318,53.30742],[10.42713,53.30124],[10.42467,53.28361],[10.42846,53.27168],[10.44276,53.26898],[10.45252,53.27278],[10.47674,53.26323],[10.48163,53.2569],[10.4982,53.2544],[10.48969,53.26779]]]},"properties":{"plz":"21365","name":"21365 Adendorf"}},{"type":"Feature","geometry":{"type":"Polygon","coordinates":[[[10.0462,53.22804],[10.05135,53.221],[10.045,53.21201],[10.07022,53.21757],[10.07207,53.20646],[10.08661,53.20257],[10.09001,53.1908],[10.0846,53.18755],[10.08708,53.16892],[10.10981,53.16914],[10.13271,53.17256],[10.13401,53.17612],[10.16383,53.18513],[10.16799,53.18933],[10.18433,53.18137],[10.20096,53.18676],[10.20572,53.18105],[10.23414,53.19319],[10.23368,53.20977],[10.21754,53.21488],[10.21055,53.22645],[10.19623,53.22419],[10.20568,53.23506],[10.21217,53.25179],[10.20221,53.25338],[10.19044,53.24669],[10.18868,53.2659],[10.16782,53.26527],[10.15847,53.25225],[10.10414,53.25306],[10.05517,53.24438],[10.0569,53.23239],[10.0462,53.22804]]]},"properties":{"plz":"21376","name":"21376 Salzhausen"}},{"type":"Feature","geometry":{"type":"Polygon","coordinates":[[[10.50968,53.25219],[10.53871,53.26061],[10.55288,53.27228],[10.56887,53.26478],[10.59061,53.26107],[10.59619,53.26991],[10.60866,53.27852],[10.60102,53.28927],[10.60835,53.30355],[10.61983,53.30746],[10.63542,53.33135],[10.61392,53.33273],[10.55094,53.33085],[10.57364,53.34652],[10.5613,53.34421],[10.53455,53.35192],[10.5077,53.34686],[10.50322,53.34148],[10.48994,53.34408],[10.47638,53.3411],[10.48611,53.33219],[10.48087,53.32748],[10.46372,53.3303],[10.46095,53.31201],[10.47374,53.30817],[10.47223,53.29914],[10.46363,53.2882],[10.48977,53.27724],[10.48969,53.26779],[10.51436,53.2616],[10.50968,53.25219]]]},"properties":{"plz":"21379","name":"21379 Scharnebeck, Echem, Lüdersburg, Rullstorf"}},{"type":"Feature","geometry":{"type":"Polygon","coordinates":[[[10.46891,53.38588],[10.47137,53.38035],[10.45701,53.36868],[10.44376,53.36724],[10.44331,53.36139],[10.46838,53.3581],[10.48455,53.34831],[10.5032,53.34732],[10.52,53.36072],[10.52526,53.3703],[10.5,53.37406],[10.46891,53.38588]]]},"properties":{"plz":"21380","name":"21380 Artlenburg"}},{"type":"Feature","geometry":{"type":"Polygon","coordinates":[[[10.43116,53.31282],[10.45454,53.30838],[10.46095,53.31201],[10.46372,53.3303],[10.48087,53.32748],[10.48611,53.33219],[10.47638,53.3411],[10.48994,53.34408],[10.50322,53.34148],[10.5077,53.34686],[10.5032,53.34732],[10.48455,53.34831],[10.46838,53.3581],[10.44331,53.36139],[10.43293,53.36126],[10.44009,53.35527],[10.42282,53.35565],[10.43426,53.3522],[10.4311,53.34424],[10.42097,53.33864],[10.39957,53.33775],[10.40748,53.33466],[10.41051,53.32224],[10.43426,53.31673],[10.43116,53.31282]]]},"properties":{"plz":"21382","name":"21382 Brietlingen"}},{"type":"Feature","geometry":{"type":"Polygon","coordinates":[[[10.07522,53.12912],[10.09574,53.11737],[10.10545,53.11513],[10.11836,53.10571],[10.14357,53.11008],[10.15013,53.12799],[10.15547,53.12827],[10.16332,53.14179],[10.17311,53.1452],[10.17879,53.16528],[10.18772,53.17006],[10.18433,53.18137],[10.16799,53.18933],[10.16383,53.18513],[10.13401,53.17612],[10.13271,53.17256],[10.10981,53.16914],[10.10905,53.15695],[10.082,53.13039],[10.07522,53.12912]]]},"properties":{"plz":"21388","name":"21388 Soderstorf"}},{"type":"Feature","geometry":{"type":"MultiPolygon","coordinates":[[[[10.36485,53.26851],[10.34252,53.26606],[10.3374,53.26083],[10.32023,53.26295],[10.28253,53.26436],[10.27837,53.25992],[10.28095,53.25551],[10.30427,53.25023],[10.33299,53.23969],[10.34666,53.23852],[10.34736,53.23095],[10.35813,53.23849],[10.3732,53.23972],[10.37329,53.24833],[10.36439,53.25973],[10.36485,53.26851]]],[[[10.26847,53.28928],[10.25738,53.29009],[10.26005,53.28878],[10.26934,53.28398],[10.26986,53.27356],[10.28264,53.2787],[10.26847,53.28928]]]]},"properties":{"plz":"21391","name":"21391 Reppenstedt, Lüneburg"}},{"type":"Feature","geometry":{"type":"Polygon","coordinates":[[[10.34693,53.22416],[10.33094,53.23458],[10.33299,53.23969],[10.30427,53.25023],[10.28095,53.25551],[10.27837,53.25992],[10.26725,53.26081],[10.26986,53.27356],[10.26934,53.28398],[10.26005,53.28878],[10.24062,53.27139],[10.25793,53.26058],[10.25563,53.25745],[10.22883,53.24777],[10.21217,53.25179],[10.20568,53.23506],[10.19623,53.22419],[10.21055,53.22645],[10.21754,53.21488],[10.23368,53.20977],[10.23414,53.19319],[10.24202,53.19013],[10.27607,53.18771],[10.29788,53.19168],[10.32709,53.21136],[10.33623,53.19721],[10.34453,53.19108],[10.35729,53.19341],[10.34693,53.22416]]]},"properties":{"plz":"21394","name":"21394 Kirchgellersen, Westergellersen, Südergellersen"}},{"type":"Feature","geometry":{"type":"Polygon","coordinates":[[[10.42282,53.35565],[10.44009,53.35527],[10.43293,53.36126],[10.44331,53.36139],[10.44376,53.36724],[10.45701,53.36868],[10.47137,53.38035],[10.46891,53.38588],[10.4295,53.39824],[10.39843,53.4115],[10.36875,53.38903],[10.37735,53.38443],[10.36346,53.38331],[10.37638,53.37189],[10.37051,53.37043],[10.3866,53.36434],[10.39046,53.36799],[10.40687,53.36642],[10.40379,53.3603],[10.42282,53.35565]]]},"properties":{"plz":"21395","name":"21395 Tespe"}},{"type":"Feature","geometry":{"type":"Polygon","coordinates":[[[10.14506,53.41614],[10.14675,53.40817],[10.12032,53.38844],[10.14232,53.37586],[10.14123,53.373],[10.1718,53.36685],[10.17358,53.36198],[10.14308,53.34977],[10.12721,53.35053],[10.12066,53.34562],[10.10097,53.34111],[10.09196,53.32598],[10.10137,53.31358],[10.11965,53.31082],[10.14095,53.31333],[10.1709,53.30984],[10.16664,53.30261],[10.17166,53.29665],[10.16061,53.2964],[10.19028,53.29113],[10.1899,53.28777],[10.20832,53.28674],[10.21183,53.2936],[10.21974,53.30854],[10.23604,53.31802],[10.25708,53.31576],[10.26443,53.3229],[10.25862,53.3311],[10.29407,53.32792],[10.29577,53.33319],[10.30796,53.33152],[10.32712,53.33691],[10.3209,53.35651],[10.32321,53.36003],[10.31567,53.3602],[10.31527,53.36998],[10.32793,53.37805],[10.33223,53.38591],[10.32216,53.38781],[10.32711,53.39341],[10.31971,53.40089],[10.32436,53.41547],[10.33701,53.42337],[10.35623,53.4262],[10.33095,53.42487],[10.30796,53.43351],[10.26114,53.41898],[10.25089,53.41024],[10.2352,53.39553],[10.19773,53.39854],[10.17761,53.39646],[10.15935,53.40252],[10.14506,53.41614]]]},"properties":{"plz":"21423","name":"21423 Winsen"}},{"type":"Feature","geometry":{"type":"Polygon","coordinates":[[[10.1068,53.42658],[10.08776,53.40724],[10.07534,53.40626],[10.06869,53.38597],[10.07346,53.36996],[10.05623,53.36369],[10.07108,53.35461],[10.08913,53.35061],[10.10097,53.34111],[10.12066,53.34562],[10.12721,53.35053],[10.14308,53.34977],[10.17358,53.36198],[10.1718,53.36685],[10.14123,53.373],[10.14232,53.37586],[10.12032,53.38844],[10.14675,53.40817],[10.14506,53.41614],[10.13498,53.42275],[10.1068,53.42658]]]},"properties":{"plz":"21435","name":"21435 Stelle"}},{"type":"Feature","geometry":{"type":"Polygon","coordinates":[[[10.37051,53.37043],[10.37638,53.37189],[10.36346,53.38331],[10.37735,53.38443],[10.36875,53.38903],[10.39843,53.4115],[10.37545,53.42476],[10.35623,53.4262],[10.33701,53.42337],[10.32436,53.41547],[10.31971,53.40089],[10.32711,53.39341],[10.32216,53.38781],[10.33223,53.38591],[10.32793,53.37805],[10.31527,53.36998],[10.31567,53.3602],[10.32321,53.36003],[10.34331,53.35777],[10.36003,53.35892],[10.37123,53.36285],[10.37051,53.37043]]]},"properties":{"plz":"21436","name":"21436 Marschacht"}},{"type":"Feature","geometry":{"type":"Polygon","coordinates":[[[10.04897,53.31975],[10.05567,53.31392],[10.02844,53.312],[10.01336,53.29854],[10.01901,53.28739],[10.03368,53.29446],[10.07076,53.27616],[10.08039,53.28317],[10.07326,53.30532],[10.0946,53.31018],[10.10137,53.31358],[10.09196,53.32598],[10.08567,53.3206],[10.06756,53.31674],[10.04912,53.32681],[10.04897,53.31975]]]},"properties":{"plz":"21438","name":"21438 Brackel"}},{"type":"Feature","geometry":{"type":"Polygon","coordinates":[[[9.99707,53.3359],[9.98397,53.32501],[9.97703,53.31667],[9.97994,53.30863],[9.99163,53.3074],[9.99745,53.28474],[10.00488,53.28029],[10.01901,53.28739],[10.01336,53.29854],[10.02844,53.312],[10.05567,53.31392],[10.04897,53.31975],[10.00207,53.3276],[9.99707,53.3359]]]},"properties":{"plz":"21439","name":"21439 Marxen"}},{"type":"Feature","geometry":{"type":"Polygon","coordinates":[[[10.18868,53.2659],[10.19556,53.27446],[10.20365,53.27329],[10.22492,53.28741],[10.21183,53.2936],[10.20832,53.28674],[10.1899,53.28777],[10.19028,53.29113],[10.16061,53.2964],[10.1583,53.30024],[10.12372,53.28328],[10.12005,53.27608],[10.16782,53.26527],[10.18868,53.2659]]]},"properties":{"plz":"21441","name":"21441 Garstedt"}},{"type":"Feature","geometry":{"type":"Polygon","coordinates":[[[10.05517,53.24438],[10.10414,53.25306],[10.15847,53.25225],[10.16782,53.26527],[10.12005,53.27608],[10.12372,53.28328],[10.10927,53.30758],[10.0946,53.31018],[10.07326,53.30532],[10.08039,53.28317],[10.07076,53.27616],[10.05026,53.26077],[10.04876,53.24793],[10.05517,53.24438]]]},"properties":{"plz":"21442","name":"21442 Toppenstedt"}},{"type":"Feature","geometry":{"type":"Polygon","coordinates":[[[10.21217,53.25179],[10.22883,53.24777],[10.25563,53.25745],[10.25793,53.26058],[10.24062,53.27139],[10.26005,53.28878],[10.25738,53.29009],[10.24268,53.28442],[10.22492,53.28741],[10.20365,53.27329],[10.19556,53.27446],[10.18868,53.2659],[10.19044,53.24669],[10.20221,53.25338],[10.21217,53.25179]]]},"properties":{"plz":"21444","name":"21444 Vierhöfen"}},{"type":"Feature","geometry":{"type":"Polygon","coordinates":[[[10.10137,53.31358],[10.0946,53.31018],[10.10927,53.30758],[10.12372,53.28328],[10.1583,53.30024],[10.16061,53.2964],[10.17166,53.29665],[10.16664,53.30261],[10.1709,53.30984],[10.14095,53.31333],[10.11965,53.31082],[10.10137,53.31358]]]},"properties":{"plz":"21445","name":"21445 Wulfsen"}},{"type":"Feature","geometry":{"type":"Polygon","coordinates":[[[10.36003,53.35892],[10.34331,53.35777],[10.32321,53.36003],[10.3209,53.35651],[10.32712,53.33691],[10.30796,53.33152],[10.30734,53.33047],[10.30673,53.32929],[10.31403,53.32297],[10.32664,53.3244],[10.35594,53.32834],[10.36172,53.34498],[10.36003,53.35892]]]},"properties":{"plz":"21447","name":"21447 Handorf"}},{"type":"Feature","geometry":{"type":"Polygon","coordinates":[[[10.32664,53.3244],[10.31403,53.32297],[10.30673,53.32929],[10.30734,53.33047],[10.30796,53.33152],[10.29577,53.33319],[10.29407,53.32792],[10.25862,53.3311],[10.26443,53.3229],[10.25708,53.31576],[10.23604,53.31802],[10.21974,53.30854],[10.21183,53.2936],[10.22492,53.28741],[10.24268,53.28442],[10.25738,53.29009],[10.26847,53.28928],[10.27205,53.29767],[10.30588,53.30052],[10.31736,53.30509],[10.30866,53.31152],[10.33023,53.31831],[10.32664,53.3244]]]},"properties":{"plz":"21449","name":"21449 Radbruch"}},{"type":"Feature","geometry":{"type":"Polygon","coordinates":[[[10.25008,53.47898],[10.25499,53.48422],[10.26937,53.48506],[10.27586,53.49353],[10.28761,53.49646],[10.26852,53.509],[10.271,53.52299],[10.28012,53.52686],[10.29123,53.51977],[10.2982,53.52081],[10.30743,53.53269],[10.29296,53.53538],[10.30706,53.55137],[10.31486,53.55409],[10.30993,53.56851],[10.31586,53.57176],[10.30648,53.57996],[10.30447,53.57183],[10.29269,53.57536],[10.27857,53.56893],[10.27279,53.56567],[10.22927,53.559],[10.23674,53.54731],[10.2297,53.52046],[10.21041,53.51993],[10.21846,53.50773],[10.21828,53.49923],[10.23685,53.49634],[10.23854,53.48255],[10.25008,53.47898]]]},"properties":{"plz":"21465","name":"21465 Reinbek"}},{"type":"Feature","geometry":{"type":"Polygon","coordinates":[[[10.52526,53.3703],[10.55718,53.36849],[10.57305,53.36011],[10.5875,53.36114],[10.58311,53.36744],[10.59202,53.37288],[10.5849,53.37554],[10.5859,53.39752],[10.57369,53.40538],[10.55941,53.40636],[10.55381,53.3897],[10.5211,53.39279],[10.51162,53.40062],[10.47566,53.39929],[10.47606,53.40857],[10.46631,53.41241],[10.4591,53.40463],[10.43045,53.40235],[10.4295,53.39824],[10.46891,53.38588],[10.5,53.37406],[10.52526,53.3703]]]},"properties":{"plz":"21481","name":"21481 Lauenburg/Elbe"}},{"type":"Feature","geometry":{"type":"Polygon","coordinates":[[[10.62767,53.445],[10.60016,53.4486],[10.5809,53.4444],[10.55809,53.46377],[10.54654,53.46069],[10.51883,53.46219],[10.51597,53.47227],[10.50779,53.47653],[10.51567,53.48925],[10.50384,53.49465],[10.48679,53.48328],[10.47895,53.4778],[10.48214,53.47058],[10.4694,53.45671],[10.46924,53.44688],[10.46378,53.43359],[10.4479,53.42272],[10.46631,53.41241],[10.47606,53.40857],[10.47566,53.39929],[10.51162,53.40062],[10.5211,53.39279],[10.55381,53.3897],[10.55941,53.40636],[10.57369,53.40538],[10.5859,53.39752],[10.5849,53.37554],[10.59202,53.37288],[10.58311,53.36744],[10.5875,53.36114],[10.59513,53.36389],[10.59914,53.37768],[10.6168,53.38439],[10.62119,53.4043],[10.61646,53.40523],[10.61796,53.4251],[10.62248,53.42561],[10.62767,53.445]]]},"properties":{"plz":"21483","name":"21483 Gülzow"}},{"type":"Feature","geometry":{"type":"Polygon","coordinates":[[[10.50384,53.49465],[10.52669,53.50729],[10.54729,53.50325],[10.55122,53.51273],[10.56431,53.51575],[10.58256,53.51716],[10.587,53.52448],[10.57573,53.52492],[10.57635,53.53586],[10.55878,53.53583],[10.55264,53.54862],[10.56346,53.55442],[10.56761,53.5626],[10.58644,53.55902],[10.58757,53.57516],[10.57748,53.58141],[10.57115,53.5941],[10.55333,53.60055],[10.53045,53.59575],[10.52611,53.60262],[10.51194,53.60575],[10.47091,53.59781],[10.46747,53.59059],[10.4558,53.59114],[10.45665,53.58202],[10.43746,53.57535],[10.43846,53.57242],[10.43496,53.55867],[10.44112,53.55513],[10.45103,53.55474],[10.45484,53.54201],[10.43638,53.53684],[10.44971,53.53133],[10.46025,53.52188],[10.46969,53.5195],[10.46067,53.51005],[10.44764,53.50676],[10.45609,53.48607],[10.48679,53.48328],[10.50384,53.49465]]]},"properties":{"plz":"21493","name":"21493 Fuhlenhagen"}},{"type":"Feature","geometry":{"type":"Polygon","coordinates":[[[10.30796,53.43351],[10.33095,53.42487],[10.35623,53.4262],[10.37545,53.42476],[10.39843,53.4115],[10.4295,53.39824],[10.43045,53.40235],[10.4591,53.40463],[10.46631,53.41241],[10.4479,53.42272],[10.46378,53.43359],[10.46924,53.44688],[10.44772,53.45374],[10.44014,53.46446],[10.42743,53.46651],[10.43511,53.47463],[10.41473,53.47933],[10.41331,53.4851],[10.39765,53.48393],[10.39278,53.47959],[10.39547,53.47138],[10.39142,53.45979],[10.36827,53.45756],[10.35744,53.46018],[10.33846,53.45767],[10.34552,53.4509],[10.33251,53.45325],[10.30796,53.43351]]]},"properties":{"plz":"21502","name":"21502 Geesthacht"}},{"type":"Feature","geometry":{"type":"Polygon","coordinates":[[[10.22927,53.559],[10.2018,53.5568],[10.18203,53.55941],[10.18053,53.55517],[10.19422,53.54803],[10.19396,53.53798],[10.18474,53.53499],[10.21041,53.51993],[10.2297,53.52046],[10.23674,53.54731],[10.22927,53.559]]]},"properties":{"plz":"21509","name":"21509 Glinde"}},{"type":"Feature","geometry":{"type":"Polygon","coordinates":[[[10.78459,53.50781],[10.7561,53.51253],[10.75715,53.51725],[10.74379,53.51949],[10.73307,53.51353],[10.69763,53.51488],[10.69165,53.52197],[10.71517,53.52091],[10.72485,53.53445],[10.71832,53.54613],[10.68731,53.54211],[10.67841,53.56232],[10.66661,53.56702],[10.63219,53.55786],[10.63178,53.55344],[10.61723,53.5462],[10.6135,53.552],[10.588,53.55517],[10.58644,53.55902],[10.56761,53.5626],[10.56346,53.55442],[10.55264,53.54862],[10.55878,53.53583],[10.57635,53.53586],[10.57573,53.52492],[10.587,53.52448],[10.58256,53.51716],[10.56431,53.51575],[10.5655,53.50824],[10.58176,53.50318],[10.57567,53.49141],[10.59184,53.48018],[10.57549,53.46753],[10.55809,53.46377],[10.5809,53.4444],[10.60016,53.4486],[10.62767,53.445],[10.63221,53.45495],[10.65181,53.46135],[10.69303,53.45489],[10.70195,53.47832],[10.72104,53.47598],[10.75589,53.48333],[10.77745,53.49504],[10.78459,53.50781]]]},"properties":{"plz":"21514","name":"21514 Bröthen"}},{"type":"Feature","geometry":{"type":"MultiPolygon","coordinates":[[[[10.55809,53.46377],[10.57549,53.46753],[10.59184,53.48018],[10.57567,53.49141],[10.58176,53.50318],[10.5655,53.50824],[10.56431,53.51575],[10.55122,53.51273],[10.54729,53.50325],[10.52669,53.50729],[10.50384,53.49465],[10.51567,53.48925],[10.50779,53.47653],[10.51597,53.47227],[10.51883,53.46219],[10.54654,53.46069],[10.55809,53.46377]]],[[[10.58644,53.55902],[10.588,53.55517],[10.6135,53.552],[10.61723,53.5462],[10.63178,53.55344],[10.63219,53.55786],[10.66661,53.56702],[10.67841,53.56232],[10.67382,53.57975],[10.66628,53.58795],[10.62996,53.585],[10.62743,53.56973],[10.61142,53.57478],[10.58757,53.57516],[10.58644,53.55902]]]]},"properties":{"plz":"21516","name":"21516 Woltersdorf, Müssen u.a."}},{"type":"Feature","geometry":{"type":"Polygon","coordinates":[[[10.29851,53.48751],[10.30662,53.49538],[10.32207,53.49797],[10.331,53.49194],[10.35275,53.48668],[10.38045,53.4806],[10.38985,53.48292],[10.39507,53.48434],[10.39886,53.50353],[10.41464,53.50213],[10.41048,53.52252],[10.41711,53.52263],[10.44069,53.50708],[10.44764,53.50676],[10.46067,53.51005],[10.46969,53.5195],[10.46025,53.52188],[10.44971,53.53133],[10.43638,53.53684],[10.45484,53.54201],[10.45103,53.55474],[10.44112,53.55513],[10.40299,53.54543],[10.38998,53.56132],[10.38532,53.56822],[10.36948,53.57378],[10.36322,53.57263],[10.34735,53.56488],[10.3309,53.5621],[10.31486,53.55409],[10.30706,53.55137],[10.29296,53.53538],[10.30743,53.53269],[10.2982,53.52081],[10.29123,53.51977],[10.28012,53.52686],[10.271,53.52299],[10.26852,53.509],[10.28761,53.49646],[10.29851,53.48751]]]},"properties":{"plz":"21521","name":"21521 Aumühle"}},{"type":"Feature","geometry":{"type":"Polygon","coordinates":[[[10.59513,53.36389],[10.5875,53.36114],[10.57305,53.36011],[10.55718,53.36849],[10.52526,53.3703],[10.52,53.36072],[10.5032,53.34732],[10.5077,53.34686],[10.53455,53.35192],[10.5613,53.34421],[10.57364,53.34652],[10.55094,53.33085],[10.61392,53.33273],[10.64867,53.36538],[10.64847,53.36872],[10.64019,53.37142],[10.60586,53.36887],[10.59513,53.36389]]]},"properties":{"plz":"21522","name":"21522 Hohnstorf (Elbe), Hittbergen"}},{"type":"Feature","geometry":{"type":"Polygon","coordinates":[[[10.44764,53.50676],[10.44069,53.50708],[10.41711,53.52263],[10.41048,53.52252],[10.41464,53.50213],[10.39886,53.50353],[10.39507,53.48434],[10.38985,53.48292],[10.39278,53.47959],[10.39765,53.48393],[10.41331,53.4851],[10.41473,53.47933],[10.43511,53.47463],[10.42743,53.46651],[10.44014,53.46446],[10.45609,53.48607],[10.44764,53.50676]]]},"properties":{"plz":"21524","name":"21524 Brunstorf"}},{"type":"Feature","geometry":{"type":"Polygon","coordinates":[[[10.35744,53.46018],[10.36827,53.45756],[10.39142,53.45979],[10.39547,53.47138],[10.39278,53.47959],[10.38985,53.48292],[10.38045,53.4806],[10.35275,53.48668],[10.35478,53.46774],[10.35744,53.46018]]]},"properties":{"plz":"21526","name":"21526 Hohenhorn"}},{"type":"Feature","geometry":{"type":"Polygon","coordinates":[[[10.48679,53.48328],[10.45609,53.48607],[10.44014,53.46446],[10.44772,53.45374],[10.46924,53.44688],[10.4694,53.45671],[10.48214,53.47058],[10.47895,53.4778],[10.48679,53.48328]]]},"properties":{"plz":"21527","name":"21527 Kollow"}},{"type":"Feature","geometry":{"type":"Polygon","coordinates":[[[10.35478,53.46774],[10.35275,53.48668],[10.331,53.49194],[10.32207,53.49797],[10.30662,53.49538],[10.29851,53.48751],[10.32414,53.47325],[10.33897,53.47609],[10.33292,53.46354],[10.35478,53.46774]]]},"properties":{"plz":"21529","name":"21529 Kröppelshagen-Fahrendorf"}},{"type":"Feature","geometry":{"type":"Polygon","coordinates":[[[9.59846,53.47156],[9.60297,53.45284],[9.63333,53.45449],[9.65011,53.4418],[9.66702,53.43285],[9.66781,53.42646],[9.683,53.41219],[9.70543,53.41574],[9.71877,53.4233],[9.7264,53.42254],[9.74058,53.43782],[9.76576,53.43595],[9.78324,53.44049],[9.77972,53.45705],[9.77197,53.45848],[9.76867,53.47129],[9.77121,53.48031],[9.7492,53.48477],[9.75039,53.49],[9.73846,53.49079],[9.7139,53.49226],[9.71428,53.49505],[9.68725,53.50162],[9.68254,53.49566],[9.62944,53.50933],[9.61936,53.50022],[9.62572,53.49643],[9.61077,53.47685],[9.59846,53.47156]]]},"properties":{"plz":"21614","name":"21614 Buxtehude"}},{"type":"Feature","geometry":{"type":"Polygon","coordinates":[[[9.76885,53.5053],[9.76469,53.49477],[9.74683,53.4962],[9.73846,53.49079],[9.75039,53.49],[9.7492,53.48477],[9.77121,53.48031],[9.76867,53.47129],[9.77197,53.45848],[9.77972,53.45705],[9.78324,53.44049],[9.76576,53.43595],[9.74058,53.43782],[9.7264,53.42254],[9.72902,53.42229],[9.75724,53.41942],[9.77142,53.40623],[9.78118,53.40396],[9.76312,53.39498],[9.7681,53.38509],[9.77836,53.38278],[9.78088,53.3741],[9.81599,53.36442],[9.8178,53.37604],[9.82411,53.39365],[9.80445,53.4028],[9.80898,53.40692],[9.82755,53.40311],[9.84329,53.40621],[9.84494,53.41772],[9.86183,53.42962],[9.83655,53.45092],[9.79981,53.46943],[9.8003,53.47373],[9.8028,53.49383],[9.782,53.49232],[9.78463,53.50001],[9.76885,53.5053]]]},"properties":{"plz":"21629","name":"21629 Neu Wulmstorf"}},{"type":"Feature","geometry":{"type":"Polygon","coordinates":[[[9.77439,53.55433],[9.76335,53.55515],[9.73012,53.55764],[9.70448,53.5591],[9.67592,53.56462],[9.64937,53.57575],[9.63443,53.57161],[9.61392,53.56915],[9.61231,53.5658],[9.64467,53.56194],[9.64562,53.54591],[9.65786,53.54173],[9.65123,53.53387],[9.62944,53.50933],[9.68254,53.49566],[9.68725,53.50162],[9.71428,53.49505],[9.7139,53.49226],[9.73846,53.49079],[9.74683,53.4962],[9.76469,53.49477],[9.76885,53.5053],[9.76358,53.50826],[9.77107,53.52185],[9.78028,53.51949],[9.76987,53.52953],[9.76556,53.5411],[9.77232,53.54352],[9.77439,53.55433]]]},"properties":{"plz":"21635","name":"21635 Jork"}},{"type":"Feature","geometry":{"type":"Polygon","coordinates":[[[9.62944,53.50933],[9.65123,53.53387],[9.62258,53.53995],[9.61306,53.53855],[9.60558,53.52383],[9.58431,53.52029],[9.57846,53.52953],[9.55107,53.5273],[9.52527,53.5219],[9.51985,53.50899],[9.50957,53.50494],[9.51739,53.50499],[9.53857,53.49675],[9.53812,53.48629],[9.55388,53.49047],[9.52641,53.47516],[9.55009,53.46457],[9.54931,53.4589],[9.56235,53.45741],[9.58156,53.46217],[9.58744,53.47165],[9.59846,53.47156],[9.61077,53.47685],[9.62572,53.49643],[9.61936,53.50022],[9.62944,53.50933]]]},"properties":{"plz":"21640","name":"21640 Horneburg"}},{"type":"Feature","geometry":{"type":"Polygon","coordinates":[[[9.59846,53.47156],[9.58744,53.47165],[9.58156,53.46217],[9.59274,53.45539],[9.5857,53.44395],[9.55884,53.44199],[9.54918,53.439],[9.55303,53.42888],[9.5629,53.42145],[9.57305,53.42571],[9.56836,53.4172],[9.57906,53.41716],[9.59616,53.42423],[9.63727,53.42049],[9.6492,53.42968],[9.65011,53.4418],[9.63333,53.45449],[9.60297,53.45284],[9.59846,53.47156]]]},"properties":{"plz":"21641","name":"21641 Apensen"}},{"type":"Feature","geometry":{"type":"Polygon","coordinates":[[[9.65011,53.4418],[9.6492,53.42968],[9.63727,53.42049],[9.59616,53.42423],[9.57906,53.41716],[9.56836,53.4172],[9.56283,53.4041],[9.57766,53.39581],[9.58284,53.38772],[9.59553,53.39563],[9.61236,53.39742],[9.62363,53.3901],[9.64368,53.39626],[9.65195,53.40973],[9.67663,53.40941],[9.683,53.41219],[9.66781,53.42646],[9.66702,53.43285],[9.65011,53.4418]]]},"properties":{"plz":"21643","name":"21643 Beckdorf"}},{"type":"Feature","geometry":{"type":"Polygon","coordinates":[[[9.55303,53.42888],[9.51657,53.40662],[9.51292,53.39884],[9.51214,53.38582],[9.53098,53.3731],[9.56562,53.37282],[9.57329,53.36984],[9.57062,53.35504],[9.56106,53.35365],[9.55324,53.34381],[9.56267,53.33764],[9.5837,53.35819],[9.60256,53.36913],[9.61942,53.36735],[9.61663,53.37919],[9.62363,53.3901],[9.61236,53.39742],[9.59553,53.39563],[9.58284,53.38772],[9.57766,53.39581],[9.56283,53.4041],[9.56836,53.4172],[9.57305,53.42571],[9.5629,53.42145],[9.55303,53.42888]]]},"properties":{"plz":"21644","name":"21644 Sauensiek"}},{"type":"Feature","geometry":{"type":"Polygon","coordinates":[[[9.65996,53.33929],[9.65209,53.35897],[9.65313,53.36768],[9.64025,53.37634],[9.61942,53.36735],[9.60256,53.36913],[9.5837,53.35819],[9.56267,53.33764],[9.5767,53.32991],[9.58352,53.31576],[9.58828,53.31686],[9.58354,53.32992],[9.61774,53.33916],[9.62807,53.35026],[9.65334,53.33815],[9.65996,53.33929]]]},"properties":{"plz":"21646","name":"21646 Halvesbostel"}},{"type":"Feature","geometry":{"type":"Polygon","coordinates":[[[9.72902,53.42229],[9.7264,53.42254],[9.71877,53.4233],[9.70543,53.41574],[9.683,53.41219],[9.67663,53.40941],[9.678,53.39381],[9.71245,53.39663],[9.72504,53.38179],[9.73323,53.37878],[9.7277,53.39316],[9.74096,53.40205],[9.72902,53.42229]]]},"properties":{"plz":"21647","name":"21647 Moisburg"}},{"type":"Feature","geometry":{"type":"Polygon","coordinates":[[[9.67395,53.34147],[9.67048,53.35337],[9.67991,53.36087],[9.67008,53.37549],[9.67383,53.37897],[9.66863,53.39037],[9.678,53.39381],[9.67663,53.40941],[9.65195,53.40973],[9.64368,53.39626],[9.62363,53.3901],[9.61663,53.37919],[9.61942,53.36735],[9.64025,53.37634],[9.65313,53.36768],[9.65209,53.35897],[9.65996,53.33929],[9.67395,53.34147]]]},"properties":{"plz":"21649","name":"21649 Regesbostel"}},{"type":"Feature","geometry":{"type":"Polygon","coordinates":[[[9.44863,53.59018],[9.44141,53.57223],[9.47115,53.57015],[9.48355,53.58285],[9.50235,53.58149],[9.51085,53.58734],[9.49676,53.59493],[9.4956,53.61082],[9.50184,53.61396],[9.49961,53.61575],[9.47881,53.60401],[9.48215,53.59813],[9.46887,53.60017],[9.455,53.59694],[9.44863,53.59018]]]},"properties":{"plz":"21680","name":"21680 Stade"}},{"type":"Feature","geometry":{"type":"Polygon","coordinates":[[[9.49961,53.61575],[9.49481,53.61951],[9.4842,53.613],[9.46183,53.61803],[9.44453,53.61194],[9.43844,53.60357],[9.42169,53.60216],[9.41809,53.59434],[9.43494,53.59497],[9.44863,53.59018],[9.455,53.59694],[9.46887,53.60017],[9.48215,53.59813],[9.47881,53.60401],[9.49961,53.61575]]]},"properties":{"plz":"21682","name":"21682 Stade"}},{"type":"Feature","geometry":{"type":"Polygon","coordinates":[[[9.50184,53.61396],[9.52229,53.61672],[9.53885,53.61397],[9.51825,53.63575],[9.51018,53.65242],[9.48805,53.68102],[9.47829,53.67029],[9.45533,53.67889],[9.43957,53.67764],[9.4343,53.66571],[9.39721,53.64929],[9.40349,53.6478],[9.41838,53.62615],[9.43055,53.6232],[9.42802,53.61776],[9.40883,53.61839],[9.40684,53.61159],[9.3921,53.60565],[9.38586,53.59485],[9.41809,53.59434],[9.42169,53.60216],[9.43844,53.60357],[9.44453,53.61194],[9.46183,53.61803],[9.4842,53.613],[9.49481,53.61951],[9.49961,53.61575],[9.50184,53.61396]]]},"properties":{"plz":"21683","name":"21683 Stade"}},{"type":"Feature","geometry":{"type":"Polygon","coordinates":[[[9.44863,53.59018],[9.43494,53.59497],[9.41809,53.59434],[9.38586,53.59485],[9.387,53.58873],[9.37386,53.57205],[9.40708,53.56466],[9.41683,53.56871],[9.4372,53.56793],[9.42836,53.55386],[9.43474,53.54494],[9.46146,53.53861],[9.48209,53.5409],[9.49577,53.53878],[9.50105,53.54726],[9.54926,53.55335],[9.55929,53.54503],[9.57491,53.544],[9.56919,53.56552],[9.5519,53.57443],[9.51085,53.58734],[9.50235,53.58149],[9.48355,53.58285],[9.47115,53.57015],[9.44141,53.57223],[9.44863,53.59018]]]},"properties":{"plz":"21684","name":"21684 Stade"}},{"type":"Feature","geometry":{"type":"Polygon","coordinates":[[[9.50957,53.50494],[9.4951,53.50476],[9.48108,53.49972],[9.45894,53.49791],[9.4616,53.49372],[9.41238,53.48053],[9.40403,53.47795],[9.40361,53.4658],[9.38413,53.46249],[9.36263,53.45247],[9.3433,53.4507],[9.33829,53.44543],[9.34655,53.43424],[9.33746,53.41884],[9.34126,53.41056],[9.3708,53.40948],[9.37583,53.40629],[9.40464,53.41184],[9.41697,53.42023],[9.41188,53.4346],[9.39402,53.43746],[9.4125,53.45001],[9.43804,53.44166],[9.43474,53.43561],[9.44633,53.43083],[9.45875,53.41793],[9.46887,53.41506],[9.48321,53.41735],[9.51136,53.40736],[9.50501,53.39619],[9.51292,53.39884],[9.51657,53.40662],[9.55303,53.42888],[9.54918,53.439],[9.55884,53.44199],[9.5857,53.44395],[9.59274,53.45539],[9.58156,53.46217],[9.56235,53.45741],[9.54931,53.4589],[9.55009,53.46457],[9.52641,53.47516],[9.55388,53.49047],[9.53812,53.48629],[9.53857,53.49675],[9.51739,53.50499],[9.50957,53.50494]]]},"properties":{"plz":"21698","name":"21698 Harsefeld"}},{"type":"Feature","geometry":{"type":"Polygon","coordinates":[[[9.51292,53.39884],[9.50501,53.39619],[9.51136,53.40736],[9.48321,53.41735],[9.46887,53.41506],[9.45875,53.41793],[9.44633,53.43083],[9.43474,53.43561],[9.43804,53.44166],[9.4125,53.45001],[9.39402,53.43746],[9.41188,53.4346],[9.41697,53.42023],[9.40464,53.41184],[9.37583,53.40629],[9.3594,53.38733],[9.38135,53.37818],[9.39471,53.36639],[9.44631,53.34548],[9.46177,53.3519],[9.47613,53.35038],[9.47417,53.35941],[9.48825,53.36424],[9.51214,53.38582],[9.51292,53.39884]]]},"properties":{"plz":"21702","name":"21702 Ahlerstedt"}},{"type":"Feature","geometry":{"type":"Polygon","coordinates":[[[9.48805,53.68102],[9.47523,53.69183],[9.42125,53.72281],[9.40178,53.73716],[9.39076,53.75408],[9.36494,53.77419],[9.35586,53.7879],[9.34177,53.78507],[9.32416,53.77004],[9.3388,53.74297],[9.2983,53.72972],[9.25065,53.70535],[9.25412,53.7023],[9.22923,53.69515],[9.2366,53.68757],[9.26808,53.68789],[9.2745,53.69364],[9.28962,53.69385],[9.3029,53.68879],[9.31128,53.696],[9.32029,53.68378],[9.34792,53.67421],[9.35779,53.66555],[9.3721,53.65634],[9.39721,53.64929],[9.4343,53.66571],[9.43957,53.67764],[9.45533,53.67889],[9.47829,53.67029],[9.48805,53.68102]]]},"properties":{"plz":"21706","name":"21706 Drochtersen"}},{"type":"Feature","geometry":{"type":"Polygon","coordinates":[[[9.38586,53.59485],[9.36863,53.59125],[9.34465,53.60366],[9.32889,53.60196],[9.3332,53.61037],[9.33152,53.63236],[9.32049,53.63208],[9.31041,53.63773],[9.3257,53.63948],[9.3093,53.643],[9.3065,53.65191],[9.27491,53.66136],[9.27164,53.65354],[9.27795,53.64336],[9.25363,53.64082],[9.25749,53.62904],[9.24032,53.62887],[9.22989,53.63309],[9.2285,53.62486],[9.21726,53.61904],[9.21988,53.6036],[9.23265,53.60222],[9.24414,53.60699],[9.24516,53.60149],[9.27014,53.6061],[9.30395,53.58428],[9.30629,53.58993],[9.32788,53.58052],[9.34147,53.58008],[9.36398,53.57283],[9.36018,53.56662],[9.37386,53.57205],[9.387,53.58873],[9.38586,53.59485]]]},"properties":{"plz":"21709","name":"21709 Himmelpforten"}},{"type":"Feature","geometry":{"type":"Polygon","coordinates":[[[9.33152,53.63236],[9.33946,53.63356],[9.35946,53.64962],[9.3522,53.65906],[9.35597,53.66314],[9.34622,53.67068],[9.29813,53.68427],[9.28221,53.68452],[9.27166,53.67618],[9.26153,53.676],[9.27923,53.6687],[9.27491,53.66136],[9.3065,53.65191],[9.3093,53.643],[9.3257,53.63948],[9.31041,53.63773],[9.32049,53.63208],[9.33152,53.63236]]]},"properties":{"plz":"21710","name":"21710 Engelschoff"}},{"type":"Feature","geometry":{"type":"Polygon","coordinates":[[[9.22923,53.69515],[9.2208,53.69268],[9.2075,53.68102],[9.22398,53.67199],[9.24832,53.66733],[9.24945,53.67612],[9.26153,53.676],[9.27166,53.67618],[9.28221,53.68452],[9.29813,53.68427],[9.34622,53.67068],[9.35597,53.66314],[9.35779,53.66555],[9.34792,53.67421],[9.32029,53.68378],[9.31128,53.696],[9.3029,53.68879],[9.28962,53.69385],[9.2745,53.69364],[9.26808,53.68789],[9.2366,53.68757],[9.22923,53.69515]]]},"properties":{"plz":"21712","name":"21712 Großenwörden"}},{"type":"Feature","geometry":{"type":"Polygon","coordinates":[[[9.39721,53.64929],[9.3721,53.65634],[9.35779,53.66555],[9.35597,53.66314],[9.3522,53.65906],[9.35946,53.64962],[9.33946,53.63356],[9.33152,53.63236],[9.3332,53.61037],[9.32889,53.60196],[9.34465,53.60366],[9.36863,53.59125],[9.38586,53.59485],[9.3921,53.60565],[9.40684,53.61159],[9.40883,53.61839],[9.42802,53.61776],[9.43055,53.6232],[9.41838,53.62615],[9.40349,53.6478],[9.39721,53.64929]]]},"properties":{"plz":"21714","name":"21714 Hammah"}},{"type":"Feature","geometry":{"type":"Polygon","coordinates":[[[9.52527,53.5219],[9.51109,53.53628],[9.49577,53.53878],[9.48209,53.5409],[9.46146,53.53861],[9.43474,53.54494],[9.42836,53.55386],[9.4372,53.56793],[9.41683,53.56871],[9.40708,53.56466],[9.37386,53.57205],[9.36018,53.56662],[9.34158,53.55922],[9.34183,53.55312],[9.32915,53.54201],[9.33389,53.53422],[9.35007,53.53685],[9.36079,53.53203],[9.36066,53.52266],[9.3496,53.51119],[9.37191,53.49027],[9.37166,53.48404],[9.40537,53.48493],[9.41238,53.48053],[9.4616,53.49372],[9.45894,53.49791],[9.48108,53.49972],[9.4951,53.50476],[9.50957,53.50494],[9.51985,53.50899],[9.52527,53.5219]]]},"properties":{"plz":"21717","name":"21717 Fredenbeck"}},{"type":"Feature","geometry":{"type":"Polygon","coordinates":[[[9.63443,53.57161],[9.61724,53.58038],[9.58691,53.58593],[9.57332,53.59352],[9.57716,53.58939],[9.56898,53.58083],[9.57481,53.56843],[9.56919,53.56552],[9.57491,53.544],[9.57846,53.52953],[9.58431,53.52029],[9.60558,53.52383],[9.61306,53.53855],[9.62258,53.53995],[9.65123,53.53387],[9.65786,53.54173],[9.64562,53.54591],[9.64467,53.56194],[9.61231,53.5658],[9.61392,53.56915],[9.63443,53.57161]]]},"properties":{"plz":"21720","name":"21720 Grünendeich"}},{"type":"Feature","geometry":{"type":"MultiPolygon","coordinates":[[[[9.51085,53.58734],[9.5519,53.57443],[9.56919,53.56552],[9.57481,53.56843],[9.56898,53.58083],[9.57716,53.58939],[9.57332,53.59352],[9.55679,53.60661],[9.53885,53.61397],[9.52229,53.61672],[9.50184,53.61396],[9.4956,53.61082],[9.49676,53.59493],[9.51085,53.58734]]],[[[9.57211,53.60193],[9.59229,53.5882],[9.61097,53.58414],[9.57211,53.60193]]]]},"properties":{"plz":"21723","name":"21723 Hollern-Twielenfleth"}},{"type":"Feature","geometry":{"type":"Polygon","coordinates":[[[9.21726,53.61904],[9.20703,53.61767],[9.20302,53.62336],[9.18557,53.61968],[9.18993,53.61237],[9.17548,53.61446],[9.17316,53.61],[9.15411,53.60412],[9.14808,53.59198],[9.15484,53.5843],[9.16174,53.59311],[9.17944,53.58864],[9.1928,53.58158],[9.20612,53.58814],[9.22405,53.58529],[9.23014,53.57309],[9.22154,53.56978],[9.25481,53.55844],[9.25856,53.54677],[9.27369,53.54527],[9.26089,53.54181],[9.26031,53.53412],[9.28305,53.52322],[9.28978,53.52736],[9.31287,53.53046],[9.31844,53.53577],[9.33389,53.53422],[9.32915,53.54201],[9.34183,53.55312],[9.34158,53.55922],[9.36018,53.56662],[9.36398,53.57283],[9.34147,53.58008],[9.32788,53.58052],[9.30629,53.58993],[9.30395,53.58428],[9.27014,53.6061],[9.24516,53.60149],[9.24414,53.60699],[9.23265,53.60222],[9.21988,53.6036],[9.21726,53.61904]]]},"properties":{"plz":"21726","name":"21726 Oldendorf"}},{"type":"Feature","geometry":{"type":"Polygon","coordinates":[[[9.57846,53.52953],[9.57491,53.544],[9.55929,53.54503],[9.54926,53.55335],[9.50105,53.54726],[9.49577,53.53878],[9.51109,53.53628],[9.52527,53.5219],[9.55107,53.5273],[9.57846,53.52953]]]},"properties":{"plz":"21739","name":"21739 Dollern"}},{"type":"Feature","geometry":{"type":"Polygon","coordinates":[[[10.05787,53.57476],[10.0627,53.56625],[10.10884,53.57825],[10.10226,53.58017],[10.08177,53.57947],[10.07855,53.58601],[10.05787,53.57476]]]},"properties":{"plz":"22041","name":"22041 Hamburg"}},{"type":"Feature","geometry":{"type":"Polygon","coordinates":[[[10.0661,53.55988],[10.0808,53.56258],[10.1325,53.56723],[10.14771,53.56439],[10.15067,53.56973],[10.10884,53.57825],[10.0627,53.56625],[10.06224,53.56611],[10.0661,53.55988]]]},"properties":{"plz":"22043","name":"22043 Hamburg"}},{"type":"Feature","geometry":{"type":"Polygon","coordinates":[[[10.10884,53.57825],[10.15067,53.56973],[10.15169,53.57619],[10.13699,53.59281],[10.1316,53.598],[10.11221,53.59227],[10.11196,53.58277],[10.10226,53.58017],[10.10884,53.57825]]]},"properties":{"plz":"22045","name":"22045 Hamburg"}},{"type":"Feature","geometry":{"type":"Polygon","coordinates":[[[10.10226,53.58017],[10.11196,53.58277],[10.11221,53.59227],[10.09818,53.59755],[10.0823,53.59845],[10.07855,53.58601],[10.08177,53.57947],[10.10226,53.58017]]]},"properties":{"plz":"22047","name":"22047 Hamburg"}},{"type":"Feature","geometry":{"type":"Polygon","coordinates":[[[10.07855,53.58601],[10.0823,53.59845],[10.07002,53.59196],[10.05327,53.58309],[10.05733,53.57597],[10.05787,53.57476],[10.07855,53.58601]]]},"properties":{"plz":"22049","name":"22049 Hamburg"}},{"type":"Feature","geometry":{"type":"Polygon","coordinates":[[[10.05327,53.58309],[10.04314,53.58271],[10.02705,53.57028],[10.03183,53.56657],[10.05733,53.57597],[10.05327,53.58309]]]},"properties":{"plz":"22081","name":"22081 Hamburg"}},{"type":"Feature","geometry":{"type":"Polygon","coordinates":[[[10.04314,53.58271],[10.03603,53.58504],[10.01955,53.5821],[10.02705,53.57028],[10.04314,53.58271]]]},"properties":{"plz":"22083","name":"22083 Hamburg"}},{"type":"Feature","geometry":{"type":"Polygon","coordinates":[[[10.00823,53.56525],[10.02705,53.57028],[10.01955,53.5821],[10.01285,53.57877],[10.00381,53.57533],[10.00485,53.57385],[10.00823,53.56525]]]},"properties":{"plz":"22085","name":"22085 Hamburg"}},{"type":"Feature","geometry":{"type":"Polygon","coordinates":[[[10.02642,53.55644],[10.03802,53.56099],[10.03183,53.56657],[10.02705,53.57028],[10.00823,53.56525],[10.02642,53.55644]]]},"properties":{"plz":"22087","name":"22087 Hamburg"}},{"type":"Feature","geometry":{"type":"Polygon","coordinates":[[[10.06224,53.56611],[10.0627,53.56625],[10.05787,53.57476],[10.05733,53.57597],[10.03183,53.56657],[10.03802,53.56099],[10.06224,53.56611]]]},"properties":{"plz":"22089","name":"22089 Hamburg"}},{"type":"Feature","geometry":{"type":"Polygon","coordinates":[[[10.06753,53.55402],[10.07001,53.53775],[10.07377,53.53665],[10.08591,53.54409],[10.10517,53.53722],[10.10962,53.54188],[10.10105,53.54941],[10.08518,53.5542],[10.0808,53.56258],[10.0661,53.55988],[10.06753,53.55402]]]},"properties":{"plz":"22111","name":"22111 Hamburg"}},{"type":"Feature","geometry":{"type":"MultiPolygon","coordinates":[[[[10.06732,53.50022],[10.08579,53.49793],[10.0909,53.48973],[10.10065,53.49335],[10.09523,53.4969],[10.11785,53.50511],[10.14099,53.52462],[10.12489,53.52908],[10.10517,53.53722],[10.08591,53.54409],[10.07377,53.53665],[10.06505,53.52419],[10.07299,53.51218],[10.06179,53.50927],[10.06732,53.50022]]],[[[10.21041,53.51993],[10.18474,53.53499],[10.19396,53.53798],[10.19422,53.54803],[10.18053,53.55517],[10.18203,53.55941],[10.16049,53.56097],[10.14844,53.54598],[10.1541,53.53817],[10.16878,53.53739],[10.16239,53.52299],[10.18784,53.51151],[10.21041,53.51993]]]]},"properties":{"plz":"22113","name":"22113 Hamburg, Oststeinbek"}},{"type":"Feature","geometry":{"type":"Polygon","coordinates":[[[10.16239,53.52299],[10.16878,53.53739],[10.1541,53.53817],[10.13268,53.53558],[10.12489,53.52908],[10.14099,53.52462],[10.15648,53.51781],[10.16239,53.52299]]]},"properties":{"plz":"22115","name":"22115 Hamburg"}},{"type":"Feature","geometry":{"type":"Polygon","coordinates":[[[10.1325,53.56723],[10.11888,53.54941],[10.10962,53.54188],[10.10517,53.53722],[10.12489,53.52908],[10.13268,53.53558],[10.1541,53.53817],[10.14844,53.54598],[10.16049,53.56097],[10.14771,53.56439],[10.1325,53.56723]]]},"properties":{"plz":"22117","name":"22117 Hamburg"}},{"type":"Feature","geometry":{"type":"Polygon","coordinates":[[[10.0808,53.56258],[10.08518,53.5542],[10.10105,53.54941],[10.10962,53.54188],[10.11888,53.54941],[10.1325,53.56723],[10.0808,53.56258]]]},"properties":{"plz":"22119","name":"22119 Hamburg"}},{"type":"Feature","geometry":{"type":"Polygon","coordinates":[[[10.15396,53.61424],[10.13832,53.60824],[10.14378,53.60031],[10.15168,53.60019],[10.16168,53.60116],[10.17288,53.59571],[10.17693,53.5994],[10.19236,53.59474],[10.19527,53.60736],[10.18406,53.61727],[10.15396,53.61424]]]},"properties":{"plz":"22143","name":"22143 Hamburg"}},{"type":"Feature","geometry":{"type":"Polygon","coordinates":[[[10.19236,53.59474],[10.20129,53.58401],[10.21044,53.59116],[10.21974,53.5906],[10.23176,53.59872],[10.24163,53.59552],[10.26462,53.60776],[10.28659,53.60953],[10.28242,53.61419],[10.25816,53.62352],[10.24468,53.62444],[10.24106,53.63338],[10.22253,53.63351],[10.18964,53.63837],[10.14758,53.63422],[10.14157,53.6284],[10.15396,53.61424],[10.18406,53.61727],[10.19527,53.60736],[10.19236,53.59474]]]},"properties":{"plz":"22145","name":"22145 Hamburg"}},{"type":"Feature","geometry":{"type":"Polygon","coordinates":[[[10.13699,53.59281],[10.15168,53.60019],[10.14378,53.60031],[10.13832,53.60824],[10.15396,53.61424],[10.14157,53.6284],[10.12403,53.61363],[10.12338,53.60582],[10.1316,53.598],[10.13699,53.59281]]]},"properties":{"plz":"22147","name":"22147 Hamburg"}},{"type":"Feature","geometry":{"type":"Polygon","coordinates":[[[10.15169,53.57619],[10.16183,53.58577],[10.16532,53.58232],[10.18716,53.58552],[10.20129,53.58401],[10.19236,53.59474],[10.17693,53.5994],[10.17288,53.59571],[10.16168,53.60116],[10.15168,53.60019],[10.13699,53.59281],[10.15169,53.57619]]]},"properties":{"plz":"22149","name":"22149 Hamburg"}},{"type":"Feature","geometry":{"type":"Polygon","coordinates":[[[10.1316,53.598],[10.12338,53.60582],[10.12403,53.61363],[10.14157,53.6284],[10.14758,53.63422],[10.14251,53.63763],[10.12518,53.63837],[10.12313,53.6302],[10.09842,53.61259],[10.09818,53.59755],[10.11221,53.59227],[10.1316,53.598]]]},"properties":{"plz":"22159","name":"22159 Hamburg"}},{"type":"Feature","geometry":{"type":"Polygon","coordinates":[[[10.12313,53.6302],[10.11181,53.63594],[10.07428,53.63131],[10.08521,53.62692],[10.07715,53.62016],[10.08038,53.61818],[10.09808,53.62016],[10.09842,53.61259],[10.12313,53.6302]]]},"properties":{"plz":"22175","name":"22175 Hamburg"}},{"type":"Feature","geometry":{"type":"Polygon","coordinates":[[[10.07715,53.62016],[10.07425,53.61897],[10.05588,53.60084],[10.05899,53.59351],[10.06036,53.59338],[10.08038,53.61818],[10.07715,53.62016]]]},"properties":{"plz":"22177","name":"22177 Hamburg"}},{"type":"Feature","geometry":{"type":"Polygon","coordinates":[[[10.09818,53.59755],[10.09842,53.61259],[10.09808,53.62016],[10.08038,53.61818],[10.06036,53.59338],[10.07002,53.59196],[10.0823,53.59845],[10.09818,53.59755]]]},"properties":{"plz":"22179","name":"22179 Hamburg"}},{"type":"Feature","geometry":{"type":"Polygon","coordinates":[[[9.99142,53.60067],[10.00925,53.59874],[10.01937,53.59583],[10.0336,53.60171],[10.03781,53.60745],[10.03856,53.60845],[10.01808,53.61524],[10.00511,53.61922],[9.99808,53.61274],[9.98474,53.60139],[9.99142,53.60067]]]},"properties":{"plz":"22297","name":"22297 Hamburg"}},{"type":"Feature","geometry":{"type":"Polygon","coordinates":[[[9.99547,53.58404],[10.0075,53.59318],[10.00925,53.59874],[9.99142,53.60067],[9.99227,53.59417],[9.99547,53.58404]]]},"properties":{"plz":"22299","name":"22299 Hamburg"}},{"type":"Feature","geometry":{"type":"Polygon","coordinates":[[[10.00381,53.57533],[10.01285,53.57877],[10.01642,53.58769],[10.0075,53.59318],[9.99547,53.58404],[10.00381,53.57533]]]},"properties":{"plz":"22301","name":"22301 Hamburg"}},{"type":"Feature","geometry":{"type":"Polygon","coordinates":[[[10.03603,53.58504],[10.03691,53.59248],[10.0336,53.60171],[10.01937,53.59583],[10.00925,53.59874],[10.0075,53.59318],[10.01642,53.58769],[10.01285,53.57877],[10.01955,53.5821],[10.03603,53.58504]]]},"properties":{"plz":"22303","name":"22303 Hamburg"}},{"type":"Feature","geometry":{"type":"Polygon","coordinates":[[[10.07002,53.59196],[10.06036,53.59338],[10.05899,53.59351],[10.03691,53.59248],[10.03603,53.58504],[10.04314,53.58271],[10.05327,53.58309],[10.07002,53.59196]]]},"properties":{"plz":"22305","name":"22305 Hamburg"}},{"type":"Feature","geometry":{"type":"Polygon","coordinates":[[[10.05588,53.60084],[10.03781,53.60745],[10.0336,53.60171],[10.03691,53.59248],[10.05899,53.59351],[10.05588,53.60084]]]},"properties":{"plz":"22307","name":"22307 Hamburg"}},{"type":"Feature","geometry":{"type":"Polygon","coordinates":[[[10.07425,53.61897],[10.04976,53.61902],[10.03856,53.60845],[10.03781,53.60745],[10.05588,53.60084],[10.07425,53.61897]]]},"properties":{"plz":"22309","name":"22309 Hamburg"}},{"type":"Feature","geometry":{"type":"Polygon","coordinates":[[[10.01808,53.61524],[10.03127,53.62972],[10.01643,53.63996],[9.99265,53.63984],[9.98523,53.64834],[9.97628,53.64972],[9.9789,53.64658],[9.98541,53.63907],[9.97909,53.62814],[9.95673,53.61452],[9.97627,53.62104],[9.98961,53.62002],[9.99808,53.61274],[10.00511,53.61922],[10.01808,53.61524]]]},"properties":{"plz":"22335","name":"22335 Hamburg"}},{"type":"Feature","geometry":{"type":"Polygon","coordinates":[[[10.07428,53.63131],[10.06116,53.62839],[10.05649,53.63814],[10.03127,53.62972],[10.01808,53.61524],[10.03856,53.60845],[10.04976,53.61902],[10.07425,53.61897],[10.07715,53.62016],[10.08521,53.62692],[10.07428,53.63131]]]},"properties":{"plz":"22337","name":"22337 Hamburg"}},{"type":"Feature","geometry":{"type":"Polygon","coordinates":[[[10.03127,53.62972],[10.05649,53.63814],[10.06455,53.64173],[10.06471,53.64942],[10.05236,53.65368],[10.03642,53.6552],[10.03302,53.65133],[10.01643,53.63996],[10.03127,53.62972]]]},"properties":{"plz":"22339","name":"22339 Hamburg"}},{"type":"Feature","geometry":{"type":"Polygon","coordinates":[[[10.18964,53.63837],[10.19885,53.64673],[10.19589,53.65475],[10.17153,53.66869],[10.15579,53.66993],[10.14476,53.67614],[10.13879,53.66703],[10.14045,53.6543],[10.13689,53.64937],[10.14251,53.63763],[10.14758,53.63422],[10.18964,53.63837]]]},"properties":{"plz":"22359","name":"22359 Hamburg"}},{"type":"Feature","geometry":{"type":"Polygon","coordinates":[[[10.11181,53.63594],[10.09129,53.64793],[10.09614,53.65598],[10.08704,53.65593],[10.06471,53.64942],[10.06455,53.64173],[10.05649,53.63814],[10.06116,53.62839],[10.07428,53.63131],[10.11181,53.63594]]]},"properties":{"plz":"22391","name":"22391 Hamburg"}},{"type":"Feature","geometry":{"type":"Polygon","coordinates":[[[10.14251,53.63763],[10.13689,53.64937],[10.14045,53.6543],[10.11456,53.66067],[10.10175,53.65242],[10.09614,53.65598],[10.09129,53.64793],[10.11181,53.63594],[10.12313,53.6302],[10.12518,53.63837],[10.14251,53.63763]]]},"properties":{"plz":"22393","name":"22393 Hamburg"}},{"type":"Feature","geometry":{"type":"Polygon","coordinates":[[[10.14476,53.67614],[10.14343,53.68077],[10.11837,53.69153],[10.1153,53.68072],[10.09973,53.66875],[10.09214,53.67216],[10.09754,53.66735],[10.08704,53.65593],[10.09614,53.65598],[10.10175,53.65242],[10.11456,53.66067],[10.14045,53.6543],[10.13879,53.66703],[10.14476,53.67614]]]},"properties":{"plz":"22395","name":"22395 Hamburg"}},{"type":"Feature","geometry":{"type":"Polygon","coordinates":[[[10.14343,53.68077],[10.15894,53.69026],[10.15694,53.70451],[10.17411,53.7125],[10.1779,53.70992],[10.18156,53.7089],[10.19369,53.731],[10.16939,53.73895],[10.1616,53.7333],[10.12597,53.71939],[10.12113,53.71316],[10.10205,53.71513],[10.08198,53.72044],[10.07073,53.70994],[10.06938,53.70615],[10.07899,53.7039],[10.07134,53.69696],[10.06586,53.68902],[10.06927,53.67953],[10.09214,53.67216],[10.09973,53.66875],[10.1153,53.68072],[10.11837,53.69153],[10.14343,53.68077]]]},"properties":{"plz":"22397","name":"22397 Hamburg"}},{"type":"Feature","geometry":{"type":"Polygon","coordinates":[[[10.06471,53.64942],[10.08704,53.65593],[10.09754,53.66735],[10.09214,53.67216],[10.06927,53.67953],[10.05171,53.67771],[10.05952,53.66523],[10.05236,53.65368],[10.06471,53.64942]]]},"properties":{"plz":"22399","name":"22399 Hamburg"}},{"type":"Feature","geometry":{"type":"Polygon","coordinates":[[[10.01643,53.63996],[10.03302,53.65133],[10.01668,53.65479],[10.00338,53.65683],[9.98737,53.65072],[9.98523,53.64834],[9.99265,53.63984],[10.01643,53.63996]]]},"properties":{"plz":"22415","name":"22415 Hamburg"}},{"type":"Feature","geometry":{"type":"Polygon","coordinates":[[[10.05236,53.65368],[10.05952,53.66523],[10.05171,53.67771],[10.04345,53.68198],[10.0246,53.68161],[10.00147,53.68108],[10.01786,53.67346],[10.01668,53.65479],[10.03302,53.65133],[10.03642,53.6552],[10.05236,53.65368]]]},"properties":{"plz":"22417","name":"22417 Hamburg"}},{"type":"Feature","geometry":{"type":"Polygon","coordinates":[[[10.01668,53.65479],[10.01786,53.67346],[10.00147,53.68108],[9.99962,53.68152],[9.99244,53.67639],[9.98737,53.65072],[10.00338,53.65683],[10.01668,53.65479]]]},"properties":{"plz":"22419","name":"22419 Hamburg"}},{"type":"Feature","geometry":{"type":"Polygon","coordinates":[[[9.99808,53.61274],[9.98961,53.62002],[9.97627,53.62104],[9.95673,53.61452],[9.97909,53.62814],[9.98541,53.63907],[9.9789,53.64658],[9.96142,53.62911],[9.95413,53.6174],[9.92792,53.61998],[9.92722,53.61454],[9.93537,53.60649],[9.95404,53.60801],[9.98474,53.60139],[9.99808,53.61274]]]},"properties":{"plz":"22453","name":"22453 Hamburg"}},{"type":"Feature","geometry":{"type":"Polygon","coordinates":[[[9.97628,53.64972],[9.95168,53.65056],[9.92981,53.64292],[9.92602,53.63511],[9.93988,53.62987],[9.96299,53.63372],[9.96142,53.62911],[9.9789,53.64658],[9.97628,53.64972]]]},"properties":{"plz":"22455","name":"22455 Hamburg"}},{"type":"Feature","geometry":{"type":"Polygon","coordinates":[[[9.95168,53.65056],[9.9455,53.65275],[9.90688,53.65248],[9.90574,53.64174],[9.89688,53.63491],[9.88618,53.62521],[9.90868,53.62291],[9.91144,53.62967],[9.92602,53.63511],[9.92981,53.64292],[9.95168,53.65056]]]},"properties":{"plz":"22457","name":"22457 Hamburg"}},{"type":"Feature","geometry":{"type":"Polygon","coordinates":[[[9.96142,53.62911],[9.96299,53.63372],[9.93988,53.62987],[9.92602,53.63511],[9.91144,53.62967],[9.90868,53.62291],[9.92792,53.61998],[9.95413,53.6174],[9.96142,53.62911]]]},"properties":{"plz":"22459","name":"22459 Hamburg"}},{"type":"Feature","geometry":{"type":"Polygon","coordinates":[[[9.92792,53.61998],[9.90868,53.62291],[9.88618,53.62521],[9.88499,53.62195],[9.8692,53.61325],[9.90194,53.59763],[9.90757,53.60275],[9.91344,53.61302],[9.92722,53.61454],[9.92792,53.61998]]]},"properties":{"plz":"22523","name":"22523 Hamburg"}},{"type":"Feature","geometry":{"type":"Polygon","coordinates":[[[9.93753,53.57854],[9.93249,53.59098],[9.90757,53.60275],[9.90194,53.59763],[9.89803,53.59136],[9.88568,53.59257],[9.88486,53.58059],[9.89803,53.57372],[9.91536,53.56999],[9.93314,53.57147],[9.94049,53.5743],[9.93753,53.57854]]]},"properties":{"plz":"22525","name":"22525 Hamburg"}},{"type":"Feature","geometry":{"type":"Polygon","coordinates":[[[9.9508,53.58265],[9.94733,53.59231],[9.93537,53.60649],[9.92722,53.61454],[9.91344,53.61302],[9.90757,53.60275],[9.93249,53.59098],[9.93753,53.57854],[9.94096,53.58173],[9.9508,53.58265]]]},"properties":{"plz":"22527","name":"22527 Hamburg"}},{"type":"Feature","geometry":{"type":"Polygon","coordinates":[[[9.98474,53.60139],[9.95404,53.60801],[9.93537,53.60649],[9.94733,53.59231],[9.9508,53.58265],[9.95795,53.581],[9.96879,53.58624],[9.9754,53.59801],[9.98474,53.60139]]]},"properties":{"plz":"22529","name":"22529 Hamburg"}},{"type":"Feature","geometry":{"type":"Polygon","coordinates":[[[9.8692,53.61325],[9.86815,53.6093],[9.85404,53.59813],[9.86541,53.59679],[9.88012,53.58241],[9.88453,53.58035],[9.88486,53.58059],[9.88568,53.59257],[9.89803,53.59136],[9.90194,53.59763],[9.8692,53.61325]]]},"properties":{"plz":"22547","name":"22547 Hamburg"}},{"type":"Feature","geometry":{"type":"Polygon","coordinates":[[[9.85404,53.59813],[9.8377,53.59199],[9.83511,53.57943],[9.83972,53.56977],[9.86536,53.57156],[9.86781,53.58135],[9.88012,53.58241],[9.86541,53.59679],[9.85404,53.59813]]]},"properties":{"plz":"22549","name":"22549 Hamburg"}},{"type":"Feature","geometry":{"type":"Polygon","coordinates":[[[9.76335,53.55515],[9.76185,53.57033],[9.78236,53.57409],[9.77919,53.60547],[9.78972,53.60397],[9.79626,53.61032],[9.79122,53.60863],[9.77055,53.61603],[9.77133,53.63139],[9.75795,53.61827],[9.75543,53.60267],[9.74383,53.59815],[9.74559,53.58897],[9.73453,53.58254],[9.73605,53.57629],[9.73012,53.55764],[9.76335,53.55515]]]},"properties":{"plz":"22559","name":"22559 Hamburg"}},{"type":"Feature","geometry":{"type":"Polygon","coordinates":[[[9.8211,53.55069],[9.83361,53.55184],[9.83519,53.56688],[9.81867,53.56533],[9.81681,53.57491],[9.78236,53.57409],[9.76185,53.57033],[9.76335,53.55515],[9.77439,53.55433],[9.7776,53.55714],[9.8211,53.55069]]]},"properties":{"plz":"22587","name":"22587 Hamburg"}},{"type":"Feature","geometry":{"type":"Polygon","coordinates":[[[9.8377,53.59199],[9.82225,53.58455],[9.79751,53.59605],[9.78972,53.60397],[9.77919,53.60547],[9.78236,53.57409],[9.81681,53.57491],[9.81867,53.56533],[9.83519,53.56688],[9.83972,53.56977],[9.83511,53.57943],[9.8377,53.59199]]]},"properties":{"plz":"22589","name":"22589 Hamburg"}},{"type":"Feature","geometry":{"type":"Polygon","coordinates":[[[9.9131,53.54156],[9.91329,53.54728],[9.8982,53.55331],[9.90232,53.55976],[9.8994,53.56222],[9.89868,53.55964],[9.86498,53.55829],[9.86426,53.54423],[9.9131,53.54156]]]},"properties":{"plz":"22605","name":"22605 Hamburg"}},{"type":"Feature","geometry":{"type":"Polygon","coordinates":[[[9.88012,53.58241],[9.86781,53.58135],[9.86536,53.57156],[9.86498,53.55829],[9.89868,53.55964],[9.8994,53.56222],[9.88453,53.58035],[9.88012,53.58241]]]},"properties":{"plz":"22607","name":"22607 Hamburg"}},{"type":"Feature","geometry":{"type":"Polygon","coordinates":[[[9.86426,53.54423],[9.86498,53.55829],[9.86536,53.57156],[9.83972,53.56977],[9.83519,53.56688],[9.83361,53.55184],[9.8211,53.55069],[9.86426,53.54423]]]},"properties":{"plz":"22609","name":"22609 Hamburg"}},{"type":"Feature","geometry":{"type":"Polygon","coordinates":[[[9.88486,53.58059],[9.88453,53.58035],[9.8994,53.56222],[9.90232,53.55976],[9.92202,53.55978],[9.93517,53.56285],[9.93314,53.57147],[9.91536,53.56999],[9.89803,53.57372],[9.88486,53.58059]]]},"properties":{"plz":"22761","name":"22761 Hamburg"}},{"type":"Feature","geometry":{"type":"Polygon","coordinates":[[[9.92771,53.54178],[9.92758,53.54492],[9.92202,53.55978],[9.90232,53.55976],[9.8982,53.55331],[9.91329,53.54728],[9.9131,53.54156],[9.92771,53.54178]]]},"properties":{"plz":"22763","name":"22763 Hamburg"}},{"type":"Feature","geometry":{"type":"Polygon","coordinates":[[[9.92202,53.55978],[9.92758,53.54492],[9.95493,53.56108],[9.93517,53.56285],[9.92202,53.55978]]]},"properties":{"plz":"22765","name":"22765 Hamburg"}},{"type":"Feature","geometry":{"type":"Polygon","coordinates":[[[9.96275,53.55846],[9.95493,53.56108],[9.92758,53.54492],[9.92771,53.54178],[9.92986,53.54186],[9.95441,53.54346],[9.96275,53.55846]]]},"properties":{"plz":"22767","name":"22767 Hamburg"}},{"type":"Feature","geometry":{"type":"Polygon","coordinates":[[[9.94049,53.5743],[9.93314,53.57147],[9.93517,53.56285],[9.95493,53.56108],[9.96275,53.55846],[9.96346,53.55923],[9.95858,53.56554],[9.95043,53.56929],[9.94049,53.5743]]]},"properties":{"plz":"22769","name":"22769 Hamburg"}},{"type":"Feature","geometry":{"type":"Polygon","coordinates":[[[9.98335,53.75947],[9.97385,53.74596],[9.97845,53.74304],[9.9657,53.72867],[9.95514,53.73239],[9.95302,53.72502],[9.96055,53.72233],[9.96236,53.7246],[9.99857,53.72309],[9.99725,53.70617],[9.99515,53.69952],[10.00862,53.69348],[10.01172,53.69918],[10.02985,53.7104],[10.026,53.72645],[10.02265,53.7497],[10.00996,53.74514],[9.99602,53.74826],[9.98335,53.75947]]]},"properties":{"plz":"22844","name":"22844 Norderstedt"}},{"type":"Feature","geometry":{"type":"Polygon","coordinates":[[[9.96055,53.72233],[9.95247,53.71401],[9.94365,53.70314],[9.94353,53.69218],[9.96448,53.68526],[9.97755,53.68879],[9.97676,53.69697],[9.99206,53.69794],[9.99725,53.70617],[9.99857,53.72309],[9.96236,53.7246],[9.96055,53.72233]]]},"properties":{"plz":"22846","name":"22846 Norderstedt"}},{"type":"Feature","geometry":{"type":"Polygon","coordinates":[[[9.98523,53.64834],[9.98737,53.65072],[9.99244,53.67639],[9.99962,53.68152],[9.97446,53.68364],[9.97755,53.68879],[9.96448,53.68526],[9.94353,53.69218],[9.93476,53.67848],[9.9455,53.65275],[9.95168,53.65056],[9.97628,53.64972],[9.98523,53.64834]]]},"properties":{"plz":"22848","name":"22848 Norderstedt"}},{"type":"Feature","geometry":{"type":"Polygon","coordinates":[[[10.0246,53.68161],[10.00862,53.69348],[9.99515,53.69952],[9.99725,53.70617],[9.99206,53.69794],[9.97676,53.69697],[9.97755,53.68879],[9.97446,53.68364],[9.99962,53.68152],[10.00147,53.68108],[10.0246,53.68161]]]},"properties":{"plz":"22850","name":"22850 Norderstedt"}},{"type":"Feature","geometry":{"type":"Polygon","coordinates":[[[10.07073,53.70994],[10.05941,53.71523],[10.03319,53.71876],[10.026,53.72645],[10.02985,53.7104],[10.01172,53.69918],[10.00862,53.69348],[10.0246,53.68161],[10.04345,53.68198],[10.05171,53.67771],[10.06927,53.67953],[10.06586,53.68902],[10.07134,53.69696],[10.06032,53.69697],[10.06938,53.70615],[10.07073,53.70994]]]},"properties":{"plz":"22851","name":"22851 Norderstedt"}},{"type":"Feature","geometry":{"type":"Polygon","coordinates":[[[9.86815,53.6093],[9.84032,53.61562],[9.83755,53.61221],[9.80278,53.61299],[9.79626,53.61032],[9.78972,53.60397],[9.79751,53.59605],[9.82225,53.58455],[9.8377,53.59199],[9.85404,53.59813],[9.86815,53.6093]]]},"properties":{"plz":"22869","name":"22869 Schenefeld"}},{"type":"Feature","geometry":{"type":"Polygon","coordinates":[[[9.73012,53.55764],[9.73605,53.57629],[9.73453,53.58254],[9.74559,53.58897],[9.74383,53.59815],[9.75543,53.60267],[9.75795,53.61827],[9.75594,53.61875],[9.72126,53.6174],[9.69886,53.61071],[9.68324,53.6114],[9.68208,53.60732],[9.66097,53.60681],[9.66255,53.5951],[9.64555,53.588],[9.65761,53.58126],[9.64937,53.57575],[9.67592,53.56462],[9.70448,53.5591],[9.73012,53.55764]]]},"properties":{"plz":"22880","name":"22880 Wedel"}},{"type":"Feature","geometry":{"type":"Polygon","coordinates":[[[10.27857,53.56893],[10.26421,53.57927],[10.2619,53.58925],[10.24303,53.59186],[10.24163,53.59552],[10.23176,53.59872],[10.21974,53.5906],[10.21044,53.59116],[10.20129,53.58401],[10.18716,53.58552],[10.16532,53.58232],[10.16183,53.58577],[10.15169,53.57619],[10.15067,53.56973],[10.14771,53.56439],[10.16049,53.56097],[10.18203,53.55941],[10.2018,53.5568],[10.22927,53.559],[10.27279,53.56567],[10.27857,53.56893]]]},"properties":{"plz":"22885","name":"22885 Barsbüttel"}},{"type":"Feature","geometry":{"type":"MultiPolygon","coordinates":[[[[10.06938,53.70615],[10.06032,53.69697],[10.07134,53.69696],[10.07899,53.7039],[10.06938,53.70615]]],[[[10.16939,53.73895],[10.17059,53.74033],[10.15516,53.74558],[10.14037,53.75564],[10.13209,53.75501],[10.12823,53.74587],[10.1081,53.74496],[10.10601,53.7547],[10.11228,53.76709],[10.0953,53.77002],[10.07634,53.76551],[10.05882,53.76606],[10.05024,53.7615],[10.0426,53.76562],[10.03738,53.75361],[10.02265,53.7497],[10.026,53.72645],[10.03319,53.71876],[10.05941,53.71523],[10.07073,53.70994],[10.08198,53.72044],[10.10205,53.71513],[10.12113,53.71316],[10.12597,53.71939],[10.1616,53.7333],[10.16939,53.73895]]]]},"properties":{"plz":"22889","name":"22889 Tangstedt"}},{"type":"Feature","geometry":{"type":"Polygon","coordinates":[[[10.24106,53.63338],[10.25637,53.64332],[10.27557,53.63767],[10.27889,53.64261],[10.25445,53.65091],[10.25201,53.66141],[10.2561,53.67275],[10.28334,53.67334],[10.28154,53.68468],[10.29682,53.68156],[10.31228,53.68969],[10.31567,53.69748],[10.30218,53.6987],[10.29715,53.70393],[10.27841,53.70351],[10.2827,53.69223],[10.26299,53.69473],[10.24324,53.68883],[10.24217,53.69597],[10.2262,53.70025],[10.22307,53.69347],[10.23303,53.69018],[10.21454,53.68518],[10.2162,53.67829],[10.17565,53.67882],[10.17153,53.66869],[10.19589,53.65475],[10.19885,53.64673],[10.18964,53.63837],[10.22253,53.63351],[10.24106,53.63338]]]},"properties":{"plz":"22926","name":"22926 Ahrensburg"}},{"type":"Feature","geometry":{"type":"Polygon","coordinates":[[[10.27889,53.64261],[10.29429,53.65368],[10.31112,53.67672],[10.3152,53.68259],[10.31228,53.68969],[10.29682,53.68156],[10.28154,53.68468],[10.28334,53.67334],[10.2561,53.67275],[10.25201,53.66141],[10.25445,53.65091],[10.27889,53.64261]]]},"properties":{"plz":"22927","name":"22927 Großhansdorf"}},{"type":"Feature","geometry":{"type":"MultiPolygon","coordinates":[[[[10.52611,53.60262],[10.52268,53.61247],[10.49915,53.62929],[10.50608,53.62248],[10.48314,53.61758],[10.47932,53.60143],[10.46786,53.60168],[10.46531,53.60983],[10.45138,53.60621],[10.43724,53.61069],[10.43516,53.60544],[10.41851,53.60186],[10.41817,53.59725],[10.42772,53.58982],[10.4558,53.59114],[10.46747,53.59059],[10.47091,53.59781],[10.51194,53.60575],[10.52611,53.60262]]],[[[10.43846,53.57242],[10.43318,53.57615],[10.40579,53.57709],[10.38998,53.56132],[10.40299,53.54543],[10.44112,53.55513],[10.43496,53.55867],[10.43846,53.57242]]],[[[10.34594,53.58985],[10.33933,53.5958],[10.345,53.60388],[10.32991,53.59716],[10.31422,53.5982],[10.29855,53.58994],[10.3076,53.58002],[10.33432,53.58248],[10.34594,53.58985]]],[[[10.4033,53.67373],[10.40959,53.66692],[10.41422,53.66205],[10.43343,53.65727],[10.43559,53.64601],[10.45569,53.64753],[10.44422,53.65614],[10.4488,53.66144],[10.46007,53.66063],[10.46791,53.66878],[10.44832,53.67053],[10.45501,53.67721],[10.46488,53.6775],[10.45209,53.68583],[10.4388,53.69988],[10.41001,53.70226],[10.41421,53.69292],[10.4033,53.67373]]]]},"properties":{"plz":"22929","name":"22929 Hamfelde, Kasseburg, Köthel, Rausdorf, Schönberg"}},{"type":"Feature","geometry":{"type":"Polygon","coordinates":[[[10.1779,53.70992],[10.18962,53.70249],[10.20859,53.71423],[10.21455,53.70976],[10.23244,53.71309],[10.24284,53.70626],[10.22712,53.70673],[10.24217,53.69597],[10.24324,53.68883],[10.26299,53.69473],[10.2827,53.69223],[10.27841,53.70351],[10.29715,53.70393],[10.30218,53.6987],[10.31567,53.69748],[10.32533,53.69811],[10.33488,53.71452],[10.34557,53.71581],[10.3464,53.72207],[10.33973,53.73479],[10.32372,53.73295],[10.30995,53.72141],[10.29472,53.72798],[10.29388,53.73774],[10.28326,53.74564],[10.25696,53.75194],[10.2369,53.76245],[10.23916,53.76759],[10.21575,53.75397],[10.20013,53.75671],[10.19449,53.74895],[10.17824,53.74868],[10.17059,53.74033],[10.16939,53.73895],[10.19369,53.731],[10.18156,53.7089],[10.1779,53.70992]]]},"properties":{"plz":"22941","name":"22941 Bargteheide, Delingsdorf u.a."}},{"type":"Feature","geometry":{"type":"MultiPolygon","coordinates":[[[[10.30648,53.57996],[10.3076,53.58002],[10.29855,53.58994],[10.31422,53.5982],[10.32991,53.59716],[10.345,53.60388],[10.33933,53.5958],[10.34594,53.58985],[10.35392,53.59124],[10.36322,53.57263],[10.36948,53.57378],[10.3889,53.57818],[10.4001,53.59001],[10.41817,53.59725],[10.41851,53.60186],[10.43516,53.60544],[10.43724,53.61069],[10.45138,53.60621],[10.46531,53.60983],[10.46786,53.60168],[10.47932,53.60143],[10.48314,53.61758],[10.50608,53.62248],[10.49915,53.62929],[10.49748,53.63081],[10.4928,53.63357],[10.45982,53.63188],[10.44558,53.63959],[10.42081,53.63638],[10.40758,53.63014],[10.40156,53.63568],[10.3876,53.63065],[10.36979,53.63298],[10.36271,53.62889],[10.34946,53.636],[10.32799,53.63163],[10.31125,53.63269],[10.31323,53.62387],[10.30615,53.61626],[10.28954,53.61912],[10.28242,53.61419],[10.28659,53.60953],[10.26462,53.60776],[10.24163,53.59552],[10.24303,53.59186],[10.2619,53.58925],[10.26421,53.57927],[10.27857,53.56893],[10.29269,53.57536],[10.30447,53.57183],[10.30648,53.57996]]],[[[10.4558,53.59114],[10.42772,53.58982],[10.43949,53.58577],[10.43746,53.57535],[10.45665,53.58202],[10.4558,53.59114]]]]},"properties":{"plz":"22946","name":"22946 Trittau"}},{"type":"Feature","geometry":{"type":"Polygon","coordinates":[[[10.17153,53.66869],[10.17565,53.67882],[10.2162,53.67829],[10.21454,53.68518],[10.23303,53.69018],[10.22307,53.69347],[10.2262,53.70025],[10.24217,53.69597],[10.22712,53.70673],[10.24284,53.70626],[10.23244,53.71309],[10.21455,53.70976],[10.20859,53.71423],[10.18962,53.70249],[10.1779,53.70992],[10.17411,53.7125],[10.15694,53.70451],[10.15894,53.69026],[10.14343,53.68077],[10.14476,53.67614],[10.15579,53.66993],[10.17153,53.66869]]]},"properties":{"plz":"22949","name":"22949 Ammersbek"}},{"type":"Feature","geometry":{"type":"Polygon","coordinates":[[[10.4033,53.67373],[10.38922,53.67212],[10.37174,53.67826],[10.36738,53.67717],[10.37217,53.67217],[10.35974,53.67015],[10.36146,53.6635],[10.34808,53.6612],[10.33736,53.64167],[10.35047,53.64464],[10.34946,53.636],[10.36271,53.62889],[10.36979,53.63298],[10.3876,53.63065],[10.38548,53.64201],[10.39949,53.64717],[10.38962,53.65314],[10.38995,53.65941],[10.40959,53.66692],[10.4033,53.67373]]]},"properties":{"plz":"22952","name":"22952 Lütjensee"}},{"type":"Feature","geometry":{"type":"Polygon","coordinates":[[[10.29429,53.65368],[10.30736,53.65149],[10.31125,53.63269],[10.32799,53.63163],[10.34946,53.636],[10.35047,53.64464],[10.33736,53.64167],[10.34808,53.6612],[10.31112,53.67672],[10.29429,53.65368]]]},"properties":{"plz":"22955","name":"22955 Hoisdorf"}},{"type":"Feature","geometry":{"type":"Polygon","coordinates":[[[10.40959,53.66692],[10.38995,53.65941],[10.38962,53.65314],[10.39949,53.64717],[10.38548,53.64201],[10.3876,53.63065],[10.40156,53.63568],[10.40758,53.63014],[10.42081,53.63638],[10.44558,53.63959],[10.43559,53.64601],[10.43343,53.65727],[10.41422,53.66205],[10.40959,53.66692]]]},"properties":{"plz":"22956","name":"22956 Grönwohld"}},{"type":"Feature","geometry":{"type":"Polygon","coordinates":[[[10.43746,53.57535],[10.43949,53.58577],[10.42772,53.58982],[10.41817,53.59725],[10.4001,53.59001],[10.3889,53.57818],[10.36948,53.57378],[10.38532,53.56822],[10.38998,53.56132],[10.40579,53.57709],[10.43318,53.57615],[10.43846,53.57242],[10.43746,53.57535]]]},"properties":{"plz":"22958","name":"22958 Kuddewörde"}},{"type":"Feature","geometry":{"type":"Polygon","coordinates":[[[10.43559,53.64601],[10.44558,53.63959],[10.45982,53.63188],[10.4928,53.63357],[10.49748,53.63081],[10.50346,53.64752],[10.4878,53.65748],[10.47961,53.65461],[10.46007,53.66063],[10.4488,53.66144],[10.44422,53.65614],[10.45569,53.64753],[10.43559,53.64601]]]},"properties":{"plz":"22959","name":"22959 Linau"}},{"type":"Feature","geometry":{"type":"Polygon","coordinates":[[[10.31112,53.67672],[10.34808,53.6612],[10.36146,53.6635],[10.35974,53.67015],[10.37217,53.67217],[10.36738,53.67717],[10.34869,53.67832],[10.34167,53.68307],[10.3152,53.68259],[10.31112,53.67672]]]},"properties":{"plz":"22961","name":"22961 Hoisdorf"}},{"type":"Feature","geometry":{"type":"Polygon","coordinates":[[[10.28242,53.61419],[10.28954,53.61912],[10.30615,53.61626],[10.31323,53.62387],[10.31125,53.63269],[10.30736,53.65149],[10.29429,53.65368],[10.27889,53.64261],[10.27557,53.63767],[10.25637,53.64332],[10.24106,53.63338],[10.24468,53.62444],[10.25816,53.62352],[10.28242,53.61419]]]},"properties":{"plz":"22962","name":"22962 Siek"}},{"type":"Feature","geometry":{"type":"Polygon","coordinates":[[[10.4388,53.69988],[10.44652,53.71339],[10.44571,53.7239],[10.42357,53.72531],[10.40889,53.73356],[10.40025,53.72865],[10.39712,53.73801],[10.37119,53.72767],[10.36817,53.71946],[10.35377,53.72053],[10.35199,53.71628],[10.37195,53.70729],[10.37573,53.7005],[10.36508,53.6884],[10.37521,53.68731],[10.37174,53.67826],[10.38922,53.67212],[10.4033,53.67373],[10.41421,53.69292],[10.41001,53.70226],[10.4388,53.69988]]]},"properties":{"plz":"22964","name":"22964 Steinburg"}},{"type":"Feature","geometry":{"type":"Polygon","coordinates":[[[10.31228,53.68969],[10.3152,53.68259],[10.34167,53.68307],[10.34869,53.67832],[10.36738,53.67717],[10.37174,53.67826],[10.37521,53.68731],[10.36508,53.6884],[10.37573,53.7005],[10.37195,53.70729],[10.35199,53.71628],[10.35377,53.72053],[10.3464,53.72207],[10.34557,53.71581],[10.33488,53.71452],[10.32533,53.69811],[10.31567,53.69748],[10.31228,53.68969]]]},"properties":{"plz":"22965","name":"22965 Todendorf"}},{"type":"Feature","geometry":{"type":"Polygon","coordinates":[[[10.33973,53.73479],[10.3268,53.74729],[10.33948,53.74571],[10.34289,53.75322],[10.34337,53.76105],[10.3257,53.76594],[10.316,53.761],[10.28326,53.74564],[10.29388,53.73774],[10.29472,53.72798],[10.30995,53.72141],[10.32372,53.73295],[10.33973,53.73479]]]},"properties":{"plz":"22967","name":"22967 Tremsbüttel"}},{"type":"Feature","geometry":{"type":"Polygon","coordinates":[[[10.31486,53.55409],[10.3309,53.5621],[10.34735,53.56488],[10.36322,53.57263],[10.35392,53.59124],[10.34594,53.58985],[10.33432,53.58248],[10.3076,53.58002],[10.30648,53.57996],[10.31586,53.57176],[10.30993,53.56851],[10.31486,53.55409]]]},"properties":{"plz":"22969","name":"22969 Witzhave"}},{"type":"Feature","geometry":{"type":"Polygon","coordinates":[[[10.6778,53.86628],[10.67583,53.86621],[10.67795,53.85639],[10.66316,53.8465],[10.65198,53.84562],[10.62984,53.8502],[10.6217,53.84758],[10.59971,53.83842],[10.57855,53.83824],[10.56427,53.83443],[10.55432,53.82716],[10.55718,53.82173],[10.56436,53.82161],[10.57743,53.80327],[10.59493,53.81319],[10.60354,53.80705],[10.60407,53.79279],[10.59112,53.79129],[10.58657,53.78959],[10.60191,53.77655],[10.616,53.77701],[10.64062,53.78339],[10.63173,53.79466],[10.65411,53.79465],[10.66744,53.78961],[10.64906,53.7858],[10.65968,53.78337],[10.66689,53.78767],[10.68352,53.78197],[10.69479,53.7837],[10.71318,53.78759],[10.70697,53.79215],[10.72881,53.80195],[10.69974,53.79944],[10.68601,53.83745],[10.68799,53.85116],[10.69188,53.85799],[10.6778,53.86628]]]},"properties":{"plz":"23560","name":"23560 Lübeck"}},{"type":"Feature","geometry":{"type":"Polygon","coordinates":[[[10.57843,53.89845],[10.57943,53.90604],[10.56222,53.9058],[10.55973,53.91014],[10.54338,53.9096],[10.53402,53.91855],[10.52431,53.91215],[10.51134,53.91338],[10.50214,53.90873],[10.50475,53.90088],[10.46387,53.90046],[10.45243,53.90232],[10.43758,53.89838],[10.42468,53.90168],[10.43127,53.89139],[10.44439,53.89005],[10.4345,53.87969],[10.43305,53.87808],[10.44061,53.86679],[10.45479,53.8644],[10.45454,53.85649],[10.47357,53.8548],[10.47454,53.86329],[10.49249,53.86685],[10.50229,53.8582],[10.51413,53.86386],[10.51677,53.85889],[10.53953,53.85673],[10.56023,53.848],[10.55747,53.83578],[10.56427,53.83443],[10.57855,53.83824],[10.59971,53.83842],[10.6217,53.84758],[10.61908,53.84902],[10.594,53.8524],[10.58756,53.86001],[10.59434,53.87229],[10.56602,53.88142],[10.56269,53.88596],[10.57843,53.89845]]]},"properties":{"plz":"23619","name":"23619 Zarpen"}},{"type":"Feature","geometry":{"type":"Polygon","coordinates":[[[10.616,53.77701],[10.63194,53.76921],[10.63912,53.76802],[10.64818,53.75269],[10.67127,53.75271],[10.68079,53.74598],[10.70181,53.77078],[10.69479,53.7837],[10.68352,53.78197],[10.66689,53.78767],[10.65968,53.78337],[10.64906,53.7858],[10.66744,53.78961],[10.65411,53.79465],[10.63173,53.79466],[10.64062,53.78339],[10.616,53.77701]]]},"properties":{"plz":"23628","name":"23628 Krummesse, Klempau"}},{"type":"Feature","geometry":{"type":"Polygon","coordinates":[[[10.46387,53.90046],[10.43941,53.91583],[10.41993,53.91976],[10.43468,53.93987],[10.43082,53.9445],[10.40247,53.95302],[10.37309,53.9454],[10.34975,53.95539],[10.35401,53.96198],[10.35085,53.97645],[10.34836,53.98121],[10.32394,53.97948],[10.32688,53.987],[10.32097,53.99536],[10.31176,53.99398],[10.30166,53.98561],[10.28715,53.9948],[10.27887,53.99185],[10.24987,54.00596],[10.22674,54.00761],[10.21473,53.99859],[10.22077,53.98839],[10.21259,53.98542],[10.20322,53.97394],[10.23682,53.9659],[10.23831,53.94397],[10.24186,53.92339],[10.23434,53.91497],[10.24387,53.9097],[10.24026,53.90254],[10.25119,53.89132],[10.2808,53.88854],[10.314,53.8915],[10.32667,53.88316],[10.33564,53.88587],[10.34808,53.89288],[10.34245,53.90673],[10.39369,53.91639],[10.40806,53.91116],[10.41261,53.90286],[10.42468,53.90168],[10.43758,53.89838],[10.45243,53.90232],[10.46387,53.90046]]]},"properties":{"plz":"23795","name":"23795 Bad Segeberg"}},{"type":"Feature","geometry":{"type":"Polygon","coordinates":[[[10.20322,53.97394],[10.15878,53.96858],[10.157,53.97304],[10.14013,53.97257],[10.12129,53.96209],[10.10733,53.95973],[10.09387,53.94892],[10.07438,53.95114],[10.0412,53.9321],[10.03865,53.92352],[10.05502,53.91438],[10.06341,53.90674],[10.08384,53.91831],[10.09004,53.90809],[10.1064,53.90579],[10.08896,53.92156],[10.12709,53.92946],[10.16695,53.92068],[10.18212,53.9358],[10.20013,53.93846],[10.2191,53.93766],[10.23831,53.94397],[10.23682,53.9659],[10.20322,53.97394]]]},"properties":{"plz":"23812","name":"23812 Wahlstedt"}},{"type":"Feature","geometry":{"type":"Polygon","coordinates":[[[10.51134,53.91338],[10.50291,53.91531],[10.49663,53.92649],[10.4716,53.93033],[10.47039,53.94488],[10.44468,53.94983],[10.43082,53.9445],[10.43468,53.93987],[10.41993,53.91976],[10.43941,53.91583],[10.46387,53.90046],[10.50475,53.90088],[10.50214,53.90873],[10.51134,53.91338]]]},"properties":{"plz":"23815","name":"23815 Geschendorf"}},{"type":"Feature","geometry":{"type":"Polygon","coordinates":[[[10.25119,53.89132],[10.24861,53.88237],[10.21645,53.88262],[10.21594,53.87356],[10.20708,53.872],[10.19545,53.86005],[10.18977,53.85984],[10.20675,53.8475],[10.2182,53.82878],[10.22418,53.82679],[10.23952,53.82701],[10.26784,53.83954],[10.27255,53.84592],[10.28389,53.84528],[10.28942,53.8551],[10.31278,53.8561],[10.31777,53.85297],[10.32025,53.86973],[10.33286,53.87051],[10.32667,53.88316],[10.314,53.8915],[10.2808,53.88854],[10.25119,53.89132]]]},"properties":{"plz":"23816","name":"23816 Leezen"}},{"type":"Feature","geometry":{"type":"Polygon","coordinates":[[[10.42468,53.90168],[10.41261,53.90286],[10.40806,53.91116],[10.39369,53.91639],[10.34245,53.90673],[10.34808,53.89288],[10.33564,53.88587],[10.35766,53.88689],[10.37164,53.89468],[10.39106,53.89472],[10.4345,53.87969],[10.44439,53.89005],[10.43127,53.89139],[10.42468,53.90168]]]},"properties":{"plz":"23818","name":"23818 Neuengörs"}},{"type":"Feature","geometry":{"type":"Polygon","coordinates":[[[10.43082,53.9445],[10.44468,53.94983],[10.45213,53.95238],[10.44718,53.96534],[10.441,53.97221],[10.41898,53.97659],[10.38855,53.97571],[10.37291,53.98489],[10.36676,53.97573],[10.35085,53.97645],[10.35401,53.96198],[10.34975,53.95539],[10.37309,53.9454],[10.40247,53.95302],[10.43082,53.9445]]]},"properties":{"plz":"23821","name":"23821 Rohlstorf"}},{"type":"Feature","geometry":{"type":"Polygon","coordinates":[[[10.1064,53.90579],[10.10794,53.88366],[10.09253,53.88317],[10.08643,53.87658],[10.10344,53.87166],[10.13089,53.8766],[10.14852,53.86987],[10.17472,53.87069],[10.18977,53.85984],[10.19545,53.86005],[10.20708,53.872],[10.21594,53.87356],[10.21645,53.88262],[10.20841,53.8831],[10.20944,53.89501],[10.20491,53.90278],[10.21003,53.91506],[10.2053,53.93036],[10.22451,53.93094],[10.2191,53.93766],[10.20013,53.93846],[10.18212,53.9358],[10.16695,53.92068],[10.12709,53.92946],[10.08896,53.92156],[10.1064,53.90579]]]},"properties":{"plz":"23826","name":"23826 Bark"}},{"type":"Feature","geometry":{"type":"Polygon","coordinates":[[[10.23831,53.94397],[10.2191,53.93766],[10.22451,53.93094],[10.2053,53.93036],[10.21003,53.91506],[10.20491,53.90278],[10.20944,53.89501],[10.20841,53.8831],[10.21645,53.88262],[10.24861,53.88237],[10.25119,53.89132],[10.24026,53.90254],[10.24387,53.9097],[10.23434,53.91497],[10.24186,53.92339],[10.23831,53.94397]]]},"properties":{"plz":"23829","name":"23829 Wittenborn"}},{"type":"Feature","geometry":{"type":"Polygon","coordinates":[[[10.34289,53.75322],[10.3608,53.74662],[10.37284,53.75491],[10.36531,53.76198],[10.37057,53.77172],[10.36551,53.7794],[10.38907,53.78245],[10.39403,53.77134],[10.41855,53.76924],[10.43173,53.7716],[10.4244,53.78721],[10.43585,53.79384],[10.42251,53.79872],[10.4327,53.80357],[10.42896,53.81304],[10.43437,53.81645],[10.41547,53.82891],[10.42071,53.84485],[10.41031,53.85239],[10.39369,53.85354],[10.39458,53.86204],[10.37803,53.86522],[10.35434,53.85337],[10.34112,53.85819],[10.34598,53.86814],[10.33286,53.87051],[10.32025,53.86973],[10.31777,53.85297],[10.31278,53.8561],[10.28942,53.8551],[10.28389,53.84528],[10.27255,53.84592],[10.26784,53.83954],[10.23952,53.82701],[10.24066,53.82047],[10.2763,53.82419],[10.28735,53.82125],[10.27946,53.81604],[10.2994,53.81444],[10.29723,53.79767],[10.27552,53.7943],[10.26976,53.78825],[10.25919,53.78356],[10.27438,53.77644],[10.2961,53.78254],[10.30817,53.76427],[10.316,53.761],[10.3257,53.76594],[10.34337,53.76105],[10.34289,53.75322]]]},"properties":{"plz":"23843","name":"23843 Bad Oldesloe"}},{"type":"Feature","geometry":{"type":"MultiPolygon","coordinates":[[[[10.4345,53.87969],[10.39106,53.89472],[10.37164,53.89468],[10.35766,53.88689],[10.33564,53.88587],[10.32667,53.88316],[10.33286,53.87051],[10.34598,53.86814],[10.34112,53.85819],[10.35434,53.85337],[10.37803,53.86522],[10.39458,53.86204],[10.39494,53.86841],[10.40921,53.86792],[10.41677,53.87464],[10.43305,53.87808],[10.4345,53.87969]]],[[[10.18977,53.85984],[10.17472,53.87069],[10.14852,53.86987],[10.13887,53.85247],[10.14127,53.84429],[10.12012,53.84098],[10.10927,53.82878],[10.11602,53.82013],[10.12092,53.82435],[10.13404,53.82013],[10.16056,53.7887],[10.17815,53.79215],[10.19477,53.80266],[10.19207,53.80721],[10.2135,53.81409],[10.22418,53.82679],[10.2182,53.82878],[10.20675,53.8475],[10.18977,53.85984]]],[[[10.24066,53.82047],[10.25437,53.81695],[10.24753,53.80337],[10.26181,53.79707],[10.26272,53.78729],[10.26976,53.78825],[10.27552,53.7943],[10.29723,53.79767],[10.2994,53.81444],[10.27946,53.81604],[10.28735,53.82125],[10.2763,53.82419],[10.24066,53.82047]]]]},"properties":{"plz":"23845","name":"23845 Seth"}},{"type":"Feature","geometry":{"type":"Polygon","coordinates":[[[10.45209,53.68583],[10.465,53.68478],[10.47854,53.70263],[10.48343,53.69708],[10.50108,53.7012],[10.50557,53.70639],[10.49754,53.71443],[10.51617,53.72493],[10.5113,53.71805],[10.52542,53.72053],[10.54315,53.73451],[10.56054,53.72771],[10.58112,53.72403],[10.58909,53.71579],[10.60428,53.72152],[10.60352,53.72752],[10.61571,53.7304],[10.60299,53.74329],[10.59348,53.74122],[10.58575,53.74714],[10.58734,53.75462],[10.60135,53.75568],[10.60761,53.76796],[10.63194,53.76921],[10.616,53.77701],[10.60191,53.77655],[10.58657,53.78959],[10.59112,53.79129],[10.56813,53.78771],[10.55404,53.77937],[10.54548,53.78326],[10.53623,53.79732],[10.51388,53.7979],[10.50376,53.78901],[10.47291,53.79392],[10.47066,53.79789],[10.44966,53.80368],[10.44937,53.81995],[10.43437,53.81645],[10.42896,53.81304],[10.4327,53.80357],[10.42251,53.79872],[10.43585,53.79384],[10.4244,53.78721],[10.43173,53.7716],[10.41855,53.76924],[10.39403,53.77134],[10.38907,53.78245],[10.36551,53.7794],[10.37057,53.77172],[10.36531,53.76198],[10.37284,53.75491],[10.3608,53.74662],[10.34289,53.75322],[10.33948,53.74571],[10.3268,53.74729],[10.33973,53.73479],[10.3464,53.72207],[10.35377,53.72053],[10.36817,53.71946],[10.37119,53.72767],[10.39712,53.73801],[10.40025,53.72865],[10.40889,53.73356],[10.42357,53.72531],[10.44571,53.7239],[10.44652,53.71339],[10.4388,53.69988],[10.45209,53.68583]]]},"properties":{"plz":"23847","name":"23847 Lasbek"}},{"type":"Feature","geometry":{"type":"Polygon","coordinates":[[[10.56427,53.83443],[10.55747,53.83578],[10.56023,53.848],[10.53953,53.85673],[10.51677,53.85889],[10.51413,53.86386],[10.50229,53.8582],[10.49249,53.86685],[10.47454,53.86329],[10.47357,53.8548],[10.45454,53.85649],[10.45479,53.8644],[10.44061,53.86679],[10.43305,53.87808],[10.41677,53.87464],[10.40921,53.86792],[10.39494,53.86841],[10.39458,53.86204],[10.39369,53.85354],[10.41031,53.85239],[10.42071,53.84485],[10.41547,53.82891],[10.43437,53.81645],[10.44937,53.81995],[10.44966,53.80368],[10.47066,53.79789],[10.47291,53.79392],[10.50376,53.78901],[10.51388,53.7979],[10.51307,53.80984],[10.53634,53.81089],[10.55718,53.82173],[10.55432,53.82716],[10.56427,53.83443]]]},"properties":{"plz":"23858","name":"23858 Reinfeld (Holstein)"}},{"type":"Feature","geometry":{"type":"Polygon","coordinates":[[[10.55718,53.82173],[10.53634,53.81089],[10.51307,53.80984],[10.51388,53.7979],[10.53623,53.79732],[10.54548,53.78326],[10.55404,53.77937],[10.56813,53.78771],[10.59112,53.79129],[10.60407,53.79279],[10.60354,53.80705],[10.59493,53.81319],[10.57743,53.80327],[10.56436,53.82161],[10.55718,53.82173]]]},"properties":{"plz":"23860","name":"23860 Klein Wesenberg"}},{"type":"Feature","geometry":{"type":"Polygon","coordinates":[[[10.17059,53.74033],[10.17824,53.74868],[10.19449,53.74895],[10.20013,53.75671],[10.21575,53.75397],[10.23916,53.76759],[10.23822,53.77634],[10.22961,53.78203],[10.21676,53.78307],[10.21365,53.79124],[10.19477,53.80266],[10.17815,53.79215],[10.16056,53.7887],[10.14923,53.78738],[10.14584,53.77984],[10.13257,53.77141],[10.11757,53.77451],[10.11228,53.76709],[10.10601,53.7547],[10.1081,53.74496],[10.12823,53.74587],[10.13209,53.75501],[10.14037,53.75564],[10.15516,53.74558],[10.17059,53.74033]]]},"properties":{"plz":"23863","name":"23863 Bargfeld-Stegen"}},{"type":"Feature","geometry":{"type":"Polygon","coordinates":[[[10.11602,53.82013],[10.11384,53.81743],[10.11308,53.80376],[10.11757,53.77451],[10.13257,53.77141],[10.14584,53.77984],[10.14923,53.78738],[10.16056,53.7887],[10.13404,53.82013],[10.12092,53.82435],[10.11602,53.82013]]]},"properties":{"plz":"23866","name":"23866 Nahe"}},{"type":"Feature","geometry":{"type":"Polygon","coordinates":[[[10.22418,53.82679],[10.2135,53.81409],[10.19207,53.80721],[10.19477,53.80266],[10.21365,53.79124],[10.21676,53.78307],[10.22961,53.78203],[10.25919,53.78356],[10.26976,53.78825],[10.26272,53.78729],[10.26181,53.79707],[10.24753,53.80337],[10.25437,53.81695],[10.24066,53.82047],[10.23952,53.82701],[10.22418,53.82679]]]},"properties":{"plz":"23867","name":"23867 Sülfeld"}},{"type":"Feature","geometry":{"type":"Polygon","coordinates":[[[10.28326,53.74564],[10.316,53.761],[10.30817,53.76427],[10.2961,53.78254],[10.27438,53.77644],[10.25919,53.78356],[10.22961,53.78203],[10.23822,53.77634],[10.23916,53.76759],[10.2369,53.76245],[10.25696,53.75194],[10.28326,53.74564]]]},"properties":{"plz":"23869","name":"23869 Elmenhorst"}},{"type":"Feature","geometry":{"type":"Polygon","coordinates":[[[10.64758,53.64955],[10.65338,53.64286],[10.66454,53.63662],[10.67462,53.62521],[10.6663,53.60416],[10.66628,53.58795],[10.69965,53.59062],[10.71214,53.57546],[10.72225,53.57598],[10.7217,53.58539],[10.7146,53.58861],[10.70962,53.60045],[10.71599,53.60339],[10.71282,53.61512],[10.75484,53.62376],[10.7486,53.63176],[10.71782,53.64287],[10.71083,53.65431],[10.69939,53.6444],[10.67711,53.64002],[10.66228,53.64099],[10.64758,53.64955]]]},"properties":{"plz":"23879","name":"23879 Mölln"}},{"type":"Feature","geometry":{"type":"MultiPolygon","coordinates":[[[[10.58757,53.57516],[10.61142,53.57478],[10.62743,53.56973],[10.62996,53.585],[10.66628,53.58795],[10.6663,53.60416],[10.67462,53.62521],[10.66454,53.63662],[10.65338,53.64286],[10.64783,53.63863],[10.65365,53.6263],[10.60008,53.63011],[10.58967,53.62623],[10.58516,53.61778],[10.56312,53.62635],[10.54918,53.62072],[10.54501,53.63752],[10.55618,53.64886],[10.52082,53.65783],[10.51343,53.65574],[10.51652,53.64334],[10.50346,53.64752],[10.49748,53.63081],[10.49915,53.62929],[10.52268,53.61247],[10.52611,53.60262],[10.53045,53.59575],[10.55333,53.60055],[10.57115,53.5941],[10.57748,53.58141],[10.58757,53.57516]]],[[[10.71083,53.65431],[10.71034,53.66628],[10.69352,53.66987],[10.68103,53.67766],[10.66836,53.68455],[10.65009,53.68772],[10.64414,53.69223],[10.63018,53.69163],[10.63736,53.6686],[10.64758,53.64955],[10.66228,53.64099],[10.67711,53.64002],[10.69939,53.6444],[10.71083,53.65431]]]]},"properties":{"plz":"23881","name":"23881 Breitenfelde, Lankau"}},{"type":"Feature","geometry":{"type":"Polygon","coordinates":[[[10.64758,53.64955],[10.63736,53.6686],[10.61871,53.67234],[10.60039,53.67001],[10.59124,53.6829],[10.57234,53.68677],[10.56642,53.68152],[10.55516,53.68361],[10.54408,53.67597],[10.53184,53.67656],[10.53184,53.66716],[10.52082,53.65783],[10.55618,53.64886],[10.54501,53.63752],[10.54918,53.62072],[10.56312,53.62635],[10.58516,53.61778],[10.58967,53.62623],[10.60008,53.63011],[10.65365,53.6263],[10.64783,53.63863],[10.65338,53.64286],[10.64758,53.64955]]]},"properties":{"plz":"23896","name":"23896 Nusse"}},{"type":"Feature","geometry":{"type":"Polygon","coordinates":[[[10.46007,53.66063],[10.47961,53.65461],[10.4878,53.65748],[10.50346,53.64752],[10.51652,53.64334],[10.51343,53.65574],[10.52082,53.65783],[10.53184,53.66716],[10.53184,53.67656],[10.54408,53.67597],[10.55516,53.68361],[10.56642,53.68152],[10.57234,53.68677],[10.59124,53.6829],[10.60039,53.67001],[10.61871,53.67234],[10.63736,53.6686],[10.63018,53.69163],[10.60053,53.69982],[10.6027,53.70883],[10.58909,53.71579],[10.58112,53.72403],[10.56054,53.72771],[10.54315,53.73451],[10.52542,53.72053],[10.5113,53.71805],[10.51617,53.72493],[10.49754,53.71443],[10.50557,53.70639],[10.50108,53.7012],[10.48343,53.69708],[10.47854,53.70263],[10.465,53.68478],[10.45209,53.68583],[10.46488,53.6775],[10.45501,53.67721],[10.44832,53.67053],[10.46791,53.66878],[10.46007,53.66063]]]},"properties":{"plz":"23898","name":"23898 Sandesneben u.a."}},{"type":"Feature","geometry":{"type":"Polygon","coordinates":[[[10.68079,53.74598],[10.67127,53.75271],[10.64818,53.75269],[10.63912,53.76802],[10.63194,53.76921],[10.60761,53.76796],[10.60135,53.75568],[10.58734,53.75462],[10.58575,53.74714],[10.59348,53.74122],[10.60299,53.74329],[10.61571,53.7304],[10.60352,53.72752],[10.60428,53.72152],[10.58909,53.71579],[10.6027,53.70883],[10.60053,53.69982],[10.63018,53.69163],[10.64414,53.69223],[10.65009,53.68772],[10.66836,53.68455],[10.68103,53.67766],[10.68312,53.69143],[10.68903,53.69243],[10.69149,53.69811],[10.66593,53.70854],[10.68238,53.72695],[10.66726,53.73236],[10.67564,53.73464],[10.6812,53.74452],[10.68079,53.74598]]]},"properties":{"plz":"23919","name":"23919 Berkenthin"}},{"type":"Feature","geometry":{"type":"Polygon","coordinates":[[[10.02265,53.7497],[10.03738,53.75361],[10.0426,53.76562],[10.05024,53.7615],[10.05882,53.76606],[10.07634,53.76551],[10.0953,53.77002],[10.11228,53.76709],[10.11757,53.77451],[10.11308,53.80376],[10.08761,53.80558],[10.08417,53.79835],[10.07055,53.79378],[10.06402,53.79957],[10.03996,53.79968],[10.03372,53.80426],[9.99598,53.79686],[9.98353,53.8039],[9.97754,53.81424],[9.95667,53.81498],[9.93279,53.80859],[9.92689,53.80209],[9.93842,53.79614],[9.95733,53.79627],[9.97068,53.78555],[9.96509,53.77832],[9.94619,53.77567],[9.94873,53.7698],[9.95378,53.76561],[9.96578,53.76822],[9.97107,53.76975],[9.98335,53.75947],[9.99602,53.74826],[10.00996,53.74514],[10.02265,53.7497]]]},"properties":{"plz":"24558","name":"24558 Henstedt-Ulzburg"}},{"type":"Feature","geometry":{"type":"Polygon","coordinates":[[[9.97754,53.81424],[9.98561,53.81641],[9.98529,53.82668],[10.00302,53.82222],[10.01224,53.82464],[10.03945,53.82318],[10.03423,53.83215],[10.05431,53.83291],[10.05906,53.84096],[10.08197,53.84398],[10.08369,53.85132],[10.05269,53.84921],[10.03431,53.86545],[10.02202,53.86651],[10.00354,53.86906],[10.00089,53.86187],[9.98578,53.86391],[9.97782,53.85656],[9.94733,53.86838],[9.92658,53.88016],[9.90762,53.87576],[9.89529,53.8593],[9.86694,53.85304],[9.86151,53.8369],[9.87715,53.83236],[9.87364,53.82397],[9.86487,53.82109],[9.88026,53.81241],[9.90247,53.81682],[9.92179,53.81669],[9.92689,53.80209],[9.93279,53.80859],[9.95667,53.81498],[9.97754,53.81424]]]},"properties":{"plz":"24568","name":"24568 Kaltenkirchen"}},{"type":"Feature","geometry":{"type":"Polygon","coordinates":[[[9.75159,53.8928],[9.76324,53.87291],[9.78881,53.8621],[9.79857,53.86883],[9.7999,53.87797],[9.80903,53.8763],[9.82018,53.88473],[9.82546,53.88076],[9.88059,53.89704],[9.88605,53.90091],[9.91024,53.887],[9.94032,53.88918],[9.94113,53.89139],[9.94742,53.8944],[9.9523,53.91036],[9.96395,53.90917],[9.97943,53.91596],[10.00501,53.91869],[9.99374,53.92681],[10.00874,53.93507],[10.03433,53.92986],[10.02881,53.93909],[10.03597,53.94991],[10.0269,53.95078],[10.00056,53.93915],[9.97501,53.93712],[9.95706,53.9409],[9.94793,53.93973],[9.92896,53.94558],[9.906,53.9387],[9.90744,53.93258],[9.88329,53.93074],[9.87119,53.93508],[9.86574,53.94451],[9.85164,53.95149],[9.82169,53.96113],[9.81209,53.95732],[9.81419,53.94428],[9.80659,53.93981],[9.81699,53.93479],[9.83541,53.93416],[9.83368,53.92636],[9.82284,53.9167],[9.80285,53.91899],[9.76378,53.90973],[9.76552,53.90361],[9.75159,53.8928]]]},"properties":{"plz":"24576","name":"24576 Bad Bramstedt"}},{"type":"Feature","geometry":{"type":"Polygon","coordinates":[[[10.14013,53.97257],[10.12512,53.97815],[10.12698,53.9928],[10.11552,54.00448],[10.09801,54.01481],[10.06335,54.01847],[10.03967,54.0284],[10.01681,54.03009],[10.01411,54.03756],[9.99992,54.02405],[9.97442,54.02896],[9.96807,54.0212],[9.97732,54.00956],[9.97173,54.00564],[9.99063,53.99803],[10.00232,53.9967],[10.00716,53.98099],[10.02907,53.96508],[10.05525,53.97395],[10.06055,53.96535],[10.04666,53.95086],[10.03597,53.94991],[10.02881,53.93909],[10.03433,53.92986],[10.0412,53.9321],[10.07438,53.95114],[10.09387,53.94892],[10.10733,53.95973],[10.12129,53.96209],[10.14013,53.97257]]]},"properties":{"plz":"24598","name":"24598 Boostedt"}},{"type":"Feature","geometry":{"type":"Polygon","coordinates":[[[9.85164,53.95149],[9.87078,53.95659],[9.87737,53.97095],[9.89203,53.98352],[9.91787,53.98794],[9.91694,54.00542],[9.90059,54.00963],[9.87766,54.00869],[9.85705,54.01375],[9.85622,54.01954],[9.81673,54.02162],[9.81711,54.02839],[9.81302,54.03381],[9.81777,54.04378],[9.80496,54.05013],[9.78442,54.04924],[9.7758,54.04352],[9.77227,54.03075],[9.76084,54.03201],[9.76367,54.02919],[9.76071,54.02534],[9.77484,54.01952],[9.77782,54.00914],[9.79087,53.99985],[9.7768,53.99275],[9.77879,53.98747],[9.75957,53.98441],[9.7654,53.97916],[9.77677,53.98064],[9.77643,53.97483],[9.78717,53.96388],[9.80641,53.96253],[9.81209,53.95732],[9.82169,53.96113],[9.85164,53.95149]]]},"properties":{"plz":"24616","name":"24616 Brokstedt"}},{"type":"Feature","geometry":{"type":"Polygon","coordinates":[[[9.94446,54.02176],[9.91937,54.01495],[9.90628,54.01707],[9.90059,54.00963],[9.91694,54.00542],[9.91787,53.98794],[9.93961,53.96817],[9.95613,53.94791],[9.95706,53.9409],[9.97501,53.93712],[10.00056,53.93915],[10.0269,53.95078],[10.03597,53.94991],[10.04666,53.95086],[10.06055,53.96535],[10.05525,53.97395],[10.02907,53.96508],[10.00716,53.98099],[10.00232,53.9967],[9.99063,53.99803],[9.97173,54.00564],[9.97732,54.00956],[9.96807,54.0212],[9.94674,54.0174],[9.94446,54.02176]]]},"properties":{"plz":"24623","name":"24623 Großenaspe"}},{"type":"Feature","geometry":{"type":"Polygon","coordinates":[[[10.05502,53.91438],[10.03854,53.90914],[10.03663,53.8876],[10.05812,53.87361],[10.07178,53.87763],[10.08643,53.87658],[10.09253,53.88317],[10.10794,53.88366],[10.1064,53.90579],[10.09004,53.90809],[10.08384,53.91831],[10.06341,53.90674],[10.05502,53.91438]]]},"properties":{"plz":"24628","name":"24628 Hartenholm"}},{"type":"Feature","geometry":{"type":"Polygon","coordinates":[[[10.11384,53.81743],[10.08649,53.83203],[10.08505,53.82868],[10.05412,53.83071],[10.05431,53.83291],[10.03423,53.83215],[10.03945,53.82318],[10.01224,53.82464],[10.00302,53.82222],[9.98529,53.82668],[9.98561,53.81641],[9.97754,53.81424],[9.98353,53.8039],[9.99598,53.79686],[10.03372,53.80426],[10.03996,53.79968],[10.06402,53.79957],[10.07055,53.79378],[10.08417,53.79835],[10.08761,53.80558],[10.11308,53.80376],[10.11384,53.81743]]]},"properties":{"plz":"24629","name":"24629 Kisdorf"}},{"type":"Feature","geometry":{"type":"Polygon","coordinates":[[[9.94733,53.86838],[9.94113,53.89139],[9.94032,53.88918],[9.91024,53.887],[9.88605,53.90091],[9.88059,53.89704],[9.82546,53.88076],[9.82018,53.88473],[9.80903,53.8763],[9.7999,53.87797],[9.79857,53.86883],[9.78881,53.8621],[9.79367,53.86009],[9.82432,53.84582],[9.82975,53.83821],[9.82098,53.82591],[9.83141,53.82543],[9.84489,53.81706],[9.84208,53.82549],[9.85092,53.83029],[9.86157,53.8232],[9.86487,53.82109],[9.87364,53.82397],[9.87715,53.83236],[9.86151,53.8369],[9.86694,53.85304],[9.89529,53.8593],[9.90762,53.87576],[9.92658,53.88016],[9.94733,53.86838]]]},"properties":{"plz":"24632","name":"24632 Lentföhrden"}},{"type":"Feature","geometry":{"type":"Polygon","coordinates":[[[9.92675,54.05269],[9.91184,54.05195],[9.87764,54.04358],[9.85505,54.04133],[9.84189,54.03131],[9.81711,54.02839],[9.81673,54.02162],[9.85622,54.01954],[9.85705,54.01375],[9.87766,54.00869],[9.90059,54.00963],[9.90628,54.01707],[9.91937,54.01495],[9.94446,54.02176],[9.95038,54.04479],[9.95532,54.05273],[9.94453,54.05197],[9.92675,54.05269]]]},"properties":{"plz":"24634","name":"24634 Padenstedt"}},{"type":"Feature","geometry":{"type":"Polygon","coordinates":[[[10.28715,53.9948],[10.29393,53.99978],[10.2825,54.02601],[10.25635,54.02922],[10.25965,54.04104],[10.24461,54.03936],[10.2479,54.0314],[10.23163,54.02802],[10.22513,54.03439],[10.21289,54.02805],[10.20118,54.03969],[10.18556,54.03137],[10.15473,54.03069],[10.14802,54.03427],[10.14032,54.01675],[10.12329,54.014],[10.11552,54.00448],[10.12698,53.9928],[10.12512,53.97815],[10.14013,53.97257],[10.157,53.97304],[10.15878,53.96858],[10.20322,53.97394],[10.21259,53.98542],[10.22077,53.98839],[10.21473,53.99859],[10.22674,54.00761],[10.24987,54.00596],[10.27887,53.99185],[10.28715,53.9948]]]},"properties":{"plz":"24635","name":"24635 Rickling"}},{"type":"Feature","geometry":{"type":"Polygon","coordinates":[[[10.0412,53.9321],[10.03433,53.92986],[10.00874,53.93507],[9.99374,53.92681],[10.00501,53.91869],[9.97943,53.91596],[9.96395,53.90917],[9.9523,53.91036],[9.94742,53.8944],[9.94113,53.89139],[9.94733,53.86838],[9.97782,53.85656],[9.98578,53.86391],[10.00089,53.86187],[10.00354,53.86906],[10.02202,53.86651],[10.0295,53.87219],[10.02752,53.88568],[10.03663,53.8876],[10.03854,53.90914],[10.05502,53.91438],[10.03865,53.92352],[10.0412,53.9321]]]},"properties":{"plz":"24640","name":"24640 Schmalfeld"}},{"type":"Feature","geometry":{"type":"Polygon","coordinates":[[[10.10344,53.87166],[10.09903,53.85862],[10.08369,53.85132],[10.08197,53.84398],[10.05906,53.84096],[10.05431,53.83291],[10.05412,53.83071],[10.08505,53.82868],[10.08649,53.83203],[10.11384,53.81743],[10.11602,53.82013],[10.10927,53.82878],[10.12012,53.84098],[10.14127,53.84429],[10.13887,53.85247],[10.14852,53.86987],[10.13089,53.8766],[10.10344,53.87166]]]},"properties":{"plz":"24641","name":"24641 Sievershütten"}},{"type":"Feature","geometry":{"type":"Polygon","coordinates":[[[10.08643,53.87658],[10.07178,53.87763],[10.05812,53.87361],[10.03663,53.8876],[10.02752,53.88568],[10.0295,53.87219],[10.02202,53.86651],[10.03431,53.86545],[10.05269,53.84921],[10.08369,53.85132],[10.09903,53.85862],[10.10344,53.87166],[10.08643,53.87658]]]},"properties":{"plz":"24643","name":"24643 Struvenhütten"}},{"type":"Feature","geometry":{"type":"Polygon","coordinates":[[[9.95706,53.9409],[9.95613,53.94791],[9.93961,53.96817],[9.91787,53.98794],[9.89203,53.98352],[9.87737,53.97095],[9.87078,53.95659],[9.85164,53.95149],[9.86574,53.94451],[9.87119,53.93508],[9.88329,53.93074],[9.90744,53.93258],[9.906,53.9387],[9.92896,53.94558],[9.94793,53.93973],[9.95706,53.9409]]]},"properties":{"plz":"24649","name":"24649 Wiemersdorf"}},{"type":"Feature","geometry":{"type":"Polygon","coordinates":[[[9.50427,53.7193],[9.51605,53.71403],[9.53346,53.71743],[9.55674,53.71457],[9.56843,53.71784],[9.59965,53.72892],[9.62162,53.7444],[9.63294,53.75062],[9.66088,53.74957],[9.66376,53.75487],[9.69112,53.77089],[9.71007,53.76616],[9.72845,53.76899],[9.74346,53.78197],[9.73444,53.79268],[9.73765,53.797],[9.70651,53.79536],[9.70123,53.78218],[9.68531,53.77495],[9.66947,53.77985],[9.6493,53.78122],[9.63368,53.77088],[9.6271,53.77697],[9.61784,53.77636],[9.58877,53.76539],[9.56696,53.7706],[9.5616,53.77593],[9.54513,53.76798],[9.55063,53.7614],[9.538,53.74146],[9.52798,53.74442],[9.50427,53.7193]]]},"properties":{"plz":"25335","name":"25335 Elmshorn"}},{"type":"Feature","geometry":{"type":"Polygon","coordinates":[[[9.62162,53.7444],[9.64246,53.72928],[9.6268,53.72265],[9.6391,53.7186],[9.63239,53.70948],[9.65499,53.70983],[9.66269,53.71604],[9.69805,53.71178],[9.7154,53.72295],[9.71575,53.73016],[9.70526,53.7398],[9.68577,53.73801],[9.67549,53.7312],[9.66418,53.74078],[9.66088,53.74957],[9.63294,53.75062],[9.62162,53.7444]]]},"properties":{"plz":"25336","name":"25336 Elmshorn"}},{"type":"Feature","geometry":{"type":"Polygon","coordinates":[[[9.66088,53.74957],[9.66418,53.74078],[9.67549,53.7312],[9.68577,53.73801],[9.70526,53.7398],[9.71575,53.73016],[9.7154,53.72295],[9.74277,53.72383],[9.74545,53.73254],[9.76576,53.73904],[9.75278,53.74989],[9.72584,53.75797],[9.72845,53.76899],[9.71007,53.76616],[9.69112,53.77089],[9.66376,53.75487],[9.66088,53.74957]]]},"properties":{"plz":"25337","name":"25337 Elmshorn"}},{"type":"Feature","geometry":{"type":"Polygon","coordinates":[[[9.46684,53.80525],[9.45813,53.80991],[9.4421,53.80752],[9.42551,53.81242],[9.40871,53.82473],[9.39611,53.81706],[9.39945,53.81227],[9.4284,53.7529],[9.43779,53.74625],[9.43495,53.76005],[9.45149,53.76772],[9.45827,53.76626],[9.46886,53.77542],[9.48549,53.77967],[9.4825,53.78747],[9.4894,53.79254],[9.46684,53.80525]]]},"properties":{"plz":"25348","name":"25348 Glückstadt"}},{"type":"Feature","geometry":{"type":"Polygon","coordinates":[[[9.79367,53.86009],[9.78539,53.85535],[9.76116,53.85136],[9.74825,53.846],[9.74617,53.8323],[9.72538,53.83238],[9.69711,53.82389],[9.69685,53.81476],[9.71732,53.80767],[9.71702,53.80107],[9.70651,53.79536],[9.73765,53.797],[9.73444,53.79268],[9.74346,53.78197],[9.72845,53.76899],[9.72584,53.75797],[9.75278,53.74989],[9.76576,53.73904],[9.78159,53.73812],[9.79328,53.74575],[9.79956,53.75052],[9.79125,53.76048],[9.84485,53.78355],[9.84394,53.7879],[9.82876,53.79018],[9.8318,53.7991],[9.85116,53.819],[9.86157,53.8232],[9.85092,53.83029],[9.84208,53.82549],[9.84489,53.81706],[9.83141,53.82543],[9.82098,53.82591],[9.82975,53.83821],[9.82432,53.84582],[9.79367,53.86009]]]},"properties":{"plz":"25355","name":"25355 Barmstedt"}},{"type":"Feature","geometry":{"type":"Polygon","coordinates":[[[9.5616,53.77593],[9.56212,53.78352],[9.58394,53.79156],[9.59803,53.79307],[9.62122,53.78749],[9.6271,53.77697],[9.63368,53.77088],[9.6493,53.78122],[9.6606,53.79962],[9.67148,53.83402],[9.67661,53.85104],[9.66826,53.85656],[9.65669,53.8563],[9.64808,53.8736],[9.63296,53.87137],[9.63015,53.86238],[9.60434,53.85446],[9.5815,53.8533],[9.57222,53.84752],[9.58664,53.83487],[9.57506,53.83034],[9.56585,53.81931],[9.54615,53.81909],[9.52444,53.80961],[9.52515,53.8026],[9.50018,53.79574],[9.51234,53.78706],[9.53309,53.78566],[9.5315,53.77917],[9.54513,53.76798],[9.5616,53.77593]]]},"properties":{"plz":"25358","name":"25358 Horst"}},{"type":"Feature","geometry":{"type":"Polygon","coordinates":[[[9.4894,53.79254],[9.50018,53.79574],[9.52515,53.8026],[9.52444,53.80961],[9.54615,53.81909],[9.56585,53.81931],[9.57506,53.83034],[9.58664,53.83487],[9.57222,53.84752],[9.56024,53.84511],[9.56005,53.85239],[9.48597,53.84851],[9.47803,53.84748],[9.47927,53.83444],[9.49859,53.81703],[9.46619,53.8079],[9.46684,53.80525],[9.4894,53.79254]]]},"properties":{"plz":"25361","name":"25361 Krempe, Grevenkop, Süderau, Muchelndorf"}},{"type":"Feature","geometry":{"type":"Polygon","coordinates":[[[9.75159,53.8928],[9.69303,53.89007],[9.65677,53.88663],[9.64944,53.88119],[9.64808,53.8736],[9.65669,53.8563],[9.66826,53.85656],[9.67661,53.85104],[9.67148,53.83402],[9.69563,53.83163],[9.69711,53.82389],[9.72538,53.83238],[9.74617,53.8323],[9.74825,53.846],[9.76116,53.85136],[9.78539,53.85535],[9.79367,53.86009],[9.78881,53.8621],[9.76324,53.87291],[9.75159,53.8928]]]},"properties":{"plz":"25364","name":"25364 Brande-Hörnerkirchen"}},{"type":"Feature","geometry":{"type":"Polygon","coordinates":[[[9.70651,53.79536],[9.71702,53.80107],[9.71732,53.80767],[9.69685,53.81476],[9.69711,53.82389],[9.69563,53.83163],[9.67148,53.83402],[9.6606,53.79962],[9.6493,53.78122],[9.66947,53.77985],[9.68531,53.77495],[9.70123,53.78218],[9.70651,53.79536]]]},"properties":{"plz":"25365","name":"25365 Klein Offenseth-Sparrieshoop"}},{"type":"Feature","geometry":{"type":"Polygon","coordinates":[[[9.6271,53.77697],[9.62122,53.78749],[9.59803,53.79307],[9.58394,53.79156],[9.56212,53.78352],[9.5616,53.77593],[9.56696,53.7706],[9.58877,53.76539],[9.61784,53.77636],[9.6271,53.77697]]]},"properties":{"plz":"25368","name":"25368 Kiebitzreihe"}},{"type":"Feature","geometry":{"type":"Polygon","coordinates":[[[9.56843,53.71784],[9.58252,53.71501],[9.58077,53.7033],[9.58656,53.70109],[9.59623,53.69936],[9.61197,53.70914],[9.63239,53.70948],[9.6391,53.7186],[9.6268,53.72265],[9.64246,53.72928],[9.62162,53.7444],[9.59965,53.72892],[9.56843,53.71784]]]},"properties":{"plz":"25370","name":"25370 Seester"}},{"type":"Feature","geometry":{"type":"Polygon","coordinates":[[[9.51605,53.71403],[9.52361,53.71302],[9.54953,53.67436],[9.56647,53.66924],[9.58405,53.67281],[9.57325,53.68461],[9.58649,53.69618],[9.58656,53.70109],[9.58077,53.7033],[9.58252,53.71501],[9.56843,53.71784],[9.55674,53.71457],[9.53346,53.71743],[9.51605,53.71403]]]},"properties":{"plz":"25371","name":"25371 Seestermühe"}},{"type":"Feature","geometry":{"type":"Polygon","coordinates":[[[9.74277,53.72383],[9.75863,53.72237],[9.78207,53.7072],[9.79179,53.71366],[9.79087,53.71994],[9.80211,53.724],[9.82039,53.72894],[9.81184,53.74138],[9.79328,53.74575],[9.78159,53.73812],[9.76576,53.73904],[9.74545,53.73254],[9.74277,53.72383]]]},"properties":{"plz":"25373","name":"25373 Ellerhoop"}},{"type":"Feature","geometry":{"type":"Polygon","coordinates":[[[9.46684,53.80525],[9.46619,53.8079],[9.49859,53.81703],[9.47927,53.83444],[9.47803,53.84748],[9.44143,53.84715],[9.44177,53.83865],[9.43416,53.83585],[9.42244,53.84255],[9.40497,53.84119],[9.40873,53.83033],[9.40243,53.82543],[9.3948,53.81719],[9.39945,53.81227],[9.39611,53.81706],[9.40871,53.82473],[9.42551,53.81242],[9.4421,53.80752],[9.45813,53.80991],[9.46684,53.80525]]]},"properties":{"plz":"25376","name":"25376 Borsfleth"}},{"type":"Feature","geometry":{"type":"MultiPolygon","coordinates":[[[[9.55063,53.7614],[9.52815,53.76721],[9.51828,53.7615],[9.50143,53.76554],[9.46914,53.76386],[9.45827,53.76626],[9.45149,53.76772],[9.43495,53.76005],[9.43779,53.74625],[9.45687,53.73242],[9.50427,53.7193],[9.52798,53.74442],[9.538,53.74146],[9.55063,53.7614]]],[[[9.49347,53.71209],[9.50923,53.6954],[9.51272,53.68358],[9.52644,53.66352],[9.53018,53.6738],[9.51909,53.7003],[9.51147,53.70688],[9.49347,53.71209]]]]},"properties":{"plz":"25377","name":"25377 Kollmar, Pagensand"}},{"type":"Feature","geometry":{"type":"Polygon","coordinates":[[[9.54513,53.76798],[9.5315,53.77917],[9.53309,53.78566],[9.51234,53.78706],[9.50018,53.79574],[9.4894,53.79254],[9.4825,53.78747],[9.48549,53.77967],[9.46886,53.77542],[9.45827,53.76626],[9.46914,53.76386],[9.50143,53.76554],[9.51828,53.7615],[9.52815,53.76721],[9.55063,53.7614],[9.54513,53.76798]]]},"properties":{"plz":"25379","name":"25379 Herzhorn, Kamerlanderdeich"}},{"type":"Feature","geometry":{"type":"Polygon","coordinates":[[[9.79626,53.61032],[9.80278,53.61299],[9.80728,53.62146],[9.80349,53.62971],[9.81783,53.63443],[9.82867,53.64728],[9.81028,53.65342],[9.80856,53.6636],[9.81966,53.67344],[9.82083,53.67508],[9.79604,53.67886],[9.79416,53.68371],[9.77968,53.68329],[9.77509,53.68218],[9.7734,53.66278],[9.76364,53.65385],[9.76933,53.65133],[9.76667,53.64097],[9.77133,53.63139],[9.77055,53.61603],[9.79122,53.60863],[9.79626,53.61032]]]},"properties":{"plz":"25421","name":"25421 Pinneberg"}},{"type":"Feature","geometry":{"type":"Polygon","coordinates":[[[9.63239,53.70948],[9.61197,53.70914],[9.59623,53.69936],[9.58656,53.70109],[9.58649,53.69618],[9.57325,53.68461],[9.58405,53.67281],[9.5897,53.66658],[9.60318,53.66933],[9.61824,53.6637],[9.62664,53.66883],[9.64128,53.66061],[9.6463,53.66529],[9.65877,53.65878],[9.70122,53.65296],[9.69471,53.67055],[9.7102,53.67377],[9.71862,53.68015],[9.73103,53.67301],[9.74578,53.67474],[9.74499,53.68477],[9.75903,53.69686],[9.76918,53.69528],[9.78207,53.7072],[9.75863,53.72237],[9.74277,53.72383],[9.7154,53.72295],[9.69805,53.71178],[9.66269,53.71604],[9.65499,53.70983],[9.63239,53.70948]]]},"properties":{"plz":"25436","name":"25436 Uetersen"}},{"type":"Feature","geometry":{"type":"Polygon","coordinates":[[[9.98335,53.75947],[9.97107,53.76975],[9.96578,53.76822],[9.93902,53.7533],[9.91476,53.74727],[9.89256,53.75229],[9.88281,53.7542],[9.86758,53.76352],[9.86825,53.75213],[9.84018,53.74667],[9.8375,53.7429],[9.82757,53.727],[9.84857,53.70765],[9.85777,53.71029],[9.88498,53.70363],[9.92204,53.7128],[9.94227,53.71185],[9.9496,53.7197],[9.95247,53.71401],[9.96055,53.72233],[9.95302,53.72502],[9.95514,53.73239],[9.9657,53.72867],[9.97845,53.74304],[9.97385,53.74596],[9.98335,53.75947]]]},"properties":{"plz":"25451","name":"25451 Quickborn"}},{"type":"Feature","geometry":{"type":"Polygon","coordinates":[[[9.89688,53.63491],[9.87554,53.64725],[9.8714,53.65323],[9.85048,53.65866],[9.84904,53.66428],[9.8275,53.66629],[9.81966,53.67344],[9.80856,53.6636],[9.81028,53.65342],[9.82867,53.64728],[9.83894,53.63987],[9.88499,53.62195],[9.88618,53.62521],[9.89688,53.63491]]]},"properties":{"plz":"25462","name":"25462 Rellingen"}},{"type":"Feature","geometry":{"type":"Polygon","coordinates":[[[9.88499,53.62195],[9.83894,53.63987],[9.82867,53.64728],[9.81783,53.63443],[9.80349,53.62971],[9.80728,53.62146],[9.80278,53.61299],[9.83755,53.61221],[9.84032,53.61562],[9.86815,53.6093],[9.8692,53.61325],[9.88499,53.62195]]]},"properties":{"plz":"25469","name":"25469 Halstenbek"}},{"type":"Feature","geometry":{"type":"Polygon","coordinates":[[[9.9455,53.65275],[9.93476,53.67848],[9.94353,53.69218],[9.94365,53.70314],[9.95247,53.71401],[9.9496,53.7197],[9.94227,53.71185],[9.92204,53.7128],[9.88498,53.70363],[9.88868,53.69554],[9.87858,53.69029],[9.87982,53.6773],[9.84904,53.66428],[9.85048,53.65866],[9.8714,53.65323],[9.87554,53.64725],[9.89688,53.63491],[9.90574,53.64174],[9.90688,53.65248],[9.9455,53.65275]]]},"properties":{"plz":"25474","name":"25474 Ellerbek"}},{"type":"Feature","geometry":{"type":"Polygon","coordinates":[[[9.94873,53.7698],[9.90088,53.76637],[9.89256,53.75229],[9.91476,53.74727],[9.93902,53.7533],[9.96578,53.76822],[9.95378,53.76561],[9.94873,53.7698]]]},"properties":{"plz":"25479","name":"25479 Ellerau"}},{"type":"Feature","geometry":{"type":"Polygon","coordinates":[[[9.77133,53.63139],[9.76667,53.64097],[9.76933,53.65133],[9.76364,53.65385],[9.7734,53.66278],[9.74578,53.67474],[9.73103,53.67301],[9.71862,53.68015],[9.7102,53.67377],[9.69471,53.67055],[9.70122,53.65296],[9.71119,53.6501],[9.71515,53.64138],[9.75499,53.62177],[9.75594,53.61875],[9.75795,53.61827],[9.77133,53.63139]]]},"properties":{"plz":"25482","name":"25482 Appen"}},{"type":"Feature","geometry":{"type":"Polygon","coordinates":[[[9.86487,53.82109],[9.86157,53.8232],[9.85116,53.819],[9.8318,53.7991],[9.82876,53.79018],[9.84394,53.7879],[9.84485,53.78355],[9.79125,53.76048],[9.79956,53.75052],[9.79328,53.74575],[9.81184,53.74138],[9.82039,53.72894],[9.8273,53.73955],[9.8375,53.7429],[9.84018,53.74667],[9.86825,53.75213],[9.86758,53.76352],[9.88281,53.7542],[9.89256,53.75229],[9.90088,53.76637],[9.89717,53.7748],[9.86674,53.78152],[9.88355,53.80193],[9.88026,53.81241],[9.86487,53.82109]]]},"properties":{"plz":"25485","name":"25485 Hemdingen"}},{"type":"Feature","geometry":{"type":"Polygon","coordinates":[[[9.92689,53.80209],[9.92179,53.81669],[9.90247,53.81682],[9.88026,53.81241],[9.88355,53.80193],[9.86674,53.78152],[9.89717,53.7748],[9.90088,53.76637],[9.94873,53.7698],[9.94619,53.77567],[9.96509,53.77832],[9.97068,53.78555],[9.95733,53.79627],[9.93842,53.79614],[9.92689,53.80209]]]},"properties":{"plz":"25486","name":"25486 Alveslohe"}},{"type":"Feature","geometry":{"type":"Polygon","coordinates":[[[9.75594,53.61875],[9.75499,53.62177],[9.71515,53.64138],[9.7009,53.63538],[9.68402,53.63892],[9.65366,53.63568],[9.64861,53.63213],[9.66097,53.60681],[9.68208,53.60732],[9.68324,53.6114],[9.69886,53.61071],[9.72126,53.6174],[9.75594,53.61875]]]},"properties":{"plz":"25488","name":"25488 Holm"}},{"type":"Feature","geometry":{"type":"Polygon","coordinates":[[[9.54953,53.67436],[9.5541,53.66833],[9.5511,53.65173],[9.57444,53.63207],[9.58184,53.62348],[9.60004,53.62086],[9.6108,53.60985],[9.61983,53.61829],[9.63486,53.61882],[9.64903,53.63912],[9.64156,53.6479],[9.64128,53.66061],[9.62664,53.66883],[9.61824,53.6637],[9.60318,53.66933],[9.5897,53.66658],[9.58405,53.67281],[9.56647,53.66924],[9.54953,53.67436]]]},"properties":{"plz":"25489","name":"25489 Haseldorf"}},{"type":"Feature","geometry":{"type":"MultiPolygon","coordinates":[[[[9.66097,53.60681],[9.64861,53.63213],[9.64903,53.63912],[9.63486,53.61882],[9.61983,53.61829],[9.6108,53.60985],[9.60004,53.62086],[9.58184,53.62348],[9.57444,53.63207],[9.56578,53.63182],[9.55573,53.62076],[9.60114,53.60409],[9.61188,53.59747],[9.64555,53.588],[9.66255,53.5951],[9.66097,53.60681]]],[[[9.53504,53.64716],[9.55813,53.62592],[9.56008,53.63618],[9.54689,53.64534],[9.54224,53.66518],[9.53504,53.64716]]]]},"properties":{"plz":"25491","name":"25491 Hetlingen"}},{"type":"Feature","geometry":{"type":"Polygon","coordinates":[[[9.64128,53.66061],[9.64156,53.6479],[9.64903,53.63912],[9.64861,53.63213],[9.65366,53.63568],[9.68402,53.63892],[9.7009,53.63538],[9.71515,53.64138],[9.71119,53.6501],[9.70122,53.65296],[9.65877,53.65878],[9.6463,53.66529],[9.64128,53.66061]]]},"properties":{"plz":"25492","name":"25492 Heist"}},{"type":"Feature","geometry":{"type":"Polygon","coordinates":[[[9.80211,53.724],[9.80751,53.7206],[9.80611,53.70045],[9.79974,53.69685],[9.79416,53.68371],[9.79604,53.67886],[9.82083,53.67508],[9.83161,53.68542],[9.85045,53.69687],[9.85777,53.71029],[9.84857,53.70765],[9.82757,53.727],[9.8375,53.7429],[9.8273,53.73955],[9.82039,53.72894],[9.80211,53.724]]]},"properties":{"plz":"25494","name":"25494 Borstel-Hohenraden"}},{"type":"Feature","geometry":{"type":"Polygon","coordinates":[[[9.78207,53.7072],[9.76918,53.69528],[9.76715,53.6876],[9.77968,53.68329],[9.79416,53.68371],[9.79974,53.69685],[9.80611,53.70045],[9.80751,53.7206],[9.80211,53.724],[9.79087,53.71994],[9.79179,53.71366],[9.78207,53.7072]]]},"properties":{"plz":"25495","name":"25495 Kummerfeld"}},{"type":"Feature","geometry":{"type":"Polygon","coordinates":[[[9.77968,53.68329],[9.76715,53.6876],[9.76918,53.69528],[9.75903,53.69686],[9.74499,53.68477],[9.74578,53.67474],[9.7734,53.66278],[9.77509,53.68218],[9.77968,53.68329]]]},"properties":{"plz":"25497","name":"25497 Prisdorf"}},{"type":"Feature","geometry":{"type":"Polygon","coordinates":[[[9.81966,53.67344],[9.8275,53.66629],[9.84904,53.66428],[9.87982,53.6773],[9.87858,53.69029],[9.88868,53.69554],[9.88498,53.70363],[9.85777,53.71029],[9.85045,53.69687],[9.83161,53.68542],[9.82083,53.67508],[9.81966,53.67344]]]},"properties":{"plz":"25499","name":"25499 Tangstedt"}},{"type":"Feature","geometry":{"type":"Polygon","coordinates":[[[9.64808,53.8736],[9.64944,53.88119],[9.64523,53.88825],[9.61034,53.88793],[9.59582,53.89141],[9.5747,53.91197],[9.61082,53.91757],[9.62163,53.9257],[9.58495,53.94953],[9.57882,53.94751],[9.56864,53.95438],[9.54173,53.95815],[9.51531,53.95571],[9.49644,53.96334],[9.48334,53.96002],[9.46692,53.94301],[9.43386,53.93652],[9.42957,53.93181],[9.44833,53.92138],[9.43999,53.91456],[9.45665,53.89646],[9.47465,53.90148],[9.49352,53.90165],[9.48892,53.89769],[9.5032,53.88859],[9.51438,53.88875],[9.51649,53.89472],[9.5166,53.90965],[9.52595,53.91369],[9.53954,53.9072],[9.54954,53.91279],[9.54948,53.89747],[9.56164,53.89206],[9.58559,53.88968],[9.59582,53.89141],[9.59962,53.88258],[9.62688,53.88168],[9.63296,53.87137],[9.64808,53.8736]]]},"properties":{"plz":"25524","name":"25524 Itzehoe"}},{"type":"Feature","geometry":{"type":"Polygon","coordinates":[[[9.75957,53.98441],[9.74736,53.98112],[9.74442,53.98709],[9.72782,53.98867],[9.72607,54.00921],[9.70967,54.00976],[9.71143,53.99516],[9.70165,53.98863],[9.67369,53.98902],[9.6718,53.9746],[9.65709,53.96749],[9.64723,53.95797],[9.65664,53.94252],[9.65104,53.93905],[9.65236,53.9315],[9.67147,53.91503],[9.66804,53.91221],[9.68465,53.8975],[9.70383,53.91694],[9.7047,53.92859],[9.69333,53.93592],[9.71753,53.93397],[9.73547,53.93796],[9.73625,53.94411],[9.76285,53.9411],[9.76827,53.94636],[9.75788,53.96272],[9.76157,53.97288],[9.77643,53.97483],[9.77677,53.98064],[9.7654,53.97916],[9.75957,53.98441]]]},"properties":{"plz":"25548","name":"25548 Kellinghusen"}},{"type":"Feature","geometry":{"type":"Polygon","coordinates":[[[9.81209,53.95732],[9.80641,53.96253],[9.78717,53.96388],[9.77643,53.97483],[9.76157,53.97288],[9.75788,53.96272],[9.76827,53.94636],[9.76285,53.9411],[9.73625,53.94411],[9.73547,53.93796],[9.71753,53.93397],[9.69333,53.93592],[9.7047,53.92859],[9.70383,53.91694],[9.68465,53.8975],[9.69303,53.89007],[9.75159,53.8928],[9.76552,53.90361],[9.76378,53.90973],[9.80285,53.91899],[9.82284,53.9167],[9.83368,53.92636],[9.83541,53.93416],[9.81699,53.93479],[9.80659,53.93981],[9.81419,53.94428],[9.81209,53.95732]]]},"properties":{"plz":"25563","name":"25563 Wrist"}},{"type":"Feature","geometry":{"type":"Polygon","coordinates":[[[9.63296,53.87137],[9.62688,53.88168],[9.59962,53.88258],[9.59582,53.89141],[9.58559,53.88968],[9.56164,53.89206],[9.54523,53.88714],[9.54898,53.87889],[9.54435,53.87194],[9.56297,53.87043],[9.57526,53.87407],[9.57764,53.8559],[9.5815,53.8533],[9.60434,53.85446],[9.63015,53.86238],[9.63296,53.87137]]]},"properties":{"plz":"25566","name":"25566 Lägerdorf"}},{"type":"Feature","geometry":{"type":"Polygon","coordinates":[[[9.48597,53.84851],[9.48289,53.86907],[9.50622,53.87084],[9.49387,53.877],[9.5032,53.88859],[9.48892,53.89769],[9.49352,53.90165],[9.47465,53.90148],[9.45665,53.89646],[9.43999,53.91456],[9.43022,53.91608],[9.42093,53.90888],[9.40989,53.91092],[9.40989,53.90359],[9.42199,53.90625],[9.43501,53.89154],[9.43287,53.88671],[9.42001,53.88742],[9.41728,53.8798],[9.42752,53.87268],[9.42023,53.85974],[9.42974,53.85672],[9.44143,53.84715],[9.47803,53.84748],[9.48597,53.84851]]]},"properties":{"plz":"25569","name":"25569 Kremperheide"}},{"type":"Feature","geometry":{"type":"Polygon","coordinates":[[[9.5815,53.8533],[9.57764,53.8559],[9.57526,53.87407],[9.56297,53.87043],[9.54435,53.87194],[9.54898,53.87889],[9.54523,53.88714],[9.53461,53.89557],[9.51649,53.89472],[9.51438,53.88875],[9.5032,53.88859],[9.49387,53.877],[9.50622,53.87084],[9.48289,53.86907],[9.48597,53.84851],[9.56005,53.85239],[9.56024,53.84511],[9.57222,53.84752],[9.5815,53.8533]]]},"properties":{"plz":"25578","name":"25578 Dägeling, Neuenbrook"}},{"type":"Feature","geometry":{"type":"Polygon","coordinates":[[[9.76367,54.02919],[9.75059,54.029],[9.74326,54.01664],[9.72607,54.00921],[9.72782,53.98867],[9.74442,53.98709],[9.74736,53.98112],[9.75957,53.98441],[9.77879,53.98747],[9.7768,53.99275],[9.79087,53.99985],[9.77782,54.00914],[9.77484,54.01952],[9.76071,54.02534],[9.76367,54.02919]]]},"properties":{"plz":"25579","name":"25579 Fitzbek"}},{"type":"Feature","geometry":{"type":"Polygon","coordinates":[[[9.51649,53.89472],[9.53461,53.89557],[9.54523,53.88714],[9.56164,53.89206],[9.54948,53.89747],[9.54954,53.91279],[9.53954,53.9072],[9.52595,53.91369],[9.5166,53.90965],[9.51649,53.89472]]]},"properties":{"plz":"25587","name":"25587 Münsterdorf"}},{"type":"Feature","geometry":{"type":"Polygon","coordinates":[[[9.69303,53.89007],[9.68465,53.8975],[9.66804,53.91221],[9.67147,53.91503],[9.65236,53.9315],[9.65104,53.93905],[9.63501,53.92769],[9.62163,53.9257],[9.61082,53.91757],[9.5747,53.91197],[9.59582,53.89141],[9.61034,53.88793],[9.64523,53.88825],[9.64944,53.88119],[9.65677,53.88663],[9.69303,53.89007]]]},"properties":{"plz":"25597","name":"25597 Westermoor"}},{"type":"Feature","geometry":{"type":"Polygon","coordinates":[[[9.44143,53.84715],[9.42974,53.85672],[9.4307,53.85186],[9.41403,53.84911],[9.40429,53.85477],[9.40362,53.86474],[9.37102,53.8653],[9.36268,53.86897],[9.35779,53.87197],[9.34862,53.85815],[9.35398,53.8527],[9.34634,53.84468],[9.35447,53.83866],[9.37918,53.83094],[9.38884,53.82322],[9.40243,53.82543],[9.40873,53.83033],[9.40497,53.84119],[9.42244,53.84255],[9.43416,53.83585],[9.44177,53.83865],[9.44143,53.84715]]]},"properties":{"plz":"25599","name":"25599 Wewelsfleth"}},{"type":"Feature","geometry":{"type":"Polygon","coordinates":[[[9.58352,53.31576],[9.5767,53.32991],[9.56267,53.33764],[9.55324,53.34381],[9.56106,53.35365],[9.57062,53.35504],[9.57329,53.36984],[9.56562,53.37282],[9.53098,53.3731],[9.51214,53.38582],[9.48825,53.36424],[9.47417,53.35941],[9.47613,53.35038],[9.46177,53.3519],[9.44631,53.34548],[9.43619,53.33296],[9.42071,53.33329],[9.4122,53.32954],[9.4115,53.31696],[9.41965,53.30399],[9.42922,53.30387],[9.41775,53.29233],[9.43329,53.27596],[9.44086,53.24667],[9.44658,53.23833],[9.46504,53.23446],[9.4812,53.23217],[9.52862,53.24767],[9.57554,53.25672],[9.60167,53.25899],[9.58977,53.29157],[9.60407,53.28855],[9.60165,53.29984],[9.59398,53.30735],[9.58503,53.30715],[9.58352,53.31576]]]},"properties":{"plz":"27419","name":"27419 Sittensen u.a."}},{"type":"Feature","geometry":{"type":"Polygon","coordinates":[[[9.41238,53.48053],[9.40537,53.48493],[9.37166,53.48404],[9.37191,53.49027],[9.3496,53.51119],[9.36066,53.52266],[9.36079,53.53203],[9.35007,53.53685],[9.33389,53.53422],[9.31844,53.53577],[9.31287,53.53046],[9.28978,53.52736],[9.28305,53.52322],[9.2332,53.49765],[9.22573,53.49722],[9.23456,53.48529],[9.22998,53.48361],[9.24208,53.4636],[9.24638,53.46911],[9.25351,53.46027],[9.26047,53.46432],[9.2709,53.45967],[9.28468,53.47182],[9.29197,53.46176],[9.30764,53.45328],[9.32583,53.46388],[9.3358,53.4494],[9.3433,53.4507],[9.36263,53.45247],[9.38413,53.46249],[9.40361,53.4658],[9.40403,53.47795],[9.41238,53.48053]]]},"properties":{"plz":"27449","name":"27449 Kutenholz"}}]}