{"type":"FeatureCollection","features":[{"type":"Feature","geometry":{"type":"Polygon","coordinates":[[[13.36586,52.53566],[13.37364,52.5278],[13.3954,52.52435],[13.39902,52.52701],[13.40118,52.536],[13.39942,52.53921],[13.38774,52.53318],[13.37633,52.53821],[13.37492,52.53733],[13.36586,52.53566]]]},"properties":{"plz":"10115","name":"10115 Berlin Mitte"}},{"type":"Feature","geometry":{"type":"Polygon","coordinates":[[[13.37364,52.5278],[13.37658,52.5162],[13.37765,52.50797],[13.38576,52.50733],[13.40364,52.50818],[13.40306,52.51217],[13.3954,52.52435],[13.37364,52.5278]]]},"properties":{"plz":"10117","name":"10117 Berlin Mitte"}},{"type":"Feature","geometry":{"type":"Polygon","coordinates":[[[13.39902,52.52701],[13.41596,52.52718],[13.41257,52.53262],[13.40118,52.536],[13.39902,52.52701]]]},"properties":{"plz":"10119","name":"10119 Berlin Mitte"}},{"type":"Feature","geometry":{"type":"Polygon","coordinates":[[[13.3954,52.52435],[13.40306,52.51217],[13.41522,52.52084],[13.42593,52.51839],[13.42918,52.52123],[13.41975,52.52555],[13.41596,52.52718],[13.39902,52.52701],[13.3954,52.52435]]]},"properties":{"plz":"10178","name":"10178 Berlin Mitte"}},{"type":"Feature","geometry":{"type":"Polygon","coordinates":[[[13.40364,52.50818],[13.41407,52.50404],[13.42181,52.50504],[13.4294,52.50856],[13.42593,52.51839],[13.41522,52.52084],[13.40306,52.51217],[13.40364,52.50818]]]},"properties":{"plz":"10179","name":"10179 Berlin Mitte"}},{"type":"Feature","geometry":{"type":"Polygon","coordinates":[[[13.42593,52.51839],[13.4294,52.50856],[13.44523,52.5011],[13.45479,52.51471],[13.45253,52.51702],[13.42918,52.52123],[13.42593,52.51839]]]},"properties":{"plz":"10243","name":"10243 Berlin Friedrichshain"}},{"type":"Feature","geometry":{"type":"Polygon","coordinates":[[[13.44523,52.5011],[13.45293,52.49771],[13.47863,52.48703],[13.49101,52.48736],[13.47308,52.499],[13.47226,52.50611],[13.47381,52.50801],[13.45479,52.51471],[13.44523,52.5011]]]},"properties":{"plz":"10245","name":"10245 Berlin Friedrichshain"}},{"type":"Feature","geometry":{"type":"Polygon","coordinates":[[[13.45479,52.51471],[13.47381,52.50801],[13.47589,52.51486],[13.47209,52.52063],[13.45796,52.52443],[13.45253,52.51702],[13.45479,52.51471]]]},"properties":{"plz":"10247","name":"10247 Berlin Friedrichshain"}},{"type":"Feature","geometry":{"type":"Polygon","coordinates":[[[13.42918,52.52123],[13.45253,52.51702],[13.45796,52.52443],[13.47209,52.52063],[13.4708,52.52204],[13.45619,52.52826],[13.42381,52.5279],[13.41975,52.52555],[13.42918,52.52123]]]},"properties":{"plz":"10249","name":"10249 Berlin Friedrichshain"}},{"type":"Feature","geometry":{"type":"Polygon","coordinates":[[[13.50867,52.51439],[13.49577,52.50048],[13.53621,52.50999],[13.53786,52.50993],[13.51878,52.51396],[13.51697,52.53559],[13.50769,52.52417],[13.50867,52.51439]]]},"properties":{"plz":"10315","name":"10315 Berlin Friedrichsfelde"}},{"type":"Feature","geometry":{"type":"Polygon","coordinates":[[[13.49101,52.48736],[13.49386,52.48388],[13.4942,52.48312],[13.50197,52.48245],[13.50577,52.49125],[13.49577,52.50048],[13.50867,52.51439],[13.48557,52.50589],[13.47226,52.50611],[13.47308,52.499],[13.49101,52.48736]]]},"properties":{"plz":"10317","name":"10317 Berlin Rummelsburg"}},{"type":"Feature","geometry":{"type":"Polygon","coordinates":[[[13.50197,52.48245],[13.50779,52.47491],[13.52177,52.47517],[13.53066,52.46784],[13.53987,52.47494],[13.54847,52.47327],[13.55324,52.47362],[13.54173,52.49829],[13.50577,52.49125],[13.50197,52.48245]]]},"properties":{"plz":"10318","name":"10318 Berlin Karlshorst"}},{"type":"Feature","geometry":{"type":"Polygon","coordinates":[[[13.49577,52.50048],[13.50577,52.49125],[13.54173,52.49829],[13.53621,52.50999],[13.49577,52.50048]]]},"properties":{"plz":"10319","name":"10319 Berlin"}},{"type":"Feature","geometry":{"type":"Polygon","coordinates":[[[13.47226,52.50611],[13.48557,52.50589],[13.50867,52.51439],[13.50769,52.52417],[13.51697,52.53559],[13.49629,52.53442],[13.48736,52.5311],[13.48443,52.51311],[13.47589,52.51486],[13.47381,52.50801],[13.47226,52.50611]]]},"properties":{"plz":"10365","name":"10365 Berlin Lichtenberg"}},{"type":"Feature","geometry":{"type":"Polygon","coordinates":[[[13.47589,52.51486],[13.48443,52.51311],[13.48736,52.5311],[13.49629,52.53442],[13.47603,52.53325],[13.47832,52.52314],[13.4708,52.52204],[13.47209,52.52063],[13.47589,52.51486]]]},"properties":{"plz":"10367","name":"10367 Berlin Lichtenberg"}},{"type":"Feature","geometry":{"type":"Polygon","coordinates":[[[13.4708,52.52204],[13.47832,52.52314],[13.47603,52.53325],[13.47322,52.53604],[13.46992,52.54041],[13.46738,52.53853],[13.45619,52.52826],[13.4708,52.52204]]]},"properties":{"plz":"10369","name":"10369 Berlin Lichtenberg"}},{"type":"Feature","geometry":{"type":"Polygon","coordinates":[[[13.41596,52.52718],[13.41975,52.52555],[13.42381,52.5279],[13.4366,52.53891],[13.44737,52.53675],[13.42671,52.54456],[13.423,52.54015],[13.41257,52.53262],[13.41596,52.52718]]]},"properties":{"plz":"10405","name":"10405 Berlin Prenzlauer Berg"}},{"type":"Feature","geometry":{"type":"Polygon","coordinates":[[[13.45619,52.52826],[13.46738,52.53853],[13.45727,52.54276],[13.44737,52.53675],[13.4366,52.53891],[13.42381,52.5279],[13.45619,52.52826]]]},"properties":{"plz":"10407","name":"10407 Berlin Prenzlauer Berg"}},{"type":"Feature","geometry":{"type":"Polygon","coordinates":[[[13.44737,52.53675],[13.45727,52.54276],[13.44798,52.54696],[13.43022,52.55171],[13.42998,52.55154],[13.42681,52.5447],[13.42671,52.54456],[13.44737,52.53675]]]},"properties":{"plz":"10409","name":"10409 Berlin Prenzlauer Berg"}},{"type":"Feature","geometry":{"type":"Polygon","coordinates":[[[13.40118,52.536],[13.41257,52.53262],[13.423,52.54015],[13.40349,52.5403],[13.39942,52.53921],[13.40118,52.536]]]},"properties":{"plz":"10435","name":"10435 Berlin Prenzlauer Berg"}},{"type":"Feature","geometry":{"type":"Polygon","coordinates":[[[13.42671,52.54456],[13.42681,52.5447],[13.41712,52.54899],[13.39932,52.54889],[13.40349,52.5403],[13.423,52.54015],[13.42671,52.54456]]]},"properties":{"plz":"10437","name":"10437 Berlin Prenzlauer Berg"}},{"type":"Feature","geometry":{"type":"Polygon","coordinates":[[[13.42998,52.55154],[13.4131,52.55692],[13.39711,52.55827],[13.39762,52.55461],[13.39932,52.54889],[13.41712,52.54899],[13.42681,52.5447],[13.42998,52.55154]]]},"properties":{"plz":"10439","name":"10439 Berlin Prenzlauer Berg"}},{"type":"Feature","geometry":{"type":"Polygon","coordinates":[[[13.33042,52.53466],[13.32908,52.5266],[13.34311,52.52614],[13.3438,52.53646],[13.33042,52.53466]]]},"properties":{"plz":"10551","name":"10551 Berlin Moabit"}},{"type":"Feature","geometry":{"type":"Polygon","coordinates":[[[13.33042,52.53466],[13.32662,52.53772],[13.3115,52.5354],[13.31731,52.52062],[13.32878,52.52244],[13.32908,52.5266],[13.33042,52.53466]]]},"properties":{"plz":"10553","name":"10553 Berlin Moabit"}},{"type":"Feature","geometry":{"type":"Polygon","coordinates":[[[13.32908,52.5266],[13.32878,52.52244],[13.33438,52.51641],[13.33588,52.51261],[13.33642,52.51381],[13.3431,52.52316],[13.34311,52.52614],[13.32908,52.5266]]]},"properties":{"plz":"10555","name":"10555 Berlin Moabit"}},{"type":"Feature","geometry":{"type":"Polygon","coordinates":[[[13.36586,52.53566],[13.35914,52.53677],[13.35166,52.53238],[13.3578,52.52476],[13.3431,52.52316],[13.33642,52.51381],[13.35022,52.51391],[13.37658,52.5162],[13.37364,52.5278],[13.36586,52.53566]]]},"properties":{"plz":"10557","name":"10557 Berlin Moabit"}},{"type":"Feature","geometry":{"type":"Polygon","coordinates":[[[13.34311,52.52614],[13.3431,52.52316],[13.3578,52.52476],[13.35166,52.53238],[13.35914,52.53677],[13.3438,52.53646],[13.34311,52.52614]]]},"properties":{"plz":"10559","name":"10559 Berlin Moabit"}},{"type":"Feature","geometry":{"type":"Polygon","coordinates":[[[13.29967,52.52112],[13.29836,52.51187],[13.30949,52.51202],[13.31913,52.51311],[13.29967,52.52112]]]},"properties":{"plz":"10585","name":"10585 Berlin Charlottenburg"}},{"type":"Feature","geometry":{"type":"Polygon","coordinates":[[[13.31731,52.52062],[13.30012,52.52188],[13.29967,52.52112],[13.31913,52.51311],[13.32231,52.5113],[13.33438,52.51641],[13.32878,52.52244],[13.31731,52.52062]]]},"properties":{"plz":"10587","name":"10587 Berlin Charlottenburg"}},{"type":"Feature","geometry":{"type":"Polygon","coordinates":[[[13.3115,52.5354],[13.29272,52.53167],[13.30012,52.52188],[13.31731,52.52062],[13.3115,52.5354]]]},"properties":{"plz":"10589","name":"10589 Berlin Charlottenburg"}},{"type":"Feature","geometry":{"type":"MultiPolygon","coordinates":[[[[13.33438,52.51641],[13.32231,52.5113],[13.31809,52.5053],[13.32147,52.50248],[13.33334,52.50501],[13.33444,52.50538],[13.33588,52.51261],[13.33438,52.51641]]],[[[13.31841,52.50239],[13.31966,52.50187],[13.32033,52.50248],[13.31841,52.50239]]]]},"properties":{"plz":"10623","name":"10623 Berlin Charlottenburg"}},{"type":"Feature","geometry":{"type":"Polygon","coordinates":[[[13.30949,52.51202],[13.3097,52.50526],[13.31809,52.5053],[13.32231,52.5113],[13.31913,52.51311],[13.30949,52.51202]]]},"properties":{"plz":"10625","name":"10625 Berlin Charlottenburg"}},{"type":"Feature","geometry":{"type":"Polygon","coordinates":[[[13.29836,52.51187],[13.29734,52.51098],[13.2953,52.50332],[13.29585,52.50248],[13.3097,52.50526],[13.30949,52.51202],[13.29836,52.51187]]]},"properties":{"plz":"10627","name":"10627 Berlin Charlottenburg"}},{"type":"Feature","geometry":{"type":"Polygon","coordinates":[[[13.32033,52.50248],[13.32147,52.50248],[13.31809,52.5053],[13.3097,52.50526],[13.29585,52.50248],[13.30321,52.49987],[13.30699,52.49999],[13.31841,52.50239],[13.32033,52.50248]]]},"properties":{"plz":"10629","name":"10629 Berlin Charlottenburg"}},{"type":"Feature","geometry":{"type":"Polygon","coordinates":[[[13.31841,52.50239],[13.30699,52.49999],[13.31247,52.49006],[13.31846,52.49233],[13.31966,52.50187],[13.31841,52.50239]]]},"properties":{"plz":"10707","name":"10707 Berlin Wilmersdorf"}},{"type":"Feature","geometry":{"type":"Polygon","coordinates":[[[13.30321,52.49987],[13.2969,52.49058],[13.29966,52.48858],[13.30038,52.48804],[13.31247,52.49006],[13.30699,52.49999],[13.30321,52.49987]]]},"properties":{"plz":"10709","name":"10709 Berlin Wilmersdorf"}},{"type":"Feature","geometry":{"type":"Polygon","coordinates":[[[13.2953,52.50332],[13.28746,52.50237],[13.28176,52.4972],[13.2969,52.49058],[13.30321,52.49987],[13.29585,52.50248],[13.2953,52.50332]]]},"properties":{"plz":"10711","name":"10711 Berlin Halensee"}},{"type":"Feature","geometry":{"type":"Polygon","coordinates":[[[13.31247,52.49006],[13.30038,52.48804],[13.31061,52.48054],[13.32049,52.47771],[13.32042,52.48707],[13.32001,52.4913],[13.31846,52.49233],[13.31247,52.49006]]]},"properties":{"plz":"10713","name":"10713 Berlin Wilmersdorf"}},{"type":"Feature","geometry":{"type":"Polygon","coordinates":[[[13.32049,52.47771],[13.32049,52.47747],[13.32883,52.47744],[13.33707,52.47852],[13.33699,52.48824],[13.33619,52.48858],[13.32042,52.48707],[13.32049,52.47771]]]},"properties":{"plz":"10715","name":"10715 Berlin Wilhelmsdorf"}},{"type":"Feature","geometry":{"type":"Polygon","coordinates":[[[13.32042,52.48707],[13.33619,52.48858],[13.33134,52.49557],[13.32001,52.4913],[13.32042,52.48707]]]},"properties":{"plz":"10717","name":"10717 Berlin Wilmersdorf"}},{"type":"Feature","geometry":{"type":"Polygon","coordinates":[[[13.31966,52.50187],[13.31846,52.49233],[13.32001,52.4913],[13.33134,52.49557],[13.33183,52.4956],[13.33442,52.49907],[13.33334,52.50501],[13.32147,52.50248],[13.32033,52.50248],[13.31966,52.50187]]]},"properties":{"plz":"10719","name":"10719 Berlin Wilmersdorf"}},{"type":"Feature","geometry":{"type":"Polygon","coordinates":[[[13.33183,52.4956],[13.34625,52.49442],[13.35523,52.49759],[13.35458,52.50019],[13.34662,52.50105],[13.33442,52.49907],[13.33183,52.4956]]]},"properties":{"plz":"10777","name":"10777 Berlin Wilmersdorf"}},{"type":"Feature","geometry":{"type":"Polygon","coordinates":[[[13.33699,52.48824],[13.34502,52.48946],[13.34599,52.48986],[13.34625,52.49442],[13.33183,52.4956],[13.33134,52.49557],[13.33619,52.48858],[13.33699,52.48824]]]},"properties":{"plz":"10779","name":"10779 Berlin Schöneberg"}},{"type":"Feature","geometry":{"type":"Polygon","coordinates":[[[13.34625,52.49442],[13.34599,52.48986],[13.35959,52.49117],[13.35523,52.49759],[13.34625,52.49442]]]},"properties":{"plz":"10781","name":"10781 Berlin Schöneberg"}},{"type":"Feature","geometry":{"type":"Polygon","coordinates":[[[13.35523,52.49759],[13.35959,52.49117],[13.36061,52.49093],[13.3673,52.49141],[13.36842,52.49261],[13.36858,52.49396],[13.36973,52.49878],[13.35424,52.50149],[13.35458,52.50019],[13.35523,52.49759]]]},"properties":{"plz":"10783","name":"10783 Berlin Schöneberg"}},{"type":"Feature","geometry":{"type":"Polygon","coordinates":[[[13.37658,52.5162],[13.35022,52.51391],[13.34909,52.50253],[13.35424,52.50149],[13.36973,52.49878],[13.36858,52.49396],[13.37305,52.49601],[13.37765,52.50797],[13.37658,52.5162]]]},"properties":{"plz":"10785","name":"10785 Berlin Tiergarten"}},{"type":"Feature","geometry":{"type":"Polygon","coordinates":[[[13.33588,52.51261],[13.33444,52.50538],[13.34662,52.50105],[13.35458,52.50019],[13.35424,52.50149],[13.34909,52.50253],[13.35022,52.51391],[13.33642,52.51381],[13.33588,52.51261]]]},"properties":{"plz":"10787","name":"10787 Berlin Tiergarten"}},{"type":"Feature","geometry":{"type":"Polygon","coordinates":[[[13.33334,52.50501],[13.33442,52.49907],[13.34662,52.50105],[13.33444,52.50538],[13.33334,52.50501]]]},"properties":{"plz":"10789","name":"10789 Berlin Schöneberg"}},{"type":"Feature","geometry":{"type":"Polygon","coordinates":[[[13.34502,52.48946],[13.34704,52.48176],[13.36061,52.49093],[13.35959,52.49117],[13.34599,52.48986],[13.34502,52.48946]]]},"properties":{"plz":"10823","name":"10823 Berlin-West"}},{"type":"Feature","geometry":{"type":"Polygon","coordinates":[[[13.33707,52.47852],[13.34196,52.47857],[13.34704,52.48176],[13.34502,52.48946],[13.33699,52.48824],[13.33707,52.47852]]]},"properties":{"plz":"10825","name":"10825 Berlin"}},{"type":"Feature","geometry":{"type":"Polygon","coordinates":[[[13.36061,52.49093],[13.34704,52.48176],[13.34196,52.47857],[13.34655,52.47496],[13.3673,52.49141],[13.36061,52.49093]]]},"properties":{"plz":"10827","name":"10827 Berlin"}},{"type":"Feature","geometry":{"type":"Polygon","coordinates":[[[13.3673,52.49141],[13.34655,52.47496],[13.34376,52.47203],[13.35809,52.47404],[13.35892,52.45934],[13.36168,52.46045],[13.36326,52.46894],[13.37109,52.47203],[13.36417,52.47678],[13.36997,52.48496],[13.36842,52.49261],[13.3673,52.49141]]]},"properties":{"plz":"10829","name":"10829 Berlin Schöneberg"}},{"type":"Feature","geometry":{"type":"Polygon","coordinates":[[[13.38533,52.49508],[13.38836,52.48883],[13.40776,52.48866],[13.40826,52.49611],[13.39104,52.49758],[13.38533,52.49508]]]},"properties":{"plz":"10961","name":"10961 Berlin Kreuzberg"}},{"type":"Feature","geometry":{"type":"Polygon","coordinates":[[[13.37765,52.50797],[13.37305,52.49601],[13.38533,52.49508],[13.39104,52.49758],[13.38576,52.50733],[13.37765,52.50797]]]},"properties":{"plz":"10963","name":"10963 Berlin Kreuzberg"}},{"type":"Feature","geometry":{"type":"Polygon","coordinates":[[[13.36842,52.49261],[13.36997,52.48496],[13.39922,52.48323],[13.39446,52.47782],[13.41349,52.47871],[13.42083,52.48482],[13.40776,52.48866],[13.38836,52.48883],[13.38533,52.49508],[13.37305,52.49601],[13.36858,52.49396],[13.36842,52.49261]]]},"properties":{"plz":"10965","name":"10965 Berlin Kreuzberg"}},{"type":"Feature","geometry":{"type":"Polygon","coordinates":[[[13.40776,52.48866],[13.42083,52.48482],[13.42453,52.48609],[13.42544,52.48637],[13.42097,52.49579],[13.41241,52.49537],[13.40826,52.49611],[13.40776,52.48866]]]},"properties":{"plz":"10967","name":"10967 Berlin Kreuzberg"}},{"type":"Feature","geometry":{"type":"Polygon","coordinates":[[[13.38576,52.50733],[13.39104,52.49758],[13.40826,52.49611],[13.41241,52.49537],[13.41407,52.50404],[13.40364,52.50818],[13.38576,52.50733]]]},"properties":{"plz":"10969","name":"10969 Berlin Kreuzberg"}},{"type":"Feature","geometry":{"type":"Polygon","coordinates":[[[13.42181,52.50504],[13.41921,52.50139],[13.44464,52.49417],[13.45293,52.49771],[13.44523,52.5011],[13.4294,52.50856],[13.42181,52.50504]]]},"properties":{"plz":"10997","name":"10997 Berlin Kreuzberg"}},{"type":"Feature","geometry":{"type":"Polygon","coordinates":[[[13.41407,52.50404],[13.41241,52.49537],[13.42097,52.49579],[13.4353,52.49132],[13.43944,52.48963],[13.43964,52.4899],[13.44464,52.49417],[13.41921,52.50139],[13.42181,52.50504],[13.41407,52.50404]]]},"properties":{"plz":"10999","name":"10999 Berlin Kreuzberg"}},{"type":"Feature","geometry":{"type":"Polygon","coordinates":[[[13.42453,52.48609],[13.4255,52.48231],[13.43362,52.48185],[13.43966,52.47299],[13.44775,52.47757],[13.44258,52.48028],[13.43023,52.48592],[13.42544,52.48637],[13.42453,52.48609]]]},"properties":{"plz":"12043","name":"12043 Berlin Neukölln"}},{"type":"Feature","geometry":{"type":"Polygon","coordinates":[[[13.4353,52.49132],[13.43023,52.48592],[13.44258,52.48028],[13.45033,52.48709],[13.44866,52.48798],[13.43944,52.48963],[13.4353,52.49132]]]},"properties":{"plz":"12045","name":"12045 Berlin Neukölln"}},{"type":"Feature","geometry":{"type":"Polygon","coordinates":[[[13.42544,52.48637],[13.43023,52.48592],[13.4353,52.49132],[13.42097,52.49579],[13.42544,52.48637]]]},"properties":{"plz":"12047","name":"12047 Berlin Kreuzberg"}},{"type":"Feature","geometry":{"type":"Polygon","coordinates":[[[13.41349,52.47871],[13.41604,52.46915],[13.42912,52.47191],[13.4255,52.48231],[13.42453,52.48609],[13.42083,52.48482],[13.41349,52.47871]]]},"properties":{"plz":"12049","name":"12049 Berlin Neukölln"}},{"type":"Feature","geometry":{"type":"Polygon","coordinates":[[[13.41604,52.46915],[13.42302,52.46133],[13.44384,52.46308],[13.4433,52.46369],[13.44183,52.46759],[13.4401,52.47151],[13.42912,52.47191],[13.41604,52.46915]]]},"properties":{"plz":"12051","name":"12051 Berlin Neukölln"}},{"type":"Feature","geometry":{"type":"Polygon","coordinates":[[[13.4255,52.48231],[13.42912,52.47191],[13.4401,52.47151],[13.43966,52.47299],[13.43362,52.48185],[13.4255,52.48231]]]},"properties":{"plz":"12053","name":"12053 Berlin Neukölln"}},{"type":"Feature","geometry":{"type":"Polygon","coordinates":[[[13.43966,52.47299],[13.4401,52.47151],[13.44183,52.46759],[13.45715,52.47052],[13.44775,52.47757],[13.43966,52.47299]]]},"properties":{"plz":"12055","name":"12055 Berlin Neukölln"}},{"type":"Feature","geometry":{"type":"Polygon","coordinates":[[[13.4433,52.46369],[13.45697,52.45912],[13.47497,52.45876],[13.47848,52.46499],[13.47005,52.47303],[13.45856,52.48552],[13.45715,52.47052],[13.44183,52.46759],[13.4433,52.46369]]]},"properties":{"plz":"12057","name":"12057 Berlin Neukölln"}},{"type":"Feature","geometry":{"type":"MultiPolygon","coordinates":[[[[13.43944,52.48963],[13.44866,52.48798],[13.43964,52.4899],[13.43944,52.48963]]],[[[13.44775,52.47757],[13.45715,52.47052],[13.45856,52.48552],[13.45033,52.48709],[13.44258,52.48028],[13.44775,52.47757]]]]},"properties":{"plz":"12059","name":"12059 Berlin Neukölln"}},{"type":"Feature","geometry":{"type":"Polygon","coordinates":[[[13.39446,52.47782],[13.385,52.47101],[13.3834,52.45504],[13.3845,52.45281],[13.41608,52.45082],[13.42302,52.46133],[13.41604,52.46915],[13.41349,52.47871],[13.39446,52.47782]]]},"properties":{"plz":"12099","name":"12099 Berlin Tempelhof"}},{"type":"Feature","geometry":{"type":"Polygon","coordinates":[[[13.37109,52.47203],[13.385,52.47101],[13.39446,52.47782],[13.39922,52.48323],[13.36997,52.48496],[13.36417,52.47678],[13.37109,52.47203]]]},"properties":{"plz":"12101","name":"12101 Berlin Tempelhof"}},{"type":"Feature","geometry":{"type":"Polygon","coordinates":[[[13.36168,52.46045],[13.3834,52.45504],[13.385,52.47101],[13.37109,52.47203],[13.36326,52.46894],[13.36168,52.46045]]]},"properties":{"plz":"12103","name":"12103 Berlin Tempelhof"}},{"type":"Feature","geometry":{"type":"Polygon","coordinates":[[[13.35892,52.45934],[13.35582,52.45729],[13.36113,52.44692],[13.36753,52.43582],[13.38591,52.4411],[13.3845,52.45281],[13.3834,52.45504],[13.36168,52.46045],[13.35892,52.45934]]]},"properties":{"plz":"12105","name":"12105 Berlin Mariendorf"}},{"type":"Feature","geometry":{"type":"Polygon","coordinates":[[[13.36753,52.43582],[13.3676,52.43571],[13.36944,52.43266],[13.38696,52.42992],[13.38215,52.42337],[13.398,52.4173],[13.40116,52.41454],[13.40012,52.41877],[13.41094,52.43834],[13.38591,52.4411],[13.36753,52.43582]]]},"properties":{"plz":"12107","name":"12107 Berlin Mariendorf"}},{"type":"Feature","geometry":{"type":"Polygon","coordinates":[[[13.3845,52.45281],[13.38591,52.4411],[13.41094,52.43834],[13.41098,52.43843],[13.41608,52.45082],[13.3845,52.45281]]]},"properties":{"plz":"12109","name":"12109 Berlin Mariendorf"}},{"type":"Feature","geometry":{"type":"Polygon","coordinates":[[[13.34376,52.47203],[13.33703,52.46742],[13.33285,52.46403],[13.32806,52.46036],[13.3449,52.46106],[13.35582,52.45729],[13.35892,52.45934],[13.35809,52.47404],[13.34376,52.47203]]]},"properties":{"plz":"12157","name":"12157 Berlin Schöneberg"}},{"type":"Feature","geometry":{"type":"Polygon","coordinates":[[[13.32883,52.47744],[13.33703,52.46742],[13.34376,52.47203],[13.34655,52.47496],[13.34196,52.47857],[13.33707,52.47852],[13.32883,52.47744]]]},"properties":{"plz":"12159","name":"12159 Berlin Friedenau"}},{"type":"Feature","geometry":{"type":"Polygon","coordinates":[[[13.32049,52.47747],[13.32143,52.46706],[13.33285,52.46403],[13.33703,52.46742],[13.32883,52.47744],[13.32049,52.47747]]]},"properties":{"plz":"12161","name":"12161 Berlin Friedenau"}},{"type":"Feature","geometry":{"type":"Polygon","coordinates":[[[13.33285,52.46403],[13.32143,52.46706],[13.31023,52.46683],[13.30702,52.45957],[13.32487,52.45827],[13.32806,52.46036],[13.33285,52.46403]]]},"properties":{"plz":"12163","name":"12163 Berlin Steglitz"}},{"type":"Feature","geometry":{"type":"Polygon","coordinates":[[[13.30702,52.45957],[13.30503,52.45502],[13.31898,52.45009],[13.32565,52.4555],[13.32487,52.45827],[13.30702,52.45957]]]},"properties":{"plz":"12165","name":"12165 Berlin Steglitz"}},{"type":"Feature","geometry":{"type":"Polygon","coordinates":[[[13.31898,52.45009],[13.32565,52.4434],[13.34939,52.44415],[13.35365,52.44857],[13.33707,52.45022],[13.32565,52.4555],[13.31898,52.45009]]]},"properties":{"plz":"12167","name":"12167 Berlin Steglitz"}},{"type":"Feature","geometry":{"type":"Polygon","coordinates":[[[13.35582,52.45729],[13.3449,52.46106],[13.32806,52.46036],[13.32487,52.45827],[13.32565,52.4555],[13.33707,52.45022],[13.35365,52.44857],[13.36113,52.44692],[13.35582,52.45729]]]},"properties":{"plz":"12169","name":"12169 Berlin Steglitz"}},{"type":"Feature","geometry":{"type":"Polygon","coordinates":[[[13.30503,52.45502],[13.29353,52.44589],[13.30969,52.43135],[13.32568,52.44299],[13.32565,52.4434],[13.31898,52.45009],[13.30503,52.45502]]]},"properties":{"plz":"12203","name":"12203 Berlin Lichtenfelde"}},{"type":"Feature","geometry":{"type":"Polygon","coordinates":[[[13.29353,52.44589],[13.28311,52.44218],[13.28194,52.43888],[13.27975,52.43232],[13.29466,52.42154],[13.30969,52.43135],[13.29353,52.44589]]]},"properties":{"plz":"12205","name":"12205 Berlin Lichtenfelde"}},{"type":"Feature","geometry":{"type":"Polygon","coordinates":[[[13.30969,52.43135],[13.29466,52.42154],[13.29675,52.41625],[13.31208,52.39914],[13.32725,52.4057],[13.31407,52.4182],[13.3317,52.43144],[13.32568,52.44299],[13.30969,52.43135]]]},"properties":{"plz":"12207","name":"12207 Berlin Lichtenfelde"}},{"type":"Feature","geometry":{"type":"Polygon","coordinates":[[[13.32725,52.4057],[13.34331,52.41127],[13.34281,52.41525],[13.33281,52.42955],[13.3317,52.43144],[13.31407,52.4182],[13.32725,52.4057]]]},"properties":{"plz":"12209","name":"12209 Berlin-Lichterfelde"}},{"type":"Feature","geometry":{"type":"Polygon","coordinates":[[[13.36113,52.44692],[13.35365,52.44857],[13.34939,52.44415],[13.32565,52.4434],[13.32568,52.44299],[13.3317,52.43144],[13.33281,52.42955],[13.34534,52.43585],[13.3676,52.43571],[13.36753,52.43582],[13.36113,52.44692]]]},"properties":{"plz":"12247","name":"12247 Berlin Lankwitz"}},{"type":"Feature","geometry":{"type":"Polygon","coordinates":[[[13.3676,52.43571],[13.34534,52.43585],[13.33281,52.42955],[13.34281,52.41525],[13.35634,52.41892],[13.36358,52.42076],[13.36944,52.43266],[13.3676,52.43571]]]},"properties":{"plz":"12249","name":"12249 Berlin Lankwitz"}},{"type":"Feature","geometry":{"type":"Polygon","coordinates":[[[13.36944,52.43266],[13.36358,52.42076],[13.35634,52.41892],[13.3639,52.41282],[13.36186,52.40432],[13.35269,52.40201],[13.36141,52.39767],[13.38878,52.40049],[13.38605,52.40511],[13.398,52.4173],[13.38215,52.42337],[13.38696,52.42992],[13.36944,52.43266]]]},"properties":{"plz":"12277","name":"12277 Berlin"}},{"type":"Feature","geometry":{"type":"Polygon","coordinates":[[[13.34331,52.41127],[13.35269,52.40201],[13.36186,52.40432],[13.3639,52.41282],[13.35634,52.41892],[13.34281,52.41525],[13.34331,52.41127]]]},"properties":{"plz":"12279","name":"12279 Berlin"}},{"type":"Feature","geometry":{"type":"Polygon","coordinates":[[[13.398,52.4173],[13.38605,52.40511],[13.38878,52.40049],[13.39866,52.39568],[13.39958,52.38562],[13.40976,52.3874],[13.40664,52.39377],[13.41775,52.41091],[13.40116,52.41454],[13.398,52.4173]]]},"properties":{"plz":"12305","name":"12305 Berlin"}},{"type":"Feature","geometry":{"type":"Polygon","coordinates":[[[13.36141,52.39767],[13.37195,52.39379],[13.37045,52.38846],[13.38726,52.38858],[13.38844,52.37787],[13.41224,52.37682],[13.40976,52.3874],[13.39958,52.38562],[13.39866,52.39568],[13.38878,52.40049],[13.36141,52.39767]]]},"properties":{"plz":"12307","name":"12307 Berlin"}},{"type":"Feature","geometry":{"type":"Polygon","coordinates":[[[13.40976,52.3874],[13.41224,52.37682],[13.42083,52.37613],[13.42746,52.38575],[13.41988,52.40374],[13.41842,52.40877],[13.41959,52.41017],[13.41775,52.41091],[13.40664,52.39377],[13.40976,52.3874]]]},"properties":{"plz":"12309","name":"12309 Berlin"}},{"type":"Feature","geometry":{"type":"Polygon","coordinates":[[[13.42302,52.46133],[13.41608,52.45082],[13.41098,52.43843],[13.41731,52.43704],[13.43416,52.44441],[13.44384,52.46308],[13.42302,52.46133]]]},"properties":{"plz":"12347","name":"12347 Berlin Britz"}},{"type":"Feature","geometry":{"type":"Polygon","coordinates":[[[13.40116,52.41454],[13.41775,52.41091],[13.41959,52.41017],[13.43892,52.41445],[13.43851,52.42341],[13.43581,52.43931],[13.43416,52.44441],[13.41731,52.43704],[13.41098,52.43843],[13.41094,52.43834],[13.40012,52.41877],[13.40116,52.41454]]]},"properties":{"plz":"12349","name":"12349 Berlin Buckow"}},{"type":"Feature","geometry":{"type":"Polygon","coordinates":[[[13.43851,52.42341],[13.46036,52.43105],[13.47288,52.42579],[13.47377,52.43743],[13.45695,52.44306],[13.44938,52.43301],[13.43581,52.43931],[13.43851,52.42341]]]},"properties":{"plz":"12351","name":"12351 Berlin Buckow"}},{"type":"Feature","geometry":{"type":"Polygon","coordinates":[[[13.43892,52.41445],[13.45949,52.42058],[13.46801,52.42004],[13.48063,52.41727],[13.48509,52.42336],[13.47288,52.42579],[13.46036,52.43105],[13.43851,52.42341],[13.43892,52.41445]]]},"properties":{"plz":"12353","name":"12353 Berlin Gropiusstadt"}},{"type":"Feature","geometry":{"type":"Polygon","coordinates":[[[13.46801,52.42004],[13.47977,52.39595],[13.51605,52.40178],[13.52413,52.4136],[13.52047,52.42624],[13.51995,52.42673],[13.51409,52.4272],[13.49401,52.41694],[13.48509,52.42336],[13.48063,52.41727],[13.46801,52.42004]]]},"properties":{"plz":"12355","name":"12355 Berlin Rudow"}},{"type":"Feature","geometry":{"type":"Polygon","coordinates":[[[13.47288,52.42579],[13.48509,52.42336],[13.49401,52.41694],[13.51409,52.4272],[13.47869,52.44274],[13.47377,52.43743],[13.47288,52.42579]]]},"properties":{"plz":"12357","name":"12357 Berlin Rudow"}},{"type":"Feature","geometry":{"type":"Polygon","coordinates":[[[13.44384,52.46308],[13.43416,52.44441],[13.43581,52.43931],[13.44938,52.43301],[13.45695,52.44306],[13.47377,52.43743],[13.47869,52.44274],[13.47861,52.44277],[13.46394,52.45024],[13.45697,52.45912],[13.4433,52.46369],[13.44384,52.46308]]]},"properties":{"plz":"12359","name":"12359 Berlin Britz"}},{"type":"Feature","geometry":{"type":"Polygon","coordinates":[[[13.45293,52.49771],[13.44464,52.49417],[13.43964,52.4899],[13.44866,52.48798],[13.45033,52.48709],[13.45856,52.48552],[13.47005,52.47303],[13.49386,52.48388],[13.49101,52.48736],[13.47863,52.48703],[13.45293,52.49771]]]},"properties":{"plz":"12435","name":"12435 Berlin Alt Treptow"}},{"type":"Feature","geometry":{"type":"Polygon","coordinates":[[[13.49386,52.48388],[13.47005,52.47303],[13.47848,52.46499],[13.47497,52.45876],[13.45697,52.45912],[13.46394,52.45024],[13.47861,52.44277],[13.50056,52.46018],[13.49902,52.46899],[13.4942,52.48312],[13.49386,52.48388]]]},"properties":{"plz":"12437","name":"12437 Berlin Baumschulenweg"}},{"type":"Feature","geometry":{"type":"Polygon","coordinates":[[[13.50056,52.46018],[13.52879,52.44088],[13.5328,52.44774],[13.55851,52.44984],[13.55821,52.45322],[13.54016,52.45561],[13.52521,52.45331],[13.50438,52.46267],[13.49902,52.46899],[13.50056,52.46018]]]},"properties":{"plz":"12439","name":"12439 Berlin Niederschöneweide"}},{"type":"Feature","geometry":{"type":"Polygon","coordinates":[[[13.4942,52.48312],[13.49902,52.46899],[13.50438,52.46267],[13.52521,52.45331],[13.54016,52.45561],[13.55821,52.45322],[13.5666,52.45552],[13.54563,52.47263],[13.54847,52.47327],[13.53987,52.47494],[13.53066,52.46784],[13.52177,52.47517],[13.50779,52.47491],[13.50197,52.48245],[13.4942,52.48312]]]},"properties":{"plz":"12459","name":"12459 Berlin Oberschöneweide"}},{"type":"Feature","geometry":{"type":"Polygon","coordinates":[[[13.51995,52.42673],[13.51798,52.43271],[13.52879,52.44088],[13.50056,52.46018],[13.47861,52.44277],[13.47869,52.44274],[13.51409,52.4272],[13.51995,52.42673]]]},"properties":{"plz":"12487","name":"12487 Berlin"}},{"type":"Feature","geometry":{"type":"Polygon","coordinates":[[[13.52047,52.42624],[13.55435,52.42567],[13.56339,52.42668],[13.55915,52.44178],[13.55851,52.44984],[13.5328,52.44774],[13.52879,52.44088],[13.51798,52.43271],[13.51995,52.42673],[13.52047,52.42624]]]},"properties":{"plz":"12489","name":"12489 Berlin Teltowkanal III"}},{"type":"Feature","geometry":{"type":"Polygon","coordinates":[[[13.51605,52.40178],[13.53736,52.39876],[13.57301,52.41182],[13.55435,52.42567],[13.52047,52.42624],[13.52413,52.4136],[13.51605,52.40178]]]},"properties":{"plz":"12524","name":"12524 Berlin Altglienicke"}},{"type":"Feature","geometry":{"type":"Polygon","coordinates":[[[13.53736,52.39876],[13.5355,52.38899],[13.56421,52.38814],[13.59275,52.39383],[13.58694,52.40351],[13.57301,52.41182],[13.53736,52.39876]]]},"properties":{"plz":"12526","name":"12526 Berlin Bohnsdorf"}},{"type":"Feature","geometry":{"type":"Polygon","coordinates":[[[13.55435,52.42567],[13.57301,52.41182],[13.58694,52.40351],[13.59275,52.39383],[13.60569,52.37768],[13.6058,52.37361],[13.62851,52.38136],[13.64268,52.37751],[13.64696,52.3687],[13.63844,52.35974],[13.63632,52.34682],[13.6517,52.33946],[13.65708,52.3516],[13.67119,52.36649],[13.69222,52.36721],[13.69932,52.37769],[13.68664,52.38502],[13.70985,52.39637],[13.70189,52.398],[13.68076,52.39028],[13.66972,52.38234],[13.65736,52.38045],[13.62561,52.40806],[13.60916,52.4103],[13.58638,52.41409],[13.58119,52.4255],[13.56339,52.42668],[13.55435,52.42567]]]},"properties":{"plz":"12527","name":"12527 Berlin Schmöckwitz"}},{"type":"Feature","geometry":{"type":"Polygon","coordinates":[[[13.41988,52.40374],[13.42746,52.38575],[13.42083,52.37613],[13.41815,52.36576],[13.44191,52.36327],[13.44651,52.34685],[13.46057,52.34056],[13.49715,52.33703],[13.4956,52.33089],[13.53155,52.32572],[13.52817,52.31709],[13.57856,52.31881],[13.58854,52.31882],[13.60268,52.31088],[13.58947,52.32003],[13.5607,52.34699],[13.56301,52.34969],[13.56601,52.36008],[13.5862,52.36863],[13.5947,52.37971],[13.60569,52.37768],[13.59275,52.39383],[13.56421,52.38814],[13.5355,52.38899],[13.53736,52.39876],[13.51605,52.40178],[13.47977,52.39595],[13.46801,52.42004],[13.45949,52.42058],[13.43892,52.41445],[13.41959,52.41017],[13.41842,52.40877],[13.41988,52.40374]]]},"properties":{"plz":"12529","name":"12529 Schönefeld"}},{"type":"Feature","geometry":{"type":"Polygon","coordinates":[[[13.54847,52.47327],[13.54563,52.47263],[13.5666,52.45552],[13.55821,52.45322],[13.55851,52.44984],[13.55915,52.44178],[13.56275,52.44589],[13.58622,52.44112],[13.58226,52.44576],[13.59505,52.44943],[13.59619,52.46221],[13.61136,52.47046],[13.58382,52.48046],[13.58257,52.48015],[13.57516,52.47948],[13.56825,52.47468],[13.55324,52.47362],[13.54847,52.47327]]]},"properties":{"plz":"12555","name":"12555 Berlin Köpenik"}},{"type":"Feature","geometry":{"type":"Polygon","coordinates":[[[13.56339,52.42668],[13.58119,52.4255],[13.58638,52.41409],[13.60916,52.4103],[13.61617,52.42942],[13.58622,52.44112],[13.56275,52.44589],[13.55915,52.44178],[13.56339,52.42668]]]},"properties":{"plz":"12557","name":"12557 Berlin"}},{"type":"Feature","geometry":{"type":"Polygon","coordinates":[[[13.70985,52.39637],[13.73427,52.40213],[13.73903,52.40734],[13.73143,52.41976],[13.72501,52.41634],[13.71405,52.42558],[13.69163,52.43005],[13.67448,52.42864],[13.67475,52.43402],[13.65676,52.43742],[13.62487,52.44439],[13.61704,52.44336],[13.59505,52.44943],[13.58226,52.44576],[13.58622,52.44112],[13.61617,52.42942],[13.60916,52.4103],[13.62561,52.40806],[13.65736,52.38045],[13.66972,52.38234],[13.68076,52.39028],[13.70189,52.398],[13.70985,52.39637]]]},"properties":{"plz":"12559","name":"12559 Berlin Köpenick"}},{"type":"Feature","geometry":{"type":"Polygon","coordinates":[[[13.59505,52.44943],[13.61704,52.44336],[13.62487,52.44439],[13.65676,52.43742],[13.6695,52.47329],[13.66724,52.47429],[13.64322,52.47922],[13.6127,52.47041],[13.61136,52.47046],[13.59619,52.46221],[13.59505,52.44943]]]},"properties":{"plz":"12587","name":"12587 Berlin Wiesengrund"}},{"type":"Feature","geometry":{"type":"Polygon","coordinates":[[[13.73143,52.41976],[13.74128,52.42677],[13.74365,52.43792],[13.75631,52.44161],[13.76059,52.43695],[13.75644,52.44618],[13.72907,52.45079],[13.72059,52.45676],[13.71597,52.46292],[13.69909,52.46828],[13.70559,52.45771],[13.69835,52.45526],[13.69543,52.46418],[13.68277,52.46607],[13.6695,52.47329],[13.65676,52.43742],[13.67475,52.43402],[13.67448,52.42864],[13.69163,52.43005],[13.71405,52.42558],[13.72501,52.41634],[13.73143,52.41976]]]},"properties":{"plz":"12589","name":"12589 Berlin Rahnsdorf"}},{"type":"Feature","geometry":{"type":"Polygon","coordinates":[[[13.58413,52.53017],[13.57794,52.52577],[13.5736,52.51212],[13.58919,52.51739],[13.60691,52.51812],[13.60081,52.52884],[13.59283,52.5329],[13.58649,52.53155],[13.58413,52.53017]]]},"properties":{"plz":"12619","name":"12619 Berlin"}},{"type":"Feature","geometry":{"type":"Polygon","coordinates":[[[13.57516,52.47948],[13.58257,52.48015],[13.58382,52.48046],[13.58458,52.48822],[13.59624,52.48979],[13.59966,52.50684],[13.62137,52.52702],[13.60081,52.52884],[13.60691,52.51812],[13.58919,52.51739],[13.5736,52.51212],[13.57944,52.50443],[13.56897,52.49796],[13.5637,52.48457],[13.56825,52.47468],[13.57516,52.47948]]]},"properties":{"plz":"12621","name":"12621 Berlin Kaulsdorf"}},{"type":"Feature","geometry":{"type":"Polygon","coordinates":[[[13.61136,52.47046],[13.6127,52.47041],[13.61489,52.48076],[13.62972,52.49304],[13.625,52.49589],[13.63313,52.51164],[13.65859,52.52586],[13.65695,52.52988],[13.62569,52.53018],[13.62137,52.52702],[13.59966,52.50684],[13.59624,52.48979],[13.58458,52.48822],[13.58382,52.48046],[13.61136,52.47046]]]},"properties":{"plz":"12623","name":"12623 Berlin Mahlsdorf"}},{"type":"Feature","geometry":{"type":"Polygon","coordinates":[[[13.60081,52.52884],[13.62137,52.52702],[13.62569,52.53018],[13.62496,52.53802],[13.63737,52.54225],[13.6106,52.54558],[13.59899,52.54751],[13.59283,52.5329],[13.60081,52.52884]]]},"properties":{"plz":"12627","name":"12627 Berlin Hellersdorf"}},{"type":"Feature","geometry":{"type":"Polygon","coordinates":[[[13.59283,52.5329],[13.59899,52.54751],[13.58641,52.54978],[13.58078,52.54166],[13.58649,52.53155],[13.59283,52.5329]]]},"properties":{"plz":"12629","name":"12629 Berlin"}},{"type":"Feature","geometry":{"type":"Polygon","coordinates":[[[13.55372,52.55704],[13.54157,52.54268],[13.54691,52.54194],[13.55672,52.54481],[13.56962,52.5456],[13.57161,52.54612],[13.58641,52.54978],[13.5864,52.54984],[13.58183,52.55629],[13.57287,52.55039],[13.55036,52.55265],[13.55372,52.55704]]]},"properties":{"plz":"12679","name":"12679 Berlin"}},{"type":"Feature","geometry":{"type":"Polygon","coordinates":[[[13.53786,52.50993],[13.54501,52.51379],[13.5515,52.53384],[13.53903,52.53903],[13.55638,52.54454],[13.57731,52.5457],[13.58641,52.54978],[13.57161,52.54612],[13.56962,52.5456],[13.55672,52.54481],[13.54691,52.54194],[13.54157,52.54268],[13.55372,52.55704],[13.55845,52.56284],[13.54438,52.56675],[13.52549,52.55543],[13.53226,52.53931],[13.51697,52.53559],[13.51878,52.51396],[13.53786,52.50993]]]},"properties":{"plz":"12681","name":"12681 Berlin"}},{"type":"Feature","geometry":{"type":"Polygon","coordinates":[[[13.53621,52.50999],[13.54173,52.49829],[13.55324,52.47362],[13.56825,52.47468],[13.5637,52.48457],[13.56897,52.49796],[13.57944,52.50443],[13.5736,52.51212],[13.57794,52.52577],[13.58413,52.53017],[13.57475,52.53437],[13.5515,52.53384],[13.54501,52.51379],[13.53786,52.50993],[13.53621,52.50999]]]},"properties":{"plz":"12683","name":"12683 Berlin Biesdorf"}},{"type":"Feature","geometry":{"type":"Polygon","coordinates":[[[13.58649,52.53155],[13.58078,52.54166],[13.58641,52.54978],[13.57731,52.5457],[13.55638,52.54454],[13.53903,52.53903],[13.5515,52.53384],[13.57475,52.53437],[13.58413,52.53017],[13.58649,52.53155]]]},"properties":{"plz":"12685","name":"12685 Berlin"}},{"type":"Feature","geometry":{"type":"Polygon","coordinates":[[[13.58183,52.55629],[13.57693,52.56093],[13.55845,52.56284],[13.55372,52.55704],[13.55036,52.55265],[13.57287,52.55039],[13.58183,52.55629]]]},"properties":{"plz":"12687","name":"12687 Berlin"}},{"type":"Feature","geometry":{"type":"Polygon","coordinates":[[[13.5864,52.54984],[13.5815,52.57102],[13.56768,52.57454],[13.54438,52.56675],[13.55845,52.56284],[13.57693,52.56093],[13.58183,52.55629],[13.5864,52.54984]]]},"properties":{"plz":"12689","name":"12689 Berlin"}},{"type":"Feature","geometry":{"type":"Polygon","coordinates":[[[13.48354,52.60005],[13.47767,52.58448],[13.47995,52.57651],[13.48759,52.56922],[13.48519,52.5618],[13.49354,52.5575],[13.51288,52.56617],[13.49878,52.57657],[13.50358,52.57781],[13.50813,52.59216],[13.49666,52.60503],[13.48354,52.60005]]]},"properties":{"plz":"13051","name":"13051 Berlin Neu-Schönhausen"}},{"type":"Feature","geometry":{"type":"Polygon","coordinates":[[[13.47322,52.53604],[13.47758,52.54597],[13.48933,52.54287],[13.49848,52.54895],[13.50888,52.54857],[13.51697,52.53559],[13.53226,52.53931],[13.52549,52.55543],[13.51295,52.56619],[13.51288,52.56617],[13.49354,52.5575],[13.49435,52.55079],[13.46708,52.54805],[13.46992,52.54041],[13.47322,52.53604]]]},"properties":{"plz":"13053","name":"13053 Berlin Alt-Hohenschönhausen"}},{"type":"Feature","geometry":{"type":"Polygon","coordinates":[[[13.51697,52.53559],[13.50888,52.54857],[13.49848,52.54895],[13.48933,52.54287],[13.47758,52.54597],[13.47322,52.53604],[13.47603,52.53325],[13.49629,52.53442],[13.51697,52.53559]]]},"properties":{"plz":"13055","name":"13055 Berlin Alt-Hohenschönhausen"}},{"type":"Feature","geometry":{"type":"Polygon","coordinates":[[[13.54438,52.56675],[13.56768,52.57454],[13.54698,52.58765],[13.53702,52.57287],[13.51295,52.56619],[13.52549,52.55543],[13.54438,52.56675]]]},"properties":{"plz":"13057","name":"13057 Berlin Falkenberg"}},{"type":"Feature","geometry":{"type":"Polygon","coordinates":[[[13.51288,52.56617],[13.51295,52.56619],[13.53702,52.57287],[13.54698,52.58765],[13.52724,52.59223],[13.50813,52.59216],[13.50358,52.57781],[13.49878,52.57657],[13.51288,52.56617]]]},"properties":{"plz":"13059","name":"13059 Berlin Wartenberg"}},{"type":"Feature","geometry":{"type":"Polygon","coordinates":[[[13.44798,52.54696],[13.46609,52.55598],[13.45763,52.56741],[13.42936,52.55665],[13.43022,52.55171],[13.44798,52.54696]]]},"properties":{"plz":"13086","name":"13086 Berlin Weißensee"}},{"type":"Feature","geometry":{"type":"Polygon","coordinates":[[[13.46992,52.54041],[13.46708,52.54805],[13.49435,52.55079],[13.49354,52.5575],[13.48519,52.5618],[13.48759,52.56922],[13.47995,52.57651],[13.45974,52.58061],[13.45751,52.57558],[13.45763,52.56741],[13.46609,52.55598],[13.44798,52.54696],[13.45727,52.54276],[13.46738,52.53853],[13.46992,52.54041]]]},"properties":{"plz":"13088","name":"13088 Berlin Weißensee"}},{"type":"Feature","geometry":{"type":"Polygon","coordinates":[[[13.45763,52.56741],[13.45751,52.57558],[13.44517,52.58156],[13.43328,52.58235],[13.42721,52.56499],[13.42936,52.55665],[13.45763,52.56741]]]},"properties":{"plz":"13089","name":"13089 Berlin Heinelsdorf"}},{"type":"Feature","geometry":{"type":"Polygon","coordinates":[[[13.49666,52.60503],[13.50038,52.61388],[13.50575,52.62567],[13.51779,52.62956],[13.52287,52.64481],[13.51282,52.64541],[13.48535,52.65947],[13.48813,52.67038],[13.47596,52.66672],[13.48007,52.67488],[13.45079,52.66271],[13.47421,52.65575],[13.45955,52.64822],[13.45196,52.64877],[13.44583,52.64042],[13.46323,52.62901],[13.44683,52.6166],[13.4505,52.60884],[13.45574,52.61032],[13.46829,52.59908],[13.48354,52.60005],[13.49666,52.60503]]]},"properties":{"plz":"13125","name":"13125 Berlin Buch"}},{"type":"Feature","geometry":{"type":"Polygon","coordinates":[[[13.45196,52.64877],[13.44083,52.64922],[13.43438,52.6379],[13.42445,52.63554],[13.40876,52.64282],[13.40444,52.63312],[13.42078,52.62128],[13.41192,52.61494],[13.41677,52.6001],[13.4197,52.59307],[13.42831,52.58271],[13.43153,52.58249],[13.4449,52.59582],[13.4505,52.60884],[13.44683,52.6166],[13.46323,52.62901],[13.44583,52.64042],[13.45196,52.64877]]]},"properties":{"plz":"13127","name":"13127 Berlin Französisch Buchholz"}},{"type":"Feature","geometry":{"type":"Polygon","coordinates":[[[13.48354,52.60005],[13.46829,52.59908],[13.45574,52.61032],[13.4505,52.60884],[13.4449,52.59582],[13.43153,52.58249],[13.43328,52.58235],[13.44517,52.58156],[13.45751,52.57558],[13.45974,52.58061],[13.47995,52.57651],[13.47767,52.58448],[13.48354,52.60005]]]},"properties":{"plz":"13129","name":"13129 Berlin Blankenburg"}},{"type":"Feature","geometry":{"type":"Polygon","coordinates":[[[13.4197,52.59307],[13.38578,52.58926],[13.37353,52.58446],[13.38308,52.57233],[13.38928,52.56824],[13.40693,52.57506],[13.40779,52.57996],[13.42837,52.58236],[13.42831,52.58271],[13.4197,52.59307]]]},"properties":{"plz":"13156","name":"13156 Berlin Niederschönhausen"}},{"type":"Feature","geometry":{"type":"Polygon","coordinates":[[[13.41677,52.6001],[13.37579,52.60701],[13.37541,52.60653],[13.36073,52.59129],[13.34756,52.59008],[13.35781,52.58439],[13.37225,52.57688],[13.38308,52.57233],[13.37353,52.58446],[13.38578,52.58926],[13.4197,52.59307],[13.41677,52.6001]]]},"properties":{"plz":"13158","name":"13158 Berlin Rosenthal"}},{"type":"Feature","geometry":{"type":"Polygon","coordinates":[[[13.40876,52.64282],[13.4013,52.64626],[13.39448,52.64739],[13.38921,52.63762],[13.36692,52.62538],[13.37579,52.60701],[13.41677,52.6001],[13.41192,52.61494],[13.42078,52.62128],[13.40444,52.63312],[13.40876,52.64282]]]},"properties":{"plz":"13159","name":"13159 Berlin Blankenfelde"}},{"type":"Feature","geometry":{"type":"Polygon","coordinates":[[[13.4131,52.55692],[13.40983,52.56521],[13.42828,52.57735],[13.42837,52.58236],[13.40779,52.57996],[13.40693,52.57506],[13.38928,52.56824],[13.3884,52.56767],[13.39711,52.55827],[13.4131,52.55692]]]},"properties":{"plz":"13187","name":"13187 Berlin Pankow"}},{"type":"Feature","geometry":{"type":"Polygon","coordinates":[[[13.43022,52.55171],[13.42936,52.55665],[13.42721,52.56499],[13.43328,52.58235],[13.43153,52.58249],[13.42831,52.58271],[13.42837,52.58236],[13.42828,52.57735],[13.40983,52.56521],[13.4131,52.55692],[13.42998,52.55154],[13.43022,52.55171]]]},"properties":{"plz":"13189","name":"13189 Berlin Pankow"}},{"type":"Feature","geometry":{"type":"Polygon","coordinates":[[[13.37633,52.53821],[13.37871,52.54292],[13.36955,52.5466],[13.37322,52.55604],[13.36346,52.55789],[13.35123,52.55088],[13.37492,52.53733],[13.37633,52.53821]]]},"properties":{"plz":"13347","name":"13347 Berlin Wedding"}},{"type":"Feature","geometry":{"type":"Polygon","coordinates":[[[13.36346,52.55789],[13.36511,52.55812],[13.36444,52.5585],[13.33633,52.56402],[13.33121,52.56134],[13.35012,52.55053],[13.35123,52.55088],[13.36346,52.55789]]]},"properties":{"plz":"13349","name":"13349 Berlin Wedding"}},{"type":"Feature","geometry":{"type":"Polygon","coordinates":[[[13.33121,52.56134],[13.32344,52.54946],[13.31497,52.54832],[13.32732,52.54143],[13.35012,52.55053],[13.33121,52.56134]]]},"properties":{"plz":"13351","name":"13351 Berlin Wedding"}},{"type":"Feature","geometry":{"type":"Polygon","coordinates":[[[13.37492,52.53733],[13.35123,52.55088],[13.35012,52.55053],[13.32732,52.54143],[13.32662,52.53772],[13.33042,52.53466],[13.3438,52.53646],[13.35914,52.53677],[13.36586,52.53566],[13.37492,52.53733]]]},"properties":{"plz":"13353","name":"13353 Berlin Wedding"}},{"type":"Feature","geometry":{"type":"Polygon","coordinates":[[[13.39942,52.53921],[13.40349,52.5403],[13.39932,52.54889],[13.37871,52.54292],[13.37633,52.53821],[13.38774,52.53318],[13.39942,52.53921]]]},"properties":{"plz":"13355","name":"13355 Berlin Wedding"}},{"type":"Feature","geometry":{"type":"Polygon","coordinates":[[[13.39762,52.55461],[13.37322,52.55604],[13.36955,52.5466],[13.37871,52.54292],[13.39932,52.54889],[13.39762,52.55461]]]},"properties":{"plz":"13357","name":"13357 Berlin Gesundbrunnen"}},{"type":"Feature","geometry":{"type":"Polygon","coordinates":[[[13.39711,52.55827],[13.3884,52.56767],[13.37347,52.55813],[13.36511,52.55812],[13.36346,52.55789],[13.37322,52.55604],[13.39762,52.55461],[13.39711,52.55827]]]},"properties":{"plz":"13359","name":"13359 Berlin Gesundbrunnen"}},{"type":"Feature","geometry":{"type":"Polygon","coordinates":[[[13.30341,52.57488],[13.3019,52.57144],[13.30594,52.5683],[13.33295,52.56334],[13.34084,52.5726],[13.33309,52.57824],[13.31987,52.57816],[13.33133,52.58436],[13.31923,52.58739],[13.31487,52.57648],[13.30341,52.57488]]]},"properties":{"plz":"13403","name":"13403 Berlin Reinickendorf"}},{"type":"Feature","geometry":{"type":"Polygon","coordinates":[[[13.33633,52.56402],[13.33295,52.56334],[13.30594,52.5683],[13.3019,52.57144],[13.28885,52.56987],[13.28678,52.56504],[13.25737,52.55795],[13.25719,52.55358],[13.27337,52.55427],[13.29621,52.5489],[13.31497,52.54832],[13.32344,52.54946],[13.33121,52.56134],[13.33633,52.56402]]]},"properties":{"plz":"13405","name":"13405 Berlin Wedding"}},{"type":"Feature","geometry":{"type":"Polygon","coordinates":[[[13.35781,52.58439],[13.34338,52.58697],[13.33309,52.57824],[13.34084,52.5726],[13.33295,52.56334],[13.33633,52.56402],[13.36444,52.5585],[13.3585,52.57389],[13.37225,52.57688],[13.35781,52.58439]]]},"properties":{"plz":"13407","name":"13407 Berlin-West"}},{"type":"Feature","geometry":{"type":"Polygon","coordinates":[[[13.38308,52.57233],[13.37225,52.57688],[13.3585,52.57389],[13.36444,52.5585],[13.36511,52.55812],[13.37347,52.55813],[13.3884,52.56767],[13.38928,52.56824],[13.38308,52.57233]]]},"properties":{"plz":"13409","name":"13409 Berlin-West"}},{"type":"Feature","geometry":{"type":"Polygon","coordinates":[[[13.36144,52.60696],[13.34645,52.60428],[13.34008,52.60846],[13.32911,52.60562],[13.33696,52.59534],[13.35924,52.59957],[13.36144,52.60696]]]},"properties":{"plz":"13435","name":"13435 Berlin Märkisches Viertel"}},{"type":"Feature","geometry":{"type":"Polygon","coordinates":[[[13.34756,52.59008],[13.33696,52.59534],[13.32911,52.60562],[13.32413,52.59979],[13.30756,52.59707],[13.30099,52.59431],[13.31923,52.58739],[13.33133,52.58436],[13.31987,52.57816],[13.33309,52.57824],[13.34338,52.58697],[13.35781,52.58439],[13.34756,52.59008]]]},"properties":{"plz":"13437","name":"13437 Berlin Reinickendorf"}},{"type":"Feature","geometry":{"type":"Polygon","coordinates":[[[13.37541,52.60653],[13.36144,52.60696],[13.35924,52.59957],[13.33696,52.59534],[13.34756,52.59008],[13.36073,52.59129],[13.37541,52.60653]]]},"properties":{"plz":"13439","name":"13439 Berlin Märkisches Viertel"}},{"type":"Feature","geometry":{"type":"Polygon","coordinates":[[[13.29408,52.65935],[13.28275,52.66076],[13.28377,52.64111],[13.26214,52.64072],[13.26423,52.62686],[13.28907,52.62484],[13.31037,52.62806],[13.30943,52.64278],[13.30056,52.65344],[13.31009,52.65746],[13.29408,52.65935]]]},"properties":{"plz":"13465","name":"13465 Berlin Frohnau"}},{"type":"Feature","geometry":{"type":"Polygon","coordinates":[[[13.28907,52.62484],[13.29561,52.61389],[13.28137,52.61018],[13.28881,52.6008],[13.30088,52.60636],[13.31642,52.61256],[13.33019,52.61417],[13.33668,52.62265],[13.31037,52.62806],[13.28907,52.62484]]]},"properties":{"plz":"13467","name":"13467 Berlin Hermsdorf"}},{"type":"Feature","geometry":{"type":"Polygon","coordinates":[[[13.37579,52.60701],[13.36692,52.62538],[13.34398,52.62374],[13.33668,52.62265],[13.33019,52.61417],[13.31642,52.61256],[13.30088,52.60636],[13.30756,52.59707],[13.32413,52.59979],[13.32911,52.60562],[13.34008,52.60846],[13.34645,52.60428],[13.36144,52.60696],[13.37541,52.60653],[13.37579,52.60701]]]},"properties":{"plz":"13469","name":"13469 Berlin Lübars"}},{"type":"Feature","geometry":{"type":"Polygon","coordinates":[[[13.26423,52.62686],[13.2412,52.62811],[13.22057,52.62824],[13.21671,52.62016],[13.20163,52.60655],[13.2082,52.59899],[13.22078,52.60019],[13.23084,52.59602],[13.24788,52.60075],[13.27292,52.59721],[13.28272,52.59846],[13.28881,52.6008],[13.28137,52.61018],[13.29561,52.61389],[13.28907,52.62484],[13.26423,52.62686]]]},"properties":{"plz":"13503","name":"13503 Berlin Tegel"}},{"type":"Feature","geometry":{"type":"Polygon","coordinates":[[[13.2082,52.59899],[13.21883,52.59241],[13.2174,52.58748],[13.2281,52.56331],[13.24622,52.56385],[13.25184,52.5722],[13.26208,52.58142],[13.27103,52.58145],[13.26413,52.59462],[13.27292,52.59721],[13.24788,52.60075],[13.23084,52.59602],[13.22078,52.60019],[13.2082,52.59899]]]},"properties":{"plz":"13505","name":"13505 Berlin Tegel"}},{"type":"Feature","geometry":{"type":"Polygon","coordinates":[[[13.30341,52.57488],[13.29515,52.57562],[13.28272,52.59846],[13.27292,52.59721],[13.26413,52.59462],[13.27103,52.58145],[13.26208,52.58142],[13.25184,52.5722],[13.25809,52.57151],[13.2546,52.56199],[13.24234,52.55716],[13.25719,52.55358],[13.25737,52.55795],[13.28678,52.56504],[13.28885,52.56987],[13.3019,52.57144],[13.30341,52.57488]]]},"properties":{"plz":"13507","name":"13507 Berlin Tegel"}},{"type":"Feature","geometry":{"type":"Polygon","coordinates":[[[13.31923,52.58739],[13.30099,52.59431],[13.30756,52.59707],[13.30088,52.60636],[13.28881,52.6008],[13.28272,52.59846],[13.29515,52.57562],[13.30341,52.57488],[13.31487,52.57648],[13.31923,52.58739]]]},"properties":{"plz":"13509","name":"13509 Berlin Reinickendorf"}},{"type":"Feature","geometry":{"type":"Polygon","coordinates":[[[13.17118,52.53931],[13.15664,52.53667],[13.16959,52.52438],[13.18839,52.52196],[13.19418,52.52894],[13.20326,52.52508],[13.20293,52.53353],[13.19528,52.53551],[13.17118,52.53931]]]},"properties":{"plz":"13581","name":"13581 Berlin Spandau"}},{"type":"Feature","geometry":{"type":"Polygon","coordinates":[[[13.19528,52.53551],[13.19487,52.53871],[13.19162,52.55324],[13.18308,52.54815],[13.1702,52.55026],[13.16855,52.54429],[13.17118,52.53931],[13.19528,52.53551]]]},"properties":{"plz":"13583","name":"13583 Berlin Spandau"}},{"type":"Feature","geometry":{"type":"Polygon","coordinates":[[[13.19487,52.53871],[13.20882,52.54076],[13.22115,52.54595],[13.22229,52.55199],[13.19771,52.55581],[13.19162,52.55324],[13.19487,52.53871]]]},"properties":{"plz":"13585","name":"13585 Berlin Spandau"}},{"type":"Feature","geometry":{"type":"Polygon","coordinates":[[[13.2174,52.58748],[13.2054,52.58685],[13.16453,52.59879],[13.14334,52.58965],[13.12897,52.5873],[13.13248,52.57961],[13.15125,52.58221],[13.15238,52.57045],[13.19627,52.56322],[13.19771,52.55581],[13.22229,52.55199],[13.2281,52.56331],[13.2174,52.58748]]]},"properties":{"plz":"13587","name":"13587 Berlin Hakenfelde"}},{"type":"Feature","geometry":{"type":"Polygon","coordinates":[[[13.19162,52.55324],[13.19771,52.55581],[13.19627,52.56322],[13.15238,52.57045],[13.14424,52.55211],[13.14665,52.54638],[13.16855,52.54429],[13.1702,52.55026],[13.18308,52.54815],[13.19162,52.55324]]]},"properties":{"plz":"13589","name":"13589 Berlin Falkenhagener Feld"}},{"type":"Feature","geometry":{"type":"Polygon","coordinates":[[[13.17118,52.53931],[13.16855,52.54429],[13.14665,52.54638],[13.14424,52.55211],[13.1305,52.55602],[13.12496,52.54379],[13.11739,52.51703],[13.14314,52.51961],[13.14567,52.52426],[13.16959,52.52438],[13.15664,52.53667],[13.17118,52.53931]]]},"properties":{"plz":"13591","name":"13591 Berlin Staaken"}},{"type":"Feature","geometry":{"type":"Polygon","coordinates":[[[13.16959,52.52438],[13.14567,52.52426],[13.14314,52.51961],[13.16863,52.50925],[13.15722,52.50162],[13.1798,52.50024],[13.17963,52.50886],[13.18839,52.52196],[13.16959,52.52438]]]},"properties":{"plz":"13593","name":"13593 Berlin Wilhelmstadt"}},{"type":"Feature","geometry":{"type":"Polygon","coordinates":[[[13.18839,52.52196],[13.17963,52.50886],[13.1798,52.50024],[13.19171,52.49869],[13.19908,52.49989],[13.20973,52.50291],[13.21644,52.51165],[13.20326,52.52508],[13.19418,52.52894],[13.18839,52.52196]]]},"properties":{"plz":"13595","name":"13595 Berlin Wlhelmstadt"}},{"type":"Feature","geometry":{"type":"Polygon","coordinates":[[[13.20326,52.52508],[13.21644,52.51165],[13.22396,52.51247],[13.23487,52.52066],[13.23656,52.5261],[13.24757,52.52503],[13.24668,52.52831],[13.23591,52.53354],[13.20863,52.53616],[13.20882,52.54076],[13.19487,52.53871],[13.19528,52.53551],[13.20293,52.53353],[13.20326,52.52508]]]},"properties":{"plz":"13597","name":"13597 Berlin Spandau"}},{"type":"Feature","geometry":{"type":"Polygon","coordinates":[[[13.2281,52.56331],[13.22229,52.55199],[13.22115,52.54595],[13.20882,52.54076],[13.20863,52.53616],[13.23591,52.53354],[13.24668,52.52831],[13.24981,52.52718],[13.24797,52.53529],[13.25179,52.55087],[13.24234,52.55716],[13.2546,52.56199],[13.25809,52.57151],[13.25184,52.5722],[13.24622,52.56385],[13.2281,52.56331]]]},"properties":{"plz":"13599","name":"13599 Berlin Haselhorst"}},{"type":"Feature","geometry":{"type":"Polygon","coordinates":[[[13.32662,52.53772],[13.32732,52.54143],[13.31497,52.54832],[13.29621,52.5489],[13.2987,52.54572],[13.27945,52.54535],[13.27259,52.5388],[13.27908,52.53029],[13.28356,52.52979],[13.29272,52.53167],[13.3115,52.5354],[13.32662,52.53772]]]},"properties":{"plz":"13627","name":"13627 Berlin Charlottenburg-Nord"}},{"type":"Feature","geometry":{"type":"Polygon","coordinates":[[[13.25719,52.55358],[13.24234,52.55716],[13.25179,52.55087],[13.24797,52.53529],[13.24981,52.52718],[13.27908,52.53029],[13.27259,52.5388],[13.27945,52.54535],[13.2987,52.54572],[13.29621,52.5489],[13.27337,52.55427],[13.25719,52.55358]]]},"properties":{"plz":"13629","name":"13629 Berlin Siemensstadt"}},{"type":"Feature","geometry":{"type":"Polygon","coordinates":[[[13.24757,52.52503],[13.25895,52.52537],[13.26033,52.51656],[13.27403,52.5099],[13.28092,52.51051],[13.27431,52.52742],[13.28356,52.52979],[13.27908,52.53029],[13.24981,52.52718],[13.24668,52.52831],[13.24757,52.52503]]]},"properties":{"plz":"14050","name":"14050 Berlin Westend"}},{"type":"Feature","geometry":{"type":"Polygon","coordinates":[[[13.23487,52.52066],[13.24461,52.52149],[13.25075,52.51259],[13.2663,52.50228],[13.27403,52.50772],[13.27403,52.5099],[13.26033,52.51656],[13.25895,52.52537],[13.24757,52.52503],[13.23656,52.5261],[13.23487,52.52066]]]},"properties":{"plz":"14052","name":"14052 Berlin Westend"}},{"type":"Feature","geometry":{"type":"Polygon","coordinates":[[[13.22396,52.51247],[13.22913,52.50996],[13.25075,52.51259],[13.24461,52.52149],[13.23487,52.52066],[13.22396,52.51247]]]},"properties":{"plz":"14053","name":"14053 Berlin Westend"}},{"type":"Feature","geometry":{"type":"Polygon","coordinates":[[[13.28746,52.50237],[13.27403,52.50772],[13.2663,52.50228],[13.25075,52.51259],[13.22913,52.50996],[13.22396,52.51247],[13.21644,52.51165],[13.20973,52.50291],[13.19908,52.49989],[13.22424,52.49328],[13.24064,52.50438],[13.25414,52.50521],[13.24714,52.49535],[13.25697,52.486],[13.28176,52.4972],[13.28746,52.50237]]]},"properties":{"plz":"14055","name":"14055 Berlin Westend"}},{"type":"Feature","geometry":{"type":"Polygon","coordinates":[[[13.29734,52.51098],[13.28092,52.51051],[13.27403,52.5099],[13.27403,52.50772],[13.28746,52.50237],[13.2953,52.50332],[13.29734,52.51098]]]},"properties":{"plz":"14057","name":"14057 Berlin Charlottenburg"}},{"type":"Feature","geometry":{"type":"Polygon","coordinates":[[[13.29967,52.52112],[13.30012,52.52188],[13.29272,52.53167],[13.28356,52.52979],[13.27431,52.52742],[13.28092,52.51051],[13.29734,52.51098],[13.29836,52.51187],[13.29967,52.52112]]]},"properties":{"plz":"14059","name":"14059 Berlin Charlottenburg"}},{"type":"Feature","geometry":{"type":"Polygon","coordinates":[[[13.15722,52.50162],[13.12833,52.47982],[13.11769,52.47732],[13.11056,52.46566],[13.10932,52.45071],[13.12312,52.43962],[13.14851,52.44337],[13.16186,52.4522],[13.17742,52.45592],[13.18663,52.46655],[13.19016,52.48261],[13.1866,52.4893],[13.19171,52.49869],[13.1798,52.50024],[13.15722,52.50162]]]},"properties":{"plz":"14089","name":"14089 Berlin Gatow"}},{"type":"Feature","geometry":{"type":"Polygon","coordinates":[[[13.12312,52.43962],[13.10457,52.42398],[13.08835,52.41964],[13.0909,52.41174],[13.09645,52.41309],[13.12478,52.39687],[13.1381,52.39786],[13.12818,52.38876],[13.14182,52.3971],[13.1682,52.39439],[13.15784,52.39629],[13.15934,52.40287],[13.19724,52.41553],[13.18483,52.42975],[13.17351,52.42817],[13.16186,52.4522],[13.14851,52.44337],[13.12312,52.43962]]]},"properties":{"plz":"14109","name":"14109 Berlin Wannsee"}},{"type":"Feature","geometry":{"type":"Polygon","coordinates":[[[13.16186,52.4522],[13.17351,52.42817],[13.18483,52.42975],[13.19724,52.41553],[13.21822,52.41935],[13.22478,52.42809],[13.23259,52.45226],[13.2403,52.4552],[13.23834,52.46917],[13.19632,52.47134],[13.18663,52.46655],[13.17742,52.45592],[13.16186,52.4522]]]},"properties":{"plz":"14129","name":"14129 Berlin Nikolassee"}},{"type":"Feature","geometry":{"type":"Polygon","coordinates":[[[13.21822,52.41935],[13.22519,52.4209],[13.25869,52.43066],[13.25223,52.4378],[13.24958,52.45356],[13.2403,52.4552],[13.23259,52.45226],[13.22478,52.42809],[13.21822,52.41935]]]},"properties":{"plz":"14163","name":"14163 Berlin Zehlendorf"}},{"type":"Feature","geometry":{"type":"Polygon","coordinates":[[[13.22519,52.4209],[13.24595,52.42113],[13.24973,52.40496],[13.26898,52.40421],[13.25869,52.43066],[13.22519,52.4209]]]},"properties":{"plz":"14165","name":"14165 Berlin Zehlendorf"}},{"type":"Feature","geometry":{"type":"Polygon","coordinates":[[[13.28194,52.43888],[13.25869,52.43066],[13.26898,52.40421],[13.29675,52.41625],[13.29466,52.42154],[13.27975,52.43232],[13.28194,52.43888]]]},"properties":{"plz":"14167","name":"14167 Berlin Zehlendorf"}},{"type":"Feature","geometry":{"type":"Polygon","coordinates":[[[13.28311,52.44218],[13.27161,52.44281],[13.26904,52.45385],[13.25954,52.45783],[13.25556,52.46526],[13.23834,52.46917],[13.2403,52.4552],[13.24958,52.45356],[13.25223,52.4378],[13.25869,52.43066],[13.28194,52.43888],[13.28311,52.44218]]]},"properties":{"plz":"14169","name":"14169 Berlin Zehlendorf"}},{"type":"Feature","geometry":{"type":"Polygon","coordinates":[[[13.2969,52.49058],[13.28176,52.4972],[13.25697,52.486],[13.24714,52.49535],[13.25414,52.50521],[13.24064,52.50438],[13.22424,52.49328],[13.19908,52.49989],[13.19171,52.49869],[13.1866,52.4893],[13.19016,52.48261],[13.18663,52.46655],[13.19632,52.47134],[13.23834,52.46917],[13.25556,52.46526],[13.25954,52.45783],[13.26669,52.46738],[13.27887,52.47502],[13.29966,52.48858],[13.2969,52.49058]]]},"properties":{"plz":"14193","name":"14193 Berlin Grunewald"}},{"type":"Feature","geometry":{"type":"Polygon","coordinates":[[[13.31023,52.46683],[13.3087,52.46799],[13.28668,52.47018],[13.27887,52.47502],[13.26669,52.46738],[13.25954,52.45783],[13.26904,52.45385],[13.27161,52.44281],[13.28311,52.44218],[13.29353,52.44589],[13.30503,52.45502],[13.30702,52.45957],[13.31023,52.46683]]]},"properties":{"plz":"14195","name":"14195 Berlin Dahlem"}},{"type":"Feature","geometry":{"type":"Polygon","coordinates":[[[13.31061,52.48054],[13.299,52.47353],[13.3087,52.46799],[13.31023,52.46683],[13.32143,52.46706],[13.32049,52.47747],[13.32049,52.47771],[13.31061,52.48054]]]},"properties":{"plz":"14197","name":"14197 Berlin Wilmersdorf"}},{"type":"Feature","geometry":{"type":"Polygon","coordinates":[[[13.29966,52.48858],[13.27887,52.47502],[13.28668,52.47018],[13.3087,52.46799],[13.299,52.47353],[13.31061,52.48054],[13.30038,52.48804],[13.29966,52.48858]]]},"properties":{"plz":"14199","name":"14199 Berlin Schmargendorf"}},{"type":"Feature","geometry":{"type":"Polygon","coordinates":[[[13.08835,52.41964],[13.07282,52.41292],[13.06709,52.40572],[13.04567,52.40106],[13.04577,52.39174],[13.0521,52.38812],[13.07115,52.3961],[13.0744,52.40065],[13.0909,52.41174],[13.08835,52.41964]]]},"properties":{"plz":"14467","name":"14467 Potsdam"}},{"type":"Feature","geometry":{"type":"Polygon","coordinates":[[[13.10932,52.45071],[13.09962,52.45369],[13.05212,52.4411],[13.05602,52.43531],[12.98046,52.45168],[12.95183,52.45277],[12.94614,52.44619],[12.9483,52.43462],[12.93602,52.42745],[12.93655,52.41437],[12.94742,52.41289],[12.95,52.42772],[12.95983,52.42402],[12.97484,52.42689],[12.98945,52.41841],[12.98006,52.39861],[13.00212,52.39901],[13.01535,52.39243],[13.01474,52.39851],[13.0355,52.39695],[13.04567,52.40106],[13.06709,52.40572],[13.07282,52.41292],[13.08835,52.41964],[13.10457,52.42398],[13.12312,52.43962],[13.10932,52.45071]]]},"properties":{"plz":"14469","name":"14469 Potsdam"}},{"type":"Feature","geometry":{"type":"Polygon","coordinates":[[[13.04567,52.40106],[13.0355,52.39695],[13.01474,52.39851],[13.01535,52.39243],[13.00212,52.39901],[12.98006,52.39861],[12.98353,52.39145],[12.97445,52.39036],[12.98198,52.38561],[12.97125,52.3737],[12.98345,52.36482],[12.99197,52.36714],[13.00801,52.35601],[13.03023,52.37582],[13.02621,52.38212],[13.04577,52.39174],[13.04567,52.40106]]]},"properties":{"plz":"14471","name":"14471 Potsdam"}},{"type":"Feature","geometry":{"type":"Polygon","coordinates":[[[13.04577,52.39174],[13.02621,52.38212],[13.03023,52.37582],[13.00801,52.35601],[13.02234,52.34688],[13.04403,52.34204],[13.06071,52.34851],[13.04822,52.35431],[13.05217,52.35775],[13.06767,52.35522],[13.08048,52.37201],[13.07849,52.37601],[13.09151,52.38355],[13.08065,52.39056],[13.0744,52.40065],[13.07115,52.3961],[13.0521,52.38812],[13.04577,52.39174]]]},"properties":{"plz":"14473","name":"14473 Potsdam"}},{"type":"Feature","geometry":{"type":"MultiPolygon","coordinates":[[[[13.15722,52.50162],[13.13892,52.50245],[13.12009,52.49075],[13.09805,52.49429],[13.09583,52.46856],[13.07102,52.46018],[13.04485,52.46889],[13.04066,52.48075],[13.0315,52.47975],[13.01996,52.49304],[13.0222,52.49591],[13.00415,52.51469],[12.99467,52.51271],[12.9949,52.50989],[12.94713,52.50427],[12.93569,52.50078],[12.933,52.48685],[12.91755,52.4824],[12.91732,52.47438],[12.89338,52.46773],[12.89429,52.46055],[12.92827,52.45742],[12.94541,52.45234],[12.94614,52.44619],[12.95183,52.45277],[12.98046,52.45168],[13.05602,52.43531],[13.05212,52.4411],[13.09962,52.45369],[13.10932,52.45071],[13.11056,52.46566],[13.11769,52.47732],[13.12833,52.47982],[13.15722,52.50162]]],[[[12.93655,52.41437],[12.93517,52.39248],[12.94978,52.39288],[12.96536,52.38451],[12.97445,52.39036],[12.98353,52.39145],[12.98006,52.39861],[12.98945,52.41841],[12.97484,52.42689],[12.95983,52.42402],[12.95,52.42772],[12.94742,52.41289],[12.93655,52.41437]]]]},"properties":{"plz":"14476","name":"14476 Potsdam"}},{"type":"Feature","geometry":{"type":"Polygon","coordinates":[[[13.06767,52.35522],[13.06728,52.34926],[13.08051,52.35638],[13.09399,52.35421],[13.10413,52.36477],[13.10605,52.35516],[13.12015,52.35625],[13.11009,52.37039],[13.09151,52.38355],[13.07849,52.37601],[13.08048,52.37201],[13.06767,52.35522]]]},"properties":{"plz":"14478","name":"14478 Potsdam"}},{"type":"Feature","geometry":{"type":"Polygon","coordinates":[[[13.12818,52.38876],[13.11009,52.37039],[13.12015,52.35625],[13.12559,52.34995],[13.14047,52.35299],[13.14706,52.36154],[13.14963,52.37957],[13.15587,52.3891],[13.1682,52.39439],[13.14182,52.3971],[13.12818,52.38876]]]},"properties":{"plz":"14480","name":"14480 Potsdam"}},{"type":"Feature","geometry":{"type":"Polygon","coordinates":[[[13.0909,52.41174],[13.0744,52.40065],[13.08065,52.39056],[13.09151,52.38355],[13.11009,52.37039],[13.12818,52.38876],[13.1381,52.39786],[13.12478,52.39687],[13.09645,52.41309],[13.0909,52.41174]]]},"properties":{"plz":"14482","name":"14482 Potsdam"}},{"type":"Feature","geometry":{"type":"Polygon","coordinates":[[[13.29675,52.41625],[13.26898,52.40421],[13.24973,52.40496],[13.2332,52.39914],[13.24492,52.3917],[13.25228,52.37481],[13.24589,52.3683],[13.2513,52.35],[13.27508,52.35535],[13.29137,52.3691],[13.29566,52.38072],[13.30968,52.38551],[13.31208,52.39914],[13.29675,52.41625]]]},"properties":{"plz":"14513","name":"14513 Teltow"}},{"type":"Feature","geometry":{"type":"Polygon","coordinates":[[[13.1682,52.39439],[13.15587,52.3891],[13.14963,52.37957],[13.14706,52.36154],[13.14047,52.35299],[13.16929,52.34619],[13.16378,52.34179],[13.17448,52.32875],[13.1717,52.31932],[13.20129,52.32905],[13.22283,52.32374],[13.25295,52.33204],[13.2513,52.35],[13.24589,52.3683],[13.25228,52.37481],[13.24492,52.3917],[13.2332,52.39914],[13.24973,52.40496],[13.24595,52.42113],[13.22519,52.4209],[13.21822,52.41935],[13.19724,52.41553],[13.15934,52.40287],[13.15784,52.39629],[13.1682,52.39439]]]},"properties":{"plz":"14532","name":"14532 Kleinmachnow"}},{"type":"Feature","geometry":{"type":"Polygon","coordinates":[[[12.94614,52.44619],[12.94541,52.45234],[12.92827,52.45742],[12.89429,52.46055],[12.89172,52.45031],[12.86393,52.45981],[12.86437,52.45304],[12.84943,52.4476],[12.85171,52.42816],[12.85634,52.41672],[12.85557,52.40439],[12.81069,52.41302],[12.8129,52.40315],[12.80321,52.38442],[12.80445,52.379],[12.82476,52.37661],[12.82081,52.35563],[12.82787,52.3228],[12.81828,52.30787],[12.8225,52.30084],[12.85366,52.29903],[12.85237,52.30337],[12.85568,52.32435],[12.86572,52.32362],[12.85696,52.3333],[12.88213,52.33184],[12.88108,52.33847],[12.91012,52.34145],[12.91431,52.3258],[12.93017,52.32997],[12.94271,52.32422],[12.95332,52.33107],[12.95821,52.34217],[12.96839,52.34786],[12.96733,52.35451],[12.94958,52.36456],[12.94967,52.38359],[12.93517,52.39248],[12.93655,52.41437],[12.93602,52.42745],[12.9483,52.43462],[12.94614,52.44619]]]},"properties":{"plz":"14542","name":"14542 Werder/ Havel"}},{"type":"Feature","geometry":{"type":"Polygon","coordinates":[[[12.97445,52.39036],[12.96536,52.38451],[12.94978,52.39288],[12.93517,52.39248],[12.94967,52.38359],[12.94958,52.36456],[12.96733,52.35451],[12.96839,52.34786],[12.95821,52.34217],[12.95332,52.33107],[12.94271,52.32422],[12.93017,52.32997],[12.91431,52.3258],[12.91012,52.34145],[12.88108,52.33847],[12.88213,52.33184],[12.85696,52.3333],[12.86572,52.32362],[12.85568,52.32435],[12.85237,52.30337],[12.85801,52.29945],[12.8809,52.29991],[12.89702,52.29656],[12.91056,52.27447],[12.95307,52.28827],[12.96568,52.29472],[12.97774,52.30585],[12.96701,52.30999],[12.97624,52.3192],[12.98752,52.31479],[13.02234,52.34688],[13.00801,52.35601],[12.99197,52.36714],[12.98345,52.36482],[12.97125,52.3737],[12.98198,52.38561],[12.97445,52.39036]]]},"properties":{"plz":"14548","name":"14548 Schwielowswee"}},{"type":"Feature","geometry":{"type":"Polygon","coordinates":[[[13.02234,52.34688],[12.98752,52.31479],[12.97624,52.3192],[12.96701,52.30999],[12.97774,52.30585],[13.01757,52.28994],[13.0222,52.2765],[13.04465,52.27637],[13.05613,52.2805],[13.05423,52.27278],[13.06533,52.26676],[13.05602,52.25793],[13.04445,52.25467],[13.04361,52.24041],[13.07138,52.24233],[13.07306,52.22691],[13.10195,52.22548],[13.11365,52.23675],[13.10534,52.24368],[13.11032,52.24778],[13.11434,52.25495],[13.11467,52.25555],[13.1143,52.26922],[13.10327,52.27544],[13.09967,52.28371],[13.1125,52.2867],[13.08998,52.30004],[13.09293,52.31334],[13.10722,52.31725],[13.10267,52.32376],[13.09363,52.32296],[13.08574,52.33993],[13.06071,52.34851],[13.04403,52.34204],[13.02234,52.34688]]]},"properties":{"plz":"14552","name":"14552 Michendorf"}},{"type":"Feature","geometry":{"type":"Polygon","coordinates":[[[13.04445,52.25467],[13.05602,52.25793],[13.06533,52.26676],[13.05423,52.27278],[13.05613,52.2805],[13.04465,52.27637],[13.0222,52.2765],[13.01757,52.28994],[12.97774,52.30585],[12.96568,52.29472],[12.95307,52.28827],[12.95945,52.26765],[12.97887,52.26538],[12.99751,52.25757],[13.04445,52.25467]]]},"properties":{"plz":"14554","name":"14554 Seddinger See"}},{"type":"Feature","geometry":{"type":"Polygon","coordinates":[[[13.06071,52.34851],[13.08574,52.33993],[13.09363,52.32296],[13.10267,52.32376],[13.10722,52.31725],[13.09293,52.31334],[13.08998,52.30004],[13.1125,52.2867],[13.09967,52.28371],[13.10327,52.27544],[13.1143,52.26922],[13.11467,52.25555],[13.12504,52.25589],[13.14054,52.26332],[13.15477,52.26933],[13.16284,52.27732],[13.15241,52.28889],[13.13752,52.29564],[13.14899,52.29501],[13.17648,52.30204],[13.16136,52.311],[13.1717,52.31932],[13.17448,52.32875],[13.16378,52.34179],[13.16929,52.34619],[13.14047,52.35299],[13.12559,52.34995],[13.12015,52.35625],[13.10605,52.35516],[13.10413,52.36477],[13.09399,52.35421],[13.08051,52.35638],[13.06728,52.34926],[13.06767,52.35522],[13.05217,52.35775],[13.04822,52.35431],[13.06071,52.34851]]]},"properties":{"plz":"14558","name":"14558 Nuthetal"}},{"type":"Feature","geometry":{"type":"Polygon","coordinates":[[[13.12897,52.5873],[13.10858,52.59379],[13.09933,52.59261],[13.08482,52.60456],[13.06384,52.60378],[13.02679,52.61216],[13.00573,52.61276],[13.02808,52.60858],[13.04937,52.59535],[13.02852,52.58772],[13.0362,52.57536],[13.03481,52.56773],[13.0003,52.56749],[13.01145,52.55828],[13.0129,52.55585],[13.04793,52.55355],[13.05109,52.55047],[13.11576,52.54709],[13.12496,52.54379],[13.1305,52.55602],[13.14424,52.55211],[13.15238,52.57045],[13.15125,52.58221],[13.13248,52.57961],[13.12897,52.5873]]]},"properties":{"plz":"14612","name":"14612 Falkensee"}},{"type":"Feature","geometry":{"type":"Polygon","coordinates":[[[13.16453,52.59879],[13.1533,52.60065],[13.15526,52.60685],[13.14782,52.60822],[13.15936,52.61703],[13.15643,52.62839],[13.13749,52.63182],[13.11894,52.63143],[13.0897,52.66404],[13.09568,52.67757],[13.07603,52.67775],[13.04713,52.66855],[13.01386,52.67109],[13.02262,52.68937],[12.99146,52.69236],[12.96017,52.69048],[12.95434,52.68069],[12.96003,52.6784],[12.94367,52.67123],[12.93774,52.6631],[12.92375,52.6705],[12.90735,52.66645],[12.91586,52.6617],[12.90134,52.65769],[12.9191,52.64984],[12.93435,52.6385],[12.94487,52.63621],[12.97165,52.63919],[12.98046,52.62849],[12.99957,52.63454],[13.01391,52.62914],[13.00603,52.62423],[13.00573,52.61276],[13.02679,52.61216],[13.06384,52.60378],[13.08482,52.60456],[13.09933,52.59261],[13.10858,52.59379],[13.12897,52.5873],[13.14334,52.58965],[13.16453,52.59879]]]},"properties":{"plz":"14621","name":"14621 Schönwalde"}},{"type":"Feature","geometry":{"type":"Polygon","coordinates":[[[13.12496,52.54379],[13.11576,52.54709],[13.05109,52.55047],[13.04793,52.55355],[13.0129,52.55585],[13.01145,52.55828],[13.01193,52.547],[13.01908,52.54617],[13.01349,52.51955],[12.99467,52.51271],[13.00415,52.51469],[13.0222,52.49591],[13.01996,52.49304],[13.0315,52.47975],[13.04066,52.48075],[13.04485,52.46889],[13.07102,52.46018],[13.09583,52.46856],[13.09805,52.49429],[13.12009,52.49075],[13.13892,52.50245],[13.15722,52.50162],[13.16863,52.50925],[13.14314,52.51961],[13.11739,52.51703],[13.12496,52.54379]]]},"properties":{"plz":"14624","name":"14624 Dallgow-Döberitz"}},{"type":"Feature","geometry":{"type":"Polygon","coordinates":[[[12.99467,52.51271],[13.01349,52.51955],[13.01908,52.54617],[13.01193,52.547],[13.01145,52.55828],[13.0003,52.56749],[12.9777,52.57022],[12.96684,52.56559],[12.94637,52.5644],[12.93559,52.55821],[12.92648,52.55977],[12.90745,52.57817],[12.89864,52.57996],[12.90646,52.60299],[12.91157,52.61011],[12.95144,52.61026],[12.96737,52.6155],[12.98796,52.61222],[13.00573,52.61276],[13.00603,52.62423],[13.01391,52.62914],[12.99957,52.63454],[12.98046,52.62849],[12.97165,52.63919],[12.94487,52.63621],[12.93435,52.6385],[12.9191,52.64984],[12.90134,52.65769],[12.91586,52.6617],[12.90735,52.66645],[12.92375,52.6705],[12.93774,52.6631],[12.94367,52.67123],[12.96003,52.6784],[12.95434,52.68069],[12.96017,52.69048],[12.99146,52.69236],[12.99559,52.69768],[12.9841,52.70134],[12.96943,52.70097],[12.97327,52.71045],[12.96249,52.71923],[12.92847,52.72538],[12.92388,52.71912],[12.87213,52.70903],[12.85485,52.70182],[12.86019,52.69769],[12.84695,52.69421],[12.85172,52.69072],[12.83713,52.68641],[12.83568,52.68104],[12.78754,52.69134],[12.74057,52.70316],[12.73422,52.70389],[12.704,52.69483],[12.68762,52.6966],[12.68496,52.68821],[12.67088,52.67212],[12.65547,52.66478],[12.65032,52.65285],[12.63314,52.64308],[12.62919,52.6246],[12.62215,52.61411],[12.64017,52.61343],[12.65583,52.61958],[12.69524,52.59527],[12.6766,52.58731],[12.66628,52.58641],[12.6524,52.56457],[12.66771,52.55659],[12.6904,52.55008],[12.72494,52.542],[12.71816,52.53904],[12.72224,52.53196],[12.71621,52.52526],[12.72726,52.52262],[12.7497,52.50977],[12.77008,52.50132],[12.77815,52.50706],[12.76708,52.51641],[12.79849,52.52137],[12.80501,52.55892],[12.81892,52.56171],[12.8354,52.55875],[12.84367,52.54901],[12.87797,52.54132],[12.89222,52.54174],[12.90317,52.53336],[12.90719,52.52302],[12.90472,52.50581],[12.93343,52.50181],[12.94713,52.50427],[12.9949,52.50989],[12.99467,52.51271]]]},"properties":{"plz":"14641","name":"14641 Nauen"}},{"type":"Feature","geometry":{"type":"Polygon","coordinates":[[[13.00573,52.61276],[12.98796,52.61222],[12.96737,52.6155],[12.95144,52.61026],[12.91157,52.61011],[12.90646,52.60299],[12.89864,52.57996],[12.90745,52.57817],[12.92648,52.55977],[12.93559,52.55821],[12.94637,52.5644],[12.96684,52.56559],[12.9777,52.57022],[13.0003,52.56749],[13.03481,52.56773],[13.0362,52.57536],[13.02852,52.58772],[13.04937,52.59535],[13.02808,52.60858],[13.00573,52.61276]]]},"properties":{"plz":"14656","name":"14656 Brieselang"}},{"type":"Feature","geometry":{"type":"Polygon","coordinates":[[[12.94713,52.50427],[12.93343,52.50181],[12.90472,52.50581],[12.90719,52.52302],[12.90317,52.53336],[12.89222,52.54174],[12.87797,52.54132],[12.84367,52.54901],[12.8354,52.55875],[12.81892,52.56171],[12.80501,52.55892],[12.79849,52.52137],[12.76708,52.51641],[12.77815,52.50706],[12.77008,52.50132],[12.7497,52.50977],[12.73405,52.49818],[12.75952,52.48112],[12.74245,52.47747],[12.74506,52.45867],[12.75589,52.45867],[12.76523,52.46638],[12.77922,52.46245],[12.81247,52.46577],[12.81371,52.47338],[12.86393,52.45981],[12.89172,52.45031],[12.89429,52.46055],[12.89338,52.46773],[12.91732,52.47438],[12.91755,52.4824],[12.933,52.48685],[12.93569,52.50078],[12.94713,52.50427]]]},"properties":{"plz":"14669","name":"14669 Ketzin"}},{"type":"Feature","geometry":{"type":"Polygon","coordinates":[[[13.08267,52.19654],[13.1303,52.18963],[13.14923,52.19701],[13.14918,52.2011],[13.17528,52.20339],[13.17418,52.20812],[13.19571,52.20181],[13.1892,52.19233],[13.19648,52.18902],[13.20226,52.17209],[13.19234,52.16851],[13.19665,52.16125],[13.21508,52.17799],[13.22084,52.17199],[13.22184,52.15251],[13.2579,52.15424],[13.26765,52.15153],[13.26354,52.17003],[13.2892,52.171],[13.30668,52.1745],[13.31909,52.19668],[13.304,52.19944],[13.31865,52.21248],[13.32994,52.21181],[13.31442,52.21538],[13.29178,52.22546],[13.30674,52.22738],[13.31008,52.23705],[13.30136,52.24091],[13.308,52.25105],[13.29654,52.25026],[13.29214,52.25736],[13.27047,52.25173],[13.26802,52.26229],[13.24271,52.27319],[13.215,52.26554],[13.20307,52.27272],[13.1796,52.26279],[13.19076,52.25554],[13.18299,52.24962],[13.15169,52.24513],[13.14913,52.25332],[13.13973,52.25623],[13.14054,52.26332],[13.12504,52.25589],[13.11467,52.25555],[13.11434,52.25495],[13.11032,52.24778],[13.10534,52.24368],[13.11365,52.23675],[13.10195,52.22548],[13.08267,52.19654]]]},"properties":{"plz":"14959","name":"14959 Trebbin"}},{"type":"Feature","geometry":{"type":"Polygon","coordinates":[[[13.1717,52.31932],[13.16136,52.311],[13.17648,52.30204],[13.14899,52.29501],[13.13752,52.29564],[13.15241,52.28889],[13.16284,52.27732],[13.15477,52.26933],[13.14054,52.26332],[13.13973,52.25623],[13.14913,52.25332],[13.15169,52.24513],[13.18299,52.24962],[13.19076,52.25554],[13.1796,52.26279],[13.20307,52.27272],[13.215,52.26554],[13.24271,52.27319],[13.26802,52.26229],[13.27047,52.25173],[13.29214,52.25736],[13.29654,52.25026],[13.308,52.25105],[13.32825,52.24874],[13.3386,52.25799],[13.36164,52.25663],[13.36945,52.26948],[13.39204,52.282],[13.39329,52.28729],[13.36767,52.29066],[13.34454,52.30994],[13.34981,52.3257],[13.34504,52.32182],[13.33833,52.32887],[13.307,52.33407],[13.29892,52.3389],[13.26405,52.33149],[13.24757,52.31728],[13.24036,52.32189],[13.25295,52.33204],[13.22283,52.32374],[13.20129,52.32905],[13.1717,52.31932]]]},"properties":{"plz":"14974","name":"14974 Ludwigsfelde"}},{"type":"Feature","geometry":{"type":"Polygon","coordinates":[[[13.31208,52.39914],[13.30968,52.38551],[13.29566,52.38072],[13.29137,52.3691],[13.27508,52.35535],[13.2513,52.35],[13.25295,52.33204],[13.24036,52.32189],[13.24757,52.31728],[13.26405,52.33149],[13.29892,52.3389],[13.307,52.33407],[13.33833,52.32887],[13.34504,52.32182],[13.34981,52.3257],[13.35969,52.33261],[13.37823,52.33536],[13.38321,52.35484],[13.37129,52.36463],[13.38844,52.37787],[13.38726,52.38858],[13.37045,52.38846],[13.37195,52.39379],[13.36141,52.39767],[13.35269,52.40201],[13.34331,52.41127],[13.32725,52.4057],[13.31208,52.39914]]]},"properties":{"plz":"14979","name":"14979 Großbeeren"}},{"type":"Feature","geometry":{"type":"Polygon","coordinates":[[[13.81315,52.52333],[13.83569,52.51523],[13.84667,52.52054],[13.86152,52.52188],[13.87019,52.52978],[13.87876,52.54327],[13.91146,52.54424],[13.94015,52.55133],[13.9612,52.53998],[13.97383,52.54251],[13.98227,52.56282],[14.00352,52.56493],[14.02071,52.57141],[14.02053,52.57671],[13.99661,52.60042],[13.98649,52.59901],[13.98577,52.57919],[13.94033,52.5703],[13.92655,52.57695],[13.93636,52.59567],[13.93226,52.60227],[13.91252,52.5971],[13.9035,52.60218],[13.89306,52.59994],[13.83372,52.60323],[13.83544,52.59283],[13.82675,52.58214],[13.82604,52.56732],[13.8316,52.5571],[13.85139,52.55145],[13.83852,52.54604],[13.83717,52.53837],[13.81811,52.53239],[13.81315,52.52333]]]},"properties":{"plz":"15344","name":"15344 Strausberg"}},{"type":"Feature","geometry":{"type":"MultiPolygon","coordinates":[[[[13.93226,52.60227],[13.93814,52.60977],[13.95208,52.60847],[13.97684,52.61709],[13.98326,52.60456],[13.99863,52.61425],[14.02291,52.60496],[14.01791,52.61991],[14.03083,52.61435],[14.04521,52.61488],[14.04778,52.63214],[14.0878,52.63576],[14.11026,52.65171],[14.12966,52.65007],[14.11261,52.6752],[14.10551,52.67596],[14.07364,52.66362],[14.04088,52.67064],[14.02989,52.66728],[14.02131,52.67112],[14.03489,52.68103],[14.03986,52.6894],[14.00498,52.7071],[13.98583,52.70497],[13.98827,52.71536],[13.98112,52.71527],[13.97051,52.69497],[13.94986,52.69318],[13.95144,52.68849],[13.91285,52.68471],[13.89619,52.66582],[13.87202,52.66624],[13.85077,52.67157],[13.84849,52.65923],[13.8376,52.6529],[13.84446,52.64554],[13.8327,52.63687],[13.82799,52.62478],[13.81938,52.62797],[13.78142,52.6233],[13.72951,52.61243],[13.72797,52.60156],[13.7156,52.60245],[13.71578,52.58795],[13.69882,52.59029],[13.69649,52.58295],[13.68415,52.57847],[13.68511,52.56931],[13.66866,52.56609],[13.67806,52.56245],[13.67039,52.54573],[13.71956,52.54456],[13.73287,52.54167],[13.73785,52.55094],[13.76568,52.5475],[13.76738,52.54212],[13.7774,52.54692],[13.78531,52.54239],[13.79189,52.5484],[13.79986,52.52123],[13.81315,52.52333],[13.81811,52.53239],[13.83717,52.53837],[13.83852,52.54604],[13.85139,52.55145],[13.8316,52.5571],[13.82604,52.56732],[13.82675,52.58214],[13.83544,52.59283],[13.83372,52.60323],[13.89306,52.59994],[13.9035,52.60218],[13.91252,52.5971],[13.93226,52.60227]]],[[[13.87019,52.52978],[13.87897,52.50498],[13.86174,52.49969],[13.88182,52.4851],[13.88683,52.46826],[13.89922,52.47413],[13.92731,52.47306],[13.94497,52.47656],[13.95327,52.47409],[13.96869,52.48076],[13.97163,52.48655],[13.99627,52.49274],[14.01941,52.51532],[14.04687,52.5413],[14.03939,52.55826],[14.01385,52.56017],[14.00352,52.56493],[13.98227,52.56282],[13.97383,52.54251],[13.9612,52.53998],[13.94015,52.55133],[13.91146,52.54424],[13.87876,52.54327],[13.87019,52.52978]]]]},"properties":{"plz":"15345","name":"15345 Lichtenow, Altlandsberg u.a."}},{"type":"Feature","geometry":{"type":"Polygon","coordinates":[[[13.66724,52.47429],[13.67829,52.49394],[13.68909,52.50088],[13.71276,52.50086],[13.70972,52.50445],[13.72589,52.51097],[13.73741,52.52409],[13.74287,52.53906],[13.73287,52.54167],[13.71956,52.54456],[13.67039,52.54573],[13.67806,52.56245],[13.66866,52.56609],[13.65829,52.56156],[13.65865,52.56906],[13.64386,52.56948],[13.61552,52.56159],[13.6106,52.54558],[13.63737,52.54225],[13.62496,52.53802],[13.62569,52.53018],[13.65695,52.52988],[13.65859,52.52586],[13.63313,52.51164],[13.625,52.49589],[13.62972,52.49304],[13.61489,52.48076],[13.6127,52.47041],[13.64322,52.47922],[13.66724,52.47429]]]},"properties":{"plz":"15366","name":"15366 Neuenhagen, Hoppegarten"}},{"type":"Feature","geometry":{"type":"Polygon","coordinates":[[[13.81315,52.52333],[13.79986,52.52123],[13.79189,52.5484],[13.78531,52.54239],[13.7774,52.54692],[13.76738,52.54212],[13.76568,52.5475],[13.73785,52.55094],[13.73287,52.54167],[13.74287,52.53906],[13.73741,52.52409],[13.72589,52.51097],[13.70972,52.50445],[13.71276,52.50086],[13.71184,52.49336],[13.74061,52.48649],[13.74232,52.4955],[13.76089,52.48888],[13.77711,52.51211],[13.79124,52.51255],[13.81739,52.50615],[13.83569,52.51523],[13.81315,52.52333]]]},"properties":{"plz":"15370","name":"15370 Fredersdorf-Vogelsdorf, Petershagen"}},{"type":"Feature","geometry":{"type":"Polygon","coordinates":[[[13.83569,52.51523],[13.81739,52.50615],[13.80056,52.49261],[13.81624,52.48902],[13.83316,52.48917],[13.82992,52.48033],[13.86324,52.45389],[13.87274,52.45551],[13.88005,52.457],[13.88683,52.46826],[13.88182,52.4851],[13.86174,52.49969],[13.87897,52.50498],[13.87019,52.52978],[13.86152,52.52188],[13.84667,52.52054],[13.83569,52.51523]]]},"properties":{"plz":"15378","name":"15378 Rüdersdorf"}},{"type":"Feature","geometry":{"type":"Polygon","coordinates":[[[13.94818,52.38768],[13.93357,52.38745],[13.93283,52.39385],[13.92165,52.38957],[13.91283,52.39975],[13.90765,52.39363],[13.89216,52.39002],[13.89082,52.38241],[13.88005,52.38187],[13.86468,52.36786],[13.85461,52.36858],[13.83798,52.35618],[13.81541,52.35907],[13.80928,52.36898],[13.7966,52.36853],[13.78883,52.37364],[13.77329,52.37506],[13.76357,52.36742],[13.75709,52.35056],[13.75503,52.3449],[13.73967,52.33401],[13.74523,52.33084],[13.73488,52.3243],[13.74326,52.31843],[13.767,52.31845],[13.7783,52.32302],[13.79953,52.31619],[13.80673,52.32035],[13.81957,52.31175],[13.8399,52.3141],[13.83966,52.30406],[13.82152,52.28815],[13.85381,52.29007],[13.8764,52.2922],[13.8842,52.29749],[13.88868,52.2915],[13.89806,52.31149],[13.91964,52.30801],[13.91741,52.3028],[13.92937,52.29128],[13.92892,52.27998],[13.94359,52.28046],[13.94585,52.28999],[13.9746,52.2894],[13.96181,52.2944],[13.97277,52.2964],[13.97155,52.30296],[13.98755,52.29611],[13.98505,52.30337],[13.99793,52.30684],[14.00248,52.34093],[14.00038,52.35124],[13.98964,52.35043],[13.99135,52.36809],[13.99715,52.37478],[13.97831,52.37466],[13.96013,52.3796],[13.94818,52.38768]]]},"properties":{"plz":"15528","name":"15528 Spreenhagen"}},{"type":"Feature","geometry":{"type":"Polygon","coordinates":[[[13.69932,52.37769],[13.70696,52.38889],[13.72783,52.3865],[13.74097,52.37126],[13.72746,52.36496],[13.75709,52.35056],[13.76357,52.36742],[13.77329,52.37506],[13.78883,52.37364],[13.7966,52.36853],[13.80928,52.36898],[13.81541,52.35907],[13.83798,52.35618],[13.85461,52.36858],[13.86468,52.36786],[13.88005,52.38187],[13.89082,52.38241],[13.89216,52.39002],[13.90765,52.39363],[13.91283,52.39975],[13.92165,52.38957],[13.93283,52.39385],[13.93357,52.38745],[13.94818,52.38768],[13.95955,52.39078],[13.93783,52.39601],[13.95358,52.40174],[13.97876,52.39406],[13.99451,52.38571],[14.00783,52.38333],[14.02162,52.38651],[14.02437,52.3946],[14.01418,52.40097],[14.01863,52.41173],[13.98544,52.42885],[13.98578,52.45204],[13.97839,52.45201],[13.97726,52.46645],[13.9645,52.46495],[13.95327,52.47409],[13.94497,52.47656],[13.92731,52.47306],[13.89922,52.47413],[13.88683,52.46826],[13.88005,52.457],[13.87274,52.45551],[13.87087,52.45216],[13.85284,52.45188],[13.85227,52.45796],[13.82469,52.43744],[13.79951,52.43947],[13.7915,52.43067],[13.76784,52.43239],[13.76059,52.43695],[13.75631,52.44161],[13.74365,52.43792],[13.74128,52.42677],[13.73143,52.41976],[13.73903,52.40734],[13.73427,52.40213],[13.70985,52.39637],[13.68664,52.38502],[13.69932,52.37769]]]},"properties":{"plz":"15537","name":"15537 Erkner"}},{"type":"Feature","geometry":{"type":"Polygon","coordinates":[[[13.74061,52.48649],[13.74339,52.46537],[13.77449,52.46609],[13.76237,52.45795],[13.76481,52.44789],[13.80198,52.44392],[13.79951,52.43947],[13.82469,52.43744],[13.85227,52.45796],[13.85284,52.45188],[13.87087,52.45216],[13.87274,52.45551],[13.86324,52.45389],[13.82992,52.48033],[13.83316,52.48917],[13.81624,52.48902],[13.80056,52.49261],[13.81739,52.50615],[13.79124,52.51255],[13.77711,52.51211],[13.76089,52.48888],[13.74232,52.4955],[13.74061,52.48649]]]},"properties":{"plz":"15562","name":"15562 Rüdersdorf"}},{"type":"Feature","geometry":{"type":"Polygon","coordinates":[[[13.6695,52.47329],[13.68277,52.46607],[13.69543,52.46418],[13.69835,52.45526],[13.70559,52.45771],[13.69909,52.46828],[13.71597,52.46292],[13.72059,52.45676],[13.73088,52.4642],[13.74339,52.46537],[13.74061,52.48649],[13.71184,52.49336],[13.71276,52.50086],[13.68909,52.50088],[13.67829,52.49394],[13.66724,52.47429],[13.6695,52.47329]]]},"properties":{"plz":"15566","name":"15566 Schöneiche bei Berlin"}},{"type":"Feature","geometry":{"type":"Polygon","coordinates":[[[13.76059,52.43695],[13.76784,52.43239],[13.7915,52.43067],[13.79951,52.43947],[13.80198,52.44392],[13.76481,52.44789],[13.76237,52.45795],[13.77449,52.46609],[13.74339,52.46537],[13.73088,52.4642],[13.72059,52.45676],[13.72907,52.45079],[13.75644,52.44618],[13.76059,52.43695]]]},"properties":{"plz":"15569","name":"15569 Woltersdorf"}},{"type":"Feature","geometry":{"type":"Polygon","coordinates":[[[13.57856,52.31881],[13.57561,52.30688],[13.56847,52.30343],[13.57831,52.28428],[13.59959,52.28984],[13.60718,52.27932],[13.61714,52.28158],[13.60697,52.26467],[13.61266,52.25993],[13.63909,52.26035],[13.6422,52.25448],[13.65302,52.25366],[13.67121,52.25897],[13.6694,52.26668],[13.65368,52.26591],[13.65085,52.27954],[13.63977,52.28579],[13.65226,52.2866],[13.65928,52.29305],[13.67223,52.29521],[13.66258,52.30357],[13.64865,52.29797],[13.64395,52.30735],[13.6274,52.30668],[13.60441,52.31099],[13.60268,52.31088],[13.58854,52.31882],[13.57856,52.31881]]]},"properties":{"plz":"15711","name":"15711 Königs Wusterhausen"}},{"type":"Feature","geometry":{"type":"Polygon","coordinates":[[[13.73488,52.3243],[13.73153,52.33085],[13.71198,52.31735],[13.68866,52.31358],[13.66258,52.30357],[13.67223,52.29521],[13.65928,52.29305],[13.65226,52.2866],[13.63977,52.28579],[13.65085,52.27954],[13.65368,52.26591],[13.6694,52.26668],[13.69841,52.26649],[13.71587,52.28245],[13.73891,52.28141],[13.73943,52.29337],[13.75495,52.30831],[13.73938,52.3107],[13.74326,52.31843],[13.73488,52.3243]]]},"properties":{"plz":"15712","name":"15712 Königs Wusterhausen"}},{"type":"Feature","geometry":{"type":"Polygon","coordinates":[[[13.6517,52.33946],[13.64321,52.33245],[13.64395,52.30735],[13.64865,52.29797],[13.66258,52.30357],[13.68866,52.31358],[13.71198,52.31735],[13.73153,52.33085],[13.73488,52.3243],[13.74523,52.33084],[13.73967,52.33401],[13.75503,52.3449],[13.75709,52.35056],[13.72746,52.36496],[13.74097,52.37126],[13.72783,52.3865],[13.70696,52.38889],[13.69932,52.37769],[13.69222,52.36721],[13.67119,52.36649],[13.65708,52.3516],[13.6517,52.33946]]]},"properties":{"plz":"15713","name":"15713 Königs Wusterhausen"}},{"type":"Feature","geometry":{"type":"Polygon","coordinates":[[[13.60569,52.37768],[13.5947,52.37971],[13.5862,52.36863],[13.56601,52.36008],[13.56301,52.34969],[13.57501,52.34067],[13.59753,52.3383],[13.60676,52.34735],[13.60156,52.35537],[13.60968,52.36318],[13.62919,52.36845],[13.64696,52.3687],[13.64268,52.37751],[13.62851,52.38136],[13.6058,52.37361],[13.60569,52.37768]]]},"properties":{"plz":"15732","name":"15732 Schulzendorf b. Eichenwade"}},{"type":"Feature","geometry":{"type":"Polygon","coordinates":[[[13.64696,52.3687],[13.62919,52.36845],[13.60968,52.36318],[13.60156,52.35537],[13.60676,52.34735],[13.59753,52.3383],[13.57501,52.34067],[13.56301,52.34969],[13.5607,52.34699],[13.58947,52.32003],[13.60268,52.31088],[13.60441,52.31099],[13.58984,52.32066],[13.59905,52.33153],[13.62423,52.33081],[13.62652,52.33975],[13.63451,52.34161],[13.64321,52.33245],[13.6517,52.33946],[13.63632,52.34682],[13.63844,52.35974],[13.64696,52.3687]]]},"properties":{"plz":"15738","name":"15738 Zeuthen"}},{"type":"Feature","geometry":{"type":"Polygon","coordinates":[[[13.61266,52.25993],[13.5872,52.2531],[13.59595,52.22447],[13.60681,52.21952],[13.62157,52.19936],[13.64353,52.1946],[13.64894,52.20248],[13.67199,52.19683],[13.67844,52.20668],[13.6918,52.21658],[13.70704,52.21673],[13.70683,52.22423],[13.69524,52.2277],[13.68632,52.24169],[13.67544,52.24437],[13.67121,52.25897],[13.65302,52.25366],[13.6422,52.25448],[13.63909,52.26035],[13.61266,52.25993]]]},"properties":{"plz":"15741","name":"15741 Bestensee"}},{"type":"Feature","geometry":{"type":"Polygon","coordinates":[[[13.64395,52.30735],[13.64321,52.33245],[13.63451,52.34161],[13.62652,52.33975],[13.62423,52.33081],[13.59905,52.33153],[13.58984,52.32066],[13.60441,52.31099],[13.6274,52.30668],[13.64395,52.30735]]]},"properties":{"plz":"15745","name":"15745 Wildau"}},{"type":"Feature","geometry":{"type":"Polygon","coordinates":[[[13.4956,52.33089],[13.48368,52.3221],[13.49757,52.30701],[13.49584,52.29813],[13.48689,52.29842],[13.48334,52.28608],[13.5076,52.28195],[13.50766,52.26826],[13.48992,52.2608],[13.47128,52.26186],[13.44974,52.25672],[13.45886,52.25333],[13.46018,52.2399],[13.47206,52.23217],[13.49008,52.23324],[13.49646,52.24015],[13.51624,52.2431],[13.53754,52.24099],[13.55463,52.23283],[13.58222,52.19637],[13.57956,52.19422],[13.5458,52.19319],[13.55011,52.18266],[13.54399,52.1735],[13.55441,52.14604],[13.56508,52.1426],[13.5842,52.14806],[13.58779,52.15648],[13.5974,52.16237],[13.60183,52.17165],[13.59372,52.17314],[13.5941,52.18611],[13.61989,52.18933],[13.62157,52.19936],[13.60681,52.21952],[13.59595,52.22447],[13.5872,52.2531],[13.61266,52.25993],[13.60697,52.26467],[13.61714,52.28158],[13.60718,52.27932],[13.59959,52.28984],[13.57831,52.28428],[13.56847,52.30343],[13.57561,52.30688],[13.57856,52.31881],[13.52817,52.31709],[13.53155,52.32572],[13.4956,52.33089]]]},"properties":{"plz":"15749","name":"15749 Mittenwalde"}},{"type":"Feature","geometry":{"type":"Polygon","coordinates":[[[13.74326,52.31843],[13.73938,52.3107],[13.75495,52.30831],[13.73943,52.29337],[13.73891,52.28141],[13.71587,52.28245],[13.69841,52.26649],[13.6694,52.26668],[13.67121,52.25897],[13.67544,52.24437],[13.68632,52.24169],[13.69524,52.2277],[13.70683,52.22423],[13.70704,52.21673],[13.6918,52.21658],[13.67844,52.20668],[13.67199,52.19683],[13.68591,52.18605],[13.70121,52.18439],[13.70797,52.20033],[13.72117,52.19788],[13.71283,52.19326],[13.77909,52.18097],[13.77695,52.19262],[13.81899,52.18909],[13.83019,52.18153],[13.83474,52.18534],[13.84588,52.1981],[13.85666,52.20131],[13.83967,52.2132],[13.841,52.21997],[13.85376,52.22504],[13.82789,52.23262],[13.82436,52.24236],[13.83987,52.25724],[13.8374,52.26325],[13.85737,52.26077],[13.84938,52.26982],[13.8629,52.27532],[13.85184,52.28533],[13.85381,52.29007],[13.82152,52.28815],[13.83966,52.30406],[13.8399,52.3141],[13.81957,52.31175],[13.80673,52.32035],[13.79953,52.31619],[13.7783,52.32302],[13.767,52.31845],[13.74326,52.31843]]]},"properties":{"plz":"15754","name":"15754 Heidesee"}},{"type":"Feature","geometry":{"type":"Polygon","coordinates":[[[13.32994,52.21181],[13.33794,52.20863],[13.36574,52.20641],[13.42742,52.19313],[13.43985,52.19606],[13.43819,52.18797],[13.44733,52.17867],[13.411,52.17068],[13.41657,52.16016],[13.43568,52.15616],[13.43969,52.14868],[13.46169,52.13516],[13.45323,52.12777],[13.46513,52.12522],[13.46746,52.11966],[13.45169,52.11747],[13.45275,52.11036],[13.46186,52.11283],[13.49269,52.1086],[13.50103,52.09236],[13.51341,52.09217],[13.54078,52.09729],[13.5492,52.11907],[13.54882,52.13711],[13.55441,52.14604],[13.54399,52.1735],[13.55011,52.18266],[13.5458,52.19319],[13.57956,52.19422],[13.58222,52.19637],[13.55463,52.23283],[13.53754,52.24099],[13.51624,52.2431],[13.49646,52.24015],[13.49008,52.23324],[13.47206,52.23217],[13.46018,52.2399],[13.45886,52.25333],[13.44974,52.25672],[13.42523,52.25967],[13.4174,52.27331],[13.4083,52.26943],[13.4,52.28183],[13.39204,52.282],[13.36945,52.26948],[13.36164,52.25663],[13.3386,52.25799],[13.32825,52.24874],[13.308,52.25105],[13.30136,52.24091],[13.31008,52.23705],[13.30674,52.22738],[13.29178,52.22546],[13.31442,52.21538],[13.32994,52.21181]]]},"properties":{"plz":"15806","name":"15806 Zossen"}},{"type":"Feature","geometry":{"type":"Polygon","coordinates":[[[13.34454,52.30994],[13.36025,52.31038],[13.36837,52.3191],[13.41073,52.31956],[13.41662,52.30726],[13.45135,52.29951],[13.4624,52.31139],[13.46418,52.31833],[13.45219,52.32356],[13.45106,52.33247],[13.42615,52.33795],[13.41831,52.35247],[13.39292,52.34669],[13.38372,52.33517],[13.37823,52.33536],[13.35969,52.33261],[13.34981,52.3257],[13.34454,52.30994]]]},"properties":{"plz":"15827","name":"15827 Blankenfelde-Mahlow"}},{"type":"Feature","geometry":{"type":"MultiPolygon","coordinates":[[[[13.38844,52.37787],[13.37129,52.36463],[13.38321,52.35484],[13.37823,52.33536],[13.38372,52.33517],[13.39292,52.34669],[13.41831,52.35247],[13.42615,52.33795],[13.45106,52.33247],[13.45219,52.32356],[13.46418,52.31833],[13.4624,52.31139],[13.47746,52.31502],[13.48368,52.3221],[13.4956,52.33089],[13.49715,52.33703],[13.46057,52.34056],[13.44651,52.34685],[13.44191,52.36327],[13.41815,52.36576],[13.42083,52.37613],[13.41224,52.37682],[13.38844,52.37787]]],[[[13.39329,52.28729],[13.39247,52.2946],[13.40262,52.29586],[13.41662,52.30726],[13.41073,52.31956],[13.36837,52.3191],[13.36025,52.31038],[13.34454,52.30994],[13.36767,52.29066],[13.39329,52.28729]]]]},"properties":{"plz":"15831","name":"15831 Blankenfelde-Mahlow"}},{"type":"Feature","geometry":{"type":"Polygon","coordinates":[[[13.39204,52.282],[13.4,52.28183],[13.4083,52.26943],[13.4174,52.27331],[13.42523,52.25967],[13.44974,52.25672],[13.47128,52.26186],[13.48992,52.2608],[13.50766,52.26826],[13.5076,52.28195],[13.48334,52.28608],[13.48689,52.29842],[13.49584,52.29813],[13.49757,52.30701],[13.48368,52.3221],[13.47746,52.31502],[13.4624,52.31139],[13.45135,52.29951],[13.41662,52.30726],[13.40262,52.29586],[13.39247,52.2946],[13.39329,52.28729],[13.39204,52.282]]]},"properties":{"plz":"15834","name":"15834 Rangsdorf"}},{"type":"Feature","geometry":{"type":"Polygon","coordinates":[[[13.66668,52.69886],[13.64531,52.72904],[13.64487,52.73595],[13.6112,52.74465],[13.60817,52.75667],[13.59922,52.74561],[13.58324,52.74431],[13.58449,52.73471],[13.55943,52.73822],[13.54689,52.72967],[13.53665,52.72823],[13.52574,52.72047],[13.5245,52.74006],[13.51821,52.74637],[13.50288,52.74054],[13.49157,52.74482],[13.46712,52.73184],[13.48374,52.70801],[13.50138,52.70239],[13.50779,52.68296],[13.49965,52.67917],[13.5101,52.66742],[13.54881,52.6649],[13.56581,52.65017],[13.56384,52.62508],[13.5757,52.60854],[13.58073,52.61017],[13.60398,52.62137],[13.6115,52.62821],[13.61336,52.64138],[13.58416,52.64171],[13.59505,52.64776],[13.61306,52.64504],[13.61919,52.65427],[13.63121,52.64555],[13.62668,52.63737],[13.6381,52.62768],[13.64787,52.62824],[13.63743,52.64594],[13.66675,52.64796],[13.66846,52.67923],[13.66488,52.6962],[13.66668,52.69886]]]},"properties":{"plz":"16321","name":"16321 Bernau"}},{"type":"Feature","geometry":{"type":"Polygon","coordinates":[[[13.50038,52.61388],[13.52069,52.61515],[13.53288,52.62022],[13.57309,52.6006],[13.58073,52.61017],[13.5757,52.60854],[13.56384,52.62508],[13.56581,52.65017],[13.54881,52.6649],[13.5101,52.66742],[13.49965,52.67917],[13.48007,52.67488],[13.47596,52.66672],[13.48813,52.67038],[13.48535,52.65947],[13.51282,52.64541],[13.52287,52.64481],[13.51779,52.62956],[13.50575,52.62567],[13.50038,52.61388]]]},"properties":{"plz":"16341","name":"16341 Panketal"}},{"type":"Feature","geometry":{"type":"Polygon","coordinates":[[[13.48007,52.67488],[13.49965,52.67917],[13.50779,52.68296],[13.50138,52.70239],[13.48374,52.70801],[13.46712,52.73184],[13.49157,52.74482],[13.50288,52.74054],[13.51821,52.74637],[13.5245,52.74006],[13.52574,52.72047],[13.53665,52.72823],[13.54689,52.72967],[13.55943,52.73822],[13.58449,52.73471],[13.58324,52.74431],[13.59622,52.76142],[13.58745,52.7726],[13.59253,52.78022],[13.57998,52.79619],[13.59372,52.81555],[13.58847,52.81777],[13.60881,52.82686],[13.62756,52.82903],[13.64749,52.82713],[13.64895,52.84534],[13.6325,52.84281],[13.64858,52.85441],[13.62489,52.87307],[13.63858,52.87942],[13.61348,52.88571],[13.59121,52.85859],[13.57977,52.85558],[13.5541,52.86302],[13.54608,52.85935],[13.53996,52.87295],[13.5267,52.87288],[13.5153,52.86559],[13.50766,52.87348],[13.4956,52.8724],[13.47407,52.87659],[13.47011,52.87058],[13.48549,52.85226],[13.50826,52.85128],[13.52308,52.84791],[13.50512,52.83742],[13.49454,52.84008],[13.50199,52.82951],[13.49406,52.81022],[13.4795,52.80882],[13.46835,52.81278],[13.45292,52.80572],[13.42185,52.80423],[13.43042,52.78903],[13.40737,52.78091],[13.4043,52.77561],[13.41441,52.75125],[13.39673,52.7453],[13.40911,52.74482],[13.40743,52.73795],[13.42362,52.73439],[13.40729,52.72273],[13.41869,52.72054],[13.42199,52.70991],[13.4041,52.70963],[13.40873,52.6974],[13.39119,52.6812],[13.39794,52.67248],[13.40567,52.67396],[13.42267,52.66947],[13.41414,52.66804],[13.40009,52.65723],[13.4013,52.64626],[13.40876,52.64282],[13.42445,52.63554],[13.43438,52.6379],[13.44083,52.64922],[13.45196,52.64877],[13.45955,52.64822],[13.47421,52.65575],[13.45079,52.66271],[13.48007,52.67488]]]},"properties":{"plz":"16348","name":"16348 Wandlitz"}},{"type":"Feature","geometry":{"type":"Polygon","coordinates":[[[13.6106,52.54558],[13.61552,52.56159],[13.64386,52.56948],[13.65865,52.56906],[13.65829,52.56156],[13.66866,52.56609],[13.68511,52.56931],[13.68415,52.57847],[13.69649,52.58295],[13.69882,52.59029],[13.71578,52.58795],[13.7156,52.60245],[13.72797,52.60156],[13.72951,52.61243],[13.78142,52.6233],[13.81938,52.62797],[13.82799,52.62478],[13.8327,52.63687],[13.84446,52.64554],[13.8376,52.6529],[13.84849,52.65923],[13.85077,52.67157],[13.85028,52.67944],[13.85877,52.68444],[13.85071,52.69349],[13.83654,52.69231],[13.81395,52.67756],[13.78002,52.66694],[13.75454,52.71368],[13.73179,52.70262],[13.68919,52.69362],[13.67528,52.69757],[13.66488,52.6962],[13.66846,52.67923],[13.66675,52.64796],[13.63743,52.64594],[13.64787,52.62824],[13.6381,52.62768],[13.62668,52.63737],[13.63121,52.64555],[13.61919,52.65427],[13.61306,52.64504],[13.59505,52.64776],[13.58416,52.64171],[13.61336,52.64138],[13.6115,52.62821],[13.60398,52.62137],[13.58073,52.61017],[13.57309,52.6006],[13.53288,52.62022],[13.52069,52.61515],[13.50038,52.61388],[13.49666,52.60503],[13.50813,52.59216],[13.52724,52.59223],[13.54698,52.58765],[13.56768,52.57454],[13.5815,52.57102],[13.5864,52.54984],[13.58641,52.54978],[13.59899,52.54751],[13.6106,52.54558]]]},"properties":{"plz":"16356","name":"16356 Werneuchen"}},{"type":"Feature","geometry":{"type":"Polygon","coordinates":[[[13.65819,52.81167],[13.625,52.79922],[13.64749,52.82713],[13.62756,52.82903],[13.60881,52.82686],[13.58847,52.81777],[13.59372,52.81555],[13.57998,52.79619],[13.59253,52.78022],[13.58745,52.7726],[13.59622,52.76142],[13.58324,52.74431],[13.59922,52.74561],[13.60817,52.75667],[13.6112,52.74465],[13.64487,52.73595],[13.64531,52.72904],[13.66668,52.69886],[13.68811,52.71218],[13.68243,52.7519],[13.68686,52.75729],[13.68031,52.7793],[13.67225,52.77898],[13.665,52.78725],[13.67127,52.78918],[13.6821,52.79852],[13.65819,52.81167]]]},"properties":{"plz":"16359","name":"16359 Biesenthal"}},{"type":"Feature","geometry":{"type":"Polygon","coordinates":[[[13.42185,52.80423],[13.38588,52.8014],[13.37035,52.79551],[13.35257,52.82559],[13.33129,52.81858],[13.33158,52.82189],[13.35152,52.82787],[13.34727,52.83434],[13.32812,52.84647],[13.3187,52.83992],[13.26935,52.82269],[13.26423,52.83055],[13.25616,52.829],[13.25521,52.81964],[13.23423,52.80836],[13.21652,52.80967],[13.20123,52.80077],[13.20064,52.78677],[13.18836,52.7759],[13.1779,52.77769],[13.16384,52.7674],[13.16511,52.76158],[13.15235,52.76617],[13.13099,52.7604],[13.13945,52.74967],[13.13886,52.72575],[13.1563,52.72874],[13.16034,52.73422],[13.18021,52.73298],[13.17905,52.71921],[13.18831,52.7258],[13.18481,52.73311],[13.19849,52.7364],[13.20998,52.72789],[13.21349,52.71209],[13.22126,52.70991],[13.24189,52.71182],[13.24504,52.71961],[13.26426,52.72629],[13.26464,52.74086],[13.27068,52.7417],[13.31527,52.72649],[13.3476,52.71433],[13.3662,52.71261],[13.36504,52.69769],[13.39797,52.69566],[13.40873,52.6974],[13.4041,52.70963],[13.42199,52.70991],[13.41869,52.72054],[13.40729,52.72273],[13.42362,52.73439],[13.40743,52.73795],[13.40911,52.74482],[13.39673,52.7453],[13.41441,52.75125],[13.4043,52.77561],[13.40737,52.78091],[13.43042,52.78903],[13.42185,52.80423]]]},"properties":{"plz":"16515","name":"16515 Oranienburg, Mühlenbecker Land"}},{"type":"Feature","geometry":{"type":"Polygon","coordinates":[[[13.29408,52.65935],[13.29061,52.66787],[13.30423,52.67091],[13.29071,52.67996],[13.29342,52.68384],[13.26794,52.68661],[13.26707,52.68276],[13.24453,52.68169],[13.26064,52.6858],[13.24975,52.69101],[13.2487,52.69105],[13.23471,52.68469],[13.23942,52.67867],[13.22925,52.67581],[13.24317,52.65868],[13.2412,52.62811],[13.26423,52.62686],[13.26214,52.64072],[13.28377,52.64111],[13.28275,52.66076],[13.29408,52.65935]]]},"properties":{"plz":"16540","name":"16540 Hohen Neuendorf"}},{"type":"Feature","geometry":{"type":"Polygon","coordinates":[[[13.31527,52.72649],[13.29983,52.7082],[13.28824,52.71137],[13.28274,52.70339],[13.26819,52.70528],[13.25915,52.69803],[13.25189,52.70233],[13.24975,52.69101],[13.26064,52.6858],[13.24453,52.68169],[13.26707,52.68276],[13.26794,52.68661],[13.29342,52.68384],[13.3079,52.6876],[13.30913,52.70046],[13.35959,52.69809],[13.36504,52.69769],[13.3662,52.71261],[13.3476,52.71433],[13.31527,52.72649]]]},"properties":{"plz":"16547","name":"16547 Birkenwerder"}},{"type":"Feature","geometry":{"type":"Polygon","coordinates":[[[13.31037,52.62806],[13.33668,52.62265],[13.34398,52.62374],[13.36141,52.63573],[13.3544,52.63802],[13.33794,52.63513],[13.32967,52.63998],[13.30943,52.64278],[13.31037,52.62806]]]},"properties":{"plz":"16548","name":"16548 Glienicke/Nordbahn"}},{"type":"Feature","geometry":{"type":"Polygon","coordinates":[[[13.39448,52.64739],[13.37552,52.6554],[13.34876,52.64582],[13.3544,52.63802],[13.36141,52.63573],[13.34398,52.62374],[13.36692,52.62538],[13.38921,52.63762],[13.39448,52.64739]]]},"properties":{"plz":"16552","name":"16552 Mühlenbecker Land"}},{"type":"Feature","geometry":{"type":"Polygon","coordinates":[[[13.22126,52.70991],[13.20754,52.70701],[13.20841,52.69925],[13.22229,52.70097],[13.24737,52.69933],[13.2487,52.69105],[13.24975,52.69101],[13.25189,52.70233],[13.25915,52.69803],[13.26819,52.70528],[13.28274,52.70339],[13.28824,52.71137],[13.29983,52.7082],[13.31527,52.72649],[13.27068,52.7417],[13.26464,52.74086],[13.26426,52.72629],[13.24504,52.71961],[13.24189,52.71182],[13.22126,52.70991]]]},"properties":{"plz":"16556","name":"16556 Borgsdorf"}},{"type":"Feature","geometry":{"type":"Polygon","coordinates":[[[13.39883,52.92995],[13.38929,52.92366],[13.37753,52.92555],[13.36628,52.92189],[13.35805,52.90833],[13.34816,52.90116],[13.34696,52.89498],[13.33225,52.88914],[13.31584,52.87755],[13.30733,52.86583],[13.29434,52.86951],[13.27682,52.85104],[13.26819,52.85477],[13.24869,52.83588],[13.25616,52.829],[13.26423,52.83055],[13.26935,52.82269],[13.3187,52.83992],[13.32812,52.84647],[13.34727,52.83434],[13.35152,52.82787],[13.33158,52.82189],[13.33129,52.81858],[13.35257,52.82559],[13.37035,52.79551],[13.38588,52.8014],[13.42185,52.80423],[13.45292,52.80572],[13.46835,52.81278],[13.4795,52.80882],[13.49406,52.81022],[13.50199,52.82951],[13.49454,52.84008],[13.50512,52.83742],[13.52308,52.84791],[13.50826,52.85128],[13.48549,52.85226],[13.47011,52.87058],[13.47407,52.87659],[13.4956,52.8724],[13.50766,52.87348],[13.50474,52.87623],[13.46121,52.88525],[13.47584,52.89948],[13.48913,52.90082],[13.47291,52.90658],[13.47286,52.9185],[13.45375,52.91878],[13.4404,52.92681],[13.42577,52.91294],[13.41228,52.90977],[13.41047,52.9231],[13.42884,52.92622],[13.42644,52.92936],[13.39883,52.92995]]]},"properties":{"plz":"16559","name":"16559 Liebenwalde"}},{"type":"Feature","geometry":{"type":"Polygon","coordinates":[[[13.31009,52.65746],[13.3254,52.66943],[13.3481,52.67153],[13.3488,52.68688],[13.35911,52.68921],[13.35959,52.69809],[13.30913,52.70046],[13.3079,52.6876],[13.29342,52.68384],[13.29071,52.67996],[13.30423,52.67091],[13.29061,52.66787],[13.29408,52.65935],[13.31009,52.65746]]]},"properties":{"plz":"16562","name":"16562 Hohen Neuendorf OT Bergfelde"}},{"type":"Feature","geometry":{"type":"Polygon","coordinates":[[[13.4013,52.64626],[13.40009,52.65723],[13.41414,52.66804],[13.42267,52.66947],[13.40567,52.67396],[13.39794,52.67248],[13.39119,52.6812],[13.40873,52.6974],[13.39797,52.69566],[13.36504,52.69769],[13.35959,52.69809],[13.35911,52.68921],[13.3488,52.68688],[13.3481,52.67153],[13.3254,52.66943],[13.31009,52.65746],[13.30056,52.65344],[13.30943,52.64278],[13.32967,52.63998],[13.33794,52.63513],[13.3544,52.63802],[13.34876,52.64582],[13.37552,52.6554],[13.39448,52.64739],[13.4013,52.64626]]]},"properties":{"plz":"16567","name":"16567 Mühlenbecker Land"}},{"type":"Feature","geometry":{"type":"Polygon","coordinates":[[[13.15526,52.60685],[13.17467,52.63372],[13.1702,52.64107],[13.18892,52.66273],[13.20355,52.65808],[13.2057,52.66285],[13.22739,52.66241],[13.22925,52.67581],[13.23942,52.67867],[13.23471,52.68469],[13.2487,52.69105],[13.24737,52.69933],[13.22229,52.70097],[13.20841,52.69925],[13.20754,52.70701],[13.22126,52.70991],[13.21349,52.71209],[13.19665,52.70449],[13.17319,52.70614],[13.17905,52.71921],[13.18021,52.73298],[13.16034,52.73422],[13.1563,52.72874],[13.13886,52.72575],[13.13945,52.74967],[13.13099,52.7604],[13.10451,52.76225],[13.08544,52.74625],[13.05199,52.73623],[13.05368,52.72545],[13.03137,52.72161],[13.02451,52.70916],[13.00577,52.71221],[12.9841,52.70134],[12.99559,52.69768],[12.99146,52.69236],[13.02262,52.68937],[13.01386,52.67109],[13.04713,52.66855],[13.07603,52.67775],[13.09568,52.67757],[13.0897,52.66404],[13.11894,52.63143],[13.13749,52.63182],[13.15643,52.62839],[13.15936,52.61703],[13.14782,52.60822],[13.15526,52.60685]]]},"properties":{"plz":"16727","name":"16727 Velten, Oberkrämer"}},{"type":"Feature","geometry":{"type":"Polygon","coordinates":[[[13.2412,52.62811],[13.24317,52.65868],[13.22925,52.67581],[13.22739,52.66241],[13.2057,52.66285],[13.20355,52.65808],[13.18892,52.66273],[13.1702,52.64107],[13.17467,52.63372],[13.15526,52.60685],[13.1533,52.60065],[13.16453,52.59879],[13.2054,52.58685],[13.2174,52.58748],[13.21883,52.59241],[13.2082,52.59899],[13.20163,52.60655],[13.21671,52.62016],[13.22057,52.62824],[13.2412,52.62811]]]},"properties":{"plz":"16761","name":"16761 Hennigsdorf"}},{"type":"Feature","geometry":{"type":"Polygon","coordinates":[[[12.9841,52.70134],[13.00577,52.71221],[13.02451,52.70916],[13.03137,52.72161],[13.05368,52.72545],[13.05199,52.73623],[13.08544,52.74625],[13.10451,52.76225],[13.13099,52.7604],[13.15235,52.76617],[13.16511,52.76158],[13.16384,52.7674],[13.1779,52.77769],[13.18836,52.7759],[13.20064,52.78677],[13.20123,52.80077],[13.18835,52.80646],[13.16727,52.79757],[13.14698,52.81484],[13.12865,52.81062],[13.12496,52.81822],[13.11031,52.81348],[13.11172,52.80779],[13.09867,52.80112],[13.08802,52.80196],[13.08489,52.83602],[13.10671,52.84233],[13.09257,52.8579],[13.11135,52.87314],[13.08436,52.89728],[13.0523,52.87795],[13.04755,52.86069],[13.03907,52.85465],[13.02565,52.8564],[13.01529,52.86567],[12.99909,52.86545],[13.00573,52.85773],[12.99303,52.85706],[12.99102,52.86311],[12.97519,52.86224],[12.97528,52.85626],[12.98679,52.84655],[12.98625,52.83637],[12.96953,52.83547],[12.97151,52.8287],[12.98578,52.82859],[12.97987,52.81772],[12.93797,52.80414],[12.94423,52.80112],[12.93779,52.79321],[12.92449,52.7893],[12.91898,52.79444],[12.91027,52.77232],[12.92261,52.77021],[12.9209,52.7458],[12.90563,52.74261],[12.86498,52.72257],[12.88254,52.71786],[12.84622,52.70547],[12.85485,52.70182],[12.87213,52.70903],[12.92388,52.71912],[12.92847,52.72538],[12.96249,52.71923],[12.97327,52.71045],[12.96943,52.70097],[12.9841,52.70134]]]},"properties":{"plz":"16766","name":"16766 Kremmen"}},{"type":"Feature","geometry":{"type":"Polygon","coordinates":[[[13.17905,52.71921],[13.17319,52.70614],[13.19665,52.70449],[13.21349,52.71209],[13.20998,52.72789],[13.19849,52.7364],[13.18481,52.73311],[13.18831,52.7258],[13.17905,52.71921]]]},"properties":{"plz":"16767","name":"16767 Leegebruch"}}]}