{"type":"FeatureCollection","features":[{"type":"Feature","geometry":{"type":"MultiPolygon","coordinates":[[[[8.05935,49.76306],[8.06017,49.75344],[8.04581,49.75013],[8.04159,49.73867],[8.05249,49.72794],[8.06034,49.73095],[8.07265,49.72153],[8.08996,49.72282],[8.11467,49.73115],[8.11732,49.72501],[8.12791,49.73196],[8.1362,49.73158],[8.15372,49.72194],[8.16632,49.72495],[8.16443,49.73911],[8.15561,49.74702],[8.15909,49.75309],[8.14883,49.76666],[8.14277,49.76288],[8.10826,49.76215],[8.1006,49.77237],[8.08758,49.77167],[8.06544,49.7709],[8.05935,49.76306]]],[[[8.09923,49.81019],[8.08603,49.80849],[8.08611,49.8017],[8.09988,49.79126],[8.11522,49.7926],[8.12061,49.80523],[8.11118,49.81414],[8.09923,49.81019]]]]},"properties":{"plz":"55232","name":"55232 Alzey"}},{"type":"Feature","geometry":{"type":"MultiPolygon","coordinates":[[[[8.07265,49.72153],[8.07235,49.71677],[8.0506,49.70291],[8.05941,49.6951],[8.07579,49.69851],[8.09061,49.69519],[8.10211,49.6985],[8.11058,49.67921],[8.11797,49.68157],[8.12096,49.67071],[8.13233,49.67369],[8.14587,49.66103],[8.15039,49.6612],[8.17178,49.66735],[8.18503,49.67297],[8.17819,49.68366],[8.1723,49.68306],[8.17119,49.69305],[8.21029,49.71148],[8.22909,49.71938],[8.24935,49.71961],[8.24507,49.73012],[8.21043,49.73441],[8.20359,49.74842],[8.21517,49.7559],[8.20059,49.76093],[8.19063,49.77069],[8.18067,49.76494],[8.15607,49.77773],[8.15743,49.78633],[8.16738,49.79408],[8.18384,49.79855],[8.19214,49.79098],[8.22835,49.80273],[8.23561,49.80624],[8.23297,49.82273],[8.19546,49.82264],[8.18114,49.81641],[8.1481,49.80688],[8.13565,49.79331],[8.11522,49.7926],[8.09988,49.79126],[8.09114,49.78359],[8.08758,49.77167],[8.1006,49.77237],[8.10826,49.76215],[8.14277,49.76288],[8.14883,49.76666],[8.15909,49.75309],[8.15561,49.74702],[8.16443,49.73911],[8.16632,49.72495],[8.15372,49.72194],[8.1362,49.73158],[8.12791,49.73196],[8.11732,49.72501],[8.11467,49.73115],[8.08996,49.72282],[8.07265,49.72153]]],[[[8.05935,49.76306],[8.04918,49.76949],[8.01989,49.77426],[8.01234,49.7697],[7.99594,49.78308],[7.97402,49.77145],[7.96451,49.76224],[7.9485,49.75548],[7.94926,49.7467],[7.94139,49.73142],[7.96454,49.72751],[7.96996,49.71775],[7.96514,49.71228],[7.96039,49.70143],[7.98509,49.6964],[8.02754,49.71485],[8.02939,49.72008],[8.05249,49.72794],[8.04159,49.73867],[8.04581,49.75013],[8.06017,49.75344],[8.05935,49.76306]]]]},"properties":{"plz":"55234","name":"55234 Albig"}},{"type":"Feature","geometry":{"type":"Polygon","coordinates":[[[8.21517,49.7559],[8.23292,49.76022],[8.23387,49.76839],[8.23282,49.78883],[8.22559,49.79789],[8.22835,49.80273],[8.19214,49.79098],[8.18384,49.79855],[8.16738,49.79408],[8.15743,49.78633],[8.15607,49.77773],[8.18067,49.76494],[8.19063,49.77069],[8.20059,49.76093],[8.21517,49.7559]]]},"properties":{"plz":"55239","name":"55239 Gau-Odernheim"}},{"type":"Feature","geometry":{"type":"Polygon","coordinates":[[[8.33257,49.85225],[8.3266,49.84474],[8.32307,49.83019],[8.31379,49.828],[8.31534,49.82107],[8.3267,49.82128],[8.33855,49.80981],[8.34164,49.81973],[8.36266,49.8198],[8.37776,49.82763],[8.38531,49.84919],[8.37927,49.85964],[8.35839,49.86373],[8.35383,49.8579],[8.33257,49.85225]]]},"properties":{"plz":"55276","name":"55276 Oppenheim"}},{"type":"Feature","geometry":{"type":"MultiPolygon","coordinates":[[[[8.24864,49.89553],[8.24721,49.88145],[8.21266,49.87367],[8.2049,49.86676],[8.21467,49.85289],[8.20681,49.84536],[8.18913,49.84234],[8.19546,49.82264],[8.23297,49.82273],[8.23561,49.80624],[8.22835,49.80273],[8.22559,49.79789],[8.23282,49.78883],[8.26147,49.78764],[8.27438,49.78923],[8.28119,49.78558],[8.28813,49.78782],[8.31216,49.78329],[8.31573,49.78412],[8.31158,49.79307],[8.31534,49.82107],[8.31379,49.828],[8.32307,49.83019],[8.3266,49.84474],[8.33257,49.85225],[8.32004,49.8577],[8.30444,49.85017],[8.28259,49.84517],[8.27659,49.86601],[8.29621,49.87039],[8.28957,49.87847],[8.29119,49.88769],[8.27767,49.89839],[8.25313,49.89686],[8.24864,49.89553]]],[[[8.33855,49.80981],[8.36072,49.81152],[8.38459,49.81734],[8.37776,49.82763],[8.36266,49.8198],[8.34164,49.81973],[8.33855,49.80981]]]]},"properties":{"plz":"55278","name":"55278 Mommenheim"}},{"type":"Feature","geometry":{"type":"Polygon","coordinates":[[[8.35839,49.86373],[8.34679,49.87282],[8.34117,49.88437],[8.34854,49.90185],[8.33157,49.89695],[8.31899,49.89],[8.28957,49.87847],[8.29621,49.87039],[8.27659,49.86601],[8.28259,49.84517],[8.30444,49.85017],[8.32004,49.8577],[8.33257,49.85225],[8.35383,49.8579],[8.35839,49.86373]]]},"properties":{"plz":"55283","name":"55283 Nierstein"}},{"type":"Feature","geometry":{"type":"Polygon","coordinates":[[[9.10248,49.66059],[9.10179,49.64156],[9.08163,49.63304],[9.06623,49.61913],[9.06649,49.60229],[9.0714,49.60119],[9.08443,49.6009],[9.10269,49.57754],[9.12054,49.57349],[9.15918,49.57964],[9.18074,49.57373],[9.19456,49.57388],[9.22469,49.57896],[9.21516,49.60176],[9.21916,49.61615],[9.20993,49.6105],[9.20959,49.62061],[9.19848,49.62078],[9.18382,49.62759],[9.15826,49.63299],[9.15623,49.63904],[9.13833,49.64293],[9.12083,49.64033],[9.10861,49.64971],[9.10248,49.66059]]]},"properties":{"plz":"63931","name":"63931 Kirchzell"}},{"type":"Feature","geometry":{"type":"Polygon","coordinates":[[[8.64126,49.87164],[8.64425,49.86472],[8.66397,49.86738],[8.66155,49.87638],[8.65149,49.87609],[8.64126,49.87164]]]},"properties":{"plz":"64283","name":"64283 Darmstadt"}},{"type":"Feature","geometry":{"type":"Polygon","coordinates":[[[8.64425,49.86472],[8.64632,49.85908],[8.63805,49.84194],[8.66726,49.84182],[8.67388,49.83606],[8.68378,49.84134],[8.677,49.84393],[8.66397,49.86738],[8.64425,49.86472]]]},"properties":{"plz":"64285","name":"64285 Darmstadt"}},{"type":"Feature","geometry":{"type":"Polygon","coordinates":[[[8.65149,49.87609],[8.65348,49.89228],[8.65747,49.89319],[8.65507,49.89995],[8.63411,49.89744],[8.624,49.89489],[8.61703,49.88703],[8.6026,49.8829],[8.59907,49.86547],[8.63382,49.87227],[8.64126,49.87164],[8.65149,49.87609]]]},"properties":{"plz":"64293","name":"64293 Darmstadt"}},{"type":"Feature","geometry":{"type":"Polygon","coordinates":[[[8.64126,49.87164],[8.63382,49.87227],[8.59907,49.86547],[8.59634,49.85201],[8.57874,49.85077],[8.55989,49.84301],[8.5638,49.83005],[8.59011,49.83708],[8.60474,49.83656],[8.61277,49.8448],[8.63805,49.84194],[8.64632,49.85908],[8.64425,49.86472],[8.64126,49.87164]]]},"properties":{"plz":"64295","name":"64295 Darmstadt"}},{"type":"Feature","geometry":{"type":"Polygon","coordinates":[[[8.63805,49.84194],[8.61277,49.8448],[8.60474,49.83656],[8.61128,49.8348],[8.62774,49.8047],[8.64466,49.80033],[8.64792,49.79589],[8.65805,49.79893],[8.66941,49.80699],[8.66893,49.81348],[8.67963,49.81927],[8.67231,49.82233],[8.67388,49.83606],[8.66726,49.84182],[8.63805,49.84194]]]},"properties":{"plz":"64297","name":"64297 Darmstadt"}},{"type":"Feature","geometry":{"type":"Polygon","coordinates":[[[8.5638,49.83005],[8.56428,49.82586],[8.54803,49.82559],[8.54265,49.8101],[8.54816,49.80087],[8.53652,49.79572],[8.53774,49.78481],[8.53684,49.77834],[8.55056,49.77655],[8.54702,49.7673],[8.56026,49.76974],[8.57487,49.77622],[8.59417,49.77044],[8.61777,49.77291],[8.64572,49.78698],[8.64792,49.79589],[8.64466,49.80033],[8.62774,49.8047],[8.61128,49.8348],[8.60474,49.83656],[8.59011,49.83708],[8.5638,49.83005]]]},"properties":{"plz":"64319","name":"64319 Pfungstadt"}},{"type":"Feature","geometry":{"type":"Polygon","coordinates":[[[8.64792,49.79589],[8.64572,49.78698],[8.61777,49.77291],[8.62532,49.76241],[8.62143,49.74859],[8.64374,49.7378],[8.64123,49.72723],[8.65196,49.7246],[8.66187,49.72862],[8.67331,49.72523],[8.6863,49.73114],[8.68005,49.7441],[8.70131,49.75474],[8.70479,49.75849],[8.6997,49.77045],[8.70351,49.78135],[8.69424,49.77424],[8.67477,49.77317],[8.66211,49.77857],[8.66674,49.78733],[8.65977,49.78894],[8.65805,49.79893],[8.64792,49.79589]]]},"properties":{"plz":"64342","name":"64342 Seeheim-Jugenheim"}},{"type":"Feature","geometry":{"type":"Polygon","coordinates":[[[8.6026,49.8829],[8.59423,49.88056],[8.56467,49.88245],[8.52254,49.87278],[8.52115,49.87175],[8.51979,49.86575],[8.53518,49.83893],[8.54803,49.82559],[8.56428,49.82586],[8.5638,49.83005],[8.55989,49.84301],[8.57874,49.85077],[8.59634,49.85201],[8.59907,49.86547],[8.6026,49.8829]]]},"properties":{"plz":"64347","name":"64347 Griesheim"}},{"type":"Feature","geometry":{"type":"Polygon","coordinates":[[[8.78404,49.84969],[8.78522,49.83431],[8.79244,49.82576],[8.78755,49.82045],[8.79975,49.80343],[8.81018,49.80209],[8.82361,49.80999],[8.84206,49.80715],[8.86416,49.79624],[8.86999,49.79807],[8.85896,49.80637],[8.86616,49.83291],[8.85353,49.83929],[8.85222,49.85337],[8.83951,49.85565],[8.81288,49.84731],[8.7941,49.8548],[8.78404,49.84969]]]},"properties":{"plz":"64354","name":"64354 Reinheim"}},{"type":"Feature","geometry":{"type":"Polygon","coordinates":[[[8.67388,49.83606],[8.67231,49.82233],[8.67963,49.81927],[8.66893,49.81348],[8.66941,49.80699],[8.65805,49.79893],[8.65977,49.78894],[8.66674,49.78733],[8.66211,49.77857],[8.67477,49.77317],[8.69424,49.77424],[8.70351,49.78135],[8.7148,49.78375],[8.71911,49.79051],[8.71388,49.79856],[8.72033,49.81023],[8.71001,49.81409],[8.71987,49.82336],[8.71001,49.83001],[8.72113,49.83901],[8.72066,49.84679],[8.69203,49.84469],[8.68378,49.84134],[8.67388,49.83606]]]},"properties":{"plz":"64367","name":"64367 Mühltal"}},{"type":"Feature","geometry":{"type":"Polygon","coordinates":[[[8.69203,49.84469],[8.72066,49.84679],[8.72113,49.83901],[8.71001,49.83001],[8.71987,49.82336],[8.71001,49.81409],[8.72033,49.81023],[8.71388,49.79856],[8.71911,49.79051],[8.7148,49.78375],[8.72382,49.77568],[8.7429,49.78036],[8.75654,49.7801],[8.75943,49.7875],[8.77426,49.78749],[8.79568,49.79604],[8.79975,49.80343],[8.78755,49.82045],[8.79244,49.82576],[8.78522,49.83431],[8.78404,49.84969],[8.76432,49.84999],[8.75063,49.84693],[8.72943,49.85318],[8.72439,49.86281],[8.71719,49.86137],[8.69203,49.84469]]]},"properties":{"plz":"64372","name":"64372 Ober-Ramstadt"}},{"type":"Feature","geometry":{"type":"Polygon","coordinates":[[[8.72439,49.86281],[8.72943,49.85318],[8.75063,49.84693],[8.76432,49.84999],[8.78404,49.84969],[8.7941,49.8548],[8.80509,49.86777],[8.80665,49.87983],[8.79628,49.87899],[8.74002,49.89234],[8.72631,49.88341],[8.72439,49.86281]]]},"properties":{"plz":"64380","name":"64380 Roßdorf"}},{"type":"Feature","geometry":{"type":"Polygon","coordinates":[[[8.79765,49.73106],[8.78642,49.72168],[8.80069,49.70886],[8.79816,49.6952],[8.78452,49.69336],[8.79618,49.68838],[8.79691,49.68468],[8.82905,49.6747],[8.84131,49.66001],[8.85363,49.66188],[8.86435,49.65584],[8.87099,49.65951],[8.89249,49.66654],[8.90074,49.67875],[8.89606,49.70302],[8.90138,49.70566],[8.91978,49.70243],[8.91913,49.70616],[8.92906,49.7116],[8.9147,49.72477],[8.91548,49.73424],[8.90308,49.73808],[8.88634,49.74486],[8.87491,49.74467],[8.86767,49.72674],[8.83361,49.73172],[8.8212,49.73058],[8.81467,49.72527],[8.79751,49.72372],[8.79765,49.73106]]]},"properties":{"plz":"64385","name":"64385 Reichelsheim (Odenwald)"}},{"type":"Feature","geometry":{"type":"Polygon","coordinates":[[[8.86416,49.79624],[8.85396,49.78957],[8.84518,49.778],[8.84143,49.76438],[8.86227,49.76202],[8.87683,49.7685],[8.87272,49.75808],[8.87491,49.74467],[8.88634,49.74486],[8.90308,49.73808],[8.90263,49.74492],[8.91794,49.74679],[8.91905,49.75398],[8.9269,49.75419],[8.92523,49.76538],[8.91609,49.77018],[8.92318,49.7811],[8.91757,49.78683],[8.90627,49.78681],[8.89421,49.79184],[8.87322,49.78879],[8.86999,49.79807],[8.86416,49.79624]]]},"properties":{"plz":"64395","name":"64395 Brensbach"}},{"type":"Feature","geometry":{"type":"Polygon","coordinates":[[[8.70131,49.75474],[8.70731,49.74399],[8.72305,49.74047],[8.73855,49.72299],[8.74848,49.72245],[8.76864,49.72911],[8.77474,49.72536],[8.79002,49.73097],[8.79021,49.7359],[8.78636,49.73637],[8.77542,49.75422],[8.77892,49.76692],[8.78262,49.7791],[8.77426,49.78749],[8.75943,49.7875],[8.75654,49.7801],[8.7429,49.78036],[8.72382,49.77568],[8.7148,49.78375],[8.70351,49.78135],[8.6997,49.77045],[8.70479,49.75849],[8.70131,49.75474]]]},"properties":{"plz":"64397","name":"64397 Modautal"}},{"type":"Feature","geometry":{"type":"Polygon","coordinates":[[[8.79975,49.80343],[8.79568,49.79604],[8.77426,49.78749],[8.78262,49.7791],[8.77892,49.76692],[8.7894,49.76264],[8.79684,49.76612],[8.79309,49.77426],[8.80232,49.77263],[8.80852,49.78116],[8.81337,49.77764],[8.8322,49.77622],[8.83753,49.76172],[8.84143,49.76438],[8.84518,49.778],[8.85396,49.78957],[8.86416,49.79624],[8.84206,49.80715],[8.82361,49.80999],[8.81018,49.80209],[8.79975,49.80343]]]},"properties":{"plz":"64401","name":"64401 Groß-Bieberau"}},{"type":"Feature","geometry":{"type":"Polygon","coordinates":[[[8.56026,49.76974],[8.56184,49.76734],[8.58623,49.75958],[8.58789,49.7509],[8.61674,49.74408],[8.62143,49.74859],[8.62532,49.76241],[8.61777,49.77291],[8.59417,49.77044],[8.57487,49.77622],[8.56026,49.76974]]]},"properties":{"plz":"64404","name":"64404 Bickenbach"}},{"type":"Feature","geometry":{"type":"Polygon","coordinates":[[[8.79021,49.7359],[8.79743,49.73837],[8.8124,49.73994],[8.83079,49.75878],[8.83753,49.76172],[8.8322,49.77622],[8.81337,49.77764],[8.80852,49.78116],[8.80232,49.77263],[8.79309,49.77426],[8.79684,49.76612],[8.7894,49.76264],[8.77892,49.76692],[8.77542,49.75422],[8.78636,49.73637],[8.79021,49.7359]]]},"properties":{"plz":"64405","name":"64405 Fischbachtal"}},{"type":"Feature","geometry":{"type":"Polygon","coordinates":[[[8.87491,49.74467],[8.87272,49.75808],[8.87683,49.7685],[8.86227,49.76202],[8.84143,49.76438],[8.83753,49.76172],[8.83079,49.75878],[8.8124,49.73994],[8.79743,49.73837],[8.79765,49.73106],[8.79751,49.72372],[8.81467,49.72527],[8.8212,49.73058],[8.83361,49.73172],[8.86767,49.72674],[8.87491,49.74467]]]},"properties":{"plz":"64407","name":"64407 Fränkisch-Crumbach"}},{"type":"Feature","geometry":{"type":"Polygon","coordinates":[[[8.37776,49.82763],[8.38459,49.81734],[8.40847,49.81825],[8.44141,49.83738],[8.46019,49.83585],[8.47425,49.82926],[8.47462,49.81737],[8.48541,49.81403],[8.48722,49.80176],[8.50582,49.79813],[8.5043,49.79363],[8.50381,49.78645],[8.52543,49.79023],[8.53774,49.78481],[8.53652,49.79572],[8.54816,49.80087],[8.54265,49.8101],[8.54803,49.82559],[8.53518,49.83893],[8.51979,49.86575],[8.52115,49.87175],[8.5131,49.87564],[8.49594,49.87305],[8.48945,49.86562],[8.47271,49.86314],[8.46581,49.87124],[8.45612,49.86563],[8.44285,49.86911],[8.42839,49.86589],[8.42907,49.87329],[8.41776,49.88247],[8.40645,49.87747],[8.38955,49.8632],[8.37927,49.85964],[8.38531,49.84919],[8.37776,49.82763]]]},"properties":{"plz":"64560","name":"64560 Riedstadt"}},{"type":"Feature","geometry":{"type":"Polygon","coordinates":[[[8.53774,49.78481],[8.52543,49.79023],[8.50381,49.78645],[8.49911,49.77968],[8.47441,49.76787],[8.47858,49.75857],[8.44822,49.73351],[8.45818,49.72575],[8.47121,49.72903],[8.49457,49.72296],[8.53384,49.72459],[8.54033,49.71769],[8.54383,49.7173],[8.54381,49.72124],[8.55901,49.72883],[8.55427,49.76019],[8.56184,49.76734],[8.56026,49.76974],[8.54702,49.7673],[8.55056,49.77655],[8.53684,49.77834],[8.53774,49.78481]]]},"properties":{"plz":"64579","name":"64579 Gernsheim"}},{"type":"Feature","geometry":{"type":"Polygon","coordinates":[[[8.5043,49.79363],[8.46701,49.79526],[8.45094,49.80313],[8.43087,49.79551],[8.42593,49.8003],[8.41303,49.78442],[8.41744,49.77281],[8.42604,49.7672],[8.44186,49.76543],[8.47441,49.76787],[8.49911,49.77968],[8.50381,49.78645],[8.5043,49.79363]]]},"properties":{"plz":"64584","name":"64584 Biebesheim am Rhein"}},{"type":"Feature","geometry":{"type":"Polygon","coordinates":[[[8.38459,49.81734],[8.40002,49.80349],[8.41303,49.78442],[8.42593,49.8003],[8.43087,49.79551],[8.45094,49.80313],[8.46701,49.79526],[8.5043,49.79363],[8.50582,49.79813],[8.48722,49.80176],[8.48541,49.81403],[8.47462,49.81737],[8.47425,49.82926],[8.46019,49.83585],[8.44141,49.83738],[8.40847,49.81825],[8.38459,49.81734]]]},"properties":{"plz":"64589","name":"64589 Stockstadt am Rhein"}},{"type":"Feature","geometry":{"type":"Polygon","coordinates":[[[8.64123,49.72723],[8.63627,49.72474],[8.62017,49.73027],[8.62546,49.7193],[8.61121,49.71406],[8.60987,49.71854],[8.5912,49.72242],[8.57345,49.71127],[8.56049,49.71935],[8.57406,49.72587],[8.55901,49.72883],[8.54381,49.72124],[8.54383,49.7173],[8.5573,49.70634],[8.5573,49.69089],[8.56865,49.68304],[8.58401,49.68049],[8.57145,49.67316],[8.58189,49.66397],[8.58545,49.65519],[8.59445,49.6538],[8.63336,49.66499],[8.63974,49.66349],[8.6551,49.66982],[8.67206,49.66899],[8.69034,49.67634],[8.71307,49.68032],[8.71281,49.68873],[8.70231,49.69783],[8.68184,49.69314],[8.65638,49.70194],[8.67331,49.72523],[8.66187,49.72862],[8.65196,49.7246],[8.64123,49.72723]]]},"properties":{"plz":"64625","name":"64625 Bensheim"}},{"type":"Feature","geometry":{"type":"MultiPolygon","coordinates":[[[[8.59445,49.6538],[8.58879,49.64654],[8.59445,49.64034],[8.59757,49.61101],[8.64872,49.62022],[8.65387,49.61831],[8.67819,49.62568],[8.69155,49.62362],[8.70751,49.62979],[8.72643,49.63456],[8.73178,49.65623],[8.72096,49.66516],[8.72412,49.66899],[8.72112,49.68116],[8.71307,49.68032],[8.69034,49.67634],[8.67206,49.66899],[8.6551,49.66982],[8.63974,49.66349],[8.63336,49.66499],[8.59445,49.6538]]],[[[8.68831,49.61979],[8.67491,49.62081],[8.66921,49.61441],[8.67984,49.60409],[8.69103,49.6067],[8.69664,49.61779],[8.68831,49.61979]]]]},"properties":{"plz":"64646","name":"64646 Heppenheim (Bergstraße)"}},{"type":"Feature","geometry":{"type":"Polygon","coordinates":[[[8.56865,49.68304],[8.56371,49.6713],[8.55558,49.6715],[8.54034,49.65919],[8.53816,49.64729],[8.51397,49.64157],[8.52131,49.62315],[8.54037,49.62314],[8.57307,49.63448],[8.56461,49.61503],[8.57898,49.61684],[8.5855,49.60158],[8.58939,49.60448],[8.5948,49.60684],[8.59757,49.61101],[8.59445,49.64034],[8.58879,49.64654],[8.59445,49.6538],[8.58545,49.65519],[8.58189,49.66397],[8.57145,49.67316],[8.58401,49.68049],[8.56865,49.68304]]]},"properties":{"plz":"64653","name":"64653 Lorsch"}},{"type":"Feature","geometry":{"type":"Polygon","coordinates":[[[8.79618,49.68838],[8.78013,49.67227],[8.72415,49.68191],[8.72112,49.68116],[8.72412,49.66899],[8.74843,49.65295],[8.74809,49.6459],[8.73398,49.63537],[8.7478,49.63479],[8.7698,49.62897],[8.78261,49.62905],[8.79701,49.62267],[8.80706,49.62648],[8.81674,49.64494],[8.82256,49.64324],[8.82808,49.65488],[8.84435,49.6463],[8.87058,49.64911],[8.88407,49.65076],[8.88464,49.65959],[8.87099,49.65951],[8.86435,49.65584],[8.85363,49.66188],[8.84131,49.66001],[8.82905,49.6747],[8.79691,49.68468],[8.79618,49.68838]]]},"properties":{"plz":"64658","name":"64658 Fürth"}},{"type":"Feature","geometry":{"type":"Polygon","coordinates":[[[8.62143,49.74859],[8.61674,49.74408],[8.58789,49.7509],[8.58623,49.75958],[8.56184,49.76734],[8.55427,49.76019],[8.55901,49.72883],[8.57406,49.72587],[8.58853,49.72778],[8.59602,49.73431],[8.62017,49.73027],[8.63627,49.72474],[8.64123,49.72723],[8.64374,49.7378],[8.62143,49.74859]]]},"properties":{"plz":"64665","name":"64665 Alsbach-Hähnlein"}},{"type":"Feature","geometry":{"type":"Polygon","coordinates":[[[8.70751,49.62979],[8.74176,49.62245],[8.74156,49.61496],[8.75158,49.61376],[8.75684,49.59774],[8.78564,49.58496],[8.8078,49.59556],[8.80685,49.60685],[8.8104,49.61011],[8.80706,49.62648],[8.79701,49.62267],[8.78261,49.62905],[8.7698,49.62897],[8.7478,49.63479],[8.73398,49.63537],[8.74809,49.6459],[8.74843,49.65295],[8.72412,49.66899],[8.72096,49.66516],[8.73178,49.65623],[8.72643,49.63456],[8.70751,49.62979]]]},"properties":{"plz":"64668","name":"64668 Rimbach"}},{"type":"Feature","geometry":{"type":"Polygon","coordinates":[[[8.62017,49.73027],[8.59602,49.73431],[8.58853,49.72778],[8.57406,49.72587],[8.56049,49.71935],[8.57345,49.71127],[8.5912,49.72242],[8.60987,49.71854],[8.61121,49.71406],[8.62546,49.7193],[8.62017,49.73027]]]},"properties":{"plz":"64673","name":"64673 Zwingenberg"}},{"type":"Feature","geometry":{"type":"Polygon","coordinates":[[[8.79765,49.73106],[8.79743,49.73837],[8.79021,49.7359],[8.79002,49.73097],[8.77474,49.72536],[8.77024,49.7167],[8.75114,49.71075],[8.73012,49.69577],[8.72415,49.68191],[8.78013,49.67227],[8.79618,49.68838],[8.78452,49.69336],[8.79816,49.6952],[8.80069,49.70886],[8.78642,49.72168],[8.79765,49.73106]]]},"properties":{"plz":"64678","name":"64678 Lindenfels"}},{"type":"Feature","geometry":{"type":"Polygon","coordinates":[[[8.54033,49.71769],[8.53491,49.71232],[8.51709,49.71043],[8.50139,49.70325],[8.51107,49.67522],[8.49293,49.68045],[8.47944,49.66438],[8.49301,49.66005],[8.5039,49.66086],[8.50704,49.66743],[8.52072,49.66687],[8.51839,49.65633],[8.50805,49.6554],[8.51397,49.64157],[8.53816,49.64729],[8.54034,49.65919],[8.55558,49.6715],[8.56371,49.6713],[8.56865,49.68304],[8.5573,49.69089],[8.5573,49.70634],[8.54383,49.7173],[8.54033,49.71769]]]},"properties":{"plz":"64683","name":"64683 Einhausen"}},{"type":"Feature","geometry":{"type":"Polygon","coordinates":[[[8.67331,49.72523],[8.65638,49.70194],[8.68184,49.69314],[8.70231,49.69783],[8.71281,49.68873],[8.71307,49.68032],[8.72112,49.68116],[8.72415,49.68191],[8.73012,49.69577],[8.75114,49.71075],[8.77024,49.7167],[8.77474,49.72536],[8.76864,49.72911],[8.74848,49.72245],[8.73855,49.72299],[8.72305,49.74047],[8.70731,49.74399],[8.70131,49.75474],[8.68005,49.7441],[8.6863,49.73114],[8.67331,49.72523]]]},"properties":{"plz":"64686","name":"64686 Lautertal (Odenwald)"}},{"type":"Feature","geometry":{"type":"Polygon","coordinates":[[[8.80706,49.62648],[8.8104,49.61011],[8.80685,49.60685],[8.8317,49.60235],[8.85316,49.60188],[8.85423,49.60721],[8.87179,49.60728],[8.87573,49.61414],[8.88462,49.62199],[8.87641,49.63706],[8.86426,49.64189],[8.87058,49.64911],[8.84435,49.6463],[8.82808,49.65488],[8.82256,49.64324],[8.81674,49.64494],[8.80706,49.62648]]]},"properties":{"plz":"64689","name":"64689 Grasellenbach"}},{"type":"Feature","geometry":{"type":"Polygon","coordinates":[[[9.06623,49.61913],[9.06019,49.63224],[9.04712,49.63672],[9.06092,49.63967],[9.05838,49.65282],[9.07467,49.66585],[9.06817,49.67542],[9.05086,49.67237],[9.04376,49.66669],[9.03502,49.66944],[9.01662,49.6634],[8.99291,49.67159],[8.94355,49.67337],[8.93681,49.66937],[8.9511,49.65106],[8.94941,49.63704],[8.95686,49.62216],[8.95392,49.61557],[8.96604,49.60957],[8.97953,49.60869],[8.9976,49.6009],[9.02625,49.60683],[9.04473,49.60054],[9.04752,49.5885],[9.07088,49.58701],[9.0714,49.60119],[9.06649,49.60229],[9.06623,49.61913]]]},"properties":{"plz":"64711","name":"64711 Erbach"}},{"type":"Feature","geometry":{"type":"Polygon","coordinates":[[[9.13909,49.72685],[9.14209,49.73216],[9.14929,49.74345],[9.13392,49.7526],[9.12283,49.75132],[9.11672,49.7448],[9.09166,49.73922],[9.08266,49.74114],[9.08476,49.73395],[9.07143,49.73186],[9.07447,49.71596],[9.05928,49.70709],[9.04398,49.7184],[9.0265,49.7184],[9.01983,49.70742],[9.00346,49.70731],[8.99851,49.70327],[8.98996,49.71038],[8.97924,49.70322],[8.97258,49.71749],[8.95413,49.71704],[8.94672,49.71209],[8.91913,49.70616],[8.91978,49.70243],[8.93383,49.69095],[8.94355,49.67337],[8.99291,49.67159],[9.01662,49.6634],[9.03502,49.66944],[9.04376,49.66669],[9.05086,49.67237],[9.06817,49.67542],[9.07467,49.66585],[9.05838,49.65282],[9.06092,49.63967],[9.04712,49.63672],[9.06019,49.63224],[9.06623,49.61913],[9.08163,49.63304],[9.10179,49.64156],[9.10248,49.66059],[9.08871,49.66896],[9.08796,49.68809],[9.09233,49.69494],[9.10578,49.69699],[9.12779,49.70036],[9.12736,49.70671],[9.12122,49.71465],[9.13363,49.71571],[9.13909,49.72685]]]},"properties":{"plz":"64720","name":"64720 Michelstadt"}},{"type":"Feature","geometry":{"type":"Polygon","coordinates":[[[8.9269,49.75419],[8.95244,49.75402],[8.96417,49.74412],[8.98041,49.74502],[8.99267,49.72834],[8.97686,49.72459],[8.97258,49.71749],[8.97924,49.70322],[8.98996,49.71038],[8.99851,49.70327],[9.00346,49.70731],[9.01983,49.70742],[9.0265,49.7184],[9.04398,49.7184],[9.05928,49.70709],[9.07447,49.71596],[9.07143,49.73186],[9.08476,49.73395],[9.08266,49.74114],[9.06887,49.74135],[9.06935,49.74912],[9.04546,49.76575],[9.0207,49.77338],[9.00468,49.76785],[9.00139,49.76055],[8.99354,49.76514],[8.97693,49.75894],[8.96266,49.75948],[8.94553,49.77311],[8.92318,49.7811],[8.91609,49.77018],[8.92523,49.76538],[8.9269,49.75419]]]},"properties":{"plz":"64732","name":"64732 Bad König"}},{"type":"Feature","geometry":{"type":"Polygon","coordinates":[[[8.91913,49.70616],[8.94672,49.71209],[8.95413,49.71704],[8.97258,49.71749],[8.97686,49.72459],[8.99267,49.72834],[8.98041,49.74502],[8.96417,49.74412],[8.95244,49.75402],[8.9269,49.75419],[8.91905,49.75398],[8.91794,49.74679],[8.90263,49.74492],[8.90308,49.73808],[8.91548,49.73424],[8.9147,49.72477],[8.92906,49.7116],[8.91913,49.70616]]]},"properties":{"plz":"64753","name":"64753 Brombachtal"}},{"type":"Feature","geometry":{"type":"Polygon","coordinates":[[[9.10052,49.56137],[9.08269,49.56164],[9.0781,49.5748],[9.07087,49.56404],[9.08472,49.55357],[9.08581,49.54433],[9.09619,49.55087],[9.10052,49.56137]]]},"properties":{"plz":"64754","name":"64754 Badisch Schöllenbach"}},{"type":"Feature","geometry":{"type":"Polygon","coordinates":[[[8.87099,49.65951],[8.88464,49.65959],[8.88407,49.65076],[8.87058,49.64911],[8.86426,49.64189],[8.87641,49.63706],[8.88462,49.62199],[8.87573,49.61414],[8.88883,49.60916],[8.90125,49.59953],[8.93317,49.60093],[8.96604,49.60957],[8.95392,49.61557],[8.95686,49.62216],[8.94941,49.63704],[8.9511,49.65106],[8.93681,49.66937],[8.94355,49.67337],[8.93383,49.69095],[8.91978,49.70243],[8.90138,49.70566],[8.89606,49.70302],[8.90074,49.67875],[8.89249,49.66654],[8.87099,49.65951]]]},"properties":{"plz":"64756","name":"64756 Mossautal"}},{"type":"Feature","geometry":{"type":"Polygon","coordinates":[[[8.90067,49.48483],[8.90988,49.48023],[8.91547,49.48294],[8.90067,49.48483]]]},"properties":{"plz":"64757","name":"64757 Unter-Hainbrunn"}},{"type":"Feature","geometry":{"type":"Polygon","coordinates":[[[9.0714,49.60119],[9.07088,49.58701],[9.04752,49.5885],[9.04473,49.60054],[9.02625,49.60683],[8.9976,49.6009],[8.97953,49.60869],[8.96604,49.60957],[8.93317,49.60093],[8.90125,49.59953],[8.88883,49.60916],[8.89107,49.60565],[8.8729,49.60689],[8.88262,49.59897],[8.88742,49.57702],[8.88038,49.56839],[8.88208,49.5573],[8.88884,49.55214],[8.89178,49.53235],[8.91176,49.52285],[8.89974,49.50359],[8.90067,49.48483],[8.91547,49.48294],[8.92934,49.4758],[8.93159,49.47056],[8.94322,49.48588],[8.95791,49.49554],[8.95159,49.50546],[8.96833,49.50145],[8.98606,49.51025],[8.99196,49.50322],[9.00392,49.50431],[9.01603,49.49833],[9.04087,49.49844],[9.05023,49.52],[9.06416,49.53025],[9.0837,49.52628],[9.09971,49.52618],[9.10635,49.50975],[9.1199,49.51218],[9.1266,49.52157],[9.11556,49.53377],[9.08581,49.54433],[9.08472,49.55357],[9.07087,49.56404],[9.0781,49.5748],[9.08269,49.56164],[9.10052,49.56137],[9.10269,49.57754],[9.08443,49.6009],[9.0714,49.60119]]]},"properties":{"plz":"64760","name":"64760 Oberzent"}},{"type":"Feature","geometry":{"type":"Polygon","coordinates":[[[8.86999,49.79807],[8.87322,49.78879],[8.89421,49.79184],[8.90627,49.78681],[8.91757,49.78683],[8.92667,49.79958],[8.9494,49.79918],[8.94161,49.79561],[8.95803,49.79362],[8.96958,49.79787],[8.96475,49.81171],[8.95383,49.81253],[8.94796,49.8186],[8.93796,49.814],[8.93559,49.82652],[8.92987,49.8326],[8.93195,49.84049],[8.90424,49.84715],[8.89274,49.85991],[8.89195,49.86704],[8.88235,49.86975],[8.86539,49.86436],[8.85222,49.85337],[8.85353,49.83929],[8.86616,49.83291],[8.85896,49.80637],[8.86999,49.79807]]]},"properties":{"plz":"64853","name":"64853 Otzberg"}},{"type":"Feature","geometry":{"type":"Polygon","coordinates":[[[8.41402,49.48598],[8.40837,49.48343],[8.41865,49.47344],[8.42716,49.47164],[8.43183,49.47682],[8.45695,49.48039],[8.45638,49.48092],[8.44517,49.48976],[8.43067,49.48505],[8.41402,49.48598]]]},"properties":{"plz":"67059","name":"67059 Ludwigshafen am Rhein"}},{"type":"Feature","geometry":{"type":"Polygon","coordinates":[[[8.42716,49.47164],[8.43628,49.46244],[8.45125,49.46221],[8.46069,49.46495],[8.46389,49.47068],[8.45695,49.48039],[8.43183,49.47682],[8.42716,49.47164]]]},"properties":{"plz":"67061","name":"67061 Ludwigshafen am Rhein"}},{"type":"Feature","geometry":{"type":"Polygon","coordinates":[[[8.44517,49.48976],[8.43585,49.51168],[8.42356,49.54102],[8.42315,49.54191],[8.40939,49.54399],[8.39924,49.53443],[8.41225,49.52445],[8.40687,49.50946],[8.39174,49.49841],[8.38269,49.49265],[8.41402,49.48598],[8.43067,49.48505],[8.44517,49.48976]]]},"properties":{"plz":"67063","name":"67063 Ludwigshafen am Rhein"}},{"type":"Feature","geometry":{"type":"Polygon","coordinates":[[[8.40837,49.48343],[8.39611,49.47804],[8.39356,49.4676],[8.40812,49.46668],[8.41396,49.47115],[8.41528,49.46116],[8.40234,49.45763],[8.40075,49.44915],[8.40961,49.44493],[8.41768,49.45053],[8.43434,49.44702],[8.42481,49.4402],[8.41834,49.44335],[8.41875,49.43342],[8.4087,49.42871],[8.42626,49.43183],[8.44634,49.43889],[8.45889,49.43587],[8.47638,49.4403],[8.47251,49.4435],[8.45458,49.44391],[8.44454,49.44821],[8.44204,49.45605],[8.45125,49.46221],[8.43628,49.46244],[8.42716,49.47164],[8.41865,49.47344],[8.40837,49.48343]]]},"properties":{"plz":"67065","name":"67065 Ludwigshafen am Rhein"}},{"type":"Feature","geometry":{"type":"Polygon","coordinates":[[[8.39356,49.4676],[8.37981,49.45991],[8.3689,49.46501],[8.3619,49.46222],[8.37572,49.4425],[8.38491,49.43414],[8.39435,49.4282],[8.4087,49.42871],[8.41875,49.43342],[8.41834,49.44335],[8.42481,49.4402],[8.43434,49.44702],[8.41768,49.45053],[8.40961,49.44493],[8.40075,49.44915],[8.40234,49.45763],[8.41528,49.46116],[8.41396,49.47115],[8.40812,49.46668],[8.39356,49.4676]]]},"properties":{"plz":"67067","name":"67067 Ludwigshafen am Rhein"}},{"type":"Feature","geometry":{"type":"Polygon","coordinates":[[[8.40939,49.54399],[8.39413,49.54806],[8.38473,49.5446],[8.37678,49.53276],[8.37638,49.51459],[8.38881,49.50631],[8.39174,49.49841],[8.40687,49.50946],[8.41225,49.52445],[8.39924,49.53443],[8.40939,49.54399]]]},"properties":{"plz":"67069","name":"67069 Ludwigshafen am Rhein"}},{"type":"Feature","geometry":{"type":"Polygon","coordinates":[[[8.41402,49.48598],[8.38269,49.49265],[8.39174,49.49841],[8.38881,49.50631],[8.37638,49.51459],[8.36893,49.50706],[8.36934,49.49951],[8.34613,49.48928],[8.31187,49.4847],[8.2993,49.48152],[8.29988,49.47386],[8.30561,49.47298],[8.31619,49.45891],[8.35998,49.47134],[8.3619,49.46222],[8.3689,49.46501],[8.37981,49.45991],[8.39356,49.4676],[8.39611,49.47804],[8.40837,49.48343],[8.41402,49.48598]]]},"properties":{"plz":"67071","name":"67071 Ludwigshafen am Rhein"}},{"type":"Feature","geometry":{"type":"Polygon","coordinates":[[[7.95252,49.47382],[7.95471,49.46306],[7.9521,49.46062],[7.96535,49.44093],[7.98172,49.44022],[7.98848,49.43521],[8.0013,49.4397],[7.9968,49.43237],[7.98464,49.43389],[7.98032,49.42903],[7.98711,49.42633],[8.0014,49.43008],[7.99571,49.42348],[8.00651,49.40913],[8.02208,49.40407],[8.0231,49.39842],[8.03586,49.4052],[8.05469,49.40675],[8.06783,49.41138],[8.06028,49.40432],[8.0764,49.4134],[8.10104,49.41862],[8.1336,49.44593],[8.1601,49.44727],[8.18175,49.45282],[8.18963,49.45829],[8.2088,49.45836],[8.22201,49.45883],[8.22779,49.46828],[8.23324,49.47024],[8.25244,49.47777],[8.24777,49.48603],[8.25303,49.49089],[8.23915,49.48883],[8.21326,49.48029],[8.20562,49.48549],[8.20313,49.49489],[8.19556,49.49426],[8.19037,49.48804],[8.16884,49.48244],[8.16096,49.4832],[8.15405,49.476],[8.14529,49.47518],[8.15228,49.48434],[8.16177,49.48749],[8.1688,49.5009],[8.1626,49.50444],[8.12571,49.49773],[8.13016,49.49183],[8.12304,49.48819],[8.1222,49.48465],[8.10556,49.48563],[8.10504,49.49388],[8.08939,49.48864],[8.08235,49.48228],[8.06748,49.47504],[8.06624,49.47289],[8.06727,49.46345],[8.07817,49.45468],[8.06338,49.45188],[8.0666,49.45721],[8.05402,49.46104],[8.05403,49.46598],[8.03278,49.45977],[8.01953,49.4632],[8.00968,49.4684],[7.99478,49.48599],[7.95252,49.47382]]]},"properties":{"plz":"67098","name":"67098 Bad Dürkheim"}},{"type":"Feature","geometry":{"type":"Polygon","coordinates":[[[8.32695,49.39557],[8.3517,49.36719],[8.3527,49.35625],[8.36239,49.3473],[8.37984,49.34946],[8.38888,49.35449],[8.41932,49.37601],[8.4134,49.38208],[8.40641,49.39386],[8.38043,49.40619],[8.3751,49.41414],[8.35269,49.41181],[8.34452,49.42182],[8.33764,49.42293],[8.34081,49.39854],[8.32695,49.39557]]]},"properties":{"plz":"67105","name":"67105 Schifferstadt"}},{"type":"Feature","geometry":{"type":"Polygon","coordinates":[[[8.3619,49.46222],[8.35998,49.47134],[8.31619,49.45891],[8.32021,49.45445],[8.30743,49.45311],[8.31261,49.4404],[8.32187,49.43141],[8.33764,49.42293],[8.34452,49.42182],[8.35269,49.41181],[8.3751,49.41414],[8.3666,49.42095],[8.36848,49.42693],[8.38491,49.43414],[8.37572,49.4425],[8.3619,49.46222]]]},"properties":{"plz":"67112","name":"67112 Mutterstadt"}},{"type":"Feature","geometry":{"type":"Polygon","coordinates":[[[8.38491,49.43414],[8.36848,49.42693],[8.3666,49.42095],[8.3751,49.41414],[8.38043,49.40619],[8.40641,49.39386],[8.41358,49.39644],[8.4087,49.42871],[8.39435,49.4282],[8.38491,49.43414]]]},"properties":{"plz":"67117","name":"67117 Limburgerhof"}},{"type":"Feature","geometry":{"type":"Polygon","coordinates":[[[8.45889,49.43587],[8.45295,49.43172],[8.45435,49.42131],[8.47851,49.41534],[8.49666,49.40803],[8.49741,49.41119],[8.50815,49.43192],[8.50484,49.43978],[8.49441,49.44336],[8.47251,49.4435],[8.47638,49.4403],[8.45889,49.43587]]]},"properties":{"plz":"67122","name":"67122 Altrip"}},{"type":"Feature","geometry":{"type":"Polygon","coordinates":[[[8.33764,49.42293],[8.32187,49.43141],[8.31261,49.4404],[8.30743,49.45311],[8.28365,49.44685],[8.28072,49.44655],[8.28456,49.4347],[8.30048,49.43682],[8.30691,49.43107],[8.30502,49.41668],[8.29784,49.41376],[8.29876,49.40537],[8.30707,49.39882],[8.32128,49.40072],[8.32695,49.39557],[8.34081,49.39854],[8.33764,49.42293]]]},"properties":{"plz":"67125","name":"67125 Dannstadt-Schauernheim"}},{"type":"Feature","geometry":{"type":"Polygon","coordinates":[[[8.28456,49.4347],[8.28064,49.42361],[8.25789,49.42095],[8.25802,49.41368],[8.27134,49.39391],[8.28171,49.40081],[8.29876,49.40537],[8.29784,49.41376],[8.30502,49.41668],[8.30691,49.43107],[8.30048,49.43682],[8.28456,49.4347]]]},"properties":{"plz":"67126","name":"67126 Hochdorf-Assenheim"}},{"type":"Feature","geometry":{"type":"Polygon","coordinates":[[[8.28072,49.44655],[8.23578,49.43963],[8.23416,49.43733],[8.23335,49.43002],[8.2376,49.41827],[8.25789,49.42095],[8.28064,49.42361],[8.28456,49.4347],[8.28072,49.44655]]]},"properties":{"plz":"67127","name":"67127 Rödersheim-Gronau"}},{"type":"Feature","geometry":{"type":"Polygon","coordinates":[[[8.31187,49.4847],[8.31071,49.50171],[8.30127,49.50259],[8.26877,49.49572],[8.27496,49.48083],[8.27126,49.47873],[8.28471,49.47197],[8.29988,49.47386],[8.2993,49.48152],[8.31187,49.4847]]]},"properties":{"plz":"67133","name":"67133 Maxdorf"}},{"type":"Feature","geometry":{"type":"Polygon","coordinates":[[[8.25244,49.47777],[8.27126,49.47873],[8.27496,49.48083],[8.26877,49.49572],[8.27056,49.49807],[8.25586,49.49265],[8.23883,49.49206],[8.23915,49.48883],[8.25303,49.49089],[8.24777,49.48603],[8.25244,49.47777]]]},"properties":{"plz":"67134","name":"67134 Birkenheide"}},{"type":"Feature","geometry":{"type":"Polygon","coordinates":[[[8.29988,49.47386],[8.28471,49.47197],[8.27126,49.47873],[8.27579,49.45683],[8.28365,49.44685],[8.30743,49.45311],[8.32021,49.45445],[8.31619,49.45891],[8.30561,49.47298],[8.29988,49.47386]]]},"properties":{"plz":"67136","name":"67136 Fußgönheim"}},{"type":"Feature","geometry":{"type":"Polygon","coordinates":[[[8.4087,49.42871],[8.41358,49.39644],[8.40641,49.39386],[8.4134,49.38208],[8.42153,49.39191],[8.41661,49.3976],[8.44976,49.41375],[8.45551,49.40977],[8.47286,49.4099],[8.47851,49.41534],[8.45435,49.42131],[8.45295,49.43172],[8.45889,49.43587],[8.44634,49.43889],[8.42626,49.43183],[8.4087,49.42871]]]},"properties":{"plz":"67141","name":"67141 Neuhofen"}},{"type":"Feature","geometry":{"type":"Polygon","coordinates":[[[8.23416,49.43733],[8.20932,49.4372],[8.20063,49.42269],[8.19451,49.41933],[8.17185,49.42392],[8.14999,49.4203],[8.12272,49.41196],[8.13713,49.40623],[8.13302,49.40087],[8.13669,49.40286],[8.16913,49.40114],[8.18115,49.40442],[8.21176,49.40409],[8.21275,49.40424],[8.20437,49.4165],[8.21477,49.42404],[8.22641,49.4239],[8.23335,49.43002],[8.23416,49.43733]]]},"properties":{"plz":"67146","name":"67146 Deidesheim"}},{"type":"Feature","geometry":{"type":"Polygon","coordinates":[[[8.20932,49.4372],[8.20688,49.43769],[8.17376,49.43095],[8.14999,49.4203],[8.17185,49.42392],[8.19451,49.41933],[8.20063,49.42269],[8.20932,49.4372]]]},"properties":{"plz":"67147","name":"67147 Forst an der Weinstraße"}},{"type":"Feature","geometry":{"type":"Polygon","coordinates":[[[8.25789,49.42095],[8.2376,49.41827],[8.23297,49.41176],[8.21275,49.40424],[8.21176,49.40409],[8.21521,49.3912],[8.19867,49.38549],[8.20848,49.37831],[8.22319,49.37828],[8.24697,49.38151],[8.26934,49.38939],[8.27134,49.39391],[8.25802,49.41368],[8.25789,49.42095]]]},"properties":{"plz":"67149","name":"67149 Meckenheim"}},{"type":"Feature","geometry":{"type":"Polygon","coordinates":[[[8.23335,49.43002],[8.22641,49.4239],[8.21477,49.42404],[8.20437,49.4165],[8.21275,49.40424],[8.23297,49.41176],[8.2376,49.41827],[8.23335,49.43002]]]},"properties":{"plz":"67150","name":"67150 Niederkirchen bei Deidesheim"}},{"type":"Feature","geometry":{"type":"Polygon","coordinates":[[[8.13302,49.40087],[8.14819,49.3919],[8.17032,49.39271],[8.18036,49.39022],[8.18262,49.3829],[8.19867,49.38549],[8.21521,49.3912],[8.21176,49.40409],[8.18115,49.40442],[8.16913,49.40114],[8.13669,49.40286],[8.13302,49.40087]]]},"properties":{"plz":"67152","name":"67152 Ruppertsberg"}},{"type":"Feature","geometry":{"type":"Polygon","coordinates":[[[8.06028,49.40432],[8.06712,49.39875],[8.08278,49.38316],[8.08194,49.38846],[8.09947,49.39242],[8.12162,49.39352],[8.10635,49.401],[8.10371,49.40597],[8.12272,49.41196],[8.14999,49.4203],[8.17376,49.43095],[8.20688,49.43769],[8.2088,49.45836],[8.18963,49.45829],[8.18175,49.45282],[8.1601,49.44727],[8.1336,49.44593],[8.10104,49.41862],[8.0764,49.4134],[8.06028,49.40432]]]},"properties":{"plz":"67157","name":"67157 Wachenheim an der Weinstraße"}},{"type":"Feature","geometry":{"type":"Polygon","coordinates":[[[8.23324,49.47024],[8.23199,49.46201],[8.24471,49.46191],[8.261,49.45349],[8.27579,49.45683],[8.27126,49.47873],[8.25244,49.47777],[8.23324,49.47024]]]},"properties":{"plz":"67158","name":"67158 Ellerstadt"}},{"type":"Feature","geometry":{"type":"Polygon","coordinates":[[[8.2088,49.45836],[8.20688,49.43769],[8.20932,49.4372],[8.23416,49.43733],[8.23578,49.43963],[8.23132,49.44125],[8.22779,49.46828],[8.22201,49.45883],[8.2088,49.45836]]]},"properties":{"plz":"67159","name":"67159 Friedelsheim"}},{"type":"Feature","geometry":{"type":"Polygon","coordinates":[[[8.22779,49.46828],[8.23132,49.44125],[8.23578,49.43963],[8.28072,49.44655],[8.28365,49.44685],[8.27579,49.45683],[8.261,49.45349],[8.24471,49.46191],[8.23199,49.46201],[8.23324,49.47024],[8.22779,49.46828]]]},"properties":{"plz":"67161","name":"67161 Gönnheim"}},{"type":"Feature","geometry":{"type":"Polygon","coordinates":[[[8.41932,49.37601],[8.42087,49.37557],[8.4474,49.38412],[8.45379,49.39181],[8.46493,49.39198],[8.49621,49.40413],[8.49666,49.40803],[8.47851,49.41534],[8.47286,49.4099],[8.45551,49.40977],[8.44976,49.41375],[8.41661,49.3976],[8.42153,49.39191],[8.4134,49.38208],[8.41932,49.37601]]]},"properties":{"plz":"67165","name":"67165 Waldsee"}},{"type":"Feature","geometry":{"type":"Polygon","coordinates":[[[8.42087,49.37557],[8.42384,49.36581],[8.44184,49.35115],[8.44828,49.36689],[8.46998,49.35983],[8.46714,49.35457],[8.47052,49.34069],[8.492,49.35709],[8.50013,49.37249],[8.50056,49.38901],[8.47688,49.37466],[8.46418,49.37685],[8.46554,49.3874],[8.49251,49.39917],[8.49621,49.40413],[8.46493,49.39198],[8.45379,49.39181],[8.4474,49.38412],[8.42087,49.37557]]]},"properties":{"plz":"67166","name":"67166 Otterstadt"}},{"type":"Feature","geometry":{"type":"Polygon","coordinates":[[[8.23915,49.48883],[8.23883,49.49206],[8.2364,49.49887],[8.20313,49.49489],[8.20562,49.48549],[8.21326,49.48029],[8.23915,49.48883]]]},"properties":{"plz":"67167","name":"67167 Erpolzheim"}},{"type":"Feature","geometry":{"type":"Polygon","coordinates":[[[8.19556,49.49426],[8.18658,49.49992],[8.1688,49.5009],[8.16177,49.48749],[8.15228,49.48434],[8.14529,49.47518],[8.15405,49.476],[8.16096,49.4832],[8.16884,49.48244],[8.19037,49.48804],[8.19556,49.49426]]]},"properties":{"plz":"67169","name":"67169 Kallstadt"}},{"type":"Feature","geometry":{"type":"Polygon","coordinates":[[[8.42315,49.54191],[8.41417,49.55734],[8.42197,49.57268],[8.40547,49.58258],[8.40382,49.57594],[8.39234,49.57518],[8.37676,49.5654],[8.35757,49.57108],[8.35649,49.56121],[8.34255,49.55816],[8.33819,49.55067],[8.31329,49.55146],[8.32281,49.5364],[8.31312,49.53314],[8.30931,49.52075],[8.31071,49.50171],[8.31187,49.4847],[8.34613,49.48928],[8.36934,49.49951],[8.36893,49.50706],[8.37638,49.51459],[8.37678,49.53276],[8.38473,49.5446],[8.39413,49.54806],[8.40939,49.54399],[8.42315,49.54191]]]},"properties":{"plz":"67227","name":"67227 Frankenthal (Pfalz)"}},{"type":"Feature","geometry":{"type":"Polygon","coordinates":[[[8.20643,49.55301],[8.21408,49.52365],[8.23016,49.52534],[8.24037,49.53354],[8.2564,49.53359],[8.28163,49.54279],[8.28057,49.54825],[8.28261,49.55795],[8.24847,49.55474],[8.22909,49.56194],[8.21786,49.56051],[8.20643,49.55301]]]},"properties":{"plz":"67229","name":"67229 Gerolsheim"}},{"type":"Feature","geometry":{"type":"Polygon","coordinates":[[[8.42197,49.57268],[8.42264,49.5835],[8.41465,49.59501],[8.40445,49.5927],[8.39072,49.60377],[8.3625,49.60227],[8.35822,49.60892],[8.34994,49.60635],[8.34343,49.59498],[8.33331,49.5833],[8.338,49.58101],[8.34255,49.55816],[8.35649,49.56121],[8.35757,49.57108],[8.37676,49.5654],[8.39234,49.57518],[8.40382,49.57594],[8.40547,49.58258],[8.42197,49.57268]]]},"properties":{"plz":"67240","name":"67240 Bobenheim-Roxheim"}},{"type":"Feature","geometry":{"type":"Polygon","coordinates":[[[8.31071,49.50171],[8.30931,49.52075],[8.31312,49.53314],[8.28893,49.53471],[8.28878,49.53755],[8.25682,49.53359],[8.26609,49.52842],[8.27406,49.50374],[8.27056,49.49807],[8.26877,49.49572],[8.30127,49.50259],[8.31071,49.50171]]]},"properties":{"plz":"67245","name":"67245 Lambsheim"}},{"type":"Feature","geometry":{"type":"Polygon","coordinates":[[[8.28261,49.55795],[8.27951,49.56404],[8.28087,49.58671],[8.26391,49.5867],[8.25631,49.59114],[8.23287,49.5879],[8.22059,49.58456],[8.22023,49.5788],[8.21786,49.56051],[8.22909,49.56194],[8.24847,49.55474],[8.28261,49.55795]]]},"properties":{"plz":"67246","name":"67246 Dirmstein"}},{"type":"Feature","geometry":{"type":"Polygon","coordinates":[[[8.20313,49.49489],[8.2364,49.49887],[8.23679,49.51077],[8.23016,49.52534],[8.21408,49.52365],[8.19976,49.52413],[8.19129,49.51645],[8.19259,49.50391],[8.18658,49.49992],[8.19556,49.49426],[8.20313,49.49489]]]},"properties":{"plz":"67251","name":"67251 Freinsheim"}},{"type":"Feature","geometry":{"type":"MultiPolygon","coordinates":[[[[8.06624,49.47289],[8.05403,49.46598],[8.05402,49.46104],[8.0666,49.45721],[8.06338,49.45188],[8.07817,49.45468],[8.06727,49.46345],[8.06624,49.47289]]],[[[8.12304,49.48819],[8.11583,49.49712],[8.10504,49.49388],[8.10556,49.48563],[8.1222,49.48465],[8.12304,49.48819]]],[[[8.27056,49.49807],[8.27406,49.50374],[8.26609,49.52842],[8.25682,49.53359],[8.2564,49.53359],[8.24037,49.53354],[8.23016,49.52534],[8.23679,49.51077],[8.2364,49.49887],[8.23883,49.49206],[8.25586,49.49265],[8.27056,49.49807]]]]},"properties":{"plz":"67256","name":"67256 Weisenheim am Sand"}},{"type":"Feature","geometry":{"type":"Polygon","coordinates":[[[8.31329,49.55146],[8.30557,49.55883],[8.29769,49.54997],[8.28057,49.54825],[8.28163,49.54279],[8.2564,49.53359],[8.25682,49.53359],[8.28878,49.53755],[8.28893,49.53471],[8.31312,49.53314],[8.32281,49.5364],[8.31329,49.55146]]]},"properties":{"plz":"67258","name":"67258 Heßheim"}},{"type":"Feature","geometry":{"type":"Polygon","coordinates":[[[8.34255,49.55816],[8.338,49.58101],[8.33331,49.5833],[8.34343,49.59498],[8.33487,49.5988],[8.28087,49.58671],[8.27951,49.56404],[8.28261,49.55795],[8.28057,49.54825],[8.29769,49.54997],[8.30557,49.55883],[8.31329,49.55146],[8.33819,49.55067],[8.34255,49.55816]]]},"properties":{"plz":"67259","name":"67259 Beindersheim"}},{"type":"Feature","geometry":{"type":"Polygon","coordinates":[[[8.12627,49.56361],[8.12505,49.55294],[8.12679,49.55183],[8.1389,49.55659],[8.14934,49.55081],[8.14983,49.54436],[8.17155,49.54574],[8.1687,49.55196],[8.19947,49.55674],[8.19679,49.57329],[8.17324,49.57352],[8.15646,49.59615],[8.14043,49.59115],[8.14043,49.5816],[8.1465,49.5684],[8.12627,49.56361]]]},"properties":{"plz":"67269","name":"67269 Grünstadt"}},{"type":"Feature","geometry":{"type":"MultiPolygon","coordinates":[[[[8.21786,49.56051],[8.22023,49.5788],[8.19679,49.57329],[8.19947,49.55674],[8.20643,49.55301],[8.21786,49.56051]]],[[[8.14043,49.5816],[8.13108,49.57864],[8.12305,49.56927],[8.12627,49.56361],[8.1465,49.5684],[8.14043,49.5816]]],[[[8.12679,49.55183],[8.12097,49.54302],[8.10231,49.53667],[8.10222,49.53324],[8.08953,49.52803],[8.08162,49.51913],[8.09211,49.51399],[8.09665,49.51996],[8.10663,49.51993],[8.10827,49.51333],[8.09693,49.51321],[8.0988,49.50686],[8.11978,49.51103],[8.14753,49.53048],[8.16685,49.52918],[8.17155,49.54574],[8.14983,49.54436],[8.14934,49.55081],[8.1389,49.55659],[8.12679,49.55183]]],[[[8.15262,49.6267],[8.14721,49.62058],[8.12599,49.61228],[8.11813,49.60325],[8.11974,49.59543],[8.13997,49.59356],[8.16751,49.60358],[8.17745,49.61092],[8.16756,49.62551],[8.15262,49.6267]]]]},"properties":{"plz":"67271","name":"67271 Kindenheim"}},{"type":"Feature","geometry":{"type":"MultiPolygon","coordinates":[[[[8.05403,49.46598],[8.06624,49.47289],[8.06748,49.47504],[8.0504,49.47486],[8.0317,49.47241],[8.01953,49.4632],[8.03278,49.45977],[8.05403,49.46598]]],[[[8.10504,49.49388],[8.11583,49.49712],[8.12304,49.48819],[8.13016,49.49183],[8.12571,49.49773],[8.1626,49.50444],[8.1688,49.5009],[8.18658,49.49992],[8.19259,49.50391],[8.19129,49.51645],[8.19976,49.52413],[8.19806,49.52908],[8.16878,49.52619],[8.16685,49.52918],[8.14753,49.53048],[8.11978,49.51103],[8.0988,49.50686],[8.08357,49.49452],[8.08235,49.48228],[8.08939,49.48864],[8.10504,49.49388]]]]},"properties":{"plz":"67273","name":"67273 Weisenheim am Berg"}},{"type":"Feature","geometry":{"type":"Polygon","coordinates":[[[8.15646,49.59615],[8.17566,49.59253],[8.19543,49.60046],[8.20114,49.59737],[8.22316,49.60311],[8.21895,49.61009],[8.20912,49.61235],[8.20654,49.62114],[8.18349,49.62881],[8.16756,49.62551],[8.17745,49.61092],[8.16751,49.60358],[8.13997,49.59356],[8.14043,49.59115],[8.15646,49.59615]]]},"properties":{"plz":"67278","name":"67278 Bockenheim an der Weinstraße"}},{"type":"Feature","geometry":{"type":"Polygon","coordinates":[[[8.14043,49.59115],[8.13997,49.59356],[8.11974,49.59543],[8.11169,49.59218],[8.11502,49.58465],[8.10168,49.57806],[8.08951,49.57632],[8.09364,49.56815],[8.08705,49.56713],[8.10144,49.55387],[8.11163,49.55726],[8.12505,49.55294],[8.12627,49.56361],[8.12305,49.56927],[8.13108,49.57864],[8.14043,49.5816],[8.14043,49.59115]]]},"properties":{"plz":"67280","name":"67280 Ebertsheim"}},{"type":"Feature","geometry":{"type":"Polygon","coordinates":[[[8.20643,49.55301],[8.19947,49.55674],[8.1687,49.55196],[8.17155,49.54574],[8.16685,49.52918],[8.16878,49.52619],[8.19806,49.52908],[8.19976,49.52413],[8.21408,49.52365],[8.20643,49.55301]]]},"properties":{"plz":"67281","name":"67281 Kirchheim an der Weinstraße"}},{"type":"Feature","geometry":{"type":"Polygon","coordinates":[[[8.23287,49.5879],[8.22211,49.59792],[8.22316,49.60311],[8.20114,49.59737],[8.19543,49.60046],[8.17566,49.59253],[8.15646,49.59615],[8.17324,49.57352],[8.19679,49.57329],[8.22023,49.5788],[8.22059,49.58456],[8.23287,49.5879]]]},"properties":{"plz":"67283","name":"67283 Obrigheim (Pfalz)"}},{"type":"Feature","geometry":{"type":"Polygon","coordinates":[[[7.95041,49.66805],[7.93538,49.65756],[7.91304,49.65488],[7.9096,49.64621],[7.91095,49.6415],[7.92494,49.64535],[7.93035,49.65302],[7.94428,49.65504],[7.94939,49.65078],[7.9609,49.65284],[7.96274,49.64519],[7.98111,49.64943],[8.01846,49.65236],[8.03006,49.64706],[8.04478,49.65077],[8.03761,49.6592],[8.02707,49.66055],[8.01463,49.6767],[8.02015,49.6851],[7.99252,49.68149],[7.98838,49.67484],[7.9748,49.67253],[7.97042,49.6858],[7.95763,49.69189],[7.93835,49.68313],[7.92598,49.67004],[7.93397,49.66709],[7.95041,49.66805]]]},"properties":{"plz":"67292","name":"67292 Kirchheimbolanden"}},{"type":"Feature","geometry":{"type":"Polygon","coordinates":[[[8.05249,49.72794],[8.02939,49.72008],[8.02754,49.71485],[7.98509,49.6964],[7.96039,49.70143],[7.96514,49.71228],[7.95273,49.69915],[7.95763,49.69189],[7.97042,49.6858],[7.9748,49.67253],[7.98838,49.67484],[7.99252,49.68149],[8.02015,49.6851],[8.01463,49.6767],[8.02707,49.66055],[8.03761,49.6592],[8.04478,49.65077],[8.04781,49.64685],[8.04906,49.64532],[8.08641,49.65292],[8.09338,49.66649],[8.10766,49.6646],[8.12096,49.67071],[8.11797,49.68157],[8.11058,49.67921],[8.10211,49.6985],[8.09061,49.69519],[8.07579,49.69851],[8.05941,49.6951],[8.0506,49.70291],[8.07235,49.71677],[8.07265,49.72153],[8.06034,49.73095],[8.05249,49.72794]]]},"properties":{"plz":"67294","name":"67294 Bischheim u.a."}},{"type":"Feature","geometry":{"type":"Polygon","coordinates":[[[7.92494,49.64535],[7.94824,49.64219],[7.96818,49.63172],[7.97012,49.6233],[7.98911,49.62709],[8.00905,49.62617],[8.012,49.62089],[8.03445,49.62862],[8.03395,49.64085],[8.04781,49.64685],[8.04478,49.65077],[8.03006,49.64706],[8.01846,49.65236],[7.98111,49.64943],[7.96274,49.64519],[7.9609,49.65284],[7.94939,49.65078],[7.94428,49.65504],[7.93035,49.65302],[7.92494,49.64535]]]},"properties":{"plz":"67295","name":"67295 Bolanden"}},{"type":"Feature","geometry":{"type":"Polygon","coordinates":[[[8.04781,49.64685],[8.03395,49.64085],[8.03445,49.62862],[8.012,49.62089],[8.01987,49.61493],[8.03492,49.60907],[8.02772,49.60181],[8.06789,49.60641],[8.05809,49.62072],[8.06351,49.62518],[8.04906,49.64532],[8.04781,49.64685]]]},"properties":{"plz":"67297","name":"67297 Marnheim"}},{"type":"Feature","geometry":{"type":"Polygon","coordinates":[[[8.08951,49.57632],[8.0793,49.58819],[8.04924,49.58467],[8.02736,49.57413],[7.98022,49.56315],[7.97262,49.56762],[7.96739,49.55738],[7.97373,49.55224],[7.95966,49.54315],[7.95779,49.5329],[7.95757,49.52965],[7.9726,49.53791],[7.96064,49.54122],[7.97563,49.54938],[7.98463,49.54997],[8.00192,49.54006],[8.00223,49.54525],[8.02042,49.54681],[8.03423,49.54487],[8.02769,49.52875],[8.01504,49.5204],[8.02104,49.51282],[8.04408,49.52294],[8.04754,49.5313],[8.05835,49.5404],[8.08616,49.54687],[8.10144,49.55387],[8.08705,49.56713],[8.09364,49.56815],[8.08951,49.57632]]]},"properties":{"plz":"67304","name":"67304 Eisenberg (Pfalz)"}},{"type":"Feature","geometry":{"type":"Polygon","coordinates":[[[7.95757,49.52965],[7.95034,49.51961],[7.95748,49.50944],[7.95488,49.49412],[7.96712,49.49035],[7.99044,49.49176],[8.0096,49.50061],[8.02104,49.51282],[8.01504,49.5204],[8.02769,49.52875],[8.03423,49.54487],[8.02042,49.54681],[8.00223,49.54525],[8.00192,49.54006],[7.98463,49.54997],[7.97563,49.54938],[7.96064,49.54122],[7.9726,49.53791],[7.95757,49.52965]]]},"properties":{"plz":"67305","name":"67305 Ramsen"}},{"type":"Feature","geometry":{"type":"Polygon","coordinates":[[[8.02772,49.60181],[8.02681,49.59545],[8.01664,49.59121],[7.97157,49.57998],[7.97262,49.56762],[7.98022,49.56315],[8.02736,49.57413],[8.04924,49.58467],[8.0793,49.58819],[8.08688,49.59629],[8.0894,49.60916],[8.08405,49.61213],[8.06789,49.60641],[8.02772,49.60181]]]},"properties":{"plz":"67307","name":"67307 Göllheim"}},{"type":"Feature","geometry":{"type":"Polygon","coordinates":[[[8.12096,49.67071],[8.10766,49.6646],[8.09338,49.66649],[8.08641,49.65292],[8.04906,49.64532],[8.06351,49.62518],[8.05809,49.62072],[8.06789,49.60641],[8.08405,49.61213],[8.0894,49.60916],[8.08688,49.59629],[8.0793,49.58819],[8.08951,49.57632],[8.10168,49.57806],[8.11502,49.58465],[8.11169,49.59218],[8.11974,49.59543],[8.11813,49.60325],[8.12599,49.61228],[8.14721,49.62058],[8.15262,49.6267],[8.1574,49.6412],[8.15659,49.65418],[8.15039,49.6612],[8.14587,49.66103],[8.13233,49.67369],[8.12096,49.67071]]]},"properties":{"plz":"67308","name":"67308 Albisheim (Pfrimm)"}},{"type":"Feature","geometry":{"type":"Polygon","coordinates":[[[8.10222,49.53324],[8.09165,49.53711],[8.09288,49.54566],[8.08616,49.54687],[8.05835,49.5404],[8.04754,49.5313],[8.04408,49.52294],[8.06236,49.53122],[8.08373,49.53208],[8.08953,49.52803],[8.10222,49.53324]]]},"properties":{"plz":"67310","name":"67310 Hettenleidelheim"}},{"type":"Feature","geometry":{"type":"Polygon","coordinates":[[[8.12505,49.55294],[8.11163,49.55726],[8.10144,49.55387],[8.08616,49.54687],[8.09288,49.54566],[8.09165,49.53711],[8.10222,49.53324],[8.10231,49.53667],[8.12097,49.54302],[8.12679,49.55183],[8.12505,49.55294]]]},"properties":{"plz":"67311","name":"67311 Tiefenthal"}},{"type":"Feature","geometry":{"type":"Polygon","coordinates":[[[8.01953,49.4632],[8.0317,49.47241],[8.0504,49.47486],[8.04646,49.47973],[8.04957,49.49061],[8.0684,49.50097],[8.05931,49.50846],[8.07013,49.51477],[8.049,49.51461],[8.0299,49.50225],[8.01689,49.50093],[7.99478,49.48599],[8.00968,49.4684],[8.01953,49.4632]]]},"properties":{"plz":"67316","name":"67316 Carlsberg"}},{"type":"Feature","geometry":{"type":"Polygon","coordinates":[[[8.08235,49.48228],[8.08357,49.49452],[8.0988,49.50686],[8.09693,49.51321],[8.10827,49.51333],[8.10663,49.51993],[8.09665,49.51996],[8.09211,49.51399],[8.08162,49.51913],[8.07013,49.51477],[8.05931,49.50846],[8.0684,49.50097],[8.04957,49.49061],[8.04646,49.47973],[8.0504,49.47486],[8.06748,49.47504],[8.08235,49.48228]]]},"properties":{"plz":"67317","name":"67317 Altleiningen"}},{"type":"Feature","geometry":{"type":"Polygon","coordinates":[[[7.99478,49.48599],[8.01689,49.50093],[8.0299,49.50225],[8.049,49.51461],[8.07013,49.51477],[8.08162,49.51913],[8.08953,49.52803],[8.08373,49.53208],[8.06236,49.53122],[8.04408,49.52294],[8.02104,49.51282],[8.0096,49.50061],[7.99044,49.49176],[7.96712,49.49035],[7.94837,49.48674],[7.95252,49.47382],[7.99478,49.48599]]]},"properties":{"plz":"67319","name":"67319 Wattenheim"}},{"type":"Feature","geometry":{"type":"Polygon","coordinates":[[[8.38888,49.35449],[8.37685,49.34147],[8.40882,49.32823],[8.39957,49.31966],[8.40363,49.30526],[8.41652,49.303],[8.43256,49.29377],[8.44088,49.29324],[8.46697,49.28306],[8.48701,49.29015],[8.48339,49.30524],[8.45222,49.31711],[8.45547,49.33204],[8.47052,49.34069],[8.46714,49.35457],[8.46998,49.35983],[8.44828,49.36689],[8.44184,49.35115],[8.42384,49.36581],[8.42087,49.37557],[8.41932,49.37601],[8.38888,49.35449]]]},"properties":{"plz":"67346","name":"67346 Speyer"}},{"type":"Feature","geometry":{"type":"Polygon","coordinates":[[[8.40363,49.30526],[8.37455,49.29784],[8.37498,49.29056],[8.36431,49.28393],[8.36811,49.26874],[8.38193,49.26291],[8.3921,49.25047],[8.40529,49.25456],[8.41302,49.24984],[8.44555,49.26686],[8.45524,49.27703],[8.46697,49.28306],[8.44088,49.29324],[8.43256,49.29377],[8.41652,49.303],[8.40363,49.30526]]]},"properties":{"plz":"67354","name":"67354 Römerberg"}},{"type":"Feature","geometry":{"type":"Polygon","coordinates":[[[8.36811,49.26874],[8.33275,49.26051],[8.33573,49.23968],[8.32773,49.23844],[8.32765,49.22049],[8.35096,49.2186],[8.36484,49.22541],[8.35909,49.23865],[8.35764,49.25164],[8.37068,49.2545],[8.38342,49.2434],[8.39647,49.24119],[8.41302,49.24984],[8.40529,49.25456],[8.3921,49.25047],[8.38193,49.26291],[8.36811,49.26874]]]},"properties":{"plz":"67360","name":"67360 Lingenfeld"}},{"type":"Feature","geometry":{"type":"Polygon","coordinates":[[[8.26962,49.28034],[8.24759,49.27548],[8.25117,49.26313],[8.26877,49.26437],[8.28552,49.26707],[8.30173,49.27922],[8.30104,49.28491],[8.28618,49.28008],[8.26962,49.28034]]]},"properties":{"plz":"67361","name":"67361 Freisbach"}},{"type":"Feature","geometry":{"type":"Polygon","coordinates":[[[8.25117,49.26313],[8.2412,49.26135],[8.24916,49.23861],[8.25631,49.23855],[8.25794,49.2305],[8.2676,49.22102],[8.28438,49.21929],[8.28696,49.21083],[8.30962,49.21053],[8.34315,49.20306],[8.34895,49.20868],[8.33603,49.21775],[8.3128,49.22268],[8.31251,49.23416],[8.30604,49.2415],[8.31176,49.2496],[8.3083,49.25477],[8.3036,49.2569],[8.27476,49.25387],[8.26877,49.26437],[8.25117,49.26313]]]},"properties":{"plz":"67363","name":"67363 Lustadt"}},{"type":"Feature","geometry":{"type":"Polygon","coordinates":[[[8.36431,49.28393],[8.35815,49.28121],[8.34941,49.28778],[8.32027,49.29667],[8.3084,49.28847],[8.31448,49.26159],[8.31896,49.25803],[8.33275,49.26051],[8.36811,49.26874],[8.36431,49.28393]]]},"properties":{"plz":"67365","name":"67365 Schwegenheim"}},{"type":"Feature","geometry":{"type":"Polygon","coordinates":[[[8.26877,49.26437],[8.27476,49.25387],[8.3036,49.2569],[8.3083,49.25477],[8.31448,49.26159],[8.3084,49.28847],[8.30104,49.28491],[8.30173,49.27922],[8.28552,49.26707],[8.26877,49.26437]]]},"properties":{"plz":"67366","name":"67366 Weingarten (Pfalz)"}},{"type":"Feature","geometry":{"type":"Polygon","coordinates":[[[8.33275,49.26051],[8.31896,49.25803],[8.31448,49.26159],[8.3083,49.25477],[8.31176,49.2496],[8.30604,49.2415],[8.31251,49.23416],[8.3128,49.22268],[8.33603,49.21775],[8.34895,49.20868],[8.35096,49.2186],[8.32765,49.22049],[8.32773,49.23844],[8.33573,49.23968],[8.33275,49.26051]]]},"properties":{"plz":"67368","name":"67368 Westheim (Pfalz)"}},{"type":"Feature","geometry":{"type":"Polygon","coordinates":[[[8.37984,49.34946],[8.35654,49.33425],[8.36397,49.32812],[8.36619,49.31544],[8.35004,49.31554],[8.35381,49.3084],[8.36711,49.3069],[8.37455,49.29784],[8.40363,49.30526],[8.39957,49.31966],[8.40882,49.32823],[8.37685,49.34147],[8.38888,49.35449],[8.37984,49.34946]]]},"properties":{"plz":"67373","name":"67373 Dudenhofen"}},{"type":"Feature","geometry":{"type":"Polygon","coordinates":[[[8.35654,49.33425],[8.35246,49.33531],[8.33299,49.32055],[8.31739,49.31602],[8.31467,49.31132],[8.31735,49.31102],[8.33994,49.3108],[8.34411,49.30336],[8.35381,49.3084],[8.35004,49.31554],[8.36619,49.31544],[8.36397,49.32812],[8.35654,49.33425]]]},"properties":{"plz":"67374","name":"67374 Hanhofen"}},{"type":"Feature","geometry":{"type":"Polygon","coordinates":[[[8.37455,49.29784],[8.36711,49.3069],[8.35381,49.3084],[8.34411,49.30336],[8.33994,49.3108],[8.31735,49.31102],[8.31712,49.30845],[8.32406,49.30054],[8.32027,49.29667],[8.34941,49.28778],[8.35815,49.28121],[8.36431,49.28393],[8.37498,49.29056],[8.37455,49.29784]]]},"properties":{"plz":"67376","name":"67376 Harthausen"}},{"type":"Feature","geometry":{"type":"MultiPolygon","coordinates":[[[[8.30104,49.28491],[8.3084,49.28847],[8.32027,49.29667],[8.32406,49.30054],[8.31712,49.30845],[8.30549,49.30492],[8.25278,49.29598],[8.26183,49.28369],[8.26962,49.28034],[8.28618,49.28008],[8.30104,49.28491]]],[[[8.02447,49.29735],[8.03269,49.29022],[8.04299,49.30386],[8.02602,49.29953],[8.02447,49.29735]]],[[[7.98126,49.31782],[7.98143,49.31728],[7.98323,49.31147],[7.99619,49.31119],[7.99845,49.31711],[7.99764,49.31914],[7.98126,49.31782]]]]},"properties":{"plz":"67377","name":"67377 Gommersheim"}},{"type":"Feature","geometry":{"type":"Polygon","coordinates":[[[8.2412,49.26135],[8.23165,49.26022],[8.2361,49.25086],[8.23286,49.24036],[8.23884,49.23203],[8.23628,49.2129],[8.26079,49.21126],[8.28696,49.21083],[8.28438,49.21929],[8.2676,49.22102],[8.25794,49.2305],[8.25631,49.23855],[8.24916,49.23861],[8.2412,49.26135]]]},"properties":{"plz":"67378","name":"67378 Zeiskam"}},{"type":"Feature","geometry":{"type":"Polygon","coordinates":[[[8.10781,49.36626],[8.10393,49.35959],[8.12323,49.35109],[8.13972,49.35126],[8.15272,49.3475],[8.15113,49.33903],[8.16209,49.33751],[8.17822,49.32632],[8.1869,49.33655],[8.19832,49.36347],[8.17273,49.35829],[8.15258,49.37317],[8.12241,49.37195],[8.10781,49.36626]]]},"properties":{"plz":"67433","name":"67433 Neustadt an der Weinstraße"}},{"type":"Feature","geometry":{"type":"Polygon","coordinates":[[[8.10781,49.36626],[8.1051,49.36739],[8.09095,49.36038],[8.07626,49.36298],[8.05021,49.35298],[8.03616,49.35251],[8.02612,49.35669],[8.01535,49.35219],[8.01042,49.34461],[8.00097,49.3416],[8.02169,49.33289],[8.0129,49.32127],[8.02977,49.3195],[8.04007,49.32424],[8.06393,49.32033],[8.0818,49.32278],[8.09987,49.31866],[8.11059,49.31298],[8.12208,49.31491],[8.14433,49.31236],[8.16291,49.31419],[8.17822,49.32632],[8.16209,49.33751],[8.15113,49.33903],[8.15272,49.3475],[8.13972,49.35126],[8.12323,49.35109],[8.10393,49.35959],[8.10781,49.36626]]]},"properties":{"plz":"67434","name":"67434 Neustadt an der Weinstraße"}},{"type":"Feature","geometry":{"type":"Polygon","coordinates":[[[8.12272,49.41196],[8.10371,49.40597],[8.10635,49.401],[8.12162,49.39352],[8.09947,49.39242],[8.10095,49.38032],[8.09512,49.37155],[8.1051,49.36739],[8.10781,49.36626],[8.12241,49.37195],[8.15258,49.37317],[8.17273,49.35829],[8.19832,49.36347],[8.1869,49.33655],[8.17822,49.32632],[8.16291,49.31419],[8.18821,49.30966],[8.1998,49.31046],[8.20137,49.29978],[8.19598,49.29632],[8.22283,49.29608],[8.24893,49.3011],[8.25278,49.29598],[8.30549,49.30492],[8.31712,49.30845],[8.31735,49.31102],[8.31467,49.31132],[8.29907,49.31634],[8.27872,49.31677],[8.27663,49.31968],[8.24514,49.32567],[8.22671,49.33309],[8.22778,49.34674],[8.21629,49.35224],[8.22534,49.37109],[8.22319,49.37828],[8.20848,49.37831],[8.19867,49.38549],[8.18262,49.3829],[8.18036,49.39022],[8.17032,49.39271],[8.14819,49.3919],[8.13302,49.40087],[8.13713,49.40623],[8.12272,49.41196]]]},"properties":{"plz":"67435","name":"67435 Neustadt an der Weinstraße"}},{"type":"Feature","geometry":{"type":"Polygon","coordinates":[[[8.22319,49.37828],[8.22534,49.37109],[8.21629,49.35224],[8.22778,49.34674],[8.22671,49.33309],[8.24514,49.32567],[8.27663,49.31968],[8.27872,49.31677],[8.29907,49.31634],[8.31467,49.31132],[8.31739,49.31602],[8.3039,49.35013],[8.293,49.35991],[8.29863,49.36875],[8.27948,49.38896],[8.26934,49.38939],[8.24697,49.38151],[8.22319,49.37828]]]},"properties":{"plz":"67454","name":"67454 Haßloch"}},{"type":"Feature","geometry":{"type":"Polygon","coordinates":[[[8.32695,49.39557],[8.32128,49.40072],[8.30707,49.39882],[8.29876,49.40537],[8.28171,49.40081],[8.27134,49.39391],[8.26934,49.38939],[8.27948,49.38896],[8.29863,49.36875],[8.293,49.35991],[8.3039,49.35013],[8.31739,49.31602],[8.33299,49.32055],[8.35246,49.33531],[8.35654,49.33425],[8.37984,49.34946],[8.36239,49.3473],[8.3527,49.35625],[8.3517,49.36719],[8.32695,49.39557]]]},"properties":{"plz":"67459","name":"67459 Böhl-Iggelheim"}},{"type":"Feature","geometry":{"type":"Polygon","coordinates":[[[8.06712,49.39875],[8.04803,49.38522],[8.05343,49.376],[8.03606,49.36522],[8.0298,49.35901],[8.01518,49.35546],[8.00051,49.34498],[7.98738,49.3488],[7.98547,49.34325],[7.98949,49.33898],[8.00097,49.3416],[8.01042,49.34461],[8.01535,49.35219],[8.02612,49.35669],[8.03616,49.35251],[8.05021,49.35298],[8.07626,49.36298],[8.08984,49.37315],[8.08278,49.38316],[8.06712,49.39875]]]},"properties":{"plz":"67466","name":"67466 Lambrecht (Pfalz)"}},{"type":"Feature","geometry":{"type":"MultiPolygon","coordinates":[[[[8.0231,49.39842],[8.0125,49.38931],[7.98678,49.39022],[7.99538,49.38323],[8.01533,49.38053],[8.03606,49.36522],[8.05343,49.376],[8.04803,49.38522],[8.06712,49.39875],[8.06028,49.40432],[8.06783,49.41138],[8.05469,49.40675],[8.03586,49.4052],[8.0231,49.39842]]],[[[7.95471,49.46306],[7.94186,49.46291],[7.92244,49.45665],[7.91915,49.44408],[7.93781,49.43865],[7.93268,49.43021],[7.94414,49.42394],[7.95118,49.41733],[7.98032,49.42903],[7.98464,49.43389],[7.9968,49.43237],[8.0013,49.4397],[7.98848,49.43521],[7.98172,49.44022],[7.96535,49.44093],[7.9521,49.46062],[7.95471,49.46306]]]]},"properties":{"plz":"67468","name":"67468 Frankenstein, Neidenfels, Frankeneck"}},{"type":"Feature","geometry":{"type":"Polygon","coordinates":[[[7.98126,49.31782],[7.97424,49.32337],[7.98168,49.33456],[7.98547,49.34325],[7.98738,49.3488],[8.00051,49.34498],[7.98019,49.35701],[7.98208,49.35954],[7.9692,49.3786],[7.9742,49.39336],[7.96453,49.40009],[7.95492,49.39752],[7.94699,49.38775],[7.92391,49.39331],[7.91378,49.39141],[7.89661,49.37951],[7.88874,49.38121],[7.87522,49.37475],[7.8573,49.3734],[7.84837,49.36415],[7.8378,49.35942],[7.83232,49.35648],[7.82476,49.33916],[7.83301,49.32455],[7.85272,49.33408],[7.86041,49.31822],[7.86764,49.31335],[7.89141,49.31172],[7.91337,49.31632],[7.93646,49.3087],[7.93818,49.32115],[7.95843,49.32461],[7.97674,49.33361],[7.97282,49.31913],[7.98143,49.31728],[7.98126,49.31782]]]},"properties":{"plz":"67471","name":"67471 Elmstein"}},{"type":"Feature","geometry":{"type":"Polygon","coordinates":[[[8.03606,49.36522],[8.01533,49.38053],[7.99538,49.38323],[7.98678,49.39022],[7.9742,49.39336],[7.9692,49.3786],[7.98208,49.35954],[7.98019,49.35701],[8.00051,49.34498],[8.01518,49.35546],[8.0298,49.35901],[8.03606,49.36522]]]},"properties":{"plz":"67472","name":"67472 Esthal"}},{"type":"Feature","geometry":{"type":"Polygon","coordinates":[[[8.08278,49.38316],[8.08984,49.37315],[8.07626,49.36298],[8.09095,49.36038],[8.1051,49.36739],[8.09512,49.37155],[8.10095,49.38032],[8.09947,49.39242],[8.08194,49.38846],[8.08278,49.38316]]]},"properties":{"plz":"67473","name":"67473 Lindenberg"}},{"type":"Feature","geometry":{"type":"Polygon","coordinates":[[[7.98032,49.42903],[7.95118,49.41733],[7.95144,49.41074],[7.96453,49.40009],[7.9742,49.39336],[7.98678,49.39022],[8.0125,49.38931],[8.0231,49.39842],[8.02208,49.40407],[8.00651,49.40913],[7.99571,49.42348],[8.0014,49.43008],[7.98711,49.42633],[7.98032,49.42903]]]},"properties":{"plz":"67475","name":"67475 Weidenthal"}},{"type":"Feature","geometry":{"type":"MultiPolygon","coordinates":[[[[8.02602,49.29953],[8.01267,49.29854],[7.99619,49.31119],[7.98323,49.31147],[7.98143,49.31728],[7.97282,49.31913],[7.96541,49.31289],[7.961,49.29965],[7.98005,49.29866],[7.98957,49.29475],[8.00909,49.29701],[8.02447,49.29735],[8.02602,49.29953]]],[[[8.03269,49.29022],[8.05892,49.28216],[8.07959,49.28381],[8.08551,49.27807],[8.08534,49.27603],[8.12094,49.27597],[8.12203,49.27326],[8.14866,49.27361],[8.14893,49.2823],[8.15598,49.28444],[8.15033,49.29064],[8.14023,49.28774],[8.12117,49.29231],[8.11816,49.28837],[8.08386,49.29322],[8.05195,49.29937],[8.04299,49.30386],[8.03269,49.29022]]]]},"properties":{"plz":"67480","name":"67480 Edenkoben"}},{"type":"Feature","geometry":{"type":"MultiPolygon","coordinates":[[[[8.26962,49.28034],[8.26183,49.28369],[8.25278,49.29598],[8.24893,49.3011],[8.22283,49.29608],[8.19598,49.29632],[8.17621,49.29616],[8.15033,49.29064],[8.15598,49.28444],[8.14893,49.2823],[8.14866,49.27361],[8.1631,49.27192],[8.19163,49.27789],[8.2063,49.27496],[8.20909,49.25947],[8.23165,49.26022],[8.2412,49.26135],[8.25117,49.26313],[8.24759,49.27548],[8.26962,49.28034]]],[[[7.99764,49.31914],[7.99724,49.32793],[7.98168,49.33456],[7.97424,49.32337],[7.98126,49.31782],[7.99764,49.31914]]],[[[8.05892,49.28216],[8.06844,49.27615],[8.08551,49.27807],[8.07959,49.28381],[8.05892,49.28216]]]]},"properties":{"plz":"67482","name":"67482 Venningen"}},{"type":"Feature","geometry":{"type":"MultiPolygon","coordinates":[[[[8.12203,49.27326],[8.1231,49.26492],[8.10807,49.26424],[8.109,49.25199],[8.13824,49.25291],[8.13961,49.24852],[8.1484,49.25082],[8.20909,49.25947],[8.2063,49.27496],[8.19163,49.27789],[8.1631,49.27192],[8.14866,49.27361],[8.12203,49.27326]]],[[[8.00909,49.29701],[8.00335,49.2855],[8.01444,49.27937],[8.02247,49.28214],[8.02447,49.29735],[8.00909,49.29701]]]]},"properties":{"plz":"67483","name":"67483 Edesheim"}},{"type":"Feature","geometry":{"type":"Polygon","coordinates":[[[8.04299,49.30386],[8.05195,49.29937],[8.08386,49.29322],[8.11816,49.28837],[8.12117,49.29231],[8.14023,49.28774],[8.14433,49.31236],[8.12208,49.31491],[8.11059,49.31298],[8.09987,49.31866],[8.0818,49.32278],[8.06393,49.32033],[8.04007,49.32424],[8.02977,49.3195],[8.0129,49.32127],[8.0077,49.31259],[7.99845,49.31711],[7.99619,49.31119],[8.01267,49.29854],[8.02602,49.29953],[8.04299,49.30386]]]},"properties":{"plz":"67487","name":"67487 Maikammer"}},{"type":"Feature","geometry":{"type":"MultiPolygon","coordinates":[[[[7.99845,49.31711],[8.0077,49.31259],[8.0129,49.32127],[8.02169,49.33289],[8.00097,49.3416],[7.98949,49.33898],[7.98547,49.34325],[7.98168,49.33456],[7.99724,49.32793],[7.99764,49.31914],[7.99845,49.31711]]],[[[8.14433,49.31236],[8.14023,49.28774],[8.15033,49.29064],[8.17621,49.29616],[8.19598,49.29632],[8.20137,49.29978],[8.1998,49.31046],[8.18821,49.30966],[8.16291,49.31419],[8.14433,49.31236]]]]},"properties":{"plz":"67489","name":"67489 Kirrweiler (Pfalz)"}},{"type":"Feature","geometry":{"type":"Polygon","coordinates":[[[8.41465,49.59501],[8.40839,49.60588],[8.38282,49.62599],[8.36957,49.65919],[8.36464,49.66379],[8.35599,49.67761],[8.34735,49.68286],[8.34081,49.67657],[8.35032,49.65803],[8.35805,49.64246],[8.35507,49.63196],[8.34769,49.62736],[8.33364,49.6291],[8.33731,49.62286],[8.34311,49.61222],[8.33487,49.5988],[8.34343,49.59498],[8.34994,49.60635],[8.35822,49.60892],[8.3625,49.60227],[8.39072,49.60377],[8.40445,49.5927],[8.41465,49.59501]]]},"properties":{"plz":"67547","name":"67547 Worms"}},{"type":"Feature","geometry":{"type":"Polygon","coordinates":[[[8.35032,49.65803],[8.34055,49.64926],[8.3179,49.64415],[8.30469,49.6497],[8.29301,49.64853],[8.29685,49.62464],[8.33731,49.62286],[8.33364,49.6291],[8.34769,49.62736],[8.35507,49.63196],[8.35805,49.64246],[8.35032,49.65803]]]},"properties":{"plz":"67549","name":"67549 Worms"}},{"type":"Feature","geometry":{"type":"Polygon","coordinates":[[[8.35599,49.67761],[8.3573,49.69171],[8.36409,49.69879],[8.38993,49.70959],[8.42454,49.71617],[8.43838,49.72236],[8.44621,49.73052],[8.4414,49.73213],[8.42262,49.72625],[8.40788,49.73455],[8.39684,49.73645],[8.37837,49.73368],[8.37759,49.72465],[8.36985,49.73041],[8.35074,49.73046],[8.35013,49.72375],[8.34818,49.71163],[8.35169,49.69643],[8.33937,49.69605],[8.34276,49.6827],[8.30905,49.68412],[8.2797,49.69195],[8.25756,49.6887],[8.26391,49.67171],[8.2708,49.66805],[8.2789,49.65515],[8.28729,49.65528],[8.29301,49.64853],[8.30469,49.6497],[8.3179,49.64415],[8.34055,49.64926],[8.35032,49.65803],[8.34081,49.67657],[8.34735,49.68286],[8.35599,49.67761]]]},"properties":{"plz":"67550","name":"67550 Worms"}},{"type":"Feature","geometry":{"type":"Polygon","coordinates":[[[8.28087,49.58671],[8.33487,49.5988],[8.34311,49.61222],[8.33731,49.62286],[8.29685,49.62464],[8.29301,49.64853],[8.28729,49.65528],[8.2789,49.65515],[8.2453,49.65034],[8.24132,49.6469],[8.23819,49.62715],[8.2444,49.61705],[8.2527,49.61806],[8.25631,49.59114],[8.26391,49.5867],[8.28087,49.58671]]]},"properties":{"plz":"67551","name":"67551 Worms"}},{"type":"Feature","geometry":{"type":"Polygon","coordinates":[[[8.35013,49.72375],[8.29445,49.71858],[8.27687,49.71425],[8.2797,49.69195],[8.30905,49.68412],[8.34276,49.6827],[8.33937,49.69605],[8.35169,49.69643],[8.34818,49.71163],[8.35013,49.72375]]]},"properties":{"plz":"67574","name":"67574 Osthofen"}},{"type":"Feature","geometry":{"type":"Polygon","coordinates":[[[8.41744,49.77281],[8.39253,49.76934],[8.38223,49.76458],[8.37434,49.75328],[8.36801,49.75432],[8.35145,49.74588],[8.34671,49.73451],[8.35074,49.73046],[8.36985,49.73041],[8.37759,49.72465],[8.37837,49.73368],[8.39684,49.73645],[8.40788,49.73455],[8.42677,49.73692],[8.44083,49.74982],[8.45544,49.75561],[8.45773,49.76058],[8.44186,49.76543],[8.42604,49.7672],[8.41744,49.77281]]]},"properties":{"plz":"67575","name":"67575 Eich"}},{"type":"Feature","geometry":{"type":"Polygon","coordinates":[[[8.31216,49.78329],[8.30934,49.77398],[8.30106,49.77167],[8.29305,49.76246],[8.29607,49.75492],[8.28229,49.74842],[8.28362,49.74457],[8.32282,49.74961],[8.34693,49.74641],[8.35222,49.7654],[8.34923,49.77711],[8.35463,49.78206],[8.31573,49.78412],[8.31216,49.78329]]]},"properties":{"plz":"67577","name":"67577 Alsheim"}},{"type":"Feature","geometry":{"type":"Polygon","coordinates":[[[8.41303,49.78442],[8.40002,49.80349],[8.3798,49.80025],[8.3673,49.78853],[8.35463,49.78206],[8.34923,49.77711],[8.35222,49.7654],[8.34693,49.74641],[8.35145,49.74588],[8.36801,49.75432],[8.37434,49.75328],[8.38223,49.76458],[8.39253,49.76934],[8.41744,49.77281],[8.41303,49.78442]]]},"properties":{"plz":"67578","name":"67578 Gimbsheim"}},{"type":"Feature","geometry":{"type":"Polygon","coordinates":[[[8.47441,49.76787],[8.44186,49.76543],[8.45773,49.76058],[8.45544,49.75561],[8.44083,49.74982],[8.42677,49.73692],[8.40788,49.73455],[8.42262,49.72625],[8.4414,49.73213],[8.44621,49.73052],[8.44822,49.73351],[8.47858,49.75857],[8.47441,49.76787]]]},"properties":{"plz":"67580","name":"67580 Hamm"}},{"type":"Feature","geometry":{"type":"Polygon","coordinates":[[[8.35145,49.74588],[8.34693,49.74641],[8.32282,49.74961],[8.28362,49.74457],[8.28505,49.7407],[8.29695,49.74046],[8.3109,49.7336],[8.34671,49.73451],[8.35145,49.74588]]]},"properties":{"plz":"67582","name":"67582 Mettenheim"}},{"type":"Feature","geometry":{"type":"Polygon","coordinates":[[[8.31534,49.82107],[8.31158,49.79307],[8.31573,49.78412],[8.35463,49.78206],[8.3673,49.78853],[8.3798,49.80025],[8.40002,49.80349],[8.38459,49.81734],[8.36072,49.81152],[8.33855,49.80981],[8.3267,49.82128],[8.31534,49.82107]]]},"properties":{"plz":"67583","name":"67583 Guntersblum"}},{"type":"Feature","geometry":{"type":"Polygon","coordinates":[[[8.30106,49.77167],[8.27933,49.77211],[8.26886,49.77623],[8.25544,49.76733],[8.26226,49.75895],[8.27227,49.75929],[8.28229,49.74842],[8.29607,49.75492],[8.29305,49.76246],[8.30106,49.77167]]]},"properties":{"plz":"67585","name":"67585 Dorn-Dürkheim"}},{"type":"Feature","geometry":{"type":"Polygon","coordinates":[[[8.23387,49.76839],[8.25544,49.76733],[8.26886,49.77623],[8.28119,49.78558],[8.27438,49.78923],[8.26147,49.78764],[8.23282,49.78883],[8.23387,49.76839]]]},"properties":{"plz":"67586","name":"67586 Hillesheim"}},{"type":"Feature","geometry":{"type":"Polygon","coordinates":[[[8.28119,49.78558],[8.26886,49.77623],[8.27933,49.77211],[8.30106,49.77167],[8.30934,49.77398],[8.31216,49.78329],[8.28813,49.78782],[8.28119,49.78558]]]},"properties":{"plz":"67587","name":"67587 Wintersheim"}},{"type":"Feature","geometry":{"type":"Polygon","coordinates":[[[8.20654,49.62114],[8.23819,49.62715],[8.24132,49.6469],[8.23442,49.64541],[8.2044,49.64293],[8.1832,49.64452],[8.17495,49.64176],[8.18349,49.62881],[8.20654,49.62114]]]},"properties":{"plz":"67590","name":"67590 Monsheim"}},{"type":"Feature","geometry":{"type":"MultiPolygon","coordinates":[[[[8.15039,49.6612],[8.15659,49.65418],[8.1574,49.6412],[8.15262,49.6267],[8.16756,49.62551],[8.18349,49.62881],[8.17495,49.64176],[8.1832,49.64452],[8.17379,49.65608],[8.17178,49.66735],[8.15039,49.6612]]],[[[8.25631,49.59114],[8.2527,49.61806],[8.2444,49.61705],[8.23819,49.62715],[8.20654,49.62114],[8.20912,49.61235],[8.21895,49.61009],[8.22316,49.60311],[8.22211,49.59792],[8.23287,49.5879],[8.25631,49.59114]]],[[[8.26391,49.67171],[8.25124,49.67135],[8.23254,49.66572],[8.22989,49.66032],[8.23442,49.64541],[8.24132,49.6469],[8.2453,49.65034],[8.2789,49.65515],[8.2708,49.66805],[8.26391,49.67171]]]]},"properties":{"plz":"67591","name":"67591 Offstein"}},{"type":"Feature","geometry":{"type":"Polygon","coordinates":[[[8.17178,49.66735],[8.17379,49.65608],[8.1832,49.64452],[8.2044,49.64293],[8.23442,49.64541],[8.22989,49.66032],[8.23254,49.66572],[8.22242,49.66855],[8.22473,49.67603],[8.20619,49.67629],[8.18503,49.67297],[8.17178,49.66735]]]},"properties":{"plz":"67592","name":"67592 Flörsheim-Dalsheim"}},{"type":"Feature","geometry":{"type":"Polygon","coordinates":[[[8.21029,49.71148],[8.22113,49.68951],[8.20238,49.68227],[8.20619,49.67629],[8.22473,49.67603],[8.23435,49.67899],[8.23475,49.68617],[8.25756,49.6887],[8.2797,49.69195],[8.27687,49.71425],[8.26684,49.7126],[8.24935,49.71961],[8.22909,49.71938],[8.21029,49.71148]]]},"properties":{"plz":"67593","name":"67593 Westhofen, Bermersheim"}},{"type":"Feature","geometry":{"type":"Polygon","coordinates":[[[8.24935,49.71961],[8.26684,49.7126],[8.27687,49.71425],[8.29445,49.71858],[8.35013,49.72375],[8.35074,49.73046],[8.34671,49.73451],[8.3109,49.7336],[8.29695,49.74046],[8.28505,49.7407],[8.26976,49.73814],[8.26599,49.73381],[8.24507,49.73012],[8.24935,49.71961]]]},"properties":{"plz":"67595","name":"67595 Bechtheim"}},{"type":"Feature","geometry":{"type":"Polygon","coordinates":[[[8.24507,49.73012],[8.26599,49.73381],[8.26976,49.73814],[8.28505,49.7407],[8.28362,49.74457],[8.28229,49.74842],[8.27227,49.75929],[8.26226,49.75895],[8.25544,49.76733],[8.23387,49.76839],[8.23292,49.76022],[8.21517,49.7559],[8.20359,49.74842],[8.21043,49.73441],[8.24507,49.73012]]]},"properties":{"plz":"67596","name":"67596 Dittelsheim-Heßloch"}},{"type":"Feature","geometry":{"type":"Polygon","coordinates":[[[8.18503,49.67297],[8.20619,49.67629],[8.20238,49.68227],[8.22113,49.68951],[8.21029,49.71148],[8.17119,49.69305],[8.1723,49.68306],[8.17819,49.68366],[8.18503,49.67297]]]},"properties":{"plz":"67598","name":"67598 Gundersheim"}},{"type":"Feature","geometry":{"type":"Polygon","coordinates":[[[8.25756,49.6887],[8.23475,49.68617],[8.23435,49.67899],[8.22473,49.67603],[8.22242,49.66855],[8.23254,49.66572],[8.25124,49.67135],[8.26391,49.67171],[8.25756,49.6887]]]},"properties":{"plz":"67599","name":"67599 Gundheim"}},{"type":"Feature","geometry":{"type":"Polygon","coordinates":[[[7.95779,49.5329],[7.94049,49.52876],[7.93287,49.51009],[7.9161,49.52122],[7.89568,49.50783],[7.89072,49.52521],[7.88528,49.5241],[7.8839,49.51103],[7.88606,49.50543],[7.8771,49.48382],[7.84439,49.46556],[7.85895,49.4509],[7.88771,49.46705],[7.91966,49.47928],[7.93541,49.48006],[7.94837,49.48674],[7.96712,49.49035],[7.95488,49.49412],[7.95748,49.50944],[7.95034,49.51961],[7.95757,49.52965],[7.95779,49.5329]]]},"properties":{"plz":"67677","name":"67677 Enkenbach-Alsenborn"}},{"type":"Feature","geometry":{"type":"Polygon","coordinates":[[[7.84439,49.46556],[7.8771,49.48382],[7.88606,49.50543],[7.8839,49.51103],[7.85125,49.50403],[7.83392,49.51306],[7.82049,49.4961],[7.8269,49.49389],[7.81528,49.48333],[7.79961,49.4861],[7.80664,49.47773],[7.82537,49.47714],[7.8272,49.46107],[7.84439,49.46556]]]},"properties":{"plz":"67678","name":"67678 Mehlingen"}},{"type":"Feature","geometry":{"type":"Polygon","coordinates":[[[7.94049,49.52876],[7.91473,49.53523],[7.90055,49.53218],[7.89553,49.52759],[7.89072,49.52521],[7.89568,49.50783],[7.9161,49.52122],[7.93287,49.51009],[7.94049,49.52876]]]},"properties":{"plz":"67680","name":"67680 Neuhemsbach"}},{"type":"Feature","geometry":{"type":"Polygon","coordinates":[[[7.89072,49.52521],[7.89553,49.52759],[7.87798,49.52984],[7.86432,49.52806],[7.86289,49.53546],[7.85647,49.53846],[7.83467,49.53069],[7.84212,49.52272],[7.83392,49.51306],[7.85125,49.50403],[7.8839,49.51103],[7.88528,49.5241],[7.89072,49.52521]]]},"properties":{"plz":"67681","name":"67681 Sembach"}},{"type":"Feature","geometry":{"type":"Polygon","coordinates":[[[7.91915,49.44408],[7.89117,49.45267],[7.86327,49.4413],[7.86437,49.43424],[7.87068,49.42119],[7.86906,49.4103],[7.84679,49.39939],[7.86531,49.39512],[7.88287,49.401],[7.90097,49.40352],[7.92522,49.41925],[7.93914,49.41963],[7.94414,49.42394],[7.93268,49.43021],[7.93781,49.43865],[7.91915,49.44408]]]},"properties":{"plz":"67691","name":"67691 Hochspeyer"}},{"type":"Feature","geometry":{"type":"MultiPolygon","coordinates":[[[[7.95252,49.47382],[7.94837,49.48674],[7.93541,49.48006],[7.91966,49.47928],[7.88771,49.46705],[7.85895,49.4509],[7.86327,49.4413],[7.89117,49.45267],[7.91915,49.44408],[7.92244,49.45665],[7.94186,49.46291],[7.95471,49.46306],[7.95252,49.47382]]],[[[7.94414,49.42394],[7.93914,49.41963],[7.92522,49.41925],[7.90097,49.40352],[7.88287,49.401],[7.86531,49.39512],[7.84679,49.39939],[7.81518,49.39552],[7.81638,49.38213],[7.83391,49.38477],[7.82357,49.37584],[7.83569,49.37064],[7.84288,49.37533],[7.84837,49.36415],[7.8573,49.3734],[7.87522,49.37475],[7.88874,49.38121],[7.89661,49.37951],[7.91378,49.39141],[7.92391,49.39331],[7.94699,49.38775],[7.95492,49.39752],[7.96453,49.40009],[7.95144,49.41074],[7.95118,49.41733],[7.94414,49.42394]]]]},"properties":{"plz":"67693","name":"67693 Waldleiningen, Fischbach"}},{"type":"Feature","geometry":{"type":"Polygon","coordinates":[[[7.97262,49.56762],[7.97157,49.57998],[7.97911,49.58435],[7.96958,49.59522],[7.93503,49.5884],[7.92906,49.59493],[7.94227,49.6038],[7.93303,49.60282],[7.91147,49.61103],[7.91001,49.60346],[7.89353,49.60213],[7.91139,49.59071],[7.9123,49.58579],[7.93571,49.58624],[7.90296,49.57255],[7.91208,49.56292],[7.94764,49.56505],[7.9589,49.55445],[7.96739,49.55738],[7.97262,49.56762]]]},"properties":{"plz":"67725","name":"67725 Börrstadt"}},{"type":"Feature","geometry":{"type":"Polygon","coordinates":[[[7.86289,49.53546],[7.86125,49.54524],[7.87752,49.55643],[7.86707,49.55695],[7.85669,49.56304],[7.83161,49.55543],[7.83512,49.54206],[7.82084,49.5335],[7.83467,49.53069],[7.85647,49.53846],[7.86289,49.53546]]]},"properties":{"plz":"67727","name":"67727 Lohnsfeld"}},{"type":"Feature","geometry":{"type":"Polygon","coordinates":[[[7.90055,49.53218],[7.89354,49.54753],[7.89657,49.5574],[7.89612,49.56216],[7.87752,49.55643],[7.86125,49.54524],[7.86289,49.53546],[7.86432,49.52806],[7.87798,49.52984],[7.89553,49.52759],[7.90055,49.53218]]]},"properties":{"plz":"67728","name":"67728 Münchweiler an der Alsenz"}},{"type":"Feature","geometry":{"type":"Polygon","coordinates":[[[7.96739,49.55738],[7.9589,49.55445],[7.94764,49.56505],[7.91208,49.56292],[7.90375,49.55899],[7.91742,49.54038],[7.91473,49.53523],[7.94049,49.52876],[7.95779,49.5329],[7.95966,49.54315],[7.97373,49.55224],[7.96739,49.55738]]]},"properties":{"plz":"67729","name":"67729 Sippersfeld"}},{"type":"Feature","geometry":{"type":"Polygon","coordinates":[[[7.91095,49.6415],[7.89643,49.63651],[7.89154,49.62983],[7.89489,49.61796],[7.91408,49.61487],[7.93546,49.60559],[7.94373,49.6057],[7.9642,49.60939],[7.97835,49.61957],[7.97012,49.6233],[7.96818,49.63172],[7.94824,49.64219],[7.92494,49.64535],[7.91095,49.6415]]]},"properties":{"plz":"67814","name":"67814 Dannenfels"}},{"type":"Feature","geometry":{"type":"Polygon","coordinates":[[[8.01987,49.61493],[7.99806,49.60601],[7.97682,49.60796],[7.96958,49.59522],[7.97911,49.58435],[7.97157,49.57998],[8.01664,49.59121],[8.02681,49.59545],[8.02772,49.60181],[8.03492,49.60907],[8.01987,49.61493]]]},"properties":{"plz":"67816","name":"67816 Dreisen, Standenbühl"}},{"type":"Feature","geometry":{"type":"Polygon","coordinates":[[[7.90296,49.57255],[7.93571,49.58624],[7.9123,49.58579],[7.91139,49.59071],[7.89353,49.60213],[7.88496,49.60981],[7.86859,49.59081],[7.85647,49.58801],[7.86327,49.58138],[7.88264,49.57952],[7.89749,49.5817],[7.90296,49.57255]]]},"properties":{"plz":"67817","name":"67817 Imsbach"}},{"type":"Feature","geometry":{"type":"Polygon","coordinates":[[[8.45638,49.48092],[8.46443,49.48181],[8.47197,49.494],[8.43585,49.51168],[8.44517,49.48976],[8.45638,49.48092]]]},"properties":{"plz":"68159","name":"68159 Mannheim"}},{"type":"Feature","geometry":{"type":"Polygon","coordinates":[[[8.46443,49.48181],[8.47562,49.47653],[8.47182,49.48114],[8.48187,49.49138],[8.47197,49.494],[8.46443,49.48181]]]},"properties":{"plz":"68161","name":"68161 Mannheim"}},{"type":"Feature","geometry":{"type":"Polygon","coordinates":[[[8.45695,49.48039],[8.46389,49.47068],[8.46069,49.46495],[8.47059,49.45679],[8.47966,49.45881],[8.47546,49.46494],[8.48396,49.46872],[8.48863,49.4631],[8.49933,49.46599],[8.51221,49.45975],[8.52876,49.45373],[8.53911,49.46383],[8.54367,49.47726],[8.53087,49.4767],[8.50847,49.4835],[8.49622,49.46945],[8.47562,49.47653],[8.46443,49.48181],[8.45638,49.48092],[8.45695,49.48039]]]},"properties":{"plz":"68163","name":"68163 Mannheim"}},{"type":"Feature","geometry":{"type":"Polygon","coordinates":[[[8.47562,49.47653],[8.49622,49.46945],[8.50847,49.4835],[8.48187,49.49138],[8.47182,49.48114],[8.47562,49.47653]]]},"properties":{"plz":"68165","name":"68165 Mannheim"}},{"type":"Feature","geometry":{"type":"Polygon","coordinates":[[[8.48187,49.49138],[8.50847,49.4835],[8.50852,49.49321],[8.50286,49.5031],[8.49306,49.51031],[8.488,49.5009],[8.47075,49.50202],[8.47197,49.494],[8.48187,49.49138]]]},"properties":{"plz":"68167","name":"68167 Mannheim"}},{"type":"Feature","geometry":{"type":"Polygon","coordinates":[[[8.43585,49.51168],[8.47197,49.494],[8.47075,49.50202],[8.488,49.5009],[8.49306,49.51031],[8.50286,49.5031],[8.49356,49.51146],[8.46852,49.51734],[8.46826,49.52733],[8.45639,49.53316],[8.44078,49.53486],[8.42356,49.54102],[8.43585,49.51168]]]},"properties":{"plz":"68169","name":"68169 Mannheim"}},{"type":"Feature","geometry":{"type":"Polygon","coordinates":[[[8.45125,49.46221],[8.44204,49.45605],[8.44454,49.44821],[8.45458,49.44391],[8.47251,49.4435],[8.49441,49.44336],[8.50484,49.43978],[8.51168,49.44529],[8.51221,49.45975],[8.49933,49.46599],[8.48863,49.4631],[8.48396,49.46872],[8.47546,49.46494],[8.47966,49.45881],[8.47059,49.45679],[8.46069,49.46495],[8.45125,49.46221]]]},"properties":{"plz":"68199","name":"68199 Mannheim"}},{"type":"Feature","geometry":{"type":"Polygon","coordinates":[[[8.49741,49.41119],[8.52255,49.41823],[8.52419,49.41134],[8.54366,49.41201],[8.5406,49.41605],[8.56637,49.41799],[8.57343,49.41576],[8.57352,49.42175],[8.56425,49.42119],[8.55738,49.42793],[8.56525,49.43498],[8.55918,49.43712],[8.55604,49.44359],[8.52606,49.45077],[8.52876,49.45373],[8.51221,49.45975],[8.51168,49.44529],[8.50484,49.43978],[8.50815,49.43192],[8.49741,49.41119]]]},"properties":{"plz":"68219","name":"68219 Mannheim"}},{"type":"Feature","geometry":{"type":"Polygon","coordinates":[[[8.57352,49.42175],[8.58292,49.42651],[8.58762,49.43325],[8.57893,49.44664],[8.56147,49.45309],[8.55918,49.43712],[8.56525,49.43498],[8.55738,49.42793],[8.56425,49.42119],[8.57352,49.42175]]]},"properties":{"plz":"68229","name":"68229 Mannheim"}},{"type":"Feature","geometry":{"type":"Polygon","coordinates":[[[8.52876,49.45373],[8.52606,49.45077],[8.55604,49.44359],[8.55918,49.43712],[8.56147,49.45309],[8.57893,49.44664],[8.58999,49.45954],[8.58497,49.46048],[8.57071,49.4623],[8.55716,49.47623],[8.54367,49.47726],[8.53911,49.46383],[8.52876,49.45373]]]},"properties":{"plz":"68239","name":"68239 Mannheim"}},{"type":"Feature","geometry":{"type":"Polygon","coordinates":[[[8.54367,49.47726],[8.55293,49.49092],[8.574,49.49472],[8.58703,49.50247],[8.58129,49.51983],[8.56008,49.52066],[8.5606,49.50921],[8.53617,49.49966],[8.51816,49.50426],[8.5087,49.5006],[8.50852,49.49321],[8.50847,49.4835],[8.53087,49.4767],[8.54367,49.47726]]]},"properties":{"plz":"68259","name":"68259 Mannheim"}},{"type":"Feature","geometry":{"type":"Polygon","coordinates":[[[8.49356,49.51146],[8.50915,49.51932],[8.51704,49.51678],[8.50981,49.52985],[8.52209,49.53107],[8.52538,49.54874],[8.51688,49.55529],[8.48219,49.55434],[8.48242,49.53133],[8.4625,49.54028],[8.45639,49.53316],[8.46826,49.52733],[8.46852,49.51734],[8.49356,49.51146]]]},"properties":{"plz":"68305","name":"68305 Mannheim"}},{"type":"Feature","geometry":{"type":"Polygon","coordinates":[[[8.42356,49.54102],[8.44078,49.53486],[8.45639,49.53316],[8.4625,49.54028],[8.48242,49.53133],[8.48219,49.55434],[8.51688,49.55529],[8.49507,49.57294],[8.48174,49.57449],[8.47613,49.5844],[8.46455,49.58952],[8.44029,49.5894],[8.43828,49.58389],[8.42264,49.5835],[8.42197,49.57268],[8.41417,49.55734],[8.42315,49.54191],[8.42356,49.54102]]]},"properties":{"plz":"68307","name":"68307 Mannheim"}},{"type":"Feature","geometry":{"type":"Polygon","coordinates":[[[8.50852,49.49321],[8.5087,49.5006],[8.51816,49.50426],[8.53617,49.49966],[8.5606,49.50921],[8.56008,49.52066],[8.5418,49.52847],[8.53244,49.53635],[8.52538,49.54874],[8.52209,49.53107],[8.50981,49.52985],[8.51704,49.51678],[8.50915,49.51932],[8.49356,49.51146],[8.50286,49.5031],[8.50852,49.49321]]]},"properties":{"plz":"68309","name":"68309 Mannheim"}},{"type":"Feature","geometry":{"type":"Polygon","coordinates":[[[8.58129,49.51983],[8.5928,49.52346],[8.60985,49.52136],[8.60702,49.53347],[8.61676,49.54033],[8.6204,49.54602],[8.61083,49.56441],[8.60336,49.59384],[8.59416,49.59278],[8.55514,49.5858],[8.5135,49.58679],[8.49507,49.57294],[8.51688,49.55529],[8.52538,49.54874],[8.53244,49.53635],[8.5418,49.52847],[8.56008,49.52066],[8.58129,49.51983]]]},"properties":{"plz":"68519","name":"68519 Viernheim"}},{"type":"Feature","geometry":{"type":"Polygon","coordinates":[[[8.57649,49.49325],[8.57796,49.47769],[8.60296,49.47064],[8.61244,49.45068],[8.61995,49.4449],[8.64301,49.45465],[8.64591,49.46203],[8.63847,49.49021],[8.63475,49.50053],[8.62651,49.50118],[8.61544,49.49798],[8.60039,49.49939],[8.57649,49.49325]]]},"properties":{"plz":"68526","name":"68526 Ladenburg"}},{"type":"Feature","geometry":{"type":"Polygon","coordinates":[[[8.58292,49.42651],[8.59296,49.43013],[8.60973,49.42424],[8.6287,49.44312],[8.61995,49.4449],[8.61244,49.45068],[8.60296,49.47064],[8.57796,49.47769],[8.57332,49.47226],[8.58603,49.46654],[8.58497,49.46048],[8.58999,49.45954],[8.57893,49.44664],[8.58762,49.43325],[8.58292,49.42651]]]},"properties":{"plz":"68535","name":"68535 Edingen-Neckarhausen"}},{"type":"Feature","geometry":{"type":"Polygon","coordinates":[[[8.574,49.49472],[8.57649,49.49325],[8.60039,49.49939],[8.61544,49.49798],[8.62651,49.50118],[8.63913,49.51528],[8.64019,49.52675],[8.63468,49.52762],[8.62589,49.54034],[8.61676,49.54033],[8.60702,49.53347],[8.60985,49.52136],[8.5928,49.52346],[8.58129,49.51983],[8.58703,49.50247],[8.574,49.49472]]]},"properties":{"plz":"68542","name":"68542 Heddesheim"}},{"type":"Feature","geometry":{"type":"Polygon","coordinates":[[[8.58497,49.46048],[8.58603,49.46654],[8.57332,49.47226],[8.57796,49.47769],[8.57649,49.49325],[8.574,49.49472],[8.55293,49.49092],[8.54367,49.47726],[8.55716,49.47623],[8.57071,49.4623],[8.58497,49.46048]]]},"properties":{"plz":"68549","name":"68549 Ilvesheim"}},{"type":"Feature","geometry":{"type":"Polygon","coordinates":[[[8.52131,49.62315],[8.48395,49.61514],[8.46264,49.61333],[8.42804,49.62834],[8.41877,49.64025],[8.43145,49.65682],[8.44988,49.65721],[8.43736,49.66088],[8.4378,49.67496],[8.42225,49.67877],[8.38916,49.66251],[8.38237,49.66818],[8.36464,49.66379],[8.36957,49.65919],[8.38282,49.62599],[8.40839,49.60588],[8.41465,49.59501],[8.42264,49.5835],[8.43828,49.58389],[8.44029,49.5894],[8.46455,49.58952],[8.47613,49.5844],[8.48174,49.57449],[8.49507,49.57294],[8.5135,49.58679],[8.55514,49.5858],[8.59416,49.59278],[8.58939,49.60448],[8.5855,49.60158],[8.57898,49.61684],[8.56461,49.61503],[8.57307,49.63448],[8.54037,49.62314],[8.52131,49.62315]]]},"properties":{"plz":"68623","name":"68623 Lampertheim"}},{"type":"Feature","geometry":{"type":"Polygon","coordinates":[[[8.51397,49.64157],[8.50805,49.6554],[8.51839,49.65633],[8.52072,49.66687],[8.50704,49.66743],[8.5039,49.66086],[8.49301,49.66005],[8.47944,49.66438],[8.45837,49.67156],[8.4378,49.67496],[8.43736,49.66088],[8.44988,49.65721],[8.43145,49.65682],[8.41877,49.64025],[8.42804,49.62834],[8.46264,49.61333],[8.48395,49.61514],[8.52131,49.62315],[8.51397,49.64157]]]},"properties":{"plz":"68642","name":"68642 Bürstadt"}},{"type":"Feature","geometry":{"type":"Polygon","coordinates":[[[8.50139,49.70325],[8.46718,49.69655],[8.46619,49.70031],[8.44748,49.69983],[8.43844,49.70267],[8.42454,49.71617],[8.38993,49.70959],[8.36409,49.69879],[8.3573,49.69171],[8.35599,49.67761],[8.36464,49.66379],[8.38237,49.66818],[8.38916,49.66251],[8.42225,49.67877],[8.4378,49.67496],[8.45837,49.67156],[8.47944,49.66438],[8.49293,49.68045],[8.51107,49.67522],[8.50139,49.70325]]]},"properties":{"plz":"68647","name":"68647 Biblis"}},{"type":"Feature","geometry":{"type":"Polygon","coordinates":[[[8.44822,49.73351],[8.44621,49.73052],[8.43838,49.72236],[8.42454,49.71617],[8.43844,49.70267],[8.44748,49.69983],[8.46619,49.70031],[8.46718,49.69655],[8.50139,49.70325],[8.51709,49.71043],[8.53491,49.71232],[8.54033,49.71769],[8.53384,49.72459],[8.49457,49.72296],[8.47121,49.72903],[8.45818,49.72575],[8.44822,49.73351]]]},"properties":{"plz":"68649","name":"68649 Groß-Rohrheim"}},{"type":"Feature","geometry":{"type":"Polygon","coordinates":[[[8.54366,49.41201],[8.53856,49.40293],[8.54182,49.39508],[8.56025,49.38809],[8.55164,49.36317],[8.54628,49.36474],[8.53265,49.3546],[8.53675,49.34336],[8.54814,49.34631],[8.54997,49.33969],[8.56701,49.33781],[8.57118,49.34248],[8.60153,49.33737],[8.60582,49.34139],[8.63323,49.35284],[8.62021,49.35407],[8.62447,49.35906],[8.601,49.3662],[8.60688,49.37675],[8.61793,49.37928],[8.61328,49.38462],[8.61146,49.40547],[8.60354,49.4091],[8.57491,49.41266],[8.57343,49.41576],[8.56637,49.41799],[8.5406,49.41605],[8.54366,49.41201]]]},"properties":{"plz":"68723","name":"68723 Schwetzingen"}},{"type":"Feature","geometry":{"type":"Polygon","coordinates":[[[8.47896,49.24404],[8.48358,49.23719],[8.48382,49.22103],[8.49994,49.21093],[8.50816,49.18978],[8.51602,49.19149],[8.532,49.19252],[8.54868,49.21495],[8.57346,49.20818],[8.58223,49.2214],[8.59872,49.24674],[8.57049,49.25489],[8.57513,49.26224],[8.56148,49.26607],[8.54805,49.26986],[8.54355,49.26284],[8.53507,49.24919],[8.50643,49.25539],[8.50267,49.2483],[8.49339,49.24983],[8.47896,49.24404]]]},"properties":{"plz":"68753","name":"68753 Waghäusel"}},{"type":"Feature","geometry":{"type":"Polygon","coordinates":[[[8.47052,49.34069],[8.45547,49.33204],[8.46396,49.32639],[8.47965,49.3259],[8.49713,49.31285],[8.51825,49.30611],[8.52946,49.30696],[8.54911,49.30394],[8.57962,49.30483],[8.58334,49.31179],[8.57715,49.31757],[8.604,49.32928],[8.60153,49.33737],[8.57118,49.34248],[8.56701,49.33781],[8.54997,49.33969],[8.54814,49.34631],[8.53675,49.34336],[8.52449,49.34322],[8.51739,49.33672],[8.50611,49.3557],[8.492,49.35709],[8.47052,49.34069]]]},"properties":{"plz":"68766","name":"68766 Hockenheim"}},{"type":"Feature","geometry":{"type":"Polygon","coordinates":[[[8.492,49.35709],[8.50611,49.3557],[8.51739,49.33672],[8.52449,49.34322],[8.53675,49.34336],[8.53265,49.3546],[8.54628,49.36474],[8.55164,49.36317],[8.56025,49.38809],[8.54182,49.39508],[8.54142,49.38638],[8.51648,49.38624],[8.50056,49.38901],[8.50013,49.37249],[8.492,49.35709]]]},"properties":{"plz":"68775","name":"68775 Ketsch"}},{"type":"Feature","geometry":{"type":"Polygon","coordinates":[[[8.49666,49.40803],[8.49621,49.40413],[8.49251,49.39917],[8.46554,49.3874],[8.46418,49.37685],[8.47688,49.37466],[8.50056,49.38901],[8.51648,49.38624],[8.54142,49.38638],[8.54182,49.39508],[8.53856,49.40293],[8.54366,49.41201],[8.52419,49.41134],[8.52255,49.41823],[8.49741,49.41119],[8.49666,49.40803]]]},"properties":{"plz":"68782","name":"68782 Brühl"}},{"type":"Feature","geometry":{"type":"Polygon","coordinates":[[[8.59872,49.24674],[8.61444,49.2409],[8.62792,49.24319],[8.64272,49.23532],[8.64691,49.24028],[8.65089,49.24297],[8.65239,49.26096],[8.65697,49.26543],[8.65632,49.27273],[8.6478,49.27736],[8.63224,49.27689],[8.60141,49.29154],[8.60369,49.28533],[8.57053,49.28667],[8.57256,49.28416],[8.56148,49.26607],[8.57513,49.26224],[8.57049,49.25489],[8.59872,49.24674]]]},"properties":{"plz":"68789","name":"68789 Sankt Leon-Rot"}},{"type":"Feature","geometry":{"type":"Polygon","coordinates":[[[8.46697,49.28306],[8.45524,49.27703],[8.44555,49.26686],[8.46553,49.26454],[8.47452,49.2454],[8.47896,49.24404],[8.49339,49.24983],[8.50267,49.2483],[8.50643,49.25539],[8.53507,49.24919],[8.54355,49.26284],[8.52631,49.26551],[8.52005,49.27797],[8.51291,49.27871],[8.48701,49.29015],[8.46697,49.28306]]]},"properties":{"plz":"68794","name":"68794 Oberhausen-Rheinhausen"}},{"type":"Feature","geometry":{"type":"Polygon","coordinates":[[[8.56148,49.26607],[8.57256,49.28416],[8.57053,49.28667],[8.60369,49.28533],[8.60141,49.29154],[8.59902,49.30991],[8.60989,49.31931],[8.604,49.32928],[8.57715,49.31757],[8.58334,49.31179],[8.57962,49.30483],[8.54911,49.30394],[8.52946,49.30696],[8.5322,49.296],[8.54437,49.28991],[8.55125,49.28947],[8.54563,49.27933],[8.55274,49.27731],[8.54805,49.26986],[8.56148,49.26607]]]},"properties":{"plz":"68799","name":"68799 Reilingen"}},{"type":"Feature","geometry":{"type":"Polygon","coordinates":[[[8.48701,49.29015],[8.51291,49.27871],[8.52005,49.27797],[8.52631,49.26551],[8.54355,49.26284],[8.54805,49.26986],[8.55274,49.27731],[8.54563,49.27933],[8.55125,49.28947],[8.54437,49.28991],[8.52825,49.29205],[8.52348,49.28255],[8.5095,49.28571],[8.51825,49.30611],[8.49713,49.31285],[8.47965,49.3259],[8.46396,49.32639],[8.45547,49.33204],[8.45222,49.31711],[8.48339,49.30524],[8.48701,49.29015]]]},"properties":{"plz":"68804","name":"68804 Altlußheim"}},{"type":"Feature","geometry":{"type":"Polygon","coordinates":[[[8.51825,49.30611],[8.5095,49.28571],[8.52348,49.28255],[8.52825,49.29205],[8.54437,49.28991],[8.5322,49.296],[8.52946,49.30696],[8.51825,49.30611]]]},"properties":{"plz":"68809","name":"68809 Neulußheim"}},{"type":"Feature","geometry":{"type":"Polygon","coordinates":[[[8.66181,49.41177],[8.65275,49.40539],[8.66998,49.39839],[8.67801,49.39516],[8.69078,49.39879],[8.6949,49.3955],[8.69885,49.40438],[8.69239,49.41191],[8.66181,49.41177]]]},"properties":{"plz":"69115","name":"69115 Heidelberg"}},{"type":"Feature","geometry":{"type":"Polygon","coordinates":[[[8.6949,49.3955],[8.69749,49.37951],[8.71546,49.38382],[8.7274,49.37555],[8.73233,49.37222],[8.74804,49.37346],[8.75477,49.37757],[8.76883,49.37919],[8.76289,49.38644],[8.74327,49.3964],[8.73695,49.40383],[8.71887,49.41545],[8.69239,49.41191],[8.69885,49.40438],[8.6949,49.3955]]]},"properties":{"plz":"69117","name":"69117 Heidelberg"}},{"type":"Feature","geometry":{"type":"Polygon","coordinates":[[[8.76289,49.38644],[8.77366,49.38939],[8.77835,49.40224],[8.79359,49.40519],[8.79307,49.41042],[8.78834,49.43115],[8.7664,49.43737],[8.7617,49.45062],[8.76771,49.45419],[8.75158,49.4592],[8.74167,49.45756],[8.7457,49.44689],[8.73462,49.44883],[8.74048,49.43753],[8.72482,49.42289],[8.71887,49.41545],[8.73695,49.40383],[8.74327,49.3964],[8.76289,49.38644]]]},"properties":{"plz":"69118","name":"69118 Heidelberg"}},{"type":"Feature","geometry":{"type":"Polygon","coordinates":[[[8.69239,49.41191],[8.71887,49.41545],[8.72482,49.42289],[8.70618,49.42115],[8.67684,49.42306],[8.65447,49.41895],[8.66181,49.41177],[8.69239,49.41191]]]},"properties":{"plz":"69120","name":"69120 Heidelberg"}},{"type":"Feature","geometry":{"type":"Polygon","coordinates":[[[8.73462,49.44883],[8.71517,49.45242],[8.70933,49.4462],[8.65531,49.43994],[8.64655,49.43663],[8.65447,49.41895],[8.67684,49.42306],[8.70618,49.42115],[8.72482,49.42289],[8.74048,49.43753],[8.73462,49.44883]]]},"properties":{"plz":"69121","name":"69121 Heidelberg"}},{"type":"Feature","geometry":{"type":"Polygon","coordinates":[[[8.57343,49.41576],[8.57491,49.41266],[8.60354,49.4091],[8.61146,49.40547],[8.63275,49.41503],[8.6383,49.39272],[8.64343,49.39338],[8.66998,49.39839],[8.65275,49.40539],[8.66181,49.41177],[8.65447,49.41895],[8.64655,49.43663],[8.6287,49.44312],[8.60973,49.42424],[8.59296,49.43013],[8.58292,49.42651],[8.57352,49.42175],[8.57343,49.41576]]]},"properties":{"plz":"69123","name":"69123 Heidelberg"}},{"type":"Feature","geometry":{"type":"Polygon","coordinates":[[[8.63323,49.35284],[8.64027,49.36998],[8.65916,49.36257],[8.65128,49.35325],[8.66055,49.35385],[8.67244,49.36152],[8.67783,49.37819],[8.67801,49.39516],[8.66998,49.39839],[8.64343,49.39338],[8.6475,49.38854],[8.6336,49.38717],[8.61793,49.37928],[8.60688,49.37675],[8.601,49.3662],[8.62447,49.35906],[8.62021,49.35407],[8.63323,49.35284]]]},"properties":{"plz":"69124","name":"69124 Heidelberg"}},{"type":"Feature","geometry":{"type":"Polygon","coordinates":[[[8.67801,49.39516],[8.67783,49.37819],[8.67244,49.36152],[8.71089,49.35511],[8.72606,49.36005],[8.7304,49.36793],[8.7274,49.37555],[8.71546,49.38382],[8.69749,49.37951],[8.6949,49.3955],[8.69078,49.39879],[8.67801,49.39516]]]},"properties":{"plz":"69126","name":"69126 Heidelberg"}},{"type":"Feature","geometry":{"type":"Polygon","coordinates":[[[8.75477,49.37757],[8.76752,49.36893],[8.77629,49.37179],[8.78809,49.36833],[8.78816,49.37807],[8.80106,49.38302],[8.80063,49.3741],[8.81801,49.38157],[8.82898,49.37116],[8.8561,49.37505],[8.85833,49.37859],[8.88062,49.38584],[8.89135,49.39913],[8.89053,49.40411],[8.88275,49.41628],[8.87203,49.41203],[8.86377,49.40261],[8.8508,49.39526],[8.83885,49.40512],[8.82687,49.40651],[8.82212,49.39557],[8.80345,49.40284],[8.80129,49.41101],[8.79307,49.41042],[8.79359,49.40519],[8.77835,49.40224],[8.77366,49.38939],[8.76289,49.38644],[8.76883,49.37919],[8.75477,49.37757]]]},"properties":{"plz":"69151","name":"69151 Neckargemünd"}},{"type":"Feature","geometry":{"type":"Polygon","coordinates":[[[8.65697,49.26543],[8.67113,49.27195],[8.7181,49.28043],[8.73278,49.29421],[8.75951,49.29467],[8.76781,49.2996],[8.76864,49.30716],[8.7783,49.31527],[8.78019,49.32316],[8.77151,49.3295],[8.7528,49.32774],[8.7366,49.33041],[8.73684,49.31942],[8.72042,49.30939],[8.68266,49.30584],[8.66783,49.30848],[8.66469,49.29252],[8.6478,49.27736],[8.65632,49.27273],[8.65697,49.26543]]]},"properties":{"plz":"69168","name":"69168 Wiesloch"}},{"type":"Feature","geometry":{"type":"MultiPolygon","coordinates":[[[[8.60153,49.33737],[8.604,49.32928],[8.60989,49.31931],[8.62244,49.32701],[8.62347,49.33319],[8.60582,49.34139],[8.60153,49.33737]]],[[[8.66055,49.35385],[8.66786,49.34115],[8.66276,49.33218],[8.66538,49.31359],[8.66857,49.31258],[8.67874,49.33466],[8.70271,49.33803],[8.72052,49.33575],[8.725,49.33985],[8.7366,49.33041],[8.7528,49.32774],[8.77151,49.3295],[8.76985,49.3338],[8.74424,49.35803],[8.73647,49.34896],[8.72042,49.34758],[8.72976,49.35258],[8.72606,49.36005],[8.71089,49.35511],[8.67244,49.36152],[8.66055,49.35385]]]]},"properties":{"plz":"69181","name":"69181 Leimen"}},{"type":"Feature","geometry":{"type":"Polygon","coordinates":[[[8.6478,49.27736],[8.66469,49.29252],[8.66783,49.30848],[8.66857,49.31258],[8.66538,49.31359],[8.65561,49.31934],[8.64415,49.31953],[8.62244,49.32701],[8.60989,49.31931],[8.59902,49.30991],[8.60141,49.29154],[8.63224,49.27689],[8.6478,49.27736]]]},"properties":{"plz":"69190","name":"69190 Walldorf"}},{"type":"Feature","geometry":{"type":"Polygon","coordinates":[[[8.64591,49.46203],[8.66344,49.45622],[8.67791,49.46101],[8.68165,49.46675],[8.70043,49.46672],[8.71629,49.45489],[8.74167,49.45756],[8.75158,49.4592],[8.75009,49.47676],[8.77033,49.47955],[8.77011,49.4872],[8.76244,49.48735],[8.74922,49.4955],[8.72573,49.49974],[8.71302,49.49459],[8.69843,49.49379],[8.68269,49.48772],[8.65641,49.49518],[8.65679,49.4884],[8.63847,49.49021],[8.64591,49.46203]]]},"properties":{"plz":"69198","name":"69198 Schriesheim"}},{"type":"Feature","geometry":{"type":"Polygon","coordinates":[[[8.60582,49.34139],[8.62347,49.33319],[8.62244,49.32701],[8.64415,49.31953],[8.65561,49.31934],[8.66538,49.31359],[8.66276,49.33218],[8.66786,49.34115],[8.66055,49.35385],[8.65128,49.35325],[8.65916,49.36257],[8.64027,49.36998],[8.63323,49.35284],[8.60582,49.34139]]]},"properties":{"plz":"69207","name":"69207 Sandhausen"}},{"type":"Feature","geometry":{"type":"Polygon","coordinates":[[[8.61793,49.37928],[8.6336,49.38717],[8.6475,49.38854],[8.64343,49.39338],[8.6383,49.39272],[8.63275,49.41503],[8.61146,49.40547],[8.61328,49.38462],[8.61793,49.37928]]]},"properties":{"plz":"69214","name":"69214 Eppelheim"}},{"type":"Feature","geometry":{"type":"Polygon","coordinates":[[[8.61995,49.4449],[8.6287,49.44312],[8.64655,49.43663],[8.65531,49.43994],[8.70933,49.4462],[8.71517,49.45242],[8.73462,49.44883],[8.7457,49.44689],[8.74167,49.45756],[8.71629,49.45489],[8.70043,49.46672],[8.68165,49.46675],[8.67791,49.46101],[8.66344,49.45622],[8.64591,49.46203],[8.64301,49.45465],[8.61995,49.4449]]]},"properties":{"plz":"69221","name":"69221 Dossenheim"}},{"type":"Feature","geometry":{"type":"Polygon","coordinates":[[[8.7366,49.33041],[8.725,49.33985],[8.72052,49.33575],[8.70271,49.33803],[8.67874,49.33466],[8.66857,49.31258],[8.66783,49.30848],[8.68266,49.30584],[8.72042,49.30939],[8.73684,49.31942],[8.7366,49.33041]]]},"properties":{"plz":"69226","name":"69226 Nußloch"}},{"type":"Feature","geometry":{"type":"Polygon","coordinates":[[[8.65239,49.26096],[8.66117,49.25307],[8.68206,49.2501],[8.68989,49.25494],[8.70113,49.25289],[8.72385,49.25716],[8.72564,49.26485],[8.71628,49.27182],[8.7181,49.28043],[8.67113,49.27195],[8.65697,49.26543],[8.65239,49.26096]]]},"properties":{"plz":"69231","name":"69231 Rauenberg"}},{"type":"Feature","geometry":{"type":"Polygon","coordinates":[[[8.7181,49.28043],[8.71628,49.27182],[8.72564,49.26485],[8.74425,49.26341],[8.76001,49.27069],[8.76994,49.26061],[8.78918,49.25971],[8.79643,49.26591],[8.80505,49.26498],[8.80345,49.28034],[8.79246,49.28418],[8.7877,49.29366],[8.7995,49.30493],[8.79528,49.31164],[8.78702,49.30979],[8.7783,49.31527],[8.76864,49.30716],[8.76781,49.2996],[8.75951,49.29467],[8.73278,49.29421],[8.7181,49.28043]]]},"properties":{"plz":"69234","name":"69234 Dielheim"}},{"type":"Feature","geometry":{"type":"Polygon","coordinates":[[[8.88275,49.41628],[8.89444,49.4238],[8.89001,49.42435],[8.87224,49.43999],[8.8533,49.44786],[8.84873,49.4557],[8.83213,49.45496],[8.8356,49.42867],[8.82721,49.42221],[8.80653,49.41927],[8.80129,49.41101],[8.80345,49.40284],[8.82212,49.39557],[8.82687,49.40651],[8.83885,49.40512],[8.8508,49.39526],[8.86377,49.40261],[8.87203,49.41203],[8.88275,49.41628]]]},"properties":{"plz":"69239","name":"69239 Neckarsteinach"}},{"type":"Feature","geometry":{"type":"Polygon","coordinates":[[[8.70113,49.25289],[8.68737,49.24455],[8.68671,49.22911],[8.69073,49.22934],[8.70136,49.22673],[8.72268,49.23804],[8.72953,49.22809],[8.73621,49.23011],[8.73847,49.23812],[8.76673,49.24763],[8.76385,49.25389],[8.76994,49.26061],[8.76001,49.27069],[8.74425,49.26341],[8.72564,49.26485],[8.72385,49.25716],[8.70113,49.25289]]]},"properties":{"plz":"69242","name":"69242 Mühlhausen"}},{"type":"Feature","geometry":{"type":"Polygon","coordinates":[[[8.74804,49.37346],[8.76129,49.36714],[8.74424,49.35803],[8.76985,49.3338],[8.77767,49.34171],[8.80292,49.35044],[8.79676,49.35763],[8.80063,49.3741],[8.80106,49.38302],[8.78816,49.37807],[8.78809,49.36833],[8.77629,49.37179],[8.76752,49.36893],[8.75477,49.37757],[8.74804,49.37346]]]},"properties":{"plz":"69245","name":"69245 Bammental"}},{"type":"Feature","geometry":{"type":"Polygon","coordinates":[[[8.79307,49.41042],[8.80129,49.41101],[8.80653,49.41927],[8.82721,49.42221],[8.8356,49.42867],[8.83213,49.45496],[8.81092,49.47512],[8.79627,49.47411],[8.7891,49.46877],[8.78592,49.45673],[8.77737,49.45864],[8.76771,49.45419],[8.7617,49.45062],[8.7664,49.43737],[8.78834,49.43115],[8.79307,49.41042]]]},"properties":{"plz":"69250","name":"69250 Schönau"}},{"type":"Feature","geometry":{"type":"Polygon","coordinates":[[[8.7274,49.37555],[8.7304,49.36793],[8.72606,49.36005],[8.72976,49.35258],[8.72042,49.34758],[8.73647,49.34896],[8.74424,49.35803],[8.76129,49.36714],[8.74804,49.37346],[8.73233,49.37222],[8.7274,49.37555]]]},"properties":{"plz":"69251","name":"69251 Gaiberg"}},{"type":"Feature","geometry":{"type":"Polygon","coordinates":[[[8.77033,49.47955],[8.7891,49.46877],[8.79627,49.47411],[8.81092,49.47512],[8.81221,49.48441],[8.82122,49.5018],[8.82132,49.51333],[8.81238,49.5268],[8.80559,49.52366],[8.79852,49.51136],[8.7731,49.518],[8.7664,49.5148],[8.75625,49.49885],[8.74922,49.4955],[8.76244,49.48735],[8.77011,49.4872],[8.77033,49.47955]]]},"properties":{"plz":"69253","name":"69253 Heiligkreuzsteinach"}},{"type":"Feature","geometry":{"type":"Polygon","coordinates":[[[8.64691,49.24028],[8.65927,49.23324],[8.68671,49.22911],[8.68737,49.24455],[8.70113,49.25289],[8.68989,49.25494],[8.68206,49.2501],[8.66117,49.25307],[8.65239,49.26096],[8.65089,49.24297],[8.64691,49.24028]]]},"properties":{"plz":"69254","name":"69254 Malsch"}},{"type":"Feature","geometry":{"type":"Polygon","coordinates":[[[8.78019,49.32316],[8.80163,49.32918],[8.81232,49.3411],[8.83085,49.35161],[8.81613,49.34634],[8.80292,49.35044],[8.77767,49.34171],[8.76985,49.3338],[8.77151,49.3295],[8.78019,49.32316]]]},"properties":{"plz":"69256","name":"69256 Mauer"}},{"type":"Feature","geometry":{"type":"Polygon","coordinates":[[[8.80063,49.3741],[8.79676,49.35763],[8.80292,49.35044],[8.81613,49.34634],[8.83085,49.35161],[8.8401,49.35265],[8.85317,49.35086],[8.85969,49.35618],[8.8561,49.37505],[8.82898,49.37116],[8.81801,49.38157],[8.80063,49.3741]]]},"properties":{"plz":"69257","name":"69257 Wiesenbach"}},{"type":"Feature","geometry":{"type":"Polygon","coordinates":[[[8.76771,49.45419],[8.77737,49.45864],[8.78592,49.45673],[8.7891,49.46877],[8.77033,49.47955],[8.75009,49.47676],[8.75158,49.4592],[8.76771,49.45419]]]},"properties":{"plz":"69259","name":"69259 Wilhelmsfeld"}},{"type":"Feature","geometry":{"type":"Polygon","coordinates":[[[8.93159,49.47056],[8.95163,49.45598],[8.92722,49.44965],[8.92538,49.44304],[8.93206,49.44908],[8.95303,49.45085],[8.95653,49.43503],[8.96641,49.43443],[8.98313,49.41864],[9.00209,49.42741],[9.00033,49.41763],[9.01263,49.41442],[9.02526,49.41981],[9.02206,49.42332],[9.01939,49.42627],[9.03478,49.4384],[9.04466,49.44218],[9.0459,49.44844],[9.02465,49.47164],[9.04298,49.47488],[9.05245,49.48194],[9.05849,49.47653],[9.06176,49.48579],[9.08648,49.50013],[9.07095,49.50899],[9.07717,49.52325],[9.0837,49.52628],[9.06416,49.53025],[9.05023,49.52],[9.04087,49.49844],[9.01603,49.49833],[9.00392,49.50431],[8.99196,49.50322],[8.98606,49.51025],[8.96833,49.50145],[8.95159,49.50546],[8.95791,49.49554],[8.94322,49.48588],[8.93159,49.47056]]]},"properties":{"plz":"69412","name":"69412 Eberbach"}},{"type":"Feature","geometry":{"type":"Polygon","coordinates":[[[9.22469,49.57896],[9.19456,49.57388],[9.18074,49.57373],[9.15918,49.57964],[9.12054,49.57349],[9.10269,49.57754],[9.10052,49.56137],[9.09619,49.55087],[9.08581,49.54433],[9.11556,49.53377],[9.1266,49.52157],[9.1199,49.51218],[9.10635,49.50975],[9.09971,49.52618],[9.0837,49.52628],[9.07717,49.52325],[9.07095,49.50899],[9.08648,49.50013],[9.10046,49.49102],[9.11177,49.48863],[9.12312,49.48655],[9.14233,49.49301],[9.15409,49.48799],[9.18417,49.48934],[9.21156,49.5013],[9.23226,49.49776],[9.23256,49.51393],[9.25627,49.51661],[9.26379,49.52539],[9.26178,49.53872],[9.27776,49.54026],[9.2693,49.54688],[9.25999,49.54518],[9.25286,49.55295],[9.2618,49.55926],[9.27703,49.55754],[9.27362,49.56428],[9.26171,49.57098],[9.25507,49.56789],[9.24045,49.58144],[9.23082,49.58048],[9.22469,49.57896]]]},"properties":{"plz":"69427","name":"69427 Mudau"}},{"type":"Feature","geometry":{"type":"Polygon","coordinates":[[[9.02206,49.42332],[9.0415,49.42811],[9.05616,49.42805],[9.05108,49.4151],[9.06925,49.42431],[9.0972,49.42078],[9.1146,49.42797],[9.11783,49.43732],[9.126,49.44077],[9.12027,49.45579],[9.13041,49.46095],[9.12125,49.46813],[9.11995,49.47548],[9.10873,49.47881],[9.11177,49.48863],[9.10046,49.49102],[9.08648,49.50013],[9.06176,49.48579],[9.05849,49.47653],[9.05245,49.48194],[9.04298,49.47488],[9.02465,49.47164],[9.0459,49.44844],[9.04466,49.44218],[9.03478,49.4384],[9.01939,49.42627],[9.02206,49.42332]]]},"properties":{"plz":"69429","name":"69429 Waldbrunn"}},{"type":"Feature","geometry":{"type":"Polygon","coordinates":[[[8.90067,49.48483],[8.89974,49.50359],[8.88183,49.50607],[8.85654,49.50117],[8.84766,49.50182],[8.83192,49.49137],[8.82122,49.5018],[8.81221,49.48441],[8.81092,49.47512],[8.83213,49.45496],[8.84873,49.4557],[8.8533,49.44786],[8.87224,49.43999],[8.89001,49.42435],[8.89444,49.4238],[8.90015,49.44275],[8.91036,49.43767],[8.92538,49.44304],[8.92722,49.44965],[8.95163,49.45598],[8.93159,49.47056],[8.92934,49.4758],[8.91547,49.48294],[8.90988,49.48023],[8.90067,49.48483]]]},"properties":{"plz":"69434","name":"69434 Hirschhorn, Brombach, Heddesbach"}},{"type":"Feature","geometry":{"type":"Polygon","coordinates":[[[8.89053,49.40411],[8.9068,49.40803],[8.91058,49.4024],[8.90005,49.39825],[8.91368,49.38632],[8.92321,49.38487],[8.93884,49.38796],[8.9495,49.39414],[8.96311,49.39853],[8.97072,49.39338],[8.99016,49.39917],[8.98946,49.41029],[8.98313,49.41864],[8.96641,49.43443],[8.95653,49.43503],[8.95303,49.45085],[8.93206,49.44908],[8.92538,49.44304],[8.91036,49.43767],[8.90015,49.44275],[8.89444,49.4238],[8.88275,49.41628],[8.89053,49.40411]]]},"properties":{"plz":"69436","name":"69436 Schönbrunn"}},{"type":"Feature","geometry":{"type":"Polygon","coordinates":[[[9.05108,49.4151],[9.0433,49.40523],[9.06081,49.40394],[9.06895,49.39469],[9.04438,49.39286],[9.03658,49.38018],[9.04491,49.37423],[9.05565,49.37258],[9.07732,49.38445],[9.08212,49.38194],[9.10271,49.38471],[9.08765,49.39763],[9.0972,49.42078],[9.06925,49.42431],[9.05108,49.4151]]]},"properties":{"plz":"69437","name":"69437 Neckargerach"}},{"type":"Feature","geometry":{"type":"Polygon","coordinates":[[[9.01263,49.41442],[9.01454,49.40704],[9.03012,49.41065],[9.03444,49.40308],[9.0433,49.40523],[9.05108,49.4151],[9.05616,49.42805],[9.0415,49.42811],[9.02206,49.42332],[9.02526,49.41981],[9.01263,49.41442]]]},"properties":{"plz":"69439","name":"69439 Zwingenberg"}},{"type":"Feature","geometry":{"type":"Polygon","coordinates":[[[8.61676,49.54033],[8.62589,49.54034],[8.63468,49.52762],[8.64019,49.52675],[8.64557,49.5214],[8.6627,49.51541],[8.68945,49.51399],[8.68617,49.50358],[8.69078,49.49931],[8.71302,49.49459],[8.72573,49.49974],[8.74922,49.4955],[8.75625,49.49885],[8.7664,49.5148],[8.74473,49.52338],[8.73733,49.51904],[8.73381,49.52524],[8.71673,49.52862],[8.70262,49.53528],[8.70508,49.54686],[8.69053,49.5561],[8.69151,49.5637],[8.68439,49.57034],[8.68342,49.58698],[8.66887,49.58239],[8.65043,49.58185],[8.63343,49.58843],[8.62976,49.58249],[8.62559,49.59123],[8.60336,49.59384],[8.61083,49.56441],[8.6204,49.54602],[8.61676,49.54033]]]},"properties":{"plz":"69469","name":"69469 Weinheim"}},{"type":"Feature","geometry":{"type":"Polygon","coordinates":[[[8.78564,49.58496],[8.79961,49.57436],[8.78611,49.57382],[8.79852,49.55553],[8.79909,49.54358],[8.80753,49.53521],[8.80152,49.53019],[8.80559,49.52366],[8.81238,49.5268],[8.82132,49.51333],[8.82122,49.5018],[8.83192,49.49137],[8.84766,49.50182],[8.85654,49.50117],[8.88183,49.50607],[8.89974,49.50359],[8.91176,49.52285],[8.89178,49.53235],[8.88884,49.55214],[8.88208,49.5573],[8.88038,49.56839],[8.88742,49.57702],[8.88262,49.59897],[8.8729,49.60689],[8.89107,49.60565],[8.88883,49.60916],[8.87573,49.61414],[8.87179,49.60728],[8.85423,49.60721],[8.85316,49.60188],[8.8317,49.60235],[8.80685,49.60685],[8.8078,49.59556],[8.78564,49.58496]]]},"properties":{"plz":"69483","name":"69483 Wald-Michelbach"}},{"type":"Feature","geometry":{"type":"Polygon","coordinates":[[[8.70508,49.54686],[8.7645,49.53927],[8.77059,49.53523],[8.77654,49.54563],[8.77371,49.55172],[8.76412,49.56137],[8.75605,49.55411],[8.74454,49.55326],[8.7509,49.57402],[8.72818,49.58578],[8.71979,49.58254],[8.71239,49.59686],[8.69834,49.59964],[8.69623,49.59213],[8.68342,49.58698],[8.68439,49.57034],[8.69151,49.5637],[8.69053,49.5561],[8.70508,49.54686]]]},"properties":{"plz":"69488","name":"69488 Birkenau"}},{"type":"Feature","geometry":{"type":"Polygon","coordinates":[[[8.63847,49.49021],[8.65679,49.4884],[8.65641,49.49518],[8.68269,49.48772],[8.69843,49.49379],[8.71302,49.49459],[8.69078,49.49931],[8.68617,49.50358],[8.68945,49.51399],[8.6627,49.51541],[8.64557,49.5214],[8.64019,49.52675],[8.63913,49.51528],[8.62651,49.50118],[8.63475,49.50053],[8.63847,49.49021]]]},"properties":{"plz":"69493","name":"69493 Hirschberg an der Bergstraße"}},{"type":"Feature","geometry":{"type":"Polygon","coordinates":[[[8.67984,49.60409],[8.66809,49.60123],[8.65176,49.60337],[8.64636,49.59818],[8.5948,49.60684],[8.58939,49.60448],[8.59416,49.59278],[8.60336,49.59384],[8.62559,49.59123],[8.62976,49.58249],[8.63343,49.58843],[8.65043,49.58185],[8.66887,49.58239],[8.68342,49.58698],[8.69623,49.59213],[8.69834,49.59964],[8.69103,49.6067],[8.67984,49.60409]]]},"properties":{"plz":"69502","name":"69502 Hemsbach"}},{"type":"Feature","geometry":{"type":"Polygon","coordinates":[[[8.69103,49.6067],[8.69834,49.59964],[8.71239,49.59686],[8.71979,49.58254],[8.72818,49.58578],[8.7509,49.57402],[8.74454,49.55326],[8.75605,49.55411],[8.76412,49.56137],[8.77371,49.55172],[8.77156,49.56078],[8.77867,49.56261],[8.78611,49.57382],[8.79961,49.57436],[8.78564,49.58496],[8.75684,49.59774],[8.75158,49.61376],[8.74156,49.61496],[8.74176,49.62245],[8.70751,49.62979],[8.69155,49.62362],[8.68831,49.61979],[8.69664,49.61779],[8.69103,49.6067]]]},"properties":{"plz":"69509","name":"69509 Mörlenbach"}},{"type":"Feature","geometry":{"type":"Polygon","coordinates":[[[8.68831,49.61979],[8.69155,49.62362],[8.67819,49.62568],[8.65387,49.61831],[8.64872,49.62022],[8.59757,49.61101],[8.5948,49.60684],[8.64636,49.59818],[8.65176,49.60337],[8.66809,49.60123],[8.67984,49.60409],[8.66921,49.61441],[8.67491,49.62081],[8.68831,49.61979]]]},"properties":{"plz":"69514","name":"69514 Laudenbach"}},{"type":"Feature","geometry":{"type":"Polygon","coordinates":[[[8.7731,49.518],[8.77059,49.53523],[8.7645,49.53927],[8.70508,49.54686],[8.70262,49.53528],[8.71673,49.52862],[8.73381,49.52524],[8.73733,49.51904],[8.74473,49.52338],[8.7664,49.5148],[8.7731,49.518]]]},"properties":{"plz":"69517","name":"69517 Gorxheimertal"}},{"type":"Feature","geometry":{"type":"Polygon","coordinates":[[[8.80559,49.52366],[8.80152,49.53019],[8.80753,49.53521],[8.79909,49.54358],[8.79852,49.55553],[8.78611,49.57382],[8.77867,49.56261],[8.77156,49.56078],[8.77371,49.55172],[8.77654,49.54563],[8.77059,49.53523],[8.7731,49.518],[8.79852,49.51136],[8.80559,49.52366]]]},"properties":{"plz":"69518","name":"69518 Abtsteinach"}},{"type":"Feature","geometry":{"type":"Polygon","coordinates":[[[9.04461,49.19732],[9.02683,49.19831],[9.0193,49.19525],[9.0247,49.18832],[9.00987,49.17986],[9.01659,49.16461],[9.03973,49.17027],[9.05501,49.17064],[9.05621,49.18464],[9.04531,49.19108],[9.04624,49.19585],[9.04461,49.19732]]]},"properties":{"plz":"74252","name":"74252 Massenbachhausen"}},{"type":"Feature","geometry":{"type":"Polygon","coordinates":[[[9.0972,49.42078],[9.08765,49.39763],[9.10271,49.38471],[9.10245,49.3775],[9.08782,49.36764],[9.10371,49.35833],[9.09723,49.3362],[9.09876,49.33036],[9.11413,49.3213],[9.12024,49.32649],[9.12949,49.32476],[9.13862,49.3313],[9.17614,49.3395],[9.17907,49.3374],[9.19688,49.34324],[9.19088,49.35386],[9.17795,49.35672],[9.17569,49.36467],[9.16267,49.37032],[9.15699,49.40422],[9.1789,49.40249],[9.18261,49.41944],[9.15252,49.41381],[9.14425,49.42255],[9.12784,49.42701],[9.12553,49.43274],[9.13744,49.43435],[9.15128,49.44356],[9.15094,49.45148],[9.13627,49.46075],[9.13041,49.46095],[9.12027,49.45579],[9.126,49.44077],[9.11783,49.43732],[9.1146,49.42797],[9.0972,49.42078]]]},"properties":{"plz":"74821","name":"74821 Mosbach"}},{"type":"Feature","geometry":{"type":"Polygon","coordinates":[[[9.11177,49.48863],[9.10873,49.47881],[9.11995,49.47548],[9.12125,49.46813],[9.13041,49.46095],[9.13627,49.46075],[9.15722,49.46988],[9.16816,49.46109],[9.17246,49.45242],[9.18416,49.44496],[9.21325,49.44566],[9.22163,49.44346],[9.23152,49.43065],[9.24539,49.43677],[9.25737,49.43629],[9.25766,49.43681],[9.2572,49.4481],[9.26223,49.45427],[9.25605,49.46099],[9.2421,49.46626],[9.24952,49.47021],[9.24779,49.48033],[9.23432,49.47935],[9.22451,49.49053],[9.23226,49.49776],[9.21156,49.5013],[9.18417,49.48934],[9.15409,49.48799],[9.14233,49.49301],[9.12312,49.48655],[9.11177,49.48863]]]},"properties":{"plz":"74838","name":"74838 Limbach"}},{"type":"Feature","geometry":{"type":"Polygon","coordinates":[[[9.04491,49.37423],[9.04315,49.3712],[9.03535,49.36105],[9.03574,49.35258],[9.0194,49.34601],[9.01164,49.33547],[9.03423,49.32214],[9.05127,49.32204],[9.06928,49.32726],[9.07476,49.32319],[9.07525,49.33368],[9.08328,49.33659],[9.09876,49.33036],[9.09723,49.3362],[9.10371,49.35833],[9.08782,49.36764],[9.07737,49.36891],[9.05359,49.36387],[9.05565,49.37258],[9.04491,49.37423]]]},"properties":{"plz":"74847","name":"74847 Obrigheim"}},{"type":"Feature","geometry":{"type":"Polygon","coordinates":[[[9.09876,49.33036],[9.08328,49.33659],[9.07525,49.33368],[9.07476,49.32319],[9.07857,49.31806],[9.0927,49.31602],[9.10605,49.31002],[9.10798,49.29625],[9.10386,49.28557],[9.11496,49.27711],[9.11511,49.27244],[9.15048,49.27394],[9.15391,49.2854],[9.13601,49.28636],[9.13403,49.29641],[9.14435,49.29243],[9.15401,49.29555],[9.15461,49.3094],[9.1531,49.30295],[9.13778,49.31461],[9.11413,49.3213],[9.09876,49.33036]]]},"properties":{"plz":"74855","name":"74855 Haßmersheim"}},{"type":"Feature","geometry":{"type":"Polygon","coordinates":[[[8.93884,49.38796],[8.94067,49.37229],[8.95166,49.37089],[8.96809,49.35917],[8.96584,49.3475],[8.97537,49.3398],[8.99103,49.34259],[8.99464,49.33578],[9.01164,49.33547],[9.0194,49.34601],[9.03574,49.35258],[9.03535,49.36105],[9.04315,49.3712],[9.03674,49.37729],[9.01506,49.37431],[9.01143,49.38102],[8.99961,49.3762],[8.99283,49.37645],[8.98929,49.36626],[8.97513,49.36584],[8.96522,49.38744],[8.94678,49.38946],[8.9495,49.39414],[8.93884,49.38796]]]},"properties":{"plz":"74858","name":"74858 Aglasterhausen"}},{"type":"Feature","geometry":{"type":"Polygon","coordinates":[[[9.05565,49.37258],[9.05359,49.36387],[9.07737,49.36891],[9.08782,49.36764],[9.10245,49.3775],[9.10271,49.38471],[9.08212,49.38194],[9.07732,49.38445],[9.05565,49.37258]]]},"properties":{"plz":"74862","name":"74862 Binau"}},{"type":"Feature","geometry":{"type":"Polygon","coordinates":[[[9.18261,49.41944],[9.18413,49.42754],[9.19457,49.4346],[9.18416,49.44496],[9.17246,49.45242],[9.16816,49.46109],[9.15722,49.46988],[9.13627,49.46075],[9.15094,49.45148],[9.15128,49.44356],[9.13744,49.43435],[9.12553,49.43274],[9.12784,49.42701],[9.14425,49.42255],[9.15252,49.41381],[9.18261,49.41944]]]},"properties":{"plz":"74864","name":"74864 Fahrenbach"}},{"type":"Feature","geometry":{"type":"Polygon","coordinates":[[[9.11413,49.3213],[9.13778,49.31461],[9.1531,49.30295],[9.15461,49.3094],[9.16278,49.3287],[9.17355,49.32341],[9.18716,49.32582],[9.17907,49.3374],[9.17614,49.3395],[9.13862,49.3313],[9.12949,49.32476],[9.12024,49.32649],[9.11413,49.3213]]]},"properties":{"plz":"74865","name":"74865 Neckarzimmern"}},{"type":"Feature","geometry":{"type":"Polygon","coordinates":[[[8.98313,49.41864],[8.98946,49.41029],[8.99016,49.39917],[9.00757,49.38667],[8.99961,49.3762],[9.01143,49.38102],[9.01506,49.37431],[9.03674,49.37729],[9.04315,49.3712],[9.04491,49.37423],[9.03658,49.38018],[9.04438,49.39286],[9.06895,49.39469],[9.06081,49.40394],[9.0433,49.40523],[9.03444,49.40308],[9.03012,49.41065],[9.01454,49.40704],[9.01263,49.41442],[9.00033,49.41763],[9.00209,49.42741],[8.98313,49.41864]]]},"properties":{"plz":"74867","name":"74867 Neunkirchen"}},{"type":"Feature","geometry":{"type":"Polygon","coordinates":[[[8.9495,49.39414],[8.94678,49.38946],[8.96522,49.38744],[8.97513,49.36584],[8.98929,49.36626],[8.99283,49.37645],[8.99961,49.3762],[9.00757,49.38667],[8.99016,49.39917],[8.97072,49.39338],[8.96311,49.39853],[8.9495,49.39414]]]},"properties":{"plz":"74869","name":"74869 Schwarzach"}},{"type":"Feature","geometry":{"type":"Polygon","coordinates":[[[8.76994,49.26061],[8.76385,49.25389],[8.76673,49.24763],[8.78156,49.2379],[8.80492,49.2417],[8.81393,49.23372],[8.7993,49.21666],[8.78893,49.21303],[8.78396,49.19795],[8.79384,49.20084],[8.80378,49.19806],[8.81336,49.20133],[8.81748,49.19414],[8.83935,49.18721],[8.86339,49.17437],[8.87472,49.1788],[8.89628,49.18183],[8.89344,49.18584],[8.89389,49.19374],[8.88665,49.20251],[8.95717,49.21303],[8.9629,49.22213],[8.9842,49.23221],[8.98921,49.24053],[9.00602,49.2426],[9.01045,49.24928],[8.99715,49.25323],[9.00278,49.2586],[8.99738,49.26562],[8.99247,49.26958],[8.97732,49.26545],[8.97295,49.27203],[8.94213,49.2748],[8.91348,49.27113],[8.88311,49.27859],[8.86641,49.27398],[8.86734,49.28148],[8.85157,49.28117],[8.85336,49.29265],[8.84858,49.29468],[8.84239,49.28932],[8.81759,49.28773],[8.80345,49.28034],[8.80505,49.26498],[8.79643,49.26591],[8.78918,49.25971],[8.76994,49.26061]]]},"properties":{"plz":"74889","name":"74889 Sinsheim"}},{"type":"Feature","geometry":{"type":"Polygon","coordinates":[[[9.11438,49.20972],[9.11675,49.21611],[9.10963,49.23274],[9.1221,49.23669],[9.12109,49.24692],[9.13635,49.25129],[9.15799,49.24355],[9.15776,49.25985],[9.15048,49.27394],[9.11511,49.27244],[9.1092,49.26146],[9.09635,49.25733],[9.07179,49.25961],[9.06032,49.26787],[9.06871,49.27909],[9.06305,49.28448],[9.05027,49.28657],[9.04904,49.29303],[9.02132,49.29793],[9.02753,49.28501],[9.0372,49.28604],[9.04221,49.27818],[9.03194,49.26945],[9.01823,49.2653],[9.01517,49.25524],[8.99738,49.26562],[9.00278,49.2586],[8.99715,49.25323],[9.01045,49.24928],[9.00602,49.2426],[8.98921,49.24053],[8.9842,49.23221],[8.9629,49.22213],[9.01767,49.22279],[9.02016,49.20231],[9.02683,49.19831],[9.04461,49.19732],[9.08325,49.19879],[9.10543,49.19581],[9.11438,49.20972]]]},"properties":{"plz":"74906","name":"74906 Bad Rappenau"}},{"type":"Feature","geometry":{"type":"Polygon","coordinates":[[[8.7783,49.31527],[8.78702,49.30979],[8.79528,49.31164],[8.7995,49.30493],[8.83821,49.31517],[8.84355,49.32619],[8.86205,49.33573],[8.86588,49.34353],[8.86158,49.34043],[8.84823,49.35114],[8.8401,49.35265],[8.83085,49.35161],[8.81232,49.3411],[8.80163,49.32918],[8.78019,49.32316],[8.7783,49.31527]]]},"properties":{"plz":"74909","name":"74909 Meckesheim"}},{"type":"Feature","geometry":{"type":"Polygon","coordinates":[[[9.02683,49.19831],[9.02016,49.20231],[9.01767,49.22279],[8.9629,49.22213],[8.95717,49.21303],[8.95625,49.20274],[8.96484,49.19668],[8.9595,49.18558],[8.96509,49.17316],[8.97675,49.17806],[9.00301,49.17945],[9.00987,49.17986],[9.0247,49.18832],[9.0193,49.19525],[9.02683,49.19831]]]},"properties":{"plz":"74912","name":"74912 Kirchardt"}},{"type":"Feature","geometry":{"type":"Polygon","coordinates":[[[8.94213,49.2748],[8.93799,49.29301],[8.95323,49.31349],[8.94511,49.3136],[8.93163,49.32261],[8.91597,49.31845],[8.89034,49.30521],[8.86947,49.30422],[8.8548,49.29855],[8.84858,49.29468],[8.85336,49.29265],[8.85157,49.28117],[8.86734,49.28148],[8.86641,49.27398],[8.88311,49.27859],[8.91348,49.27113],[8.94213,49.2748]]]},"properties":{"plz":"74915","name":"74915 Waibstadt"}},{"type":"Feature","geometry":{"type":"Polygon","coordinates":[[[8.73621,49.23011],[8.75001,49.2198],[8.75286,49.20551],[8.77239,49.20352],[8.78396,49.19795],[8.78893,49.21303],[8.7993,49.21666],[8.81393,49.23372],[8.80492,49.2417],[8.78156,49.2379],[8.76673,49.24763],[8.73847,49.23812],[8.73621,49.23011]]]},"properties":{"plz":"74918","name":"74918 Angelbachtal"}},{"type":"Feature","geometry":{"type":"Polygon","coordinates":[[[9.01164,49.33547],[8.99464,49.33578],[8.99103,49.34259],[8.97537,49.3398],[8.96584,49.3475],[8.9525,49.34421],[8.94549,49.32795],[8.93322,49.32476],[8.93163,49.32261],[8.94511,49.3136],[8.95323,49.31349],[8.97224,49.31494],[8.98232,49.31087],[8.97928,49.30583],[8.99911,49.29264],[9.00755,49.29348],[9.01226,49.30301],[9.02132,49.29793],[9.04904,49.29303],[9.05657,49.30555],[9.04253,49.31535],[9.05127,49.32204],[9.03423,49.32214],[9.01164,49.33547]]]},"properties":{"plz":"74921","name":"74921 Helmstadt-Bargen"}},{"type":"Feature","geometry":{"type":"Polygon","coordinates":[[[8.99738,49.26562],[9.01517,49.25524],[9.01823,49.2653],[9.03194,49.26945],[9.04221,49.27818],[9.0372,49.28604],[9.02753,49.28501],[9.02132,49.29793],[9.01226,49.30301],[9.00755,49.29348],[8.99911,49.29264],[8.97928,49.30583],[8.98232,49.31087],[8.97224,49.31494],[8.95323,49.31349],[8.93799,49.29301],[8.94213,49.2748],[8.97295,49.27203],[8.97732,49.26545],[8.99247,49.26958],[8.99738,49.26562]]]},"properties":{"plz":"74924","name":"74924 Neckarbischofsheim"}},{"type":"Feature","geometry":{"type":"Polygon","coordinates":[[[8.9525,49.34421],[8.93213,49.34701],[8.92512,49.36642],[8.91432,49.37975],[8.91631,49.36809],[8.9108,49.36388],[8.90516,49.34972],[8.8813,49.33099],[8.88163,49.33079],[8.91195,49.32582],[8.93125,49.32784],[8.93322,49.32476],[8.94549,49.32795],[8.9525,49.34421]]]},"properties":{"plz":"74925","name":"74925 Epfenbach"}},{"type":"Feature","geometry":{"type":"Polygon","coordinates":[[[8.83821,49.31517],[8.85092,49.3127],[8.8548,49.29855],[8.86947,49.30422],[8.8798,49.31094],[8.88386,49.32223],[8.88163,49.33079],[8.8813,49.33099],[8.86205,49.33573],[8.84355,49.32619],[8.83821,49.31517]]]},"properties":{"plz":"74927","name":"74927 Eschelbronn"}},{"type":"Feature","geometry":{"type":"Polygon","coordinates":[[[9.05127,49.32204],[9.04253,49.31535],[9.05657,49.30555],[9.04904,49.29303],[9.05027,49.28657],[9.06305,49.28448],[9.06871,49.27909],[9.10148,49.27961],[9.11496,49.27711],[9.10386,49.28557],[9.10798,49.29625],[9.10605,49.31002],[9.0927,49.31602],[9.07857,49.31806],[9.07476,49.32319],[9.06928,49.32726],[9.05127,49.32204]]]},"properties":{"plz":"74928","name":"74928 Hüffenhardt"}},{"type":"Feature","geometry":{"type":"Polygon","coordinates":[[[8.89344,49.18584],[8.93123,49.17839],[8.93898,49.18359],[8.9595,49.18558],[8.96484,49.19668],[8.95625,49.20274],[8.95717,49.21303],[8.88665,49.20251],[8.89389,49.19374],[8.89344,49.18584]]]},"properties":{"plz":"74930","name":"74930 Ittlingen"}},{"type":"Feature","geometry":{"type":"Polygon","coordinates":[[[8.8561,49.37505],[8.85969,49.35618],[8.85317,49.35086],[8.8401,49.35265],[8.84823,49.35114],[8.86158,49.34043],[8.86588,49.34353],[8.88163,49.36902],[8.9108,49.36388],[8.91631,49.36809],[8.91432,49.37975],[8.92321,49.38487],[8.91368,49.38632],[8.90005,49.39825],[8.91058,49.4024],[8.9068,49.40803],[8.89053,49.40411],[8.89135,49.39913],[8.88062,49.38584],[8.85833,49.37859],[8.8561,49.37505]]]},"properties":{"plz":"74931","name":"74931 Lobbach"}},{"type":"Feature","geometry":{"type":"Polygon","coordinates":[[[8.93163,49.32261],[8.93322,49.32476],[8.93125,49.32784],[8.91195,49.32582],[8.88163,49.33079],[8.88386,49.32223],[8.8798,49.31094],[8.86947,49.30422],[8.89034,49.30521],[8.91597,49.31845],[8.93163,49.32261]]]},"properties":{"plz":"74933","name":"74933 Neidenstein"}},{"type":"Feature","geometry":{"type":"Polygon","coordinates":[[[8.92321,49.38487],[8.91432,49.37975],[8.92512,49.36642],[8.93213,49.34701],[8.9525,49.34421],[8.96584,49.3475],[8.96809,49.35917],[8.95166,49.37089],[8.94067,49.37229],[8.93884,49.38796],[8.92321,49.38487]]]},"properties":{"plz":"74934","name":"74934 Reichartshausen"}},{"type":"Feature","geometry":{"type":"Polygon","coordinates":[[[9.11496,49.27711],[9.10148,49.27961],[9.06871,49.27909],[9.06032,49.26787],[9.07179,49.25961],[9.09635,49.25733],[9.1092,49.26146],[9.11511,49.27244],[9.11496,49.27711]]]},"properties":{"plz":"74936","name":"74936 Siegelsbach"}},{"type":"Feature","geometry":{"type":"Polygon","coordinates":[[[8.86205,49.33573],[8.8813,49.33099],[8.90516,49.34972],[8.9108,49.36388],[8.88163,49.36902],[8.86588,49.34353],[8.86205,49.33573]]]},"properties":{"plz":"74937","name":"74937 Spechbach"}},{"type":"Feature","geometry":{"type":"Polygon","coordinates":[[[8.80345,49.28034],[8.81759,49.28773],[8.84239,49.28932],[8.84858,49.29468],[8.8548,49.29855],[8.85092,49.3127],[8.83821,49.31517],[8.7995,49.30493],[8.7877,49.29366],[8.79246,49.28418],[8.80345,49.28034]]]},"properties":{"plz":"74939","name":"74939 Zuzenhausen"}},{"type":"Feature","geometry":{"type":"Polygon","coordinates":[[[8.63968,49.0311],[8.63501,49.02559],[8.64086,49.012],[8.64818,49.00585],[8.66065,49.00767],[8.67078,48.99421],[8.68374,48.99236],[8.70139,48.99622],[8.7125,48.98853],[8.73535,48.99452],[8.73373,48.99894],[8.7383,49.00177],[8.72968,49.01625],[8.73219,49.02683],[8.74397,49.03151],[8.74401,49.03694],[8.7606,49.04627],[8.76172,49.05547],[8.7435,49.05578],[8.74771,49.06424],[8.7632,49.07236],[8.75459,49.08666],[8.76034,49.09398],[8.75065,49.09835],[8.72712,49.08823],[8.69982,49.09461],[8.68617,49.0936],[8.68539,49.09063],[8.66292,49.08398],[8.65524,49.07851],[8.6718,49.06175],[8.68482,49.06188],[8.68784,49.05604],[8.67016,49.05249],[8.66744,49.0464],[8.64621,49.04189],[8.63968,49.0311]]]},"properties":{"plz":"75015","name":"75015 Bretten"}},{"type":"Feature","geometry":{"type":"Polygon","coordinates":[[[8.96178,49.1277],[8.94658,49.12886],[8.95145,49.13932],[8.94601,49.14774],[8.93618,49.14975],[8.94029,49.16182],[8.97465,49.16816],[8.98871,49.17444],[8.99774,49.17156],[9.00301,49.17945],[8.97675,49.17806],[8.96509,49.17316],[8.9595,49.18558],[8.93898,49.18359],[8.93123,49.17839],[8.89344,49.18584],[8.89628,49.18183],[8.87472,49.1788],[8.86339,49.17437],[8.83935,49.18721],[8.81748,49.19414],[8.82582,49.18714],[8.8166,49.16591],[8.81793,49.15717],[8.83079,49.16204],[8.8422,49.15025],[8.83549,49.14836],[8.83793,49.13998],[8.83079,49.13959],[8.82637,49.12669],[8.82847,49.12539],[8.8595,49.12609],[8.87264,49.13126],[8.87787,49.11876],[8.89108,49.11271],[8.89452,49.09696],[8.89176,49.08171],[8.91244,49.08451],[8.92955,49.08298],[8.9329,49.07938],[8.95011,49.08112],[8.94799,49.07476],[8.95218,49.08052],[8.97373,49.07934],[8.99055,49.09113],[8.9983,49.09665],[8.97223,49.10682],[8.94504,49.1084],[8.96178,49.11929],[8.96178,49.1277]]]},"properties":{"plz":"75031","name":"75031 Eppingen"}},{"type":"Feature","geometry":{"type":"Polygon","coordinates":[[[8.7606,49.04627],[8.75955,49.0413],[8.77682,49.04204],[8.77906,49.04579],[8.79718,49.04552],[8.81201,49.0337],[8.8339,49.03783],[8.83372,49.04618],[8.8421,49.05918],[8.83591,49.06162],[8.8338,49.06972],[8.82173,49.06957],[8.81201,49.07764],[8.81571,49.08653],[8.79123,49.0992],[8.78356,49.10934],[8.75065,49.09835],[8.76034,49.09398],[8.75459,49.08666],[8.7632,49.07236],[8.74771,49.06424],[8.7435,49.05578],[8.76172,49.05547],[8.7606,49.04627]]]},"properties":{"plz":"75038","name":"75038 Oberderdingen"}},{"type":"Feature","geometry":{"type":"Polygon","coordinates":[[[8.63968,49.0311],[8.62571,49.03555],[8.61965,49.04837],[8.60646,49.06092],[8.59283,49.06004],[8.59465,49.05062],[8.58289,49.04456],[8.55363,49.03695],[8.54347,49.02823],[8.55825,49.00821],[8.58232,49.00308],[8.59632,48.99726],[8.59431,48.98647],[8.60176,48.98548],[8.62601,48.99346],[8.64817,48.98982],[8.64757,49.00243],[8.66065,49.00767],[8.64818,49.00585],[8.64086,49.012],[8.63501,49.02559],[8.63968,49.0311]]]},"properties":{"plz":"75045","name":"75045 Walzbachtal"}},{"type":"Feature","geometry":{"type":"Polygon","coordinates":[[[9.01659,49.16461],[9.00987,49.17986],[9.00301,49.17945],[8.99774,49.17156],[8.98871,49.17444],[8.97465,49.16816],[8.94029,49.16182],[8.93618,49.14975],[8.94601,49.14774],[8.95145,49.13932],[8.94658,49.12886],[8.96178,49.1277],[8.98396,49.14267],[9.0073,49.14374],[9.0141,49.14653],[9.01659,49.16461]]]},"properties":{"plz":"75050","name":"75050 Gemmingen"}},{"type":"Feature","geometry":{"type":"Polygon","coordinates":[[[8.65524,49.07851],[8.61121,49.06507],[8.60646,49.06092],[8.61965,49.04837],[8.62571,49.03555],[8.63968,49.0311],[8.64621,49.04189],[8.66744,49.0464],[8.67016,49.05249],[8.68784,49.05604],[8.68482,49.06188],[8.6718,49.06175],[8.65524,49.07851]]]},"properties":{"plz":"75053","name":"75053 Gondelsheim"}},{"type":"Feature","geometry":{"type":"Polygon","coordinates":[[[8.89176,49.08171],[8.89452,49.09696],[8.89108,49.11271],[8.87787,49.11876],[8.87264,49.13126],[8.8595,49.12609],[8.82847,49.12539],[8.83232,49.11289],[8.82547,49.11076],[8.83602,49.09461],[8.85926,49.09083],[8.8785,49.08014],[8.89176,49.08171]]]},"properties":{"plz":"75056","name":"75056 Sulzfeld"}},{"type":"Feature","geometry":{"type":"Polygon","coordinates":[[[8.8785,49.08014],[8.85926,49.09083],[8.83602,49.09461],[8.82735,49.09401],[8.81571,49.08653],[8.81201,49.07764],[8.82173,49.06957],[8.8338,49.06972],[8.83591,49.06162],[8.86787,49.06138],[8.87774,49.0585],[8.87632,49.06965],[8.86493,49.07147],[8.8785,49.08014]]]},"properties":{"plz":"75057","name":"75057 Kürnbach"}},{"type":"Feature","geometry":{"type":"Polygon","coordinates":[[[8.82637,49.12669],[8.80538,49.12353],[8.7842,49.11297],[8.78356,49.10934],[8.79123,49.0992],[8.81571,49.08653],[8.82735,49.09401],[8.83602,49.09461],[8.82547,49.11076],[8.83232,49.11289],[8.82847,49.12539],[8.82637,49.12669]]]},"properties":{"plz":"75059","name":"75059 Zaisenhausen"}},{"type":"Feature","geometry":{"type":"Polygon","coordinates":[[[8.38928,49.0191],[8.41039,49.00946],[8.40988,49.00579],[8.43212,49.00302],[8.44325,49.00605],[8.45055,49.01424],[8.44808,49.02576],[8.41843,49.02574],[8.44841,49.05101],[8.42806,49.07066],[8.43656,49.09126],[8.42347,49.09064],[8.41144,49.08136],[8.41645,49.07096],[8.40994,49.06329],[8.40109,49.03008],[8.38928,49.0191]]]},"properties":{"plz":"76131","name":"76131 Karlsruhe"}},{"type":"Feature","geometry":{"type":"Polygon","coordinates":[[[8.38928,49.0191],[8.37604,49.02146],[8.3689,49.01704],[8.37491,49.01057],[8.38602,49.01003],[8.38666,49.0043],[8.40988,49.00579],[8.41039,49.00946],[8.38928,49.0191]]]},"properties":{"plz":"76133","name":"76133 Karlsruhe"}},{"type":"Feature","geometry":{"type":"Polygon","coordinates":[[[8.45055,49.01424],[8.44647,49.00543],[8.45387,49.00544],[8.47381,49.02372],[8.46716,49.02641],[8.47138,49.03946],[8.44841,49.05101],[8.41843,49.02574],[8.44808,49.02576],[8.45055,49.01424]]]},"properties":{"plz":"76139","name":"76139 Karlsruhe"}},{"type":"Feature","geometry":{"type":"Polygon","coordinates":[[[8.40994,49.06329],[8.39442,49.06888],[8.37327,49.06798],[8.35795,49.07111],[8.34666,49.06497],[8.36153,49.04791],[8.36314,49.04092],[8.37671,49.04067],[8.37604,49.02146],[8.38928,49.0191],[8.40109,49.03008],[8.40994,49.06329]]]},"properties":{"plz":"76149","name":"76149 Karlsruhe"}},{"type":"Feature","geometry":{"type":"Polygon","coordinates":[[[8.37604,49.02146],[8.37671,49.04067],[8.36314,49.04092],[8.36153,49.04791],[8.34666,49.06497],[8.34068,49.08049],[8.32223,49.06635],[8.31124,49.05339],[8.29878,49.01721],[8.32824,49.01782],[8.31872,49.02003],[8.33184,49.0251],[8.35028,49.02047],[8.35905,49.03473],[8.36487,49.03068],[8.3689,49.01704],[8.37604,49.02146]]]},"properties":{"plz":"76187","name":"76187 Karlsruhe"}},{"type":"Feature","geometry":{"type":"Polygon","coordinates":[[[8.47381,49.02372],[8.48681,49.00639],[8.50131,48.99433],[8.51125,48.99868],[8.51386,49.01027],[8.52097,49.01442],[8.51986,49.03108],[8.49433,49.04854],[8.48643,49.05808],[8.47138,49.03946],[8.46716,49.02641],[8.47381,49.02372]]]},"properties":{"plz":"76229","name":"76229 Karlsruhe"}},{"type":"Feature","geometry":{"type":"Polygon","coordinates":[[[8.44841,49.05101],[8.47138,49.03946],[8.48643,49.05808],[8.49098,49.06483],[8.48687,49.07614],[8.51139,49.07401],[8.52778,49.08724],[8.52069,49.09313],[8.51796,49.11537],[8.51851,49.12995],[8.51227,49.13993],[8.49706,49.13403],[8.4996,49.13104],[8.47657,49.12538],[8.45296,49.13036],[8.44131,49.10255],[8.43656,49.09126],[8.42806,49.07066],[8.44841,49.05101]]]},"properties":{"plz":"76297","name":"76297 Stutensee"}},{"type":"Feature","geometry":{"type":"Polygon","coordinates":[[[8.43656,49.09126],[8.44131,49.10255],[8.42777,49.10701],[8.41392,49.09715],[8.40345,49.10192],[8.40939,49.1061],[8.39506,49.11395],[8.37999,49.11693],[8.36736,49.12958],[8.35977,49.10143],[8.35074,49.08919],[8.34068,49.08049],[8.34666,49.06497],[8.35795,49.07111],[8.37327,49.06798],[8.39442,49.06888],[8.40994,49.06329],[8.41645,49.07096],[8.41144,49.08136],[8.42347,49.09064],[8.43656,49.09126]]]},"properties":{"plz":"76344","name":"76344 Eggenstein-Leopoldshafen"}},{"type":"Feature","geometry":{"type":"Polygon","coordinates":[[[8.45296,49.13036],[8.4399,49.13326],[8.41064,49.14785],[8.40092,49.14894],[8.39123,49.15631],[8.38079,49.15392],[8.37005,49.1583],[8.3708,49.14331],[8.36736,49.12958],[8.37999,49.11693],[8.39506,49.11395],[8.40939,49.1061],[8.40345,49.10192],[8.41392,49.09715],[8.42777,49.10701],[8.44131,49.10255],[8.45296,49.13036]]]},"properties":{"plz":"76351","name":"76351 Linkenheim-Hochstetten"}},{"type":"Feature","geometry":{"type":"Polygon","coordinates":[[[8.59283,49.06004],[8.58663,49.06558],[8.57768,49.06437],[8.55777,49.06797],[8.5356,49.07535],[8.52778,49.08724],[8.51139,49.07401],[8.48687,49.07614],[8.49098,49.06483],[8.48643,49.05808],[8.49433,49.04854],[8.51986,49.03108],[8.54347,49.02823],[8.55363,49.03695],[8.58289,49.04456],[8.59465,49.05062],[8.59283,49.06004]]]},"properties":{"plz":"76356","name":"76356 Weingarten"}},{"type":"Feature","geometry":{"type":"MultiPolygon","coordinates":[[[[8.50816,49.18978],[8.52177,49.17486],[8.51332,49.16104],[8.53335,49.15543],[8.53235,49.14782],[8.54494,49.14519],[8.54159,49.15943],[8.56064,49.15685],[8.57344,49.17662],[8.57389,49.18359],[8.58195,49.19664],[8.56832,49.20043],[8.55939,49.18711],[8.56547,49.18336],[8.55687,49.17051],[8.53413,49.17914],[8.51602,49.19149],[8.50816,49.18978]]],[[[8.68617,49.0936],[8.68968,49.10276],[8.68121,49.10927],[8.67761,49.11889],[8.64589,49.12494],[8.64103,49.13994],[8.63275,49.14778],[8.62688,49.1442],[8.61604,49.14893],[8.60505,49.14953],[8.58898,49.1373],[8.57324,49.13934],[8.57592,49.14772],[8.57068,49.13951],[8.55692,49.14245],[8.55062,49.1269],[8.54672,49.12816],[8.53324,49.11762],[8.51796,49.11537],[8.52069,49.09313],[8.52778,49.08724],[8.5356,49.07535],[8.55777,49.06797],[8.57768,49.06437],[8.58663,49.06558],[8.59283,49.06004],[8.60646,49.06092],[8.61121,49.06507],[8.65524,49.07851],[8.66292,49.08398],[8.68539,49.09063],[8.68617,49.0936]]]]},"properties":{"plz":"76646","name":"76646 Bruchsal"}},{"type":"Feature","geometry":{"type":"Polygon","coordinates":[[[8.41302,49.24984],[8.39647,49.24119],[8.38657,49.22916],[8.3852,49.21886],[8.39582,49.22528],[8.40535,49.2204],[8.39859,49.20751],[8.38492,49.19832],[8.38122,49.18569],[8.38957,49.18936],[8.41681,49.19054],[8.41871,49.20096],[8.40891,49.20672],[8.41911,49.20834],[8.42533,49.20242],[8.41716,49.19073],[8.42737,49.19847],[8.43788,49.1988],[8.47604,49.1833],[8.50816,49.18978],[8.49994,49.21093],[8.48382,49.22103],[8.48358,49.23719],[8.47896,49.24404],[8.47452,49.2454],[8.46553,49.26454],[8.44555,49.26686],[8.41302,49.24984]]]},"properties":{"plz":"76661","name":"76661 Philippsburg"}},{"type":"Feature","geometry":{"type":"Polygon","coordinates":[[[8.57346,49.20818],[8.58665,49.20427],[8.61168,49.19728],[8.64082,49.19423],[8.64503,49.18947],[8.66172,49.19218],[8.68515,49.19961],[8.67759,49.2052],[8.68766,49.20919],[8.68635,49.22003],[8.69073,49.22934],[8.68671,49.22911],[8.65927,49.23324],[8.64691,49.24028],[8.64272,49.23532],[8.62792,49.24319],[8.61444,49.2409],[8.64058,49.23058],[8.63765,49.20934],[8.61698,49.21173],[8.58223,49.2214],[8.57346,49.20818]]]},"properties":{"plz":"76669","name":"76669 Bad Schönborn"}},{"type":"Feature","geometry":{"type":"Polygon","coordinates":[[[8.51227,49.13993],[8.50458,49.14727],[8.51332,49.16104],[8.52177,49.17486],[8.50816,49.18978],[8.47604,49.1833],[8.48544,49.17216],[8.46397,49.17308],[8.45245,49.16315],[8.44219,49.16667],[8.43225,49.14284],[8.44298,49.14463],[8.4399,49.13326],[8.45296,49.13036],[8.47657,49.12538],[8.4996,49.13104],[8.49706,49.13403],[8.51227,49.13993]]]},"properties":{"plz":"76676","name":"76676 Graben-Neudorf"}},{"type":"Feature","geometry":{"type":"Polygon","coordinates":[[[8.69073,49.22934],[8.68635,49.22003],[8.68766,49.20919],[8.67759,49.2052],[8.68515,49.19961],[8.70939,49.19423],[8.70453,49.18841],[8.71708,49.18092],[8.70504,49.1714],[8.71563,49.17344],[8.7249,49.1622],[8.73684,49.15988],[8.73498,49.15533],[8.74759,49.15296],[8.77335,49.16149],[8.79212,49.15357],[8.81793,49.15717],[8.8166,49.16591],[8.82582,49.18714],[8.81748,49.19414],[8.81336,49.20133],[8.80378,49.19806],[8.79384,49.20084],[8.78396,49.19795],[8.77239,49.20352],[8.75286,49.20551],[8.75001,49.2198],[8.73621,49.23011],[8.72953,49.22809],[8.72268,49.23804],[8.70136,49.22673],[8.69073,49.22934]]]},"properties":{"plz":"76684","name":"76684 Östringen"}},{"type":"Feature","geometry":{"type":"Polygon","coordinates":[[[8.51796,49.11537],[8.53324,49.11762],[8.54672,49.12816],[8.55062,49.1269],[8.55692,49.14245],[8.57068,49.13951],[8.57592,49.14772],[8.57175,49.15471],[8.56064,49.15685],[8.54159,49.15943],[8.54494,49.14519],[8.53235,49.14782],[8.53335,49.15543],[8.51332,49.16104],[8.50458,49.14727],[8.51227,49.13993],[8.51851,49.12995],[8.51796,49.11537]]]},"properties":{"plz":"76689","name":"76689 Karlsdorf-Neuthard"}},{"type":"Feature","geometry":{"type":"Polygon","coordinates":[[[8.61604,49.14893],[8.60572,49.16705],[8.60738,49.17366],[8.57389,49.18359],[8.57344,49.17662],[8.56064,49.15685],[8.57175,49.15471],[8.57592,49.14772],[8.57324,49.13934],[8.58898,49.1373],[8.60505,49.14953],[8.61604,49.14893]]]},"properties":{"plz":"76694","name":"76694 Forst"}},{"type":"Feature","geometry":{"type":"Polygon","coordinates":[[[8.64103,49.13994],[8.65243,49.1553],[8.67412,49.16785],[8.70504,49.1714],[8.71708,49.18092],[8.70453,49.18841],[8.70939,49.19423],[8.68515,49.19961],[8.66172,49.19218],[8.64503,49.18947],[8.64082,49.19423],[8.61168,49.19728],[8.58665,49.20427],[8.58195,49.19664],[8.57389,49.18359],[8.60738,49.17366],[8.60572,49.16705],[8.61604,49.14893],[8.62688,49.1442],[8.63275,49.14778],[8.64103,49.13994]]]},"properties":{"plz":"76698","name":"76698 Ubstadt-Weiher"}},{"type":"Feature","geometry":{"type":"Polygon","coordinates":[[[8.75065,49.09835],[8.78356,49.10934],[8.7842,49.11297],[8.80538,49.12353],[8.82637,49.12669],[8.83079,49.13959],[8.83793,49.13998],[8.83549,49.14836],[8.8422,49.15025],[8.83079,49.16204],[8.81793,49.15717],[8.79212,49.15357],[8.77335,49.16149],[8.74759,49.15296],[8.73498,49.15533],[8.73684,49.15988],[8.7249,49.1622],[8.71563,49.17344],[8.70504,49.1714],[8.67412,49.16785],[8.65243,49.1553],[8.64103,49.13994],[8.64589,49.12494],[8.67761,49.11889],[8.68121,49.10927],[8.68968,49.10276],[8.68617,49.0936],[8.69982,49.09461],[8.72712,49.08823],[8.75065,49.09835]]]},"properties":{"plz":"76703","name":"76703 Kraichtal"}},{"type":"Feature","geometry":{"type":"Polygon","coordinates":[[[8.4399,49.13326],[8.44298,49.14463],[8.43225,49.14284],[8.44219,49.16667],[8.45245,49.16315],[8.46397,49.17308],[8.48544,49.17216],[8.47604,49.1833],[8.43788,49.1988],[8.42737,49.19847],[8.41716,49.19073],[8.42533,49.20242],[8.41911,49.20834],[8.40891,49.20672],[8.41871,49.20096],[8.41681,49.19054],[8.38957,49.18936],[8.38122,49.18569],[8.37809,49.18151],[8.36814,49.16756],[8.37005,49.1583],[8.38079,49.15392],[8.39123,49.15631],[8.40092,49.14894],[8.41064,49.14785],[8.4399,49.13326]]]},"properties":{"plz":"76706","name":"76706 Dettenheim"}},{"type":"Feature","geometry":{"type":"Polygon","coordinates":[[[8.51602,49.19149],[8.53413,49.17914],[8.55687,49.17051],[8.56547,49.18336],[8.55939,49.18711],[8.56832,49.20043],[8.58195,49.19664],[8.58665,49.20427],[8.57346,49.20818],[8.54868,49.21495],[8.532,49.19252],[8.51602,49.19149]]]},"properties":{"plz":"76707","name":"76707 Hambrücken"}},{"type":"Feature","geometry":{"type":"Polygon","coordinates":[[[8.58223,49.2214],[8.61698,49.21173],[8.63765,49.20934],[8.64058,49.23058],[8.61444,49.2409],[8.59872,49.24674],[8.58223,49.2214]]]},"properties":{"plz":"76709","name":"76709 Kronau"}},{"type":"Feature","geometry":{"type":"Polygon","coordinates":[[[8.35096,49.2186],[8.34895,49.20868],[8.34315,49.20306],[8.35095,49.20209],[8.3415,49.18573],[8.36647,49.17625],[8.37809,49.18151],[8.38122,49.18569],[8.38492,49.19832],[8.39859,49.20751],[8.40535,49.2204],[8.39582,49.22528],[8.3852,49.21886],[8.38657,49.22916],[8.39647,49.24119],[8.38342,49.2434],[8.37068,49.2545],[8.35764,49.25164],[8.35909,49.23865],[8.36484,49.22541],[8.35096,49.2186]]]},"properties":{"plz":"76726","name":"76726 Germersheim"}},{"type":"Feature","geometry":{"type":"Polygon","coordinates":[[[8.32679,49.08683],[8.3268,49.09113],[8.31158,49.10869],[8.30952,49.10318],[8.31761,49.08963],[8.30298,49.08887],[8.28598,49.09575],[8.27901,49.10492],[8.25945,49.10159],[8.2533,49.08766],[8.25844,49.08334],[8.25028,49.07467],[8.24958,49.06311],[8.26234,49.07283],[8.27905,49.07046],[8.30097,49.07954],[8.31409,49.07741],[8.32679,49.08683]]]},"properties":{"plz":"76751","name":"76751 Jockgrim"}},{"type":"Feature","geometry":{"type":"Polygon","coordinates":[[[8.28696,49.21083],[8.26079,49.21126],[8.25949,49.17299],[8.26259,49.17135],[8.29481,49.17538],[8.30363,49.17391],[8.31065,49.18787],[8.3415,49.18573],[8.35095,49.20209],[8.34315,49.20306],[8.30962,49.21053],[8.28696,49.21083]]]},"properties":{"plz":"76756","name":"76756 Bellheim"}},{"type":"Feature","geometry":{"type":"Polygon","coordinates":[[[8.25949,49.17299],[8.25709,49.17021],[8.25769,49.15914],[8.26385,49.15349],[8.25521,49.14558],[8.26368,49.12572],[8.27191,49.12013],[8.29038,49.13466],[8.30769,49.1542],[8.31411,49.15464],[8.32148,49.16352],[8.3089,49.1636],[8.30363,49.17391],[8.29481,49.17538],[8.26259,49.17135],[8.25949,49.17299]]]},"properties":{"plz":"76761","name":"76761 Rülzheim"}},{"type":"Feature","geometry":{"type":"Polygon","coordinates":[[[8.31158,49.10869],[8.31639,49.11897],[8.30681,49.12346],[8.31571,49.1264],[8.30888,49.13185],[8.29107,49.1345],[8.29038,49.13466],[8.27191,49.12013],[8.25509,49.1106],[8.25945,49.10159],[8.27901,49.10492],[8.28598,49.09575],[8.30298,49.08887],[8.31761,49.08963],[8.30952,49.10318],[8.31158,49.10869]]]},"properties":{"plz":"76764","name":"76764 Rheinzabern"}},{"type":"Feature","geometry":{"type":"Polygon","coordinates":[[[8.26368,49.12572],[8.25252,49.12755],[8.23157,49.12407],[8.22378,49.12697],[8.2222,49.11636],[8.20949,49.1175],[8.21065,49.10893],[8.21627,49.10551],[8.24444,49.10395],[8.25509,49.1106],[8.27191,49.12013],[8.26368,49.12572]]]},"properties":{"plz":"76770","name":"76770 Hatzenbühl"}},{"type":"Feature","geometry":{"type":"Polygon","coordinates":[[[8.37005,49.1583],[8.36814,49.16756],[8.37809,49.18151],[8.36647,49.17625],[8.3415,49.18573],[8.31065,49.18787],[8.30363,49.17391],[8.3089,49.1636],[8.32148,49.16352],[8.31411,49.15464],[8.32283,49.14657],[8.34059,49.15047],[8.34918,49.145],[8.3708,49.14331],[8.37005,49.1583]]]},"properties":{"plz":"76771","name":"76771 Hördt"}},{"type":"Feature","geometry":{"type":"Polygon","coordinates":[[[8.29038,49.13466],[8.29107,49.1345],[8.31695,49.13394],[8.34918,49.145],[8.34059,49.15047],[8.32283,49.14657],[8.31411,49.15464],[8.30769,49.1542],[8.29038,49.13466]]]},"properties":{"plz":"76773","name":"76773 Kuhardt"}},{"type":"Feature","geometry":{"type":"Polygon","coordinates":[[[8.36736,49.12958],[8.3708,49.14331],[8.34918,49.145],[8.31695,49.13394],[8.29107,49.1345],[8.30888,49.13185],[8.31571,49.1264],[8.32613,49.11843],[8.35977,49.10143],[8.36736,49.12958]]]},"properties":{"plz":"76774","name":"76774 Leimersheim"}},{"type":"Feature","geometry":{"type":"Polygon","coordinates":[[[8.35977,49.10143],[8.32613,49.11843],[8.31571,49.1264],[8.30681,49.12346],[8.31639,49.11897],[8.31158,49.10869],[8.3268,49.09113],[8.32679,49.08683],[8.32828,49.09268],[8.33857,49.08781],[8.35074,49.08919],[8.35977,49.10143]]]},"properties":{"plz":"76777","name":"76777 Neupotz"}},{"type":"Feature","geometry":{"type":"MultiPolygon","coordinates":[[[[8.01444,49.27937],[8.02425,49.27055],[8.04478,49.27046],[8.03168,49.27454],[8.02247,49.28214],[8.01444,49.27937]]],[[[7.97801,49.18192],[7.97521,49.17329],[7.99235,49.16967],[8.00079,49.17942],[8.01443,49.18026],[8.03701,49.17714],[8.04062,49.18588],[8.02388,49.18635],[8.02106,49.19204],[8.05575,49.19159],[8.05669,49.18627],[8.07055,49.18632],[8.06335,49.17887],[8.06479,49.172],[8.05446,49.16563],[8.06703,49.15495],[8.09075,49.15572],[8.10627,49.1741],[8.13279,49.17101],[8.15141,49.1749],[8.15435,49.16944],[8.17536,49.1644],[8.17748,49.16885],[8.17789,49.1926],[8.1693,49.19255],[8.16808,49.1991],[8.17959,49.20915],[8.1574,49.20656],[8.15753,49.22383],[8.14965,49.22896],[8.13021,49.22773],[8.12494,49.23167],[8.10631,49.23407],[8.09233,49.22928],[8.07492,49.22742],[8.05797,49.22203],[8.06519,49.2035],[8.04904,49.20238],[8.0042,49.19753],[7.98947,49.20247],[7.98203,49.19585],[7.98457,49.18504],[7.97801,49.18192]]]]},"properties":{"plz":"76829","name":"76829 Landau in der Pfalz"}},{"type":"Feature","geometry":{"type":"MultiPolygon","coordinates":[[[[8.04904,49.20238],[8.0411,49.21124],[8.02155,49.2072],[8.01737,49.21017],[8.00374,49.20687],[8.0042,49.19753],[8.04904,49.20238]]],[[[7.99235,49.16967],[8.01467,49.1605],[8.03997,49.13923],[8.03155,49.1268],[8.05201,49.11643],[8.06848,49.1137],[8.0924,49.0992],[8.11596,49.09986],[8.12041,49.10271],[8.11805,49.13184],[8.11609,49.14996],[8.13221,49.15454],[8.13279,49.17101],[8.10627,49.1741],[8.09075,49.15572],[8.06703,49.15495],[8.05446,49.16563],[8.06479,49.172],[8.06335,49.17887],[8.07055,49.18632],[8.05669,49.18627],[8.05575,49.19159],[8.02106,49.19204],[8.02388,49.18635],[8.04062,49.18588],[8.03701,49.17714],[8.01443,49.18026],[8.00079,49.17942],[7.99235,49.16967]]]]},"properties":{"plz":"76831","name":"76831 Billigheim-Ingenheim, Birkweiler"}},{"type":"Feature","geometry":{"type":"Polygon","coordinates":[[[8.13961,49.24852],[8.12716,49.24352],[8.11199,49.2435],[8.10537,49.23943],[8.07541,49.24167],[8.07511,49.23609],[8.05793,49.23493],[8.04099,49.24693],[8.02189,49.25139],[8.02426,49.24619],[8.01212,49.23577],[8.03142,49.23475],[8.04464,49.22555],[8.0411,49.21124],[8.04904,49.20238],[8.06519,49.2035],[8.05797,49.22203],[8.07492,49.22742],[8.09233,49.22928],[8.10631,49.23407],[8.12494,49.23167],[8.13021,49.22773],[8.14965,49.22896],[8.15399,49.23733],[8.1484,49.25082],[8.13961,49.24852]]]},"properties":{"plz":"76833","name":"76833 Frankweiler"}},{"type":"Feature","geometry":{"type":"MultiPolygon","coordinates":[[[[8.02447,49.29735],[8.02247,49.28214],[8.03168,49.27454],[8.04478,49.27046],[8.02425,49.27055],[8.01585,49.26167],[8.02189,49.25139],[8.04099,49.24693],[8.05793,49.23493],[8.07511,49.23609],[8.07541,49.24167],[8.10537,49.23943],[8.11199,49.2435],[8.12716,49.24352],[8.13961,49.24852],[8.13824,49.25291],[8.109,49.25199],[8.10807,49.26424],[8.1231,49.26492],[8.12203,49.27326],[8.12094,49.27597],[8.08534,49.27603],[8.08551,49.27807],[8.06844,49.27615],[8.05892,49.28216],[8.03269,49.29022],[8.02447,49.29735]]],[[[7.93646,49.3087],[7.93946,49.29266],[7.95598,49.29739],[7.96422,49.29517],[7.9643,49.28451],[7.98095,49.27979],[7.99361,49.28602],[8.00335,49.2855],[8.00909,49.29701],[7.98957,49.29475],[7.98005,49.29866],[7.961,49.29965],[7.96541,49.31289],[7.97282,49.31913],[7.97674,49.33361],[7.95843,49.32461],[7.93818,49.32115],[7.93646,49.3087]]]]},"properties":{"plz":"76835","name":"76835 Rhodt u.a."}},{"type":"Feature","geometry":{"type":"MultiPolygon","coordinates":[[[[7.82729,49.24722],[7.84902,49.25744],[7.87757,49.24973],[7.88264,49.24454],[7.89908,49.24141],[7.93452,49.24542],[7.92284,49.25042],[7.91778,49.26459],[7.90495,49.26267],[7.89606,49.25697],[7.87251,49.28408],[7.85629,49.27227],[7.84878,49.2741],[7.83118,49.26901],[7.82729,49.24722]]],[[[8.0042,49.19753],[8.00374,49.20687],[8.01737,49.21017],[8.02197,49.22592],[8.00217,49.22137],[7.99938,49.2311],[7.99047,49.23373],[7.98262,49.22657],[7.97659,49.23253],[7.9504,49.23243],[7.95119,49.22313],[7.94175,49.22122],[7.92753,49.21237],[7.91802,49.21122],[7.92902,49.1991],[7.93296,49.20206],[7.94587,49.19301],[7.95012,49.18538],[7.96556,49.18818],[7.97801,49.18192],[7.98457,49.18504],[7.98203,49.19585],[7.98947,49.20247],[8.0042,49.19753]]]]},"properties":{"plz":"76855","name":"76855 Annweiler am Trifels"}},{"type":"Feature","geometry":{"type":"Polygon","coordinates":[[[7.86764,49.31335],[7.87341,49.30353],[7.86866,49.29361],[7.87251,49.28408],[7.89606,49.25697],[7.90495,49.26267],[7.91778,49.26459],[7.92284,49.25042],[7.93452,49.24542],[7.89908,49.24141],[7.88264,49.24454],[7.86717,49.23917],[7.86579,49.23428],[7.90097,49.23276],[7.90946,49.2192],[7.90026,49.21093],[7.91488,49.20975],[7.91791,49.20308],[7.88832,49.19049],[7.90439,49.18922],[7.9159,49.17282],[7.9106,49.16306],[7.89569,49.1513],[7.8986,49.14788],[7.91204,49.133],[7.91958,49.13135],[7.91816,49.12296],[7.93663,49.12402],[7.95724,49.1316],[7.95979,49.1391],[7.97335,49.14608],[7.98202,49.14358],[7.98211,49.15634],[8.01467,49.1605],[7.99235,49.16967],[7.97521,49.17329],[7.97801,49.18192],[7.96556,49.18818],[7.95012,49.18538],[7.94587,49.19301],[7.93296,49.20206],[7.92902,49.1991],[7.91802,49.21122],[7.92753,49.21237],[7.94175,49.22122],[7.95119,49.22313],[7.9504,49.23243],[7.97659,49.23253],[7.98262,49.22657],[7.99047,49.23373],[7.99938,49.2311],[8.00217,49.22137],[8.02197,49.22592],[8.01737,49.21017],[8.02155,49.2072],[8.0411,49.21124],[8.04464,49.22555],[8.03142,49.23475],[8.01212,49.23577],[8.02426,49.24619],[8.02189,49.25139],[8.01585,49.26167],[8.02425,49.27055],[8.01444,49.27937],[8.00335,49.2855],[7.99361,49.28602],[7.98095,49.27979],[7.9643,49.28451],[7.96422,49.29517],[7.95598,49.29739],[7.93946,49.29266],[7.93646,49.3087],[7.91337,49.31632],[7.89141,49.31172],[7.86764,49.31335]]]},"properties":{"plz":"76857","name":"76857 Albersweiler, Silz u.a."}},{"type":"Feature","geometry":{"type":"Polygon","coordinates":[[[8.25709,49.17021],[8.21638,49.17105],[8.20782,49.16581],[8.18354,49.16498],[8.17748,49.16885],[8.17536,49.1644],[8.16767,49.14129],[8.17291,49.13644],[8.18818,49.13668],[8.19439,49.12956],[8.177,49.12512],[8.19817,49.11198],[8.21065,49.10893],[8.20949,49.1175],[8.2222,49.11636],[8.22378,49.12697],[8.23157,49.12407],[8.25252,49.12755],[8.26368,49.12572],[8.25521,49.14558],[8.26385,49.15349],[8.25769,49.15914],[8.25709,49.17021]]]},"properties":{"plz":"76863","name":"76863 Herxheim"}},{"type":"Feature","geometry":{"type":"Polygon","coordinates":[[[8.13279,49.17101],[8.13221,49.15454],[8.11609,49.14996],[8.11805,49.13184],[8.13454,49.12658],[8.1697,49.13576],[8.177,49.12512],[8.19439,49.12956],[8.18818,49.13668],[8.17291,49.13644],[8.16767,49.14129],[8.17536,49.1644],[8.15435,49.16944],[8.15141,49.1749],[8.13279,49.17101]]]},"properties":{"plz":"76865","name":"76865 Insheim"}},{"type":"Feature","geometry":{"type":"Polygon","coordinates":[[[8.2533,49.08766],[8.25945,49.10159],[8.25509,49.1106],[8.24444,49.10395],[8.21627,49.10551],[8.18462,49.10026],[8.17119,49.10203],[8.13713,49.10035],[8.1324,49.09371],[8.14767,49.08287],[8.15738,49.08129],[8.16637,49.06225],[8.18372,49.06042],[8.20142,49.07098],[8.2533,49.08766]]]},"properties":{"plz":"76870","name":"76870 Kandel"}},{"type":"Feature","geometry":{"type":"Polygon","coordinates":[[[8.18372,49.06042],[8.16637,49.06225],[8.15738,49.08129],[8.14767,49.08287],[8.1324,49.09371],[8.13713,49.10035],[8.17119,49.10203],[8.18462,49.10026],[8.21627,49.10551],[8.21065,49.10893],[8.19817,49.11198],[8.177,49.12512],[8.1697,49.13576],[8.13454,49.12658],[8.11805,49.13184],[8.12041,49.10271],[8.11596,49.09986],[8.0924,49.0992],[8.08304,49.09812],[8.08491,49.08699],[8.07884,49.07873],[8.08825,49.07651],[8.08239,49.06597],[8.09923,49.06601],[8.11287,49.05498],[8.13375,49.05246],[8.18372,49.06042]]]},"properties":{"plz":"76872","name":"76872 Steinweiler"}},{"type":"Feature","geometry":{"type":"Polygon","coordinates":[[[8.17748,49.16885],[8.18354,49.16498],[8.20782,49.16581],[8.21638,49.17105],[8.21589,49.20927],[8.20654,49.20847],[8.20724,49.21812],[8.18026,49.21145],[8.17959,49.20915],[8.16808,49.1991],[8.1693,49.19255],[8.17789,49.1926],[8.17748,49.16885]]]},"properties":{"plz":"76877","name":"76877 Offenbach an der Queich"}},{"type":"Feature","geometry":{"type":"Polygon","coordinates":[[[8.23165,49.26022],[8.20909,49.25947],[8.1484,49.25082],[8.15399,49.23733],[8.14965,49.22896],[8.15753,49.22383],[8.1574,49.20656],[8.17959,49.20915],[8.18026,49.21145],[8.20724,49.21812],[8.20654,49.20847],[8.21589,49.20927],[8.21638,49.17105],[8.25709,49.17021],[8.25949,49.17299],[8.26079,49.21126],[8.23628,49.2129],[8.23884,49.23203],[8.23286,49.24036],[8.2361,49.25086],[8.23165,49.26022]]]},"properties":{"plz":"76879","name":"76879 Hochstadt"}}]}