{"type":"FeatureCollection","features":[{"type":"Feature","geometry":{"type":"Polygon","coordinates":[[[9.1691,48.77546],[9.16814,48.77387],[9.17736,48.77064],[9.17761,48.77089],[9.19013,48.7856],[9.188,48.7891],[9.18044,48.78635],[9.1691,48.77546]]]},"properties":{"plz":"70173","name":"70173 Stuttgart"}},{"type":"Feature","geometry":{"type":"Polygon","coordinates":[[[9.18044,48.78635],[9.17593,48.78736],[9.15876,48.78643],[9.16038,48.78435],[9.1691,48.77546],[9.18044,48.78635]]]},"properties":{"plz":"70174","name":"70174 Stuttgart"}},{"type":"Feature","geometry":{"type":"Polygon","coordinates":[[[9.1691,48.77546],[9.16038,48.78435],[9.15604,48.77481],[9.15835,48.77109],[9.16814,48.77387],[9.1691,48.77546]]]},"properties":{"plz":"70176","name":"70176 Stuttgart"}},{"type":"Feature","geometry":{"type":"Polygon","coordinates":[[[9.16814,48.77387],[9.15835,48.77109],[9.16123,48.76728],[9.16454,48.76159],[9.17736,48.77064],[9.16814,48.77387]]]},"properties":{"plz":"70178","name":"70178 Stuttgart"}},{"type":"Feature","geometry":{"type":"Polygon","coordinates":[[[9.17736,48.77064],[9.16454,48.76159],[9.16598,48.75724],[9.17414,48.75456],[9.183,48.75911],[9.18313,48.76794],[9.17761,48.77089],[9.17736,48.77064]]]},"properties":{"plz":"70180","name":"70180 Stuttgart"}},{"type":"Feature","geometry":{"type":"Polygon","coordinates":[[[9.17761,48.77089],[9.18313,48.76794],[9.19068,48.77833],[9.19043,48.78071],[9.19013,48.7856],[9.17761,48.77089]]]},"properties":{"plz":"70182","name":"70182 Stuttgart"}},{"type":"Feature","geometry":{"type":"Polygon","coordinates":[[[9.17414,48.75456],[9.19108,48.75718],[9.20492,48.75475],[9.22636,48.76097],[9.2101,48.76369],[9.19514,48.76748],[9.20125,48.78018],[9.19068,48.77833],[9.18313,48.76794],[9.183,48.75911],[9.17414,48.75456]]]},"properties":{"plz":"70184","name":"70184 Stuttgart"}},{"type":"Feature","geometry":{"type":"Polygon","coordinates":[[[9.2101,48.76369],[9.22177,48.76825],[9.22522,48.78043],[9.21997,48.78299],[9.20125,48.78018],[9.19514,48.76748],[9.2101,48.76369]]]},"properties":{"plz":"70186","name":"70186 Stuttgart"}},{"type":"Feature","geometry":{"type":"Polygon","coordinates":[[[9.19068,48.77833],[9.20125,48.78018],[9.21997,48.78299],[9.22522,48.78043],[9.23397,48.78359],[9.21808,48.79249],[9.21743,48.78709],[9.1972,48.7857],[9.19043,48.78071],[9.19068,48.77833]]]},"properties":{"plz":"70188","name":"70188 Stuttgart"}},{"type":"Feature","geometry":{"type":"Polygon","coordinates":[[[9.19013,48.7856],[9.19043,48.78071],[9.1972,48.7857],[9.21743,48.78709],[9.21808,48.79249],[9.20965,48.79951],[9.20514,48.7983],[9.188,48.7891],[9.19013,48.7856]]]},"properties":{"plz":"70190","name":"70190 Stuttgart"}},{"type":"Feature","geometry":{"type":"Polygon","coordinates":[[[9.188,48.7891],[9.20514,48.7983],[9.18318,48.80982],[9.17717,48.80758],[9.17593,48.78736],[9.18044,48.78635],[9.188,48.7891]]]},"properties":{"plz":"70191","name":"70191 Stuttgart"}},{"type":"Feature","geometry":{"type":"Polygon","coordinates":[[[9.17593,48.78736],[9.17717,48.80758],[9.16744,48.80854],[9.14719,48.79345],[9.15876,48.78643],[9.17593,48.78736]]]},"properties":{"plz":"70192","name":"70192 Stuttgart"}},{"type":"Feature","geometry":{"type":"Polygon","coordinates":[[[9.15876,48.78643],[9.14719,48.79345],[9.13819,48.78714],[9.13284,48.77272],[9.15604,48.77481],[9.16038,48.78435],[9.15876,48.78643]]]},"properties":{"plz":"70193","name":"70193 Stuttgart"}},{"type":"Feature","geometry":{"type":"Polygon","coordinates":[[[9.13819,48.78714],[9.1503,48.79825],[9.13381,48.80223],[9.12059,48.79775],[9.10299,48.78131],[9.11487,48.77842],[9.12005,48.76953],[9.13284,48.77272],[9.13819,48.78714]]]},"properties":{"plz":"70195","name":"70195 Stuttgart"}},{"type":"Feature","geometry":{"type":"Polygon","coordinates":[[[9.15604,48.77481],[9.13284,48.77272],[9.12005,48.76953],[9.11487,48.77842],[9.10299,48.78131],[9.09478,48.78862],[9.07714,48.79169],[9.07515,48.78732],[9.08807,48.78201],[9.08316,48.76862],[9.08742,48.76182],[9.10172,48.76228],[9.12482,48.75757],[9.136,48.75838],[9.16123,48.76728],[9.15835,48.77109],[9.15604,48.77481]]]},"properties":{"plz":"70197","name":"70197 Stuttgart"}},{"type":"Feature","geometry":{"type":"Polygon","coordinates":[[[9.16123,48.76728],[9.136,48.75838],[9.12482,48.75757],[9.127,48.75056],[9.13655,48.74723],[9.14255,48.75532],[9.16598,48.75724],[9.16454,48.76159],[9.16123,48.76728]]]},"properties":{"plz":"70199","name":"70199 Stuttgart"}},{"type":"Feature","geometry":{"type":"Polygon","coordinates":[[[9.22177,48.76825],[9.24156,48.76252],[9.24717,48.76621],[9.25737,48.761],[9.26413,48.76346],[9.25976,48.77013],[9.26915,48.77451],[9.27048,48.78271],[9.28863,48.78762],[9.29007,48.79167],[9.27333,48.78936],[9.27329,48.79422],[9.25138,48.79271],[9.24661,48.79575],[9.24012,48.79553],[9.24237,48.78893],[9.23397,48.78359],[9.22522,48.78043],[9.22177,48.76825]]]},"properties":{"plz":"70327","name":"70327 Stuttgart"}},{"type":"Feature","geometry":{"type":"Polygon","coordinates":[[[9.20492,48.75475],[9.22768,48.75227],[9.24311,48.75708],[9.24522,48.74404],[9.25656,48.7414],[9.26612,48.75366],[9.27561,48.7565],[9.27284,48.76757],[9.29729,48.77289],[9.31438,48.77448],[9.31555,48.77862],[9.29958,48.77879],[9.2985,48.78639],[9.28863,48.78762],[9.27048,48.78271],[9.26915,48.77451],[9.25976,48.77013],[9.26413,48.76346],[9.25737,48.761],[9.24717,48.76621],[9.24156,48.76252],[9.22177,48.76825],[9.2101,48.76369],[9.22636,48.76097],[9.20492,48.75475]]]},"properties":{"plz":"70329","name":"70329 Stuttgart"}},{"type":"Feature","geometry":{"type":"Polygon","coordinates":[[[9.23397,48.78359],[9.24237,48.78893],[9.24012,48.79553],[9.22232,48.81512],[9.20877,48.80392],[9.20965,48.79951],[9.21808,48.79249],[9.23397,48.78359]]]},"properties":{"plz":"70372","name":"70372 Stuttgart"}},{"type":"Feature","geometry":{"type":"Polygon","coordinates":[[[9.24661,48.79575],[9.25524,48.80045],[9.25675,48.81208],[9.2531,48.81942],[9.24138,48.82625],[9.2323,48.82425],[9.23751,48.81846],[9.222,48.82453],[9.22232,48.81512],[9.24012,48.79553],[9.24661,48.79575]]]},"properties":{"plz":"70374","name":"70374 Stuttgart"}},{"type":"Feature","geometry":{"type":"Polygon","coordinates":[[[9.20965,48.79951],[9.20877,48.80392],[9.22232,48.81512],[9.222,48.82453],[9.20824,48.82716],[9.21146,48.83753],[9.19246,48.82292],[9.18556,48.82324],[9.18312,48.81818],[9.18318,48.80982],[9.20514,48.7983],[9.20965,48.79951]]]},"properties":{"plz":"70376","name":"70376 Stuttgart"}},{"type":"Feature","geometry":{"type":"Polygon","coordinates":[[[9.24138,48.82625],[9.24595,48.83424],[9.23716,48.84199],[9.24405,48.8467],[9.23275,48.85012],[9.23038,48.8638],[9.22304,48.86511],[9.20592,48.86127],[9.20228,48.85128],[9.21146,48.83753],[9.20824,48.82716],[9.222,48.82453],[9.23751,48.81846],[9.2323,48.82425],[9.24138,48.82625]]]},"properties":{"plz":"70378","name":"70378 Stuttgart"}},{"type":"Feature","geometry":{"type":"Polygon","coordinates":[[[9.18556,48.82324],[9.17814,48.82966],[9.17528,48.84494],[9.16573,48.84428],[9.15024,48.83726],[9.13838,48.84382],[9.13372,48.84414],[9.14849,48.83653],[9.13872,48.83226],[9.13816,48.82804],[9.14048,48.81756],[9.16464,48.82508],[9.18312,48.81818],[9.18556,48.82324]]]},"properties":{"plz":"70435","name":"70435 Stuttgart"}},{"type":"Feature","geometry":{"type":"Polygon","coordinates":[[[9.21146,48.83753],[9.20228,48.85128],[9.17622,48.84752],[9.17528,48.84494],[9.17814,48.82966],[9.18556,48.82324],[9.19246,48.82292],[9.21146,48.83753]]]},"properties":{"plz":"70437","name":"70437 Stuttgart"}},{"type":"Feature","geometry":{"type":"MultiPolygon","coordinates":[[[[9.17528,48.84494],[9.17622,48.84752],[9.16014,48.85311],[9.15363,48.86072],[9.14101,48.86191],[9.13378,48.85763],[9.14316,48.84481],[9.13838,48.84382],[9.15024,48.83726],[9.16573,48.84428],[9.17528,48.84494]]],[[[9.13372,48.84414],[9.13872,48.83226],[9.14849,48.83653],[9.13372,48.84414]]]]},"properties":{"plz":"70439","name":"70439 Stuttgart"}},{"type":"Feature","geometry":{"type":"Polygon","coordinates":[[[9.18318,48.80982],[9.18312,48.81818],[9.16464,48.82508],[9.14048,48.81756],[9.12691,48.81585],[9.13381,48.80223],[9.1503,48.79825],[9.13819,48.78714],[9.14719,48.79345],[9.16744,48.80854],[9.17717,48.80758],[9.18318,48.80982]]]},"properties":{"plz":"70469","name":"70469 Stuttgart"}},{"type":"Feature","geometry":{"type":"Polygon","coordinates":[[[9.13381,48.80223],[9.12691,48.81585],[9.14048,48.81756],[9.13816,48.82804],[9.11398,48.8235],[9.09946,48.82919],[9.09355,48.83553],[9.08576,48.83094],[9.0834,48.81905],[9.07691,48.81421],[9.08737,48.80977],[9.08408,48.79678],[9.07714,48.79169],[9.09478,48.78862],[9.10299,48.78131],[9.12059,48.79775],[9.13381,48.80223]]]},"properties":{"plz":"70499","name":"70499 Stuttgart"}},{"type":"Feature","geometry":{"type":"Polygon","coordinates":[[[9.07829,48.72046],[9.08221,48.71799],[9.10147,48.72449],[9.10607,48.72176],[9.11829,48.72971],[9.12941,48.72863],[9.13213,48.7335],[9.11329,48.74064],[9.08762,48.73502],[9.09042,48.73166],[9.07829,48.72046]]]},"properties":{"plz":"70563","name":"70563 Stuttgart"}},{"type":"Feature","geometry":{"type":"Polygon","coordinates":[[[9.08221,48.71799],[9.10641,48.71051],[9.12174,48.70805],[9.14219,48.70924],[9.17303,48.70432],[9.17296,48.7049],[9.16355,48.71559],[9.14858,48.71323],[9.1321,48.72028],[9.12941,48.72863],[9.11829,48.72971],[9.10607,48.72176],[9.10147,48.72449],[9.08221,48.71799]]]},"properties":{"plz":"70565","name":"70565 Stuttgart"}},{"type":"Feature","geometry":{"type":"Polygon","coordinates":[[[9.12941,48.72863],[9.1321,48.72028],[9.14858,48.71323],[9.16355,48.71559],[9.17296,48.7049],[9.16776,48.7162],[9.17978,48.71406],[9.1794,48.73156],[9.16675,48.73234],[9.16382,48.73735],[9.14104,48.73899],[9.13213,48.7335],[9.12941,48.72863]]]},"properties":{"plz":"70567","name":"70567 Stuttgart"}},{"type":"Feature","geometry":{"type":"Polygon","coordinates":[[[9.08316,48.76862],[9.07574,48.76733],[9.07698,48.75562],[9.06767,48.75667],[9.06729,48.74726],[9.04548,48.74683],[9.0386,48.74132],[9.05416,48.73717],[9.06662,48.73415],[9.06291,48.72762],[9.07829,48.72046],[9.09042,48.73166],[9.08762,48.73502],[9.11329,48.74064],[9.13213,48.7335],[9.14104,48.73899],[9.13655,48.74723],[9.127,48.75056],[9.12482,48.75757],[9.10172,48.76228],[9.08742,48.76182],[9.08316,48.76862]]]},"properties":{"plz":"70569","name":"70569 Stuttgart"}},{"type":"Feature","geometry":{"type":"Polygon","coordinates":[[[9.16598,48.75724],[9.14255,48.75532],[9.13655,48.74723],[9.14104,48.73899],[9.16382,48.73735],[9.16675,48.73234],[9.1794,48.73156],[9.19987,48.74442],[9.19108,48.75718],[9.17414,48.75456],[9.16598,48.75724]]]},"properties":{"plz":"70597","name":"70597 Stuttgart"}},{"type":"Feature","geometry":{"type":"Polygon","coordinates":[[[9.17303,48.70432],[9.18708,48.69782],[9.20158,48.69265],[9.22602,48.69244],[9.24495,48.69456],[9.24491,48.69467],[9.23942,48.69708],[9.23989,48.71121],[9.23045,48.70966],[9.21164,48.72667],[9.19987,48.74442],[9.1794,48.73156],[9.17978,48.71406],[9.16776,48.7162],[9.17296,48.7049],[9.17303,48.70432]]]},"properties":{"plz":"70599","name":"70599 Stuttgart"}},{"type":"Feature","geometry":{"type":"Polygon","coordinates":[[[9.19108,48.75718],[9.19987,48.74442],[9.21164,48.72667],[9.21524,48.73192],[9.23926,48.73711],[9.24522,48.74404],[9.24311,48.75708],[9.22768,48.75227],[9.20492,48.75475],[9.19108,48.75718]]]},"properties":{"plz":"70619","name":"70619 Stuttgart"}},{"type":"Feature","geometry":{"type":"Polygon","coordinates":[[[9.18708,48.69782],[9.18059,48.69378],[9.1909,48.68142],[9.21351,48.68144],[9.21006,48.68762],[9.22602,48.69244],[9.20158,48.69265],[9.18708,48.69782]]]},"properties":{"plz":"70629","name":"70629 Stuttgart/Leinfelden-Echterdingen"}},{"type":"Feature","geometry":{"type":"Polygon","coordinates":[[[9.28863,48.78762],[9.2985,48.78639],[9.29958,48.77879],[9.31555,48.77862],[9.3197,48.78343],[9.30615,48.78541],[9.3036,48.79848],[9.3053,48.81475],[9.28818,48.8186],[9.25675,48.81208],[9.25524,48.80045],[9.24661,48.79575],[9.25138,48.79271],[9.27329,48.79422],[9.27333,48.78936],[9.29007,48.79167],[9.28863,48.78762]]]},"properties":{"plz":"70734","name":"70734 Fellbach"}},{"type":"Feature","geometry":{"type":"Polygon","coordinates":[[[9.25675,48.81208],[9.28818,48.8186],[9.28753,48.83828],[9.29175,48.84284],[9.29447,48.85014],[9.2759,48.85993],[9.25477,48.86087],[9.24405,48.8467],[9.23716,48.84199],[9.24595,48.83424],[9.24138,48.82625],[9.2531,48.81942],[9.25675,48.81208]]]},"properties":{"plz":"70736","name":"70736 Fellbach"}},{"type":"Feature","geometry":{"type":"Polygon","coordinates":[[[9.10641,48.71051],[9.09395,48.70581],[9.10539,48.70226],[9.1034,48.69801],[9.11281,48.68996],[9.08769,48.68364],[9.08527,48.67536],[9.08818,48.67359],[9.09605,48.68058],[9.12805,48.67679],[9.12386,48.67265],[9.1459,48.66448],[9.15747,48.65171],[9.16218,48.64605],[9.15974,48.65347],[9.18004,48.66387],[9.18898,48.67243],[9.1909,48.68142],[9.18059,48.69378],[9.18708,48.69782],[9.17303,48.70432],[9.14219,48.70924],[9.12174,48.70805],[9.10641,48.71051]]]},"properties":{"plz":"70771","name":"70771 Leinfelden-Echterdingen"}},{"type":"Feature","geometry":{"type":"Polygon","coordinates":[[[9.22602,48.69244],[9.21006,48.68762],[9.21351,48.68144],[9.1909,48.68142],[9.18898,48.67243],[9.18004,48.66387],[9.15974,48.65347],[9.16218,48.64605],[9.17341,48.63457],[9.19095,48.63436],[9.20496,48.62624],[9.21487,48.63116],[9.22385,48.628],[9.22854,48.63866],[9.2378,48.64146],[9.25489,48.6404],[9.26254,48.65107],[9.27022,48.66385],[9.2548,48.67372],[9.24495,48.69456],[9.22602,48.69244]]]},"properties":{"plz":"70794","name":"70794 Filderstadt"}},{"type":"Feature","geometry":{"type":"Polygon","coordinates":[[[9.22304,48.86511],[9.22332,48.87774],[9.213,48.87695],[9.20598,48.88313],[9.18731,48.88256],[9.17039,48.88201],[9.16536,48.87391],[9.15234,48.87342],[9.15363,48.86072],[9.16014,48.85311],[9.17622,48.84752],[9.20228,48.85128],[9.20592,48.86127],[9.22304,48.86511]]]},"properties":{"plz":"70806","name":"70806 Kornwestheim"}},{"type":"Feature","geometry":{"type":"Polygon","coordinates":[[[9.13838,48.84382],[9.14316,48.84481],[9.13378,48.85763],[9.12119,48.86828],[9.097,48.86824],[9.08215,48.86007],[9.05368,48.858],[9.04943,48.8534],[9.06019,48.84107],[9.08164,48.84175],[9.09355,48.83553],[9.09946,48.82919],[9.11398,48.8235],[9.13816,48.82804],[9.13872,48.83226],[9.13372,48.84414],[9.13838,48.84382]]]},"properties":{"plz":"70825","name":"70825 Korntal-Münchingen"}},{"type":"Feature","geometry":{"type":"Polygon","coordinates":[[[9.07714,48.79169],[9.08408,48.79678],[9.08737,48.80977],[9.07691,48.81421],[9.0684,48.81605],[9.04255,48.80924],[9.03144,48.79811],[9.0429,48.7901],[9.04209,48.78344],[9.05117,48.7642],[9.06767,48.75667],[9.07698,48.75562],[9.07574,48.76733],[9.08316,48.76862],[9.08807,48.78201],[9.07515,48.78732],[9.07714,48.79169]]]},"properties":{"plz":"70839","name":"70839 Gerlingen"}},{"type":"Feature","geometry":{"type":"Polygon","coordinates":[[[9.1034,48.69801],[9.08696,48.70037],[9.07315,48.69319],[9.07245,48.69731],[9.04325,48.70376],[9.02911,48.70183],[9.00819,48.69382],[9.01112,48.6702],[9.00888,48.65976],[9.0215,48.66422],[9.03735,48.66382],[9.05785,48.66852],[9.06494,48.67367],[9.08856,48.67197],[9.08527,48.67536],[9.08769,48.68364],[9.11281,48.68996],[9.1034,48.69801]]]},"properties":{"plz":"71032","name":"71032 Böblingen"}},{"type":"Feature","geometry":{"type":"Polygon","coordinates":[[[9.00819,48.69382],[9.00418,48.69356],[8.98684,48.68741],[8.97962,48.69114],[8.96689,48.69894],[8.94965,48.6991],[8.94379,48.69291],[8.94491,48.6831],[8.93224,48.67513],[8.93897,48.67136],[8.96579,48.6716],[8.97635,48.66864],[8.98409,48.65502],[9.00832,48.65669],[9.00888,48.65976],[9.01112,48.6702],[9.00819,48.69382]]]},"properties":{"plz":"71034","name":"71034 Böblingen"}},{"type":"Feature","geometry":{"type":"Polygon","coordinates":[[[9.00418,48.69356],[9.00182,48.69891],[9.00622,48.71654],[9.00775,48.72026],[8.98137,48.71839],[8.9719,48.70859],[8.97962,48.69114],[8.98684,48.68741],[9.00418,48.69356]]]},"properties":{"plz":"71063","name":"71063 Sindelfingen"}},{"type":"Feature","geometry":{"type":"Polygon","coordinates":[[[9.07829,48.72046],[9.06291,48.72762],[9.01956,48.72392],[9.00622,48.71654],[9.00182,48.69891],[9.00418,48.69356],[9.00819,48.69382],[9.02911,48.70183],[9.04325,48.70376],[9.07245,48.69731],[9.07315,48.69319],[9.08696,48.70037],[9.1034,48.69801],[9.10539,48.70226],[9.09395,48.70581],[9.10641,48.71051],[9.08221,48.71799],[9.07829,48.72046]]]},"properties":{"plz":"71065","name":"71065 Sindelfingen"}},{"type":"Feature","geometry":{"type":"Polygon","coordinates":[[[9.05416,48.73717],[9.02085,48.73742],[9.00644,48.73567],[8.98978,48.72531],[8.98074,48.72683],[8.98137,48.71839],[9.00775,48.72026],[9.00622,48.71654],[9.01956,48.72392],[9.06291,48.72762],[9.06662,48.73415],[9.05416,48.73717]]]},"properties":{"plz":"71067","name":"71067 Sindelfingen"}},{"type":"Feature","geometry":{"type":"MultiPolygon","coordinates":[[[[9.04548,48.74683],[9.03554,48.7468],[9.02085,48.73742],[9.05416,48.73717],[9.0386,48.74132],[9.04548,48.74683]]],[[[8.97962,48.69114],[8.9719,48.70859],[8.98137,48.71839],[8.98074,48.72683],[8.98978,48.72531],[9.00644,48.73567],[8.97707,48.72909],[8.97212,48.73155],[8.93812,48.72852],[8.93513,48.71927],[8.94186,48.70974],[8.92411,48.6987],[8.90649,48.69648],[8.90987,48.68563],[8.92665,48.68475],[8.9263,48.67543],[8.93224,48.67513],[8.94491,48.6831],[8.94379,48.69291],[8.94965,48.6991],[8.96689,48.69894],[8.97962,48.69114]]]]},"properties":{"plz":"71069","name":"71069 Sindelfingen"}},{"type":"Feature","geometry":{"type":"Polygon","coordinates":[[[8.79563,48.63485],[8.78988,48.62909],[8.79836,48.62363],[8.80114,48.61155],[8.79501,48.60894],[8.79489,48.59415],[8.80234,48.59204],[8.79924,48.5854],[8.81246,48.58468],[8.82146,48.57456],[8.84381,48.57244],[8.85584,48.57781],[8.85857,48.56246],[8.88867,48.56066],[8.90087,48.56423],[8.91281,48.57267],[8.92859,48.56925],[8.9325,48.56439],[8.94471,48.56716],[8.93588,48.57751],[8.94895,48.5801],[8.94808,48.58612],[8.97923,48.58973],[8.98191,48.60199],[8.97627,48.59514],[8.9498,48.6084],[8.91907,48.60725],[8.91521,48.61091],[8.89238,48.6059],[8.86838,48.6171],[8.8677,48.62691],[8.85758,48.6295],[8.8492,48.63901],[8.83488,48.63545],[8.82548,48.63925],[8.80904,48.63404],[8.79563,48.63485]]]},"properties":{"plz":"71083","name":"71083 Herrenberg"}},{"type":"Feature","geometry":{"type":"Polygon","coordinates":[[[9.00888,48.65976],[9.00832,48.65669],[8.98409,48.65502],[8.98548,48.64799],[8.99738,48.63718],[9.00862,48.63254],[9.01357,48.62561],[9.01414,48.61189],[9.02225,48.60746],[9.02869,48.61189],[9.02391,48.61763],[9.03243,48.62084],[9.02877,48.63006],[9.04857,48.64174],[9.04051,48.64763],[9.02964,48.64779],[9.03272,48.65394],[9.0215,48.66422],[9.00888,48.65976]]]},"properties":{"plz":"71088","name":"71088 Holzgerlingen"}},{"type":"Feature","geometry":{"type":"Polygon","coordinates":[[[9.02225,48.60746],[9.02443,48.59815],[9.04306,48.58807],[9.05637,48.59371],[9.07884,48.58991],[9.07794,48.59807],[9.08934,48.60338],[9.08303,48.6122],[9.09118,48.61251],[9.09642,48.62178],[9.10115,48.62757],[9.08782,48.64364],[9.07297,48.64277],[9.06754,48.64787],[9.04857,48.64174],[9.02877,48.63006],[9.03243,48.62084],[9.02391,48.61763],[9.02869,48.61189],[9.02225,48.60746]]]},"properties":{"plz":"71093","name":"71093 Weil im Schönbuch"}},{"type":"Feature","geometry":{"type":"Polygon","coordinates":[[[9.08527,48.67536],[9.08856,48.67197],[9.06494,48.67367],[9.05785,48.66852],[9.03735,48.66382],[9.0215,48.66422],[9.03272,48.65394],[9.02964,48.64779],[9.04051,48.64763],[9.04857,48.64174],[9.06754,48.64787],[9.07297,48.64277],[9.08782,48.64364],[9.10262,48.65085],[9.10619,48.66472],[9.08943,48.66973],[9.08818,48.67359],[9.08527,48.67536]]]},"properties":{"plz":"71101","name":"71101 Schönaich"}},{"type":"Feature","geometry":{"type":"Polygon","coordinates":[[[9.02085,48.73742],[9.03554,48.7468],[9.03415,48.7527],[9.00666,48.75807],[8.98315,48.7552],[8.96942,48.76279],[8.96095,48.7634],[8.94307,48.75621],[8.94497,48.75173],[8.93093,48.74541],[8.94326,48.74034],[8.94114,48.73335],[8.92913,48.73506],[8.93207,48.72988],[8.93812,48.72852],[8.97212,48.73155],[8.97707,48.72909],[9.00644,48.73567],[9.02085,48.73742]]]},"properties":{"plz":"71106","name":"71106 Magstadt"}},{"type":"Feature","geometry":{"type":"Polygon","coordinates":[[[9.15747,48.65171],[9.14684,48.65039],[9.13916,48.65793],[9.11517,48.64383],[9.10262,48.65085],[9.08782,48.64364],[9.10115,48.62757],[9.09642,48.62178],[9.10744,48.62279],[9.11552,48.61487],[9.11017,48.60567],[9.1222,48.60016],[9.13143,48.60169],[9.15136,48.60488],[9.144,48.61811],[9.16723,48.62452],[9.1653,48.63297],[9.17341,48.63457],[9.16218,48.64605],[9.15747,48.65171]]]},"properties":{"plz":"71111","name":"71111 Waldenbuch"}},{"type":"Feature","geometry":{"type":"Polygon","coordinates":[[[8.8677,48.62691],[8.88057,48.63144],[8.92053,48.63652],[8.91236,48.62294],[8.92967,48.61436],[8.94641,48.61981],[8.95256,48.63467],[8.96665,48.64058],[8.94973,48.63743],[8.93974,48.64191],[8.91515,48.64325],[8.90024,48.65741],[8.88233,48.65393],[8.87561,48.66146],[8.8681,48.65889],[8.84502,48.66096],[8.8526,48.64612],[8.8492,48.63901],[8.85758,48.6295],[8.8677,48.62691]]]},"properties":{"plz":"71116","name":"71116 Gärtringen"}},{"type":"Feature","geometry":{"type":"Polygon","coordinates":[[[8.93812,48.72852],[8.93207,48.72988],[8.91083,48.72532],[8.90125,48.71692],[8.87741,48.7234],[8.86449,48.7189],[8.86619,48.71204],[8.85513,48.70683],[8.86234,48.70022],[8.87574,48.70133],[8.89501,48.71007],[8.89984,48.70918],[8.90649,48.69648],[8.92411,48.6987],[8.94186,48.70974],[8.93513,48.71927],[8.93812,48.72852]]]},"properties":{"plz":"71120","name":"71120 Grafenau"}},{"type":"Feature","geometry":{"type":"Polygon","coordinates":[[[8.82146,48.57456],[8.82447,48.5635],[8.80058,48.56299],[8.79146,48.55622],[8.79553,48.54846],[8.80807,48.54433],[8.80724,48.54],[8.83443,48.54213],[8.85137,48.53699],[8.88382,48.54109],[8.8892,48.54468],[8.88867,48.56066],[8.85857,48.56246],[8.85584,48.57781],[8.84381,48.57244],[8.82146,48.57456]]]},"properties":{"plz":"71126","name":"71126 Gäufelden"}},{"type":"Feature","geometry":{"type":"Polygon","coordinates":[[[8.90649,48.69648],[8.89984,48.70918],[8.89501,48.71007],[8.87574,48.70133],[8.86234,48.70022],[8.85108,48.68452],[8.83645,48.68305],[8.81913,48.66942],[8.81933,48.66479],[8.84211,48.66425],[8.84502,48.66096],[8.8681,48.65889],[8.87561,48.66146],[8.88233,48.65393],[8.90024,48.65741],[8.9236,48.66894],[8.9263,48.67543],[8.92665,48.68475],[8.90987,48.68563],[8.90649,48.69648]]]},"properties":{"plz":"71134","name":"71134 Aidlingen"}},{"type":"Feature","geometry":{"type":"Polygon","coordinates":[[[8.93224,48.67513],[8.9263,48.67543],[8.9236,48.66894],[8.90024,48.65741],[8.91515,48.64325],[8.93974,48.64191],[8.94973,48.63743],[8.96665,48.64058],[8.98245,48.64589],[8.98548,48.64799],[8.98409,48.65502],[8.97635,48.66864],[8.96579,48.6716],[8.93897,48.67136],[8.93224,48.67513]]]},"properties":{"plz":"71139","name":"71139 Ehningen"}},{"type":"Feature","geometry":{"type":"Polygon","coordinates":[[[9.08818,48.67359],[9.08943,48.66973],[9.10619,48.66472],[9.10262,48.65085],[9.11517,48.64383],[9.13916,48.65793],[9.14684,48.65039],[9.15747,48.65171],[9.1459,48.66448],[9.12386,48.67265],[9.12805,48.67679],[9.09605,48.68058],[9.08818,48.67359]]]},"properties":{"plz":"71144","name":"71144 Steinenbronn"}},{"type":"Feature","geometry":{"type":"Polygon","coordinates":[[[8.91907,48.60725],[8.92967,48.61436],[8.91236,48.62294],[8.92053,48.63652],[8.88057,48.63144],[8.8677,48.62691],[8.86838,48.6171],[8.89238,48.6059],[8.91521,48.61091],[8.91907,48.60725]]]},"properties":{"plz":"71154","name":"71154 Nufringen"}},{"type":"Feature","geometry":{"type":"Polygon","coordinates":[[[8.97923,48.58973],[8.99305,48.58417],[9.00594,48.58843],[9.02185,48.57948],[9.03419,48.57639],[9.04306,48.58807],[9.02443,48.59815],[9.02225,48.60746],[9.01414,48.61189],[9.01357,48.62561],[9.00862,48.63254],[8.99738,48.63718],[8.98548,48.64799],[8.98245,48.64589],[8.97666,48.63149],[8.98258,48.62921],[8.97948,48.61842],[8.9896,48.60661],[8.98191,48.60199],[8.97923,48.58973]]]},"properties":{"plz":"71155","name":"71155 Altdorf"}},{"type":"Feature","geometry":{"type":"Polygon","coordinates":[[[8.98191,48.60199],[8.9896,48.60661],[8.97948,48.61842],[8.98258,48.62921],[8.97666,48.63149],[8.98245,48.64589],[8.96665,48.64058],[8.95256,48.63467],[8.94641,48.61981],[8.92967,48.61436],[8.91907,48.60725],[8.9498,48.6084],[8.97627,48.59514],[8.98191,48.60199]]]},"properties":{"plz":"71157","name":"71157 Hildrizhausen"}},{"type":"Feature","geometry":{"type":"Polygon","coordinates":[[[9.06767,48.75667],[9.05117,48.7642],[9.04209,48.78344],[9.0429,48.7901],[9.03144,48.79811],[9.04255,48.80924],[9.0461,48.81496],[9.0366,48.82577],[9.02127,48.82938],[9.00482,48.82698],[8.99206,48.8335],[8.96733,48.82925],[8.96105,48.81542],[8.96688,48.80444],[8.95801,48.79015],[8.97617,48.77227],[8.96942,48.76279],[8.98315,48.7552],[9.00666,48.75807],[9.03415,48.7527],[9.03554,48.7468],[9.04548,48.74683],[9.06729,48.74726],[9.06767,48.75667]]]},"properties":{"plz":"71229","name":"71229 Leonberg"}},{"type":"Feature","geometry":{"type":"Polygon","coordinates":[[[9.09355,48.83553],[9.08164,48.84175],[9.06019,48.84107],[9.04943,48.8534],[9.02674,48.85629],[8.99758,48.85348],[8.98573,48.86511],[8.95814,48.85456],[8.96232,48.8478],[8.95689,48.83872],[8.96599,48.82972],[8.96733,48.82925],[8.99206,48.8335],[9.00482,48.82698],[9.02127,48.82938],[9.0366,48.82577],[9.0461,48.81496],[9.04255,48.80924],[9.0684,48.81605],[9.07691,48.81421],[9.0834,48.81905],[9.08576,48.83094],[9.09355,48.83553]]]},"properties":{"plz":"71254","name":"71254 Ditzingen"}},{"type":"Feature","geometry":{"type":"Polygon","coordinates":[[[8.92913,48.73506],[8.91661,48.73646],[8.90778,48.74332],[8.906,48.76143],[8.87801,48.76261],[8.88848,48.76838],[8.87943,48.78219],[8.89707,48.79602],[8.8952,48.79809],[8.88743,48.80305],[8.86763,48.79228],[8.84726,48.79297],[8.84255,48.79951],[8.83067,48.79748],[8.81647,48.78668],[8.80456,48.7779],[8.80105,48.77211],[8.81971,48.76264],[8.83524,48.75435],[8.82938,48.73644],[8.85488,48.73452],[8.87741,48.7234],[8.90125,48.71692],[8.91083,48.72532],[8.93207,48.72988],[8.92913,48.73506]]]},"properties":{"plz":"71263","name":"71263 Weil der Stadt"}},{"type":"Feature","geometry":{"type":"Polygon","coordinates":[[[8.96942,48.76279],[8.97617,48.77227],[8.95801,48.79015],[8.91394,48.80281],[8.90507,48.80818],[8.9008,48.80174],[8.8952,48.79809],[8.89707,48.79602],[8.87943,48.78219],[8.88848,48.76838],[8.87801,48.76261],[8.906,48.76143],[8.90778,48.74332],[8.91661,48.73646],[8.92913,48.73506],[8.94114,48.73335],[8.94326,48.74034],[8.93093,48.74541],[8.94497,48.75173],[8.94307,48.75621],[8.96095,48.7634],[8.96942,48.76279]]]},"properties":{"plz":"71272","name":"71272 Renningen"}},{"type":"Feature","geometry":{"type":"Polygon","coordinates":[[[8.96733,48.82925],[8.96599,48.82972],[8.95377,48.8316],[8.92981,48.82736],[8.91352,48.81615],[8.90126,48.82056],[8.89099,48.81308],[8.89184,48.80314],[8.9008,48.80174],[8.90507,48.80818],[8.91394,48.80281],[8.95801,48.79015],[8.96688,48.80444],[8.96105,48.81542],[8.96733,48.82925]]]},"properties":{"plz":"71277","name":"71277 Rutesheim"}},{"type":"Feature","geometry":{"type":"Polygon","coordinates":[[[9.05368,48.858],[9.06391,48.86736],[9.05316,48.87594],[9.02901,48.88265],[9.00911,48.87988],[8.98573,48.86511],[8.99758,48.85348],[9.02674,48.85629],[9.04943,48.8534],[9.05368,48.858]]]},"properties":{"plz":"71282","name":"71282 Hemmingen"}},{"type":"Feature","geometry":{"type":"Polygon","coordinates":[[[8.95814,48.85456],[8.93678,48.8667],[8.92868,48.86648],[8.91955,48.8665],[8.90233,48.86047],[8.89464,48.8466],[8.87197,48.83537],[8.88569,48.83027],[8.89124,48.82292],[8.90126,48.82056],[8.91352,48.81615],[8.92981,48.82736],[8.95377,48.8316],[8.96599,48.82972],[8.95689,48.83872],[8.96232,48.8478],[8.95814,48.85456]]]},"properties":{"plz":"71287","name":"71287 Weissach"}},{"type":"Feature","geometry":{"type":"Polygon","coordinates":[[[8.78433,48.84274],[8.7784,48.84402],[8.79757,48.82976],[8.80926,48.83519],[8.81231,48.82974],[8.82742,48.82769],[8.83811,48.81652],[8.85995,48.837],[8.85786,48.84146],[8.84525,48.84014],[8.83746,48.84539],[8.83002,48.84327],[8.78433,48.84274]]]},"properties":{"plz":"71292","name":"71292 Friolzheim"}},{"type":"Feature","geometry":{"type":"Polygon","coordinates":[[[8.8952,48.79809],[8.9008,48.80174],[8.89184,48.80314],[8.89099,48.81308],[8.90126,48.82056],[8.89124,48.82292],[8.88569,48.83027],[8.87197,48.83537],[8.85995,48.837],[8.83811,48.81652],[8.84405,48.81312],[8.84255,48.79951],[8.84726,48.79297],[8.86763,48.79228],[8.88743,48.80305],[8.8952,48.79809]]]},"properties":{"plz":"71296","name":"71296 Heimsheim"}},{"type":"Feature","geometry":{"type":"Polygon","coordinates":[[[8.90233,48.86047],[8.89048,48.87426],[8.86892,48.88047],[8.85166,48.87811],[8.84417,48.87296],[8.83693,48.86697],[8.84494,48.86757],[8.85005,48.85971],[8.83832,48.86128],[8.83746,48.84539],[8.84525,48.84014],[8.85786,48.84146],[8.85995,48.837],[8.87197,48.83537],[8.89464,48.8466],[8.90233,48.86047]]]},"properties":{"plz":"71297","name":"71297 Mönsheim"}},{"type":"Feature","geometry":{"type":"Polygon","coordinates":[[[8.83746,48.84539],[8.83832,48.86128],[8.85005,48.85971],[8.84494,48.86757],[8.83693,48.86697],[8.80874,48.86232],[8.80687,48.85885],[8.78136,48.85421],[8.77659,48.8505],[8.78433,48.84274],[8.83002,48.84327],[8.83746,48.84539]]]},"properties":{"plz":"71299","name":"71299 Wimsheim"}},{"type":"Feature","geometry":{"type":"Polygon","coordinates":[[[9.3053,48.81475],[9.32574,48.81697],[9.33611,48.81076],[9.34826,48.81409],[9.33057,48.81953],[9.33355,48.82445],[9.31748,48.83076],[9.31106,48.84187],[9.29175,48.84284],[9.28753,48.83828],[9.28818,48.8186],[9.3053,48.81475]]]},"properties":{"plz":"71332","name":"71332 Waiblingen"}},{"type":"Feature","geometry":{"type":"Polygon","coordinates":[[[9.29175,48.84284],[9.31106,48.84187],[9.31748,48.83076],[9.33355,48.82445],[9.33057,48.81953],[9.34826,48.81409],[9.36554,48.81876],[9.36532,48.8243],[9.36586,48.83484],[9.34769,48.83665],[9.34649,48.84602],[9.31174,48.84334],[9.31859,48.85034],[9.30798,48.85091],[9.31154,48.86079],[9.3022,48.85721],[9.3058,48.8658],[9.30194,48.87269],[9.29405,48.86259],[9.2759,48.85993],[9.29447,48.85014],[9.29175,48.84284]]]},"properties":{"plz":"71334","name":"71334 Waiblingen"}},{"type":"Feature","geometry":{"type":"Polygon","coordinates":[[[9.34649,48.84602],[9.34326,48.85337],[9.35691,48.86045],[9.33536,48.86275],[9.32282,48.87986],[9.35355,48.89127],[9.34328,48.90559],[9.33077,48.90696],[9.31304,48.90049],[9.29798,48.89002],[9.30194,48.87269],[9.3058,48.8658],[9.3022,48.85721],[9.31154,48.86079],[9.30798,48.85091],[9.31859,48.85034],[9.31174,48.84334],[9.34649,48.84602]]]},"properties":{"plz":"71336","name":"71336 Waiblingen"}},{"type":"Feature","geometry":{"type":"Polygon","coordinates":[[[9.36212,48.88537],[9.37667,48.88065],[9.38112,48.86939],[9.36965,48.86182],[9.37273,48.85361],[9.39103,48.8517],[9.40977,48.84337],[9.42238,48.84558],[9.4257,48.84529],[9.43822,48.85616],[9.44637,48.8521],[9.45124,48.86388],[9.45864,48.86849],[9.45916,48.88278],[9.4509,48.88464],[9.45196,48.89269],[9.4503,48.89869],[9.44123,48.90149],[9.43449,48.90198],[9.41658,48.89918],[9.41421,48.88893],[9.39417,48.8821],[9.38095,48.88643],[9.37476,48.88236],[9.36212,48.88537]]]},"properties":{"plz":"71364","name":"71364 Winnenden"}},{"type":"Feature","geometry":{"type":"Polygon","coordinates":[[[9.33611,48.81076],[9.3391,48.80431],[9.35514,48.79793],[9.35837,48.79149],[9.35166,48.78167],[9.35424,48.77415],[9.36522,48.76965],[9.38664,48.7704],[9.38225,48.78217],[9.39034,48.78814],[9.40755,48.77856],[9.40792,48.77294],[9.41972,48.76316],[9.41774,48.75807],[9.43552,48.77541],[9.43814,48.78959],[9.43171,48.80015],[9.42266,48.79792],[9.42162,48.80656],[9.40651,48.81145],[9.40403,48.82577],[9.41264,48.8354],[9.40658,48.83837],[9.39414,48.83436],[9.39483,48.83015],[9.38107,48.82977],[9.37615,48.82448],[9.36532,48.8243],[9.36554,48.81876],[9.34826,48.81409],[9.33611,48.81076]]]},"properties":{"plz":"71384","name":"71384 Weinstadt"}},{"type":"Feature","geometry":{"type":"Polygon","coordinates":[[[9.31438,48.77448],[9.33584,48.76543],[9.34487,48.76756],[9.35424,48.77415],[9.35166,48.78167],[9.35837,48.79149],[9.35514,48.79793],[9.3391,48.80431],[9.33611,48.81076],[9.32574,48.81697],[9.3053,48.81475],[9.3036,48.79848],[9.30615,48.78541],[9.3197,48.78343],[9.31555,48.77862],[9.31438,48.77448]]]},"properties":{"plz":"71394","name":"71394 Kernen im Remstal"}},{"type":"Feature","geometry":{"type":"MultiPolygon","coordinates":[[[[9.35355,48.89127],[9.36212,48.88537],[9.37476,48.88236],[9.38095,48.88643],[9.39417,48.8821],[9.41421,48.88893],[9.41658,48.89918],[9.43449,48.90198],[9.42677,48.90216],[9.41036,48.91087],[9.38554,48.92142],[9.37817,48.91691],[9.3748,48.90954],[9.35939,48.90462],[9.34328,48.90559],[9.35355,48.89127]]],[[[9.45196,48.89269],[9.45684,48.89244],[9.4503,48.89869],[9.45196,48.89269]]]]},"properties":{"plz":"71397","name":"71397 Leutenbach"}},{"type":"Feature","geometry":{"type":"Polygon","coordinates":[[[9.36532,48.8243],[9.37615,48.82448],[9.38107,48.82977],[9.39483,48.83015],[9.39414,48.83436],[9.40658,48.83837],[9.41264,48.8354],[9.42048,48.83778],[9.42238,48.84558],[9.40977,48.84337],[9.39103,48.8517],[9.37273,48.85361],[9.36965,48.86182],[9.35691,48.86045],[9.34326,48.85337],[9.34649,48.84602],[9.34769,48.83665],[9.36586,48.83484],[9.36532,48.8243]]]},"properties":{"plz":"71404","name":"71404 Korb"}},{"type":"Feature","geometry":{"type":"Polygon","coordinates":[[[9.35691,48.86045],[9.36965,48.86182],[9.38112,48.86939],[9.37667,48.88065],[9.36212,48.88537],[9.35355,48.89127],[9.32282,48.87986],[9.33536,48.86275],[9.35691,48.86045]]]},"properties":{"plz":"71409","name":"71409 Schwaikheim"}},{"type":"Feature","geometry":{"type":"Polygon","coordinates":[[[9.44123,48.90149],[9.45596,48.90955],[9.45908,48.92202],[9.47047,48.92116],[9.45685,48.92513],[9.46186,48.93806],[9.48162,48.94347],[9.49244,48.95265],[9.49266,48.9616],[9.50328,48.96509],[9.49767,48.97077],[9.50883,48.9729],[9.49762,48.97351],[9.48051,48.96832],[9.45378,48.96599],[9.44633,48.97174],[9.44955,48.97977],[9.44187,48.98112],[9.44017,48.98894],[9.42749,48.99344],[9.42313,48.98708],[9.42781,48.97949],[9.42019,48.97833],[9.42601,48.96699],[9.42137,48.95838],[9.4054,48.94932],[9.39709,48.94892],[9.39398,48.95576],[9.38199,48.95644],[9.3723,48.9468],[9.37686,48.93983],[9.3888,48.94134],[9.40425,48.93601],[9.4177,48.9248],[9.41036,48.91087],[9.42677,48.90216],[9.43449,48.90198],[9.44123,48.90149]]]},"properties":{"plz":"71522","name":"71522 Backnang"}},{"type":"Feature","geometry":{"type":"Polygon","coordinates":[[[9.42749,48.99344],[9.4286,49.00167],[9.43725,49.0092],[9.42459,49.00929],[9.41836,49.02086],[9.40602,49.02553],[9.39581,49.01947],[9.38445,49.01869],[9.361,49.01557],[9.33885,49.00239],[9.32568,48.99718],[9.34815,48.99419],[9.35189,48.98914],[9.36534,48.98141],[9.37169,48.97277],[9.36004,48.96664],[9.37702,48.9634],[9.38199,48.95644],[9.39398,48.95576],[9.39709,48.94892],[9.4054,48.94932],[9.42137,48.95838],[9.42601,48.96699],[9.42019,48.97833],[9.42781,48.97949],[9.42313,48.98708],[9.42749,48.99344]]]},"properties":{"plz":"71546","name":"71546 Aspach"}},{"type":"Feature","geometry":{"type":"Polygon","coordinates":[[[9.48162,48.94347],[9.49346,48.93213],[9.51328,48.93233],[9.50947,48.92447],[9.54225,48.91982],[9.56423,48.91976],[9.55499,48.92597],[9.55678,48.93086],[9.53337,48.94008],[9.54157,48.94314],[9.54519,48.95582],[9.54034,48.95512],[9.53208,48.97118],[9.50883,48.9729],[9.49767,48.97077],[9.50328,48.96509],[9.49266,48.9616],[9.49244,48.95265],[9.48162,48.94347]]]},"properties":{"plz":"71549","name":"71549 Auenwald"}},{"type":"Feature","geometry":{"type":"Polygon","coordinates":[[[9.47047,48.92116],[9.47771,48.91144],[9.49395,48.91073],[9.49302,48.89785],[9.49581,48.90198],[9.51866,48.90335],[9.52474,48.91141],[9.54093,48.91104],[9.54225,48.91982],[9.50947,48.92447],[9.51328,48.93233],[9.49346,48.93213],[9.48162,48.94347],[9.46186,48.93806],[9.45685,48.92513],[9.47047,48.92116]]]},"properties":{"plz":"71554","name":"71554 Weissach im Tal"}},{"type":"Feature","geometry":{"type":"Polygon","coordinates":[[[9.34328,48.90559],[9.35939,48.90462],[9.3748,48.90954],[9.37817,48.91691],[9.36282,48.91053],[9.35704,48.91949],[9.36269,48.92406],[9.35143,48.93337],[9.33834,48.92816],[9.3319,48.93274],[9.31504,48.93491],[9.30775,48.92117],[9.31248,48.9135],[9.33077,48.90696],[9.34328,48.90559]]]},"properties":{"plz":"71563","name":"71563 Affalterbach"}},{"type":"Feature","geometry":{"type":"Polygon","coordinates":[[[9.54519,48.95582],[9.54157,48.94314],[9.53337,48.94008],[9.55678,48.93086],[9.55499,48.92597],[9.56423,48.91976],[9.54225,48.91982],[9.54093,48.91104],[9.52474,48.91141],[9.51866,48.90335],[9.54083,48.90297],[9.54763,48.91138],[9.56047,48.91349],[9.57088,48.91018],[9.58471,48.89749],[9.58719,48.90629],[9.59477,48.92097],[9.59622,48.93357],[9.58439,48.94796],[9.56865,48.95109],[9.56135,48.95853],[9.54519,48.95582]]]},"properties":{"plz":"71566","name":"71566 Althütte"}},{"type":"Feature","geometry":{"type":"Polygon","coordinates":[[[9.49762,48.97351],[9.49276,48.98073],[9.47995,48.98366],[9.49741,48.98445],[9.48344,48.99659],[9.48098,49.00382],[9.46781,49.00485],[9.45932,49.01141],[9.45865,49.02174],[9.45256,49.02527],[9.44388,49.01698],[9.41836,49.02086],[9.42459,49.00929],[9.43725,49.0092],[9.4286,49.00167],[9.42749,48.99344],[9.44017,48.98894],[9.44187,48.98112],[9.44955,48.97977],[9.44633,48.97174],[9.45378,48.96599],[9.48051,48.96832],[9.49762,48.97351]]]},"properties":{"plz":"71570","name":"71570 Oppenweiler"}},{"type":"Feature","geometry":{"type":"Polygon","coordinates":[[[9.4503,48.89869],[9.45684,48.89244],[9.47816,48.89268],[9.49302,48.89785],[9.49395,48.91073],[9.47771,48.91144],[9.47047,48.92116],[9.45908,48.92202],[9.45596,48.90955],[9.44123,48.90149],[9.4503,48.89869]]]},"properties":{"plz":"71573","name":"71573 Allmersbach im Tal"}},{"type":"Feature","geometry":{"type":"Polygon","coordinates":[[[9.41036,48.91087],[9.4177,48.9248],[9.40425,48.93601],[9.3888,48.94134],[9.37686,48.93983],[9.35973,48.93869],[9.35143,48.93337],[9.36269,48.92406],[9.35704,48.91949],[9.36282,48.91053],[9.37817,48.91691],[9.38554,48.92142],[9.41036,48.91087]]]},"properties":{"plz":"71576","name":"71576 Burgstetten"}},{"type":"Feature","geometry":{"type":"Polygon","coordinates":[[[9.13836,48.91994],[9.13737,48.91486],[9.15814,48.91813],[9.15591,48.90296],[9.17491,48.90219],[9.182,48.89638],[9.19786,48.89629],[9.19719,48.9019],[9.19274,48.91809],[9.18492,48.91523],[9.17215,48.92287],[9.15381,48.92377],[9.13836,48.91994]]]},"properties":{"plz":"71634","name":"71634 Ludwigsburg"}},{"type":"Feature","geometry":{"type":"Polygon","coordinates":[[[9.18731,48.88256],[9.182,48.89638],[9.17491,48.90219],[9.15591,48.90296],[9.16289,48.89682],[9.15186,48.89195],[9.15234,48.87342],[9.16536,48.87391],[9.17039,48.88201],[9.18731,48.88256]]]},"properties":{"plz":"71636","name":"71636 Ludwigsburg"}},{"type":"Feature","geometry":{"type":"Polygon","coordinates":[[[9.22332,48.87774],[9.2447,48.88618],[9.21857,48.88892],[9.21634,48.89542],[9.19786,48.89629],[9.182,48.89638],[9.18731,48.88256],[9.20598,48.88313],[9.213,48.87695],[9.22332,48.87774]]]},"properties":{"plz":"71638","name":"71638 Ludwigsburg"}},{"type":"Feature","geometry":{"type":"Polygon","coordinates":[[[9.19786,48.89629],[9.21634,48.89542],[9.21857,48.88892],[9.2447,48.88618],[9.24779,48.8885],[9.24045,48.90063],[9.22528,48.90263],[9.22076,48.90702],[9.19719,48.9019],[9.19786,48.89629]]]},"properties":{"plz":"71640","name":"71640 Ludwigsburg"}},{"type":"Feature","geometry":{"type":"Polygon","coordinates":[[[9.30775,48.92117],[9.28705,48.91846],[9.25613,48.92102],[9.24759,48.93018],[9.2251,48.92277],[9.23337,48.92899],[9.22552,48.93003],[9.19274,48.91809],[9.19719,48.9019],[9.22076,48.90702],[9.22528,48.90263],[9.24045,48.90063],[9.24779,48.8885],[9.25572,48.88849],[9.25549,48.89702],[9.2801,48.89779],[9.29474,48.90895],[9.30361,48.9101],[9.31248,48.9135],[9.30775,48.92117]]]},"properties":{"plz":"71642","name":"71642 Ludwigsburg"}},{"type":"Feature","geometry":{"type":"Polygon","coordinates":[[[8.90633,48.94456],[8.90219,48.93508],[8.906,48.92616],[8.89991,48.92364],[8.9263,48.91965],[8.91564,48.91238],[8.92378,48.91222],[8.92667,48.90274],[8.96062,48.90303],[8.95865,48.88988],[8.98164,48.88264],[8.9886,48.89282],[9.02371,48.89887],[9.03837,48.90127],[9.0326,48.91373],[9.01454,48.91543],[9.01952,48.91961],[9.01658,48.92422],[9.00195,48.92687],[8.99702,48.93326],[9.00249,48.9468],[8.98187,48.96455],[9.00225,48.96961],[8.99957,48.97578],[9.01008,48.9804],[8.99536,48.99083],[8.98482,49.00462],[8.95529,49.01156],[8.93092,49.01219],[8.90464,49.02137],[8.91911,49.00838],[8.91669,49.00532],[8.93282,48.9928],[8.92043,48.98789],[8.92045,48.98203],[8.93077,48.97128],[8.93916,48.96822],[8.94917,48.95315],[8.94607,48.94088],[8.92741,48.93674],[8.90633,48.94456]]]},"properties":{"plz":"71665","name":"71665 Vaihingen an der Enz"}},{"type":"Feature","geometry":{"type":"MultiPolygon","coordinates":[[[[9.33077,48.90696],[9.31248,48.9135],[9.30361,48.9101],[9.29997,48.90589],[9.31304,48.90049],[9.33077,48.90696]]],[[[9.35189,48.98914],[9.33917,48.9814],[9.34132,48.9689],[9.33448,48.97185],[9.31469,48.97011],[9.31711,48.96472],[9.30752,48.9618],[9.30152,48.95089],[9.30675,48.95116],[9.33068,48.95108],[9.34679,48.96528],[9.36004,48.96664],[9.37169,48.97277],[9.36534,48.98141],[9.35189,48.98914]]],[[[9.28705,48.91846],[9.28598,48.93188],[9.27547,48.94445],[9.27674,48.95124],[9.28563,48.95358],[9.2519,48.95438],[9.25008,48.95069],[9.24969,48.93305],[9.23337,48.92899],[9.2251,48.92277],[9.24759,48.93018],[9.25613,48.92102],[9.28705,48.91846]]]]},"properties":{"plz":"71672","name":"71672 Marbach am Neckar"}},{"type":"Feature","geometry":{"type":"Polygon","coordinates":[[[9.13836,48.91994],[9.12906,48.92082],[9.12651,48.90888],[9.12546,48.89828],[9.13305,48.89415],[9.14375,48.89727],[9.15186,48.89195],[9.16289,48.89682],[9.15591,48.90296],[9.15814,48.91813],[9.13737,48.91486],[9.13836,48.91994]]]},"properties":{"plz":"71679","name":"71679 Asperg"}},{"type":"Feature","geometry":{"type":"Polygon","coordinates":[[[9.24405,48.8467],[9.25477,48.86087],[9.2759,48.85993],[9.29405,48.86259],[9.30194,48.87269],[9.29798,48.89002],[9.31304,48.90049],[9.29997,48.90589],[9.30361,48.9101],[9.29474,48.90895],[9.2801,48.89779],[9.25549,48.89702],[9.25572,48.88849],[9.24779,48.8885],[9.2447,48.88618],[9.22332,48.87774],[9.22304,48.86511],[9.23038,48.8638],[9.23275,48.85012],[9.24405,48.8467]]]},"properties":{"plz":"71686","name":"71686 Remseck am Neckar"}},{"type":"Feature","geometry":{"type":"Polygon","coordinates":[[[9.19274,48.91809],[9.22552,48.93003],[9.2274,48.93965],[9.21756,48.94757],[9.22151,48.95035],[9.19661,48.94227],[9.18495,48.94496],[9.18037,48.94796],[9.16527,48.9448],[9.1514,48.94795],[9.1586,48.94341],[9.1534,48.93695],[9.15825,48.93468],[9.15837,48.93056],[9.15381,48.92377],[9.17215,48.92287],[9.18492,48.91523],[9.19274,48.91809]]]},"properties":{"plz":"71691","name":"71691 Freiberg am Neckar"}},{"type":"Feature","geometry":{"type":"Polygon","coordinates":[[[9.15363,48.86072],[9.15234,48.87342],[9.15186,48.89195],[9.14375,48.89727],[9.13305,48.89415],[9.12546,48.89828],[9.10684,48.88917],[9.1097,48.88137],[9.12283,48.87547],[9.12119,48.86828],[9.13378,48.85763],[9.14101,48.86191],[9.15363,48.86072]]]},"properties":{"plz":"71696","name":"71696 Möglingen"}},{"type":"Feature","geometry":{"type":"Polygon","coordinates":[[[9.12119,48.86828],[9.12283,48.87547],[9.1097,48.88137],[9.10684,48.88917],[9.09263,48.88737],[9.0781,48.89038],[9.03818,48.888],[9.03007,48.8898],[9.02901,48.88265],[9.05316,48.87594],[9.06391,48.86736],[9.05368,48.858],[9.08215,48.86007],[9.097,48.86824],[9.12119,48.86828]]]},"properties":{"plz":"71701","name":"71701 Schwieberdingen"}},{"type":"Feature","geometry":{"type":"Polygon","coordinates":[[[9.02371,48.89887],[9.03007,48.8898],[9.03818,48.888],[9.0781,48.89038],[9.09263,48.88737],[9.10684,48.88917],[9.12546,48.89828],[9.12651,48.90888],[9.11032,48.91402],[9.09057,48.91609],[9.08856,48.9259],[9.07518,48.92661],[9.06761,48.943],[9.04725,48.9423],[9.04802,48.93824],[9.03428,48.92948],[9.02601,48.91974],[9.01952,48.91961],[9.01454,48.91543],[9.0326,48.91373],[9.03837,48.90127],[9.02371,48.89887]]]},"properties":{"plz":"71706","name":"71706 Markgröningen"}},{"type":"Feature","geometry":{"type":"Polygon","coordinates":[[[9.32568,48.99718],[9.30961,48.98425],[9.28443,48.98599],[9.27475,48.99147],[9.2612,48.98806],[9.25754,48.99558],[9.24572,48.99535],[9.21986,48.99329],[9.22257,48.98523],[9.21524,48.97768],[9.2147,48.97669],[9.23145,48.97344],[9.23567,48.9529],[9.25008,48.95069],[9.2519,48.95438],[9.28563,48.95358],[9.30152,48.95089],[9.30752,48.9618],[9.31711,48.96472],[9.31469,48.97011],[9.33448,48.97185],[9.34132,48.9689],[9.33917,48.9814],[9.35189,48.98914],[9.34815,48.99419],[9.32568,48.99718]]]},"properties":{"plz":"71711","name":"71711 Steinheim, Murr"}},{"type":"Feature","geometry":{"type":"Polygon","coordinates":[[[9.40134,49.07008],[9.38872,49.07292],[9.38975,49.07922],[9.36763,49.07924],[9.35737,49.07536],[9.34033,49.07611],[9.34014,49.0674],[9.319,49.06515],[9.31764,49.05832],[9.30243,49.05053],[9.29501,49.05056],[9.28856,49.04262],[9.28648,49.03436],[9.29489,49.03211],[9.33366,49.03559],[9.33631,49.04069],[9.35005,49.04173],[9.36045,49.04946],[9.3785,49.05416],[9.38495,49.05917],[9.39753,49.05944],[9.40134,49.07008]]]},"properties":{"plz":"71717","name":"71717 Beilstein"}},{"type":"Feature","geometry":{"type":"Polygon","coordinates":[[[9.39753,49.05944],[9.38495,49.05917],[9.3785,49.05416],[9.36045,49.04946],[9.35005,49.04173],[9.33631,49.04069],[9.33366,49.03559],[9.29489,49.03211],[9.29634,49.02434],[9.30645,49.02154],[9.31651,49.01172],[9.33445,49.01066],[9.33885,49.00239],[9.361,49.01557],[9.38445,49.01869],[9.38038,49.02686],[9.39863,49.0329],[9.39959,49.04399],[9.41687,49.04802],[9.41079,49.06338],[9.39753,49.05944]]]},"properties":{"plz":"71720","name":"71720 Oberstenfeld"}},{"type":"Feature","geometry":{"type":"Polygon","coordinates":[[[9.33885,49.00239],[9.33445,49.01066],[9.31651,49.01172],[9.30645,49.02154],[9.29634,49.02434],[9.29489,49.03211],[9.28648,49.03436],[9.28856,49.04262],[9.28245,49.04389],[9.27685,49.03594],[9.27037,49.03778],[9.26621,49.02821],[9.2557,49.02774],[9.23627,49.02033],[9.2451,49.00713],[9.25488,49.00673],[9.24572,48.99535],[9.25754,48.99558],[9.2612,48.98806],[9.27475,48.99147],[9.28443,48.98599],[9.30961,48.98425],[9.32568,48.99718],[9.33885,49.00239]]]},"properties":{"plz":"71723","name":"71723 Großbottwar"}},{"type":"Feature","geometry":{"type":"Polygon","coordinates":[[[9.23337,48.92899],[9.24969,48.93305],[9.25008,48.95069],[9.23567,48.9529],[9.22151,48.95035],[9.21756,48.94757],[9.2274,48.93965],[9.22552,48.93003],[9.23337,48.92899]]]},"properties":{"plz":"71726","name":"71726 Benningen am Neckar"}},{"type":"Feature","geometry":{"type":"Polygon","coordinates":[[[9.31504,48.93491],[9.31523,48.94335],[9.30675,48.95116],[9.30152,48.95089],[9.28563,48.95358],[9.27674,48.95124],[9.27547,48.94445],[9.28598,48.93188],[9.28705,48.91846],[9.30775,48.92117],[9.31504,48.93491]]]},"properties":{"plz":"71729","name":"71729 Erdmannhausen"}},{"type":"Feature","geometry":{"type":"Polygon","coordinates":[[[9.15381,48.92377],[9.15837,48.93056],[9.15825,48.93468],[9.1534,48.93695],[9.13626,48.93888],[9.1187,48.92863],[9.0962,48.92426],[9.08856,48.9259],[9.09057,48.91609],[9.11032,48.91402],[9.12651,48.90888],[9.12906,48.92082],[9.13836,48.91994],[9.15381,48.92377]]]},"properties":{"plz":"71732","name":"71732 Tamm"}},{"type":"Feature","geometry":{"type":"Polygon","coordinates":[[[8.98573,48.86511],[9.00911,48.87988],[9.02901,48.88265],[9.03007,48.8898],[9.02371,48.89887],[8.9886,48.89282],[8.98164,48.88264],[8.95865,48.88988],[8.96062,48.90303],[8.92667,48.90274],[8.92378,48.91222],[8.91564,48.91238],[8.90683,48.91038],[8.91331,48.90381],[8.91247,48.89549],[8.92868,48.86648],[8.93678,48.8667],[8.95814,48.85456],[8.98573,48.86511]]]},"properties":{"plz":"71735","name":"71735 Eberdingen"}},{"type":"Feature","geometry":{"type":"Polygon","coordinates":[[[9.38199,48.95644],[9.37702,48.9634],[9.36004,48.96664],[9.34679,48.96528],[9.33068,48.95108],[9.30675,48.95116],[9.31523,48.94335],[9.31504,48.93491],[9.3319,48.93274],[9.33834,48.92816],[9.35143,48.93337],[9.35973,48.93869],[9.37686,48.93983],[9.3723,48.9468],[9.38199,48.95644]]]},"properties":{"plz":"71737","name":"71737 Kirchberg"}},{"type":"Feature","geometry":{"type":"Polygon","coordinates":[[[9.01952,48.91961],[9.02601,48.91974],[9.03428,48.92948],[9.04802,48.93824],[9.04725,48.9423],[9.04063,48.94987],[9.00249,48.9468],[8.99702,48.93326],[9.00195,48.92687],[9.01658,48.92422],[9.01952,48.91961]]]},"properties":{"plz":"71739","name":"71739 Oberriexingen"}},{"type":"Feature","geometry":{"type":"Polygon","coordinates":[[[9.01309,48.5539],[8.99543,48.5525],[8.97614,48.53972],[8.97709,48.53367],[8.96517,48.51394],[8.9973,48.51396],[8.99886,48.50641],[8.98472,48.50793],[8.97485,48.49256],[8.99052,48.48966],[9.02984,48.5044],[9.04602,48.5165],[9.0579,48.51927],[9.05729,48.5245],[9.0363,48.52926],[9.02842,48.52773],[9.0304,48.53528],[9.01309,48.5539]],[[8.97695,48.51937],[8.99695,48.521],[8.98655,48.51658],[8.97695,48.51937]]]},"properties":{"plz":"72070","name":"72070 Tübingen"}},{"type":"Feature","geometry":{"type":"Polygon","coordinates":[[[8.99052,48.48966],[8.98504,48.47979],[8.99881,48.46576],[8.9987,48.45701],[9.01472,48.45059],[9.02395,48.45285],[9.01877,48.45908],[9.05067,48.46706],[9.06122,48.47494],[9.06632,48.48578],[9.07061,48.48326],[9.07218,48.48299],[9.07653,48.50015],[9.08555,48.50239],[9.08848,48.51198],[9.1027,48.51351],[9.11157,48.52628],[9.10797,48.52989],[9.13004,48.53483],[9.12514,48.53797],[9.11413,48.53871],[9.07189,48.51785],[9.0579,48.51927],[9.04602,48.5165],[9.02984,48.5044],[8.99052,48.48966]]]},"properties":{"plz":"72072","name":"72072 Tübingen"}},{"type":"Feature","geometry":{"type":"Polygon","coordinates":[[[9.04306,48.58807],[9.03419,48.57639],[9.03192,48.5758],[9.0349,48.5634],[9.04637,48.55724],[9.0663,48.55591],[9.0746,48.54612],[9.07594,48.53485],[9.06731,48.53465],[9.05729,48.5245],[9.0579,48.51927],[9.07189,48.51785],[9.11413,48.53871],[9.12514,48.53797],[9.13107,48.54426],[9.11801,48.55665],[9.12544,48.5666],[9.12584,48.58211],[9.09398,48.57856],[9.09478,48.58544],[9.07884,48.58991],[9.05637,48.59371],[9.04306,48.58807]]]},"properties":{"plz":"72074","name":"72074 Tübingen"}},{"type":"Feature","geometry":{"type":"Polygon","coordinates":[[[9.05729,48.5245],[9.06731,48.53465],[9.07594,48.53485],[9.0746,48.54612],[9.0663,48.55591],[9.04637,48.55724],[9.0349,48.5634],[9.03192,48.5758],[9.0296,48.5699],[9.01545,48.55972],[9.01309,48.5539],[9.0304,48.53528],[9.02842,48.52773],[9.0363,48.52926],[9.05729,48.5245]]]},"properties":{"plz":"72076","name":"72076 Tübingen"}},{"type":"Feature","geometry":{"type":"Polygon","coordinates":[[[8.88867,48.56066],[8.8892,48.54468],[8.88382,48.54109],[8.89539,48.53922],[8.89604,48.53027],[8.90806,48.53098],[8.92227,48.53691],[8.93952,48.52662],[8.94207,48.51795],[8.95858,48.52098],[8.96517,48.51394],[8.97709,48.53367],[8.97614,48.53972],[8.99543,48.5525],[9.01309,48.5539],[9.01545,48.55972],[9.0296,48.5699],[9.03192,48.5758],[9.03419,48.57639],[9.02185,48.57948],[9.00594,48.58843],[8.99305,48.58417],[8.97923,48.58973],[8.94808,48.58612],[8.94895,48.5801],[8.93588,48.57751],[8.94471,48.56716],[8.9325,48.56439],[8.92859,48.56925],[8.91281,48.57267],[8.90087,48.56423],[8.88867,48.56066]]]},"properties":{"plz":"72119","name":"72119 Ammerbuch"}},{"type":"Feature","geometry":{"type":"Polygon","coordinates":[[[9.12544,48.5666],[9.13981,48.56298],[9.15111,48.55329],[9.15094,48.54547],[9.1714,48.54952],[9.19448,48.5562],[9.20642,48.55266],[9.22082,48.55583],[9.21428,48.56153],[9.22212,48.56652],[9.2079,48.5731],[9.20798,48.58076],[9.20735,48.58124],[9.19634,48.58217],[9.17209,48.5775],[9.14414,48.58204],[9.1581,48.57676],[9.15319,48.57326],[9.14078,48.57944],[9.12584,48.58211],[9.12544,48.5666]]]},"properties":{"plz":"72124","name":"72124 Pliezhausen"}},{"type":"Feature","geometry":{"type":"Polygon","coordinates":[[[9.07218,48.48299],[9.09241,48.47541],[9.091,48.47065],[9.11659,48.47265],[9.12578,48.47094],[9.12019,48.4754],[9.13494,48.48571],[9.13401,48.49588],[9.14816,48.5001],[9.13614,48.50546],[9.13782,48.52171],[9.14236,48.52383],[9.13004,48.53483],[9.10797,48.52989],[9.11157,48.52628],[9.1027,48.51351],[9.08848,48.51198],[9.08555,48.50239],[9.07653,48.50015],[9.07218,48.48299]]]},"properties":{"plz":"72127","name":"72127 Kusterdingen"}},{"type":"Feature","geometry":{"type":"Polygon","coordinates":[[[9.07884,48.58991],[9.09478,48.58544],[9.09398,48.57856],[9.12584,48.58211],[9.13143,48.60169],[9.1222,48.60016],[9.11017,48.60567],[9.11552,48.61487],[9.10744,48.62279],[9.09642,48.62178],[9.09118,48.61251],[9.08303,48.6122],[9.08934,48.60338],[9.07794,48.59807],[9.07884,48.58991]]]},"properties":{"plz":"72135","name":"72135 Dettenhausen"}},{"type":"Feature","geometry":{"type":"Polygon","coordinates":[[[9.13004,48.53483],[9.14236,48.52383],[9.15576,48.52733],[9.16448,48.52298],[9.17346,48.52751],[9.17411,48.5427],[9.16376,48.54207],[9.1714,48.54952],[9.15094,48.54547],[9.15111,48.55329],[9.13981,48.56298],[9.12544,48.5666],[9.11801,48.55665],[9.13107,48.54426],[9.12514,48.53797],[9.13004,48.53483]]]},"properties":{"plz":"72138","name":"72138 Kirchentellinsfurt"}},{"type":"Feature","geometry":{"type":"Polygon","coordinates":[[[9.13143,48.60169],[9.12584,48.58211],[9.14078,48.57944],[9.15319,48.57326],[9.1581,48.57676],[9.14414,48.58204],[9.17209,48.5775],[9.19634,48.58217],[9.20735,48.58124],[9.19764,48.59057],[9.20662,48.59743],[9.20295,48.60402],[9.18576,48.59828],[9.18132,48.60456],[9.15136,48.60488],[9.13143,48.60169]]]},"properties":{"plz":"72141","name":"72141 Walddorfhäslach"}},{"type":"Feature","geometry":{"type":"Polygon","coordinates":[[[8.79563,48.63485],[8.79082,48.63828],[8.80153,48.64386],[8.79706,48.647],[8.79866,48.65872],[8.81933,48.66479],[8.81913,48.66942],[8.80184,48.68006],[8.78996,48.67316],[8.76654,48.67307],[8.7659,48.66433],[8.75693,48.65603],[8.74424,48.65499],[8.74322,48.64798],[8.72776,48.66116],[8.72526,48.65469],[8.7036,48.65468],[8.69916,48.65051],[8.6497,48.6456],[8.64117,48.64216],[8.64359,48.63441],[8.65168,48.63008],[8.65699,48.62915],[8.67186,48.64198],[8.67431,48.63026],[8.70016,48.62297],[8.71374,48.60411],[8.728,48.60305],[8.74644,48.59611],[8.75156,48.60224],[8.76212,48.60333],[8.79489,48.59415],[8.79501,48.60894],[8.80114,48.61155],[8.79836,48.62363],[8.78988,48.62909],[8.79563,48.63485]]]},"properties":{"plz":"72218","name":"72218 Wildberg"}},{"type":"Feature","geometry":{"type":"Polygon","coordinates":[[[9.24479,48.54484],[9.23855,48.5344],[9.25513,48.51822],[9.25266,48.51021],[9.27395,48.50924],[9.28053,48.50198],[9.29645,48.49454],[9.29796,48.49858],[9.30951,48.49257],[9.32001,48.49623],[9.33391,48.51261],[9.34545,48.51148],[9.3393,48.51855],[9.32708,48.51263],[9.31799,48.52358],[9.31889,48.53483],[9.32707,48.5412],[9.31832,48.55401],[9.31396,48.56216],[9.28954,48.55873],[9.27497,48.55394],[9.25044,48.55014],[9.24479,48.54484]]]},"properties":{"plz":"72555","name":"72555 Metzingen"}},{"type":"Feature","geometry":{"type":"Polygon","coordinates":[[[9.34545,48.51148],[9.35421,48.50467],[9.36725,48.50844],[9.37866,48.51733],[9.40274,48.52576],[9.37907,48.53452],[9.36935,48.53435],[9.36086,48.54373],[9.3514,48.54316],[9.33961,48.54922],[9.32707,48.5412],[9.31889,48.53483],[9.31799,48.52358],[9.32708,48.51263],[9.3393,48.51855],[9.34545,48.51148]]]},"properties":{"plz":"72581","name":"72581 Dettingen an der Erms"}},{"type":"Feature","geometry":{"type":"Polygon","coordinates":[[[9.47429,48.49917],[9.48322,48.50534],[9.47358,48.51347],[9.46611,48.51612],[9.47924,48.52719],[9.48901,48.52746],[9.48268,48.53518],[9.46529,48.53931],[9.46377,48.54433],[9.45089,48.54662],[9.43977,48.54013],[9.4263,48.54378],[9.4184,48.53623],[9.42026,48.5335],[9.42786,48.53317],[9.42723,48.51749],[9.44063,48.52296],[9.45145,48.51326],[9.44479,48.50519],[9.47429,48.49917]]]},"properties":{"plz":"72582","name":"72582 Grabenstetten"}},{"type":"Feature","geometry":{"type":"Polygon","coordinates":[[[9.42026,48.5335],[9.4184,48.53623],[9.40864,48.53902],[9.39414,48.5308],[9.37907,48.53452],[9.40274,48.52576],[9.37866,48.51733],[9.38925,48.50737],[9.39664,48.51639],[9.41037,48.51088],[9.40817,48.50532],[9.41896,48.50489],[9.41367,48.5104],[9.42512,48.51077],[9.41727,48.51951],[9.42211,48.52345],[9.42026,48.5335]]]},"properties":{"plz":"72584","name":"72584 Hülben"}},{"type":"Feature","geometry":{"type":"Polygon","coordinates":[[[9.28954,48.55873],[9.28978,48.56551],[9.28086,48.56846],[9.26692,48.56571],[9.25442,48.56832],[9.24651,48.56168],[9.25103,48.55254],[9.23959,48.55159],[9.24479,48.54484],[9.25044,48.55014],[9.27497,48.55394],[9.28954,48.55873]]]},"properties":{"plz":"72585","name":"72585 Riederich"}},{"type":"Feature","geometry":{"type":"Polygon","coordinates":[[[9.28558,48.64216],[9.29416,48.63495],[9.28159,48.6303],[9.28048,48.62317],[9.28984,48.62322],[9.29618,48.61184],[9.28383,48.60796],[9.28568,48.5994],[9.28813,48.59759],[9.29808,48.59527],[9.31507,48.59855],[9.32105,48.59374],[9.3204,48.57937],[9.33299,48.58047],[9.33157,48.58603],[9.35179,48.594],[9.35289,48.60218],[9.36835,48.60252],[9.38233,48.59271],[9.40069,48.5969],[9.39285,48.60109],[9.4109,48.60763],[9.40498,48.6154],[9.4169,48.6173],[9.40582,48.61957],[9.39495,48.63433],[9.37302,48.6336],[9.36085,48.63899],[9.35376,48.64751],[9.35197,48.65103],[9.33117,48.64994],[9.31852,48.65481],[9.30988,48.65241],[9.31032,48.64552],[9.2929,48.64869],[9.28558,48.64216]]]},"properties":{"plz":"72622","name":"72622 Nürtingen"}},{"type":"Feature","geometry":{"type":"Polygon","coordinates":[[[9.17341,48.63457],[9.1653,48.63297],[9.16723,48.62452],[9.144,48.61811],[9.15136,48.60488],[9.18132,48.60456],[9.19251,48.60724],[9.21244,48.62215],[9.21836,48.61539],[9.23888,48.61351],[9.24983,48.62117],[9.28048,48.62317],[9.28159,48.6303],[9.29416,48.63495],[9.28558,48.64216],[9.26254,48.65107],[9.25489,48.6404],[9.2378,48.64146],[9.22854,48.63866],[9.22385,48.628],[9.21487,48.63116],[9.20496,48.62624],[9.19095,48.63436],[9.17341,48.63457]]]},"properties":{"plz":"72631","name":"72631 Aichtal"}},{"type":"Feature","geometry":{"type":"Polygon","coordinates":[[[9.3204,48.57937],[9.31735,48.57813],[9.32196,48.57077],[9.33721,48.57055],[9.34206,48.57757],[9.37322,48.57224],[9.39059,48.58072],[9.39162,48.58835],[9.40069,48.5969],[9.38233,48.59271],[9.36835,48.60252],[9.35289,48.60218],[9.35179,48.594],[9.33157,48.58603],[9.33299,48.58047],[9.3204,48.57937]]]},"properties":{"plz":"72636","name":"72636 Frickenhausen"}},{"type":"Feature","geometry":{"type":"Polygon","coordinates":[[[9.32707,48.5412],[9.33961,48.54922],[9.3514,48.54316],[9.36086,48.54373],[9.36935,48.53435],[9.37907,48.53452],[9.39414,48.5308],[9.40864,48.53902],[9.40264,48.55281],[9.40825,48.5567],[9.39235,48.55878],[9.38591,48.56679],[9.37322,48.57224],[9.34206,48.57757],[9.33721,48.57055],[9.3516,48.56524],[9.35096,48.55946],[9.33923,48.55045],[9.31832,48.55401],[9.32707,48.5412]]]},"properties":{"plz":"72639","name":"72639 Neuffen"}},{"type":"Feature","geometry":{"type":"Polygon","coordinates":[[[9.39495,48.63433],[9.40028,48.63867],[9.39401,48.64789],[9.39461,48.65311],[9.3779,48.65373],[9.3643,48.66047],[9.35376,48.64751],[9.36085,48.63899],[9.37302,48.6336],[9.39495,48.63433]]]},"properties":{"plz":"72644","name":"72644 Oberboihingen"}},{"type":"Feature","geometry":{"type":"Polygon","coordinates":[[[9.26254,48.65107],[9.28558,48.64216],[9.2929,48.64869],[9.31032,48.64552],[9.30988,48.65241],[9.31852,48.65481],[9.31684,48.66017],[9.29094,48.66649],[9.27022,48.66385],[9.26254,48.65107]]]},"properties":{"plz":"72649","name":"72649 Wolfschlugen"}},{"type":"Feature","geometry":{"type":"Polygon","coordinates":[[[9.22212,48.56652],[9.23744,48.57847],[9.25022,48.57375],[9.2642,48.58348],[9.26364,48.59765],[9.25828,48.60288],[9.24843,48.59738],[9.23633,48.59764],[9.23403,48.59717],[9.22295,48.5864],[9.20798,48.58076],[9.2079,48.5731],[9.22212,48.56652]]]},"properties":{"plz":"72654","name":"72654 Neckartenzlingen"}},{"type":"Feature","geometry":{"type":"Polygon","coordinates":[[[9.28568,48.5994],[9.27045,48.60227],[9.26364,48.59765],[9.2642,48.58348],[9.28247,48.5821],[9.29094,48.58861],[9.29157,48.58931],[9.28813,48.59759],[9.28568,48.5994]]]},"properties":{"plz":"72655","name":"72655 Altdorf"}},{"type":"Feature","geometry":{"type":"Polygon","coordinates":[[[9.20798,48.58076],[9.22295,48.5864],[9.23403,48.59717],[9.20662,48.59743],[9.19764,48.59057],[9.20735,48.58124],[9.20798,48.58076]]]},"properties":{"plz":"72657","name":"72657 Altenriet"}},{"type":"Feature","geometry":{"type":"Polygon","coordinates":[[[9.28978,48.56551],[9.29571,48.56577],[9.30221,48.5776],[9.29157,48.58931],[9.29094,48.58861],[9.28247,48.5821],[9.2642,48.58348],[9.25022,48.57375],[9.25442,48.56832],[9.26692,48.56571],[9.28086,48.56846],[9.28978,48.56551]]]},"properties":{"plz":"72658","name":"72658 Bempflingen"}},{"type":"Feature","geometry":{"type":"Polygon","coordinates":[[[9.40069,48.5969],[9.39162,48.58835],[9.39059,48.58072],[9.37322,48.57224],[9.38591,48.56679],[9.39235,48.55878],[9.40825,48.5567],[9.41376,48.55356],[9.42035,48.56053],[9.43258,48.56256],[9.42597,48.56817],[9.42158,48.57099],[9.42116,48.58825],[9.41196,48.59442],[9.40253,48.5983],[9.4109,48.60763],[9.39285,48.60109],[9.40069,48.5969]]]},"properties":{"plz":"72660","name":"72660 Beuren"}},{"type":"Feature","geometry":{"type":"Polygon","coordinates":[[[9.31396,48.56216],[9.32196,48.57077],[9.31735,48.57813],[9.30221,48.5776],[9.29571,48.56577],[9.28978,48.56551],[9.28954,48.55873],[9.31396,48.56216]]]},"properties":{"plz":"72661","name":"72661 Grafenberg"}},{"type":"Feature","geometry":{"type":"Polygon","coordinates":[[[9.28813,48.59759],[9.29157,48.58931],[9.30221,48.5776],[9.31735,48.57813],[9.3204,48.57937],[9.32105,48.59374],[9.31507,48.59855],[9.29808,48.59527],[9.28813,48.59759]]]},"properties":{"plz":"72663","name":"72663 Großbettlingen"}},{"type":"Feature","geometry":{"type":"Polygon","coordinates":[[[9.31832,48.55401],[9.33923,48.55045],[9.35096,48.55946],[9.3516,48.56524],[9.33721,48.57055],[9.32196,48.57077],[9.31396,48.56216],[9.31832,48.55401]]]},"properties":{"plz":"72664","name":"72664 Kohlberg"}},{"type":"Feature","geometry":{"type":"Polygon","coordinates":[[[9.28048,48.62317],[9.24983,48.62117],[9.23888,48.61351],[9.253,48.61121],[9.23804,48.60545],[9.23633,48.59764],[9.24843,48.59738],[9.25828,48.60288],[9.26364,48.59765],[9.27045,48.60227],[9.28568,48.5994],[9.28383,48.60796],[9.29618,48.61184],[9.28984,48.62322],[9.28048,48.62317]]]},"properties":{"plz":"72666","name":"72666 Neckartailfingen"}},{"type":"Feature","geometry":{"type":"Polygon","coordinates":[[[9.20662,48.59743],[9.23403,48.59717],[9.23633,48.59764],[9.23804,48.60545],[9.253,48.61121],[9.23888,48.61351],[9.21836,48.61539],[9.21244,48.62215],[9.19251,48.60724],[9.18132,48.60456],[9.18576,48.59828],[9.20295,48.60402],[9.20662,48.59743]]]},"properties":{"plz":"72667","name":"72667 Schlaitdorf"}},{"type":"Feature","geometry":{"type":"Polygon","coordinates":[[[9.35376,48.64751],[9.3643,48.66047],[9.36541,48.66712],[9.35648,48.67107],[9.34325,48.67214],[9.32457,48.66869],[9.31553,48.6728],[9.30915,48.67043],[9.31684,48.66017],[9.31852,48.65481],[9.33117,48.64994],[9.35197,48.65103],[9.35376,48.64751]]]},"properties":{"plz":"72669","name":"72669 Unterensingen"}},{"type":"Feature","geometry":{"type":"Polygon","coordinates":[[[9.1898,48.51268],[9.19356,48.50793],[9.18854,48.49925],[9.20785,48.49578],[9.21201,48.49995],[9.21702,48.50925],[9.21549,48.52681],[9.21845,48.52961],[9.18907,48.52092],[9.1898,48.51268]]]},"properties":{"plz":"72760","name":"72760 Reutlingen"}},{"type":"Feature","geometry":{"type":"Polygon","coordinates":[[[9.18854,48.49925],[9.17082,48.48652],[9.17701,48.4809],[9.17268,48.46895],[9.18093,48.45961],[9.19171,48.46064],[9.19345,48.47012],[9.20359,48.46597],[9.2139,48.47395],[9.20785,48.49578],[9.18854,48.49925]]]},"properties":{"plz":"72762","name":"72762 Reutlingen"}},{"type":"Feature","geometry":{"type":"Polygon","coordinates":[[[9.20785,48.49578],[9.2139,48.47395],[9.2215,48.48303],[9.23037,48.48219],[9.23114,48.48296],[9.22741,48.49141],[9.21201,48.49995],[9.20785,48.49578]]]},"properties":{"plz":"72764","name":"72764 Reutlingen"}},{"type":"Feature","geometry":{"type":"Polygon","coordinates":[[[9.22082,48.55583],[9.22708,48.55344],[9.22833,48.54323],[9.22147,48.54004],[9.22793,48.53428],[9.21845,48.52961],[9.21549,48.52681],[9.21702,48.50925],[9.21201,48.49995],[9.22741,48.49141],[9.23114,48.48296],[9.24776,48.4932],[9.24327,48.50108],[9.25266,48.51021],[9.25513,48.51822],[9.23855,48.5344],[9.24479,48.54484],[9.23959,48.55159],[9.25103,48.55254],[9.24651,48.56168],[9.25442,48.56832],[9.25022,48.57375],[9.23744,48.57847],[9.22212,48.56652],[9.21428,48.56153],[9.22082,48.55583]]]},"properties":{"plz":"72766","name":"72766 Reutlingen"}},{"type":"Feature","geometry":{"type":"Polygon","coordinates":[[[9.1714,48.54952],[9.16376,48.54207],[9.17411,48.5427],[9.17346,48.52751],[9.16448,48.52298],[9.16979,48.51131],[9.18653,48.5155],[9.1898,48.51268],[9.18907,48.52092],[9.21845,48.52961],[9.22793,48.53428],[9.22147,48.54004],[9.22833,48.54323],[9.22708,48.55344],[9.22082,48.55583],[9.20642,48.55266],[9.19448,48.5562],[9.1714,48.54952]]]},"properties":{"plz":"72768","name":"72768 Reutlingen"}},{"type":"Feature","geometry":{"type":"Polygon","coordinates":[[[9.14742,48.41479],[9.15045,48.41877],[9.16682,48.42209],[9.17716,48.41821],[9.1903,48.4243],[9.2093,48.41959],[9.19624,48.4304],[9.18588,48.42833],[9.17021,48.43792],[9.17036,48.45616],[9.18093,48.45961],[9.17268,48.46895],[9.17701,48.4809],[9.17082,48.48652],[9.18854,48.49925],[9.19356,48.50793],[9.1898,48.51268],[9.18653,48.5155],[9.16979,48.51131],[9.15947,48.50106],[9.14816,48.5001],[9.13401,48.49588],[9.13494,48.48571],[9.12019,48.4754],[9.12578,48.47094],[9.13857,48.46897],[9.1343,48.45863],[9.13948,48.45681],[9.1197,48.44476],[9.11487,48.43515],[9.11761,48.42699],[9.14449,48.41268],[9.14742,48.41479]]]},"properties":{"plz":"72770","name":"72770 Reutlingen"}},{"type":"Feature","geometry":{"type":"Polygon","coordinates":[[[9.18093,48.45961],[9.17036,48.45616],[9.17021,48.43792],[9.18588,48.42833],[9.19624,48.4304],[9.21681,48.42464],[9.22689,48.43372],[9.2447,48.43141],[9.24122,48.43697],[9.25328,48.45029],[9.27171,48.44895],[9.28191,48.45601],[9.29118,48.44973],[9.29982,48.46133],[9.2937,48.4654],[9.29248,48.46057],[9.28017,48.46239],[9.28009,48.45561],[9.27119,48.45633],[9.25909,48.46395],[9.25312,48.47305],[9.24516,48.47359],[9.23037,48.48219],[9.2215,48.48303],[9.2139,48.47395],[9.20359,48.46597],[9.19345,48.47012],[9.19171,48.46064],[9.18093,48.45961]]]},"properties":{"plz":"72793","name":"72793 Pfullingen"}},{"type":"Feature","geometry":{"type":"Polygon","coordinates":[[[9.25266,48.51021],[9.24327,48.50108],[9.24776,48.4932],[9.23114,48.48296],[9.23037,48.48219],[9.24516,48.47359],[9.25312,48.47305],[9.25909,48.46395],[9.27119,48.45633],[9.28009,48.45561],[9.28017,48.46239],[9.29248,48.46057],[9.2937,48.4654],[9.29915,48.47004],[9.29437,48.48503],[9.32179,48.48578],[9.32001,48.49623],[9.30951,48.49257],[9.29796,48.49858],[9.29645,48.49454],[9.28053,48.50198],[9.27395,48.50924],[9.25266,48.51021]]]},"properties":{"plz":"72800","name":"72800 Eningen"}},{"type":"Feature","geometry":{"type":"Polygon","coordinates":[[[9.07061,48.48326],[9.06549,48.47204],[9.0803,48.46774],[9.07397,48.45908],[9.07536,48.44699],[9.10051,48.43518],[9.0988,48.42673],[9.11172,48.43319],[9.11761,48.42699],[9.11487,48.43515],[9.1197,48.44476],[9.13948,48.45681],[9.1343,48.45863],[9.13857,48.46897],[9.12578,48.47094],[9.11659,48.47265],[9.091,48.47065],[9.09241,48.47541],[9.07218,48.48299],[9.07061,48.48326]]]},"properties":{"plz":"72810","name":"72810 Gomaringen"}},{"type":"Feature","geometry":{"type":"Polygon","coordinates":[[[9.14816,48.5001],[9.15947,48.50106],[9.16979,48.51131],[9.16448,48.52298],[9.15576,48.52733],[9.14236,48.52383],[9.13782,48.52171],[9.13614,48.50546],[9.14816,48.5001]]]},"properties":{"plz":"72827","name":"72827 Wannweil"}},{"type":"Feature","geometry":{"type":"Polygon","coordinates":[[[9.6774,48.71414],[9.67721,48.7193],[9.69622,48.7261],[9.68696,48.74145],[9.67485,48.74276],[9.67257,48.74872],[9.66966,48.73969],[9.6715,48.7339],[9.6591,48.73378],[9.63675,48.71975],[9.62696,48.71947],[9.6038,48.71814],[9.60046,48.7117],[9.61225,48.70898],[9.60747,48.69755],[9.59688,48.69977],[9.5997,48.68511],[9.59189,48.67296],[9.59686,48.6644],[9.59168,48.65906],[9.6018,48.65587],[9.62001,48.66002],[9.62769,48.65526],[9.63359,48.6586],[9.62508,48.66385],[9.62748,48.67454],[9.63715,48.68067],[9.6677,48.68538],[9.6547,48.68935],[9.64704,48.70129],[9.6262,48.71269],[9.64828,48.7174],[9.6774,48.71414]]]},"properties":{"plz":"73035","name":"73035 Göppingen"}},{"type":"Feature","geometry":{"type":"Polygon","coordinates":[[[9.48341,48.70803],[9.49381,48.6982],[9.48817,48.68706],[9.49239,48.67877],[9.49902,48.67802],[9.50666,48.68593],[9.53816,48.69247],[9.53477,48.69676],[9.55088,48.69753],[9.57324,48.70394],[9.55463,48.71716],[9.55931,48.7211],[9.54143,48.72269],[9.53368,48.72771],[9.53407,48.73774],[9.51069,48.74923],[9.48694,48.72505],[9.4934,48.71367],[9.48341,48.70803]]]},"properties":{"plz":"73061","name":"73061 Ebersbach an der Fils"}},{"type":"Feature","geometry":{"type":"Polygon","coordinates":[[[9.6038,48.71814],[9.58753,48.72699],[9.58348,48.73441],[9.56801,48.74424],[9.57106,48.75004],[9.55593,48.74782],[9.54748,48.7403],[9.54033,48.7527],[9.5175,48.76214],[9.50626,48.75999],[9.50226,48.75311],[9.51069,48.74923],[9.53407,48.73774],[9.53368,48.72771],[9.54143,48.72269],[9.55931,48.7211],[9.55463,48.71716],[9.57324,48.70394],[9.57759,48.69834],[9.57231,48.69183],[9.57789,48.67927],[9.58391,48.67131],[9.59189,48.67296],[9.5997,48.68511],[9.59688,48.69977],[9.60747,48.69755],[9.61225,48.70898],[9.60046,48.7117],[9.6038,48.71814]]]},"properties":{"plz":"73066","name":"73066 Uhingen"}},{"type":"Feature","geometry":{"type":"Polygon","coordinates":[[[9.6018,48.65587],[9.58973,48.64638],[9.58926,48.63798],[9.57941,48.63043],[9.59456,48.61857],[9.6196,48.61978],[9.63019,48.62403],[9.62124,48.64778],[9.62769,48.65526],[9.62001,48.66002],[9.6018,48.65587]]]},"properties":{"plz":"73087","name":"73087 Bad Boll"}},{"type":"Feature","geometry":{"type":"Polygon","coordinates":[[[9.53816,48.69247],[9.55046,48.67549],[9.55858,48.67959],[9.57789,48.67927],[9.57231,48.69183],[9.57759,48.69834],[9.57324,48.70394],[9.55088,48.69753],[9.53477,48.69676],[9.53816,48.69247]]]},"properties":{"plz":"73095","name":"73095 Albershausen"}},{"type":"Feature","geometry":{"type":"Polygon","coordinates":[[[9.66966,48.73969],[9.66358,48.74513],[9.64875,48.74406],[9.63766,48.74734],[9.62098,48.74453],[9.63166,48.74008],[9.62423,48.72575],[9.62696,48.71947],[9.63675,48.71975],[9.6591,48.73378],[9.6715,48.7339],[9.66966,48.73969]]]},"properties":{"plz":"73098","name":"73098 Rechberghausen"}},{"type":"Feature","geometry":{"type":"Polygon","coordinates":[[[9.57932,48.77981],[9.57114,48.77181],[9.58731,48.76596],[9.57939,48.74873],[9.59455,48.74375],[9.60375,48.7474],[9.62048,48.74483],[9.61295,48.76285],[9.61432,48.77022],[9.58744,48.78087],[9.57932,48.77981]]]},"properties":{"plz":"73099","name":"73099 Adelberg"}},{"type":"Feature","geometry":{"type":"Polygon","coordinates":[[[9.57941,48.63043],[9.58158,48.63713],[9.55638,48.6408],[9.53489,48.63348],[9.53763,48.63097],[9.56703,48.62877],[9.59349,48.61697],[9.59456,48.61857],[9.57941,48.63043]]]},"properties":{"plz":"73101","name":"73101 Aichelberg"}},{"type":"Feature","geometry":{"type":"Polygon","coordinates":[[[9.64875,48.74406],[9.65333,48.74515],[9.65216,48.75838],[9.65862,48.76065],[9.6521,48.76487],[9.65848,48.77041],[9.62645,48.77383],[9.61432,48.77022],[9.61295,48.76285],[9.62048,48.74483],[9.62098,48.74453],[9.63766,48.74734],[9.64875,48.74406]]]},"properties":{"plz":"73104","name":"73104 Börtlingen"}},{"type":"Feature","geometry":{"type":"Polygon","coordinates":[[[9.59189,48.67296],[9.58391,48.67131],[9.57789,48.67927],[9.55858,48.67959],[9.55046,48.67549],[9.54371,48.67091],[9.54056,48.66057],[9.55453,48.65593],[9.59168,48.65906],[9.59686,48.6644],[9.59189,48.67296]]]},"properties":{"plz":"73110","name":"73110 Hattenhofen"}},{"type":"Feature","geometry":{"type":"Polygon","coordinates":[[[9.62696,48.71947],[9.62423,48.72575],[9.63166,48.74008],[9.62098,48.74453],[9.62048,48.74483],[9.60375,48.7474],[9.59455,48.74375],[9.57939,48.74873],[9.57106,48.75004],[9.56801,48.74424],[9.58348,48.73441],[9.58753,48.72699],[9.6038,48.71814],[9.62696,48.71947]]]},"properties":{"plz":"73117","name":"73117 Wangen"}},{"type":"Feature","geometry":{"type":"Polygon","coordinates":[[[9.59168,48.65906],[9.55453,48.65593],[9.55012,48.64645],[9.55638,48.6408],[9.58158,48.63713],[9.57941,48.63043],[9.58926,48.63798],[9.58973,48.64638],[9.6018,48.65587],[9.59168,48.65906]]]},"properties":{"plz":"73119","name":"73119 Zell unter Aichelberg"}},{"type":"Feature","geometry":{"type":"Polygon","coordinates":[[[9.38884,48.71869],[9.41114,48.70905],[9.43049,48.70038],[9.4447,48.70208],[9.44816,48.70256],[9.45255,48.70821],[9.44124,48.7129],[9.44607,48.7174],[9.4383,48.72566],[9.42642,48.72953],[9.41658,48.7425],[9.40384,48.73536],[9.39739,48.72597],[9.38884,48.71869]]]},"properties":{"plz":"73207","name":"73207 Plochingen"}},{"type":"Feature","geometry":{"type":"Polygon","coordinates":[[[9.4169,48.6173],[9.42922,48.61893],[9.4495,48.63234],[9.47324,48.62879],[9.47071,48.61666],[9.47978,48.6103],[9.51113,48.6093],[9.50554,48.61417],[9.50223,48.63199],[9.50898,48.63229],[9.50519,48.63971],[9.51486,48.64239],[9.50707,48.64372],[9.5079,48.65372],[9.52355,48.65816],[9.50874,48.65652],[9.50743,48.66263],[9.49164,48.66905],[9.44053,48.66208],[9.43493,48.66745],[9.42176,48.67223],[9.41605,48.66171],[9.39966,48.65737],[9.40377,48.65083],[9.39401,48.64789],[9.40028,48.63867],[9.39495,48.63433],[9.40582,48.61957],[9.4169,48.6173]]]},"properties":{"plz":"73230","name":"73230 Kirchheim unter Teck"}},{"type":"Feature","geometry":{"type":"Polygon","coordinates":[[[9.53489,48.63348],[9.51536,48.62907],[9.50898,48.63229],[9.50223,48.63199],[9.50554,48.61417],[9.51113,48.6093],[9.52535,48.59751],[9.52179,48.58644],[9.52534,48.57782],[9.53311,48.57686],[9.54097,48.57929],[9.55188,48.59181],[9.57784,48.58996],[9.59251,48.598],[9.58814,48.60436],[9.59596,48.61048],[9.59349,48.61697],[9.56703,48.62877],[9.53763,48.63097],[9.53489,48.63348]]]},"properties":{"plz":"73235","name":"73235 Weilheim an der Teck"}},{"type":"Feature","geometry":{"type":"Polygon","coordinates":[[[9.39401,48.64789],[9.40377,48.65083],[9.39966,48.65737],[9.41605,48.66171],[9.42176,48.67223],[9.40401,48.68555],[9.39012,48.68893],[9.39011,48.69047],[9.38991,48.69083],[9.37558,48.68593],[9.37043,48.67456],[9.35648,48.67107],[9.36541,48.66712],[9.3643,48.66047],[9.3779,48.65373],[9.39461,48.65311],[9.39401,48.64789]]]},"properties":{"plz":"73240","name":"73240 Wendlingen am Neckar"}},{"type":"Feature","geometry":{"type":"Polygon","coordinates":[[[9.41114,48.70905],[9.39638,48.70076],[9.38991,48.69083],[9.39011,48.69047],[9.39012,48.68893],[9.40401,48.68555],[9.42176,48.67223],[9.43493,48.66745],[9.43971,48.68006],[9.45081,48.68465],[9.44148,48.69372],[9.4447,48.70208],[9.43049,48.70038],[9.41114,48.70905]]]},"properties":{"plz":"73249","name":"73249 Wernau (Neckar)"}},{"type":"Feature","geometry":{"type":"Polygon","coordinates":[[[9.47358,48.51347],[9.47813,48.51795],[9.49784,48.51556],[9.50966,48.51794],[9.50463,48.52681],[9.531,48.51361],[9.53673,48.52047],[9.53191,48.5268],[9.55129,48.52894],[9.56922,48.53955],[9.58247,48.53899],[9.57848,48.54716],[9.56461,48.5473],[9.56034,48.55195],[9.54749,48.55434],[9.54998,48.5584],[9.53348,48.56036],[9.52062,48.55203],[9.48231,48.55442],[9.47864,48.5584],[9.48491,48.57176],[9.47424,48.58252],[9.45942,48.58305],[9.44462,48.57573],[9.44258,48.56974],[9.4363,48.56198],[9.45908,48.54988],[9.45089,48.54662],[9.46377,48.54433],[9.46529,48.53931],[9.48268,48.53518],[9.48901,48.52746],[9.47924,48.52719],[9.46611,48.51612],[9.47358,48.51347]]]},"properties":{"plz":"73252","name":"73252 Lenningen"}},{"type":"Feature","geometry":{"type":"Polygon","coordinates":[[[9.35648,48.67107],[9.37043,48.67456],[9.37558,48.68593],[9.38991,48.69083],[9.39638,48.70076],[9.37091,48.70419],[9.34704,48.70023],[9.33202,48.69033],[9.3297,48.67875],[9.31553,48.6728],[9.32457,48.66869],[9.34325,48.67214],[9.35648,48.67107]]]},"properties":{"plz":"73257","name":"73257 Köngen"}},{"type":"Feature","geometry":{"type":"Polygon","coordinates":[[[9.48694,48.72505],[9.46507,48.72871],[9.45208,48.72193],[9.4383,48.72566],[9.44607,48.7174],[9.44124,48.7129],[9.45255,48.70821],[9.44816,48.70256],[9.45471,48.70556],[9.48039,48.70468],[9.48341,48.70803],[9.4934,48.71367],[9.48694,48.72505]]]},"properties":{"plz":"73262","name":"73262 Reichenbach an der Fils"}},{"type":"Feature","geometry":{"type":"Polygon","coordinates":[[[9.4109,48.60763],[9.40253,48.5983],[9.41196,48.59442],[9.42556,48.59316],[9.44942,48.60227],[9.45135,48.59807],[9.47414,48.59939],[9.47978,48.6103],[9.47071,48.61666],[9.47324,48.62879],[9.4495,48.63234],[9.42922,48.61893],[9.4169,48.6173],[9.40498,48.6154],[9.4109,48.60763]]]},"properties":{"plz":"73265","name":"73265 Dettingen unter Teck"}},{"type":"Feature","geometry":{"type":"Polygon","coordinates":[[[9.47978,48.6103],[9.47414,48.59939],[9.47046,48.58709],[9.47424,48.58252],[9.48491,48.57176],[9.47864,48.5584],[9.48231,48.55442],[9.52062,48.55203],[9.53348,48.56036],[9.5388,48.56218],[9.54245,48.57462],[9.53311,48.57686],[9.52534,48.57782],[9.52179,48.58644],[9.52535,48.59751],[9.51113,48.6093],[9.47978,48.6103]]]},"properties":{"plz":"73266","name":"73266 Bissingen an der Teck"}},{"type":"Feature","geometry":{"type":"Polygon","coordinates":[[[9.45089,48.54662],[9.45908,48.54988],[9.4363,48.56198],[9.44258,48.56974],[9.42597,48.56817],[9.43258,48.56256],[9.42035,48.56053],[9.41376,48.55356],[9.40825,48.5567],[9.40264,48.55281],[9.40864,48.53902],[9.4184,48.53623],[9.4263,48.54378],[9.43977,48.54013],[9.45089,48.54662]]]},"properties":{"plz":"73268","name":"73268 Erkenbrechtsweiler"}},{"type":"Feature","geometry":{"type":"Polygon","coordinates":[[[9.48341,48.70803],[9.48039,48.70468],[9.45471,48.70556],[9.44816,48.70256],[9.4447,48.70208],[9.44148,48.69372],[9.45081,48.68465],[9.45975,48.68566],[9.46714,48.67939],[9.48817,48.68706],[9.49381,48.6982],[9.48341,48.70803]]]},"properties":{"plz":"73269","name":"73269 Hochdorf"}},{"type":"Feature","geometry":{"type":"Polygon","coordinates":[[[9.55638,48.6408],[9.55012,48.64645],[9.53925,48.64046],[9.52578,48.63921],[9.51486,48.64239],[9.50519,48.63971],[9.50898,48.63229],[9.51536,48.62907],[9.53489,48.63348],[9.55638,48.6408]]]},"properties":{"plz":"73271","name":"73271 Holzmaden"}},{"type":"Feature","geometry":{"type":"Polygon","coordinates":[[[9.48817,48.68706],[9.46714,48.67939],[9.45975,48.68566],[9.45081,48.68465],[9.43971,48.68006],[9.43493,48.66745],[9.44053,48.66208],[9.49164,48.66905],[9.49239,48.67877],[9.48817,48.68706]]]},"properties":{"plz":"73274","name":"73274 Notzingen"}},{"type":"Feature","geometry":{"type":"Polygon","coordinates":[[[9.54056,48.66057],[9.52355,48.65816],[9.5079,48.65372],[9.50707,48.64372],[9.51486,48.64239],[9.52578,48.63921],[9.53925,48.64046],[9.55012,48.64645],[9.55453,48.65593],[9.54056,48.66057]]]},"properties":{"plz":"73275","name":"73275 Ohmden"}},{"type":"Feature","geometry":{"type":"Polygon","coordinates":[[[9.42597,48.56817],[9.44258,48.56974],[9.44462,48.57573],[9.45942,48.58305],[9.47424,48.58252],[9.47046,48.58709],[9.47414,48.59939],[9.45135,48.59807],[9.44942,48.60227],[9.42556,48.59316],[9.41196,48.59442],[9.42116,48.58825],[9.42158,48.57099],[9.42597,48.56817]]]},"properties":{"plz":"73277","name":"73277 Owen"}},{"type":"Feature","geometry":{"type":"Polygon","coordinates":[[[9.49239,48.67877],[9.49164,48.66905],[9.50743,48.66263],[9.50874,48.65652],[9.52355,48.65816],[9.54056,48.66057],[9.54371,48.67091],[9.55046,48.67549],[9.53816,48.69247],[9.50666,48.68593],[9.49902,48.67802],[9.49239,48.67877]]]},"properties":{"plz":"73278","name":"73278 Schlierbach"}},{"type":"Feature","geometry":{"type":"Polygon","coordinates":[[[9.57106,48.75004],[9.57939,48.74873],[9.58731,48.76596],[9.57114,48.77181],[9.57932,48.77981],[9.55605,48.784],[9.55873,48.79701],[9.54552,48.81306],[9.54885,48.8183],[9.56374,48.8242],[9.55936,48.84293],[9.56759,48.85426],[9.55372,48.85033],[9.53854,48.85319],[9.53568,48.84856],[9.51392,48.85303],[9.50973,48.84317],[9.49706,48.84183],[9.47314,48.82401],[9.47746,48.82153],[9.48221,48.8231],[9.50488,48.80365],[9.49078,48.80221],[9.48784,48.78522],[9.50164,48.77541],[9.49256,48.76741],[9.50226,48.75311],[9.50626,48.75999],[9.5175,48.76214],[9.54033,48.7527],[9.54748,48.7403],[9.55593,48.74782],[9.57106,48.75004]]]},"properties":{"plz":"73614","name":"73614 Schorndorf"}},{"type":"Feature","geometry":{"type":"Polygon","coordinates":[[[9.42238,48.84558],[9.42048,48.83778],[9.41264,48.8354],[9.40403,48.82577],[9.40651,48.81145],[9.42162,48.80656],[9.42266,48.79792],[9.43171,48.80015],[9.43814,48.78959],[9.44368,48.78864],[9.44906,48.80651],[9.46256,48.80498],[9.4718,48.80985],[9.46791,48.81977],[9.47746,48.82153],[9.47314,48.82401],[9.46406,48.82038],[9.44532,48.82525],[9.4257,48.84529],[9.42238,48.84558]]]},"properties":{"plz":"73630","name":"73630 Remshalden"}},{"type":"Feature","geometry":{"type":"Polygon","coordinates":[[[9.49302,48.89785],[9.47816,48.89268],[9.48237,48.88748],[9.49915,48.88955],[9.4945,48.87576],[9.47967,48.86441],[9.48178,48.85977],[9.49599,48.86005],[9.51392,48.85303],[9.53568,48.84856],[9.53854,48.85319],[9.55372,48.85033],[9.56759,48.85426],[9.57697,48.86018],[9.592,48.85965],[9.57781,48.87165],[9.57549,48.88233],[9.58751,48.88145],[9.59835,48.88537],[9.59181,48.88995],[9.60144,48.89386],[9.58931,48.89709],[9.58719,48.90629],[9.58471,48.89749],[9.57088,48.91018],[9.56047,48.91349],[9.54763,48.91138],[9.54083,48.90297],[9.51866,48.90335],[9.49581,48.90198],[9.49302,48.89785]]]},"properties":{"plz":"73635","name":"73635 Rudersberg"}},{"type":"Feature","geometry":{"type":"Polygon","coordinates":[[[9.68258,48.90128],[9.65666,48.90069],[9.64051,48.9049],[9.64121,48.916],[9.63584,48.92362],[9.61648,48.92268],[9.60968,48.9157],[9.61369,48.89731],[9.60144,48.89386],[9.59181,48.88995],[9.59835,48.88537],[9.58751,48.88145],[9.57549,48.88233],[9.57781,48.87165],[9.592,48.85965],[9.57697,48.86018],[9.56759,48.85426],[9.55936,48.84293],[9.57944,48.85246],[9.59726,48.84848],[9.59949,48.84028],[9.61537,48.84046],[9.62322,48.84539],[9.63943,48.84194],[9.64887,48.85322],[9.64378,48.85782],[9.64498,48.87136],[9.66111,48.86966],[9.65723,48.877],[9.66824,48.89088],[9.69517,48.8928],[9.68258,48.90128]]]},"properties":{"plz":"73642","name":"73642 Welzheim"}},{"type":"Feature","geometry":{"type":"Polygon","coordinates":[[[9.43552,48.77541],[9.4452,48.77764],[9.46893,48.77302],[9.48475,48.76527],[9.49256,48.76741],[9.50164,48.77541],[9.48784,48.78522],[9.49078,48.80221],[9.50488,48.80365],[9.48221,48.8231],[9.47746,48.82153],[9.46791,48.81977],[9.4718,48.80985],[9.46256,48.80498],[9.44906,48.80651],[9.44368,48.78864],[9.43814,48.78959],[9.43552,48.77541]]]},"properties":{"plz":"73650","name":"73650 Winterbach"}},{"type":"Feature","geometry":{"type":"Polygon","coordinates":[[[9.61432,48.77022],[9.62645,48.77383],[9.61895,48.77937],[9.61982,48.78738],[9.63571,48.79622],[9.64365,48.79639],[9.64248,48.80549],[9.65056,48.80686],[9.64352,48.81911],[9.64893,48.82677],[9.64249,48.83554],[9.65202,48.83865],[9.63943,48.84194],[9.62322,48.84539],[9.61537,48.84046],[9.59949,48.84028],[9.59497,48.83257],[9.6029,48.82043],[9.59634,48.80617],[9.55873,48.79701],[9.55605,48.784],[9.57932,48.77981],[9.58744,48.78087],[9.61432,48.77022]]]},"properties":{"plz":"73655","name":"73655 Plüderhausen"}},{"type":"Feature","geometry":{"type":"Polygon","coordinates":[[[9.55873,48.79701],[9.59634,48.80617],[9.6029,48.82043],[9.59497,48.83257],[9.59949,48.84028],[9.59726,48.84848],[9.57944,48.85246],[9.55936,48.84293],[9.56374,48.8242],[9.54885,48.8183],[9.54552,48.81306],[9.55873,48.79701]]]},"properties":{"plz":"73660","name":"73660 Urbach"}},{"type":"Feature","geometry":{"type":"Polygon","coordinates":[[[9.4257,48.84529],[9.44532,48.82525],[9.46406,48.82038],[9.47314,48.82401],[9.49706,48.84183],[9.50973,48.84317],[9.51392,48.85303],[9.49599,48.86005],[9.48178,48.85977],[9.47967,48.86441],[9.4945,48.87576],[9.49915,48.88955],[9.48237,48.88748],[9.47816,48.89268],[9.45684,48.89244],[9.45196,48.89269],[9.4509,48.88464],[9.45916,48.88278],[9.45864,48.86849],[9.45124,48.86388],[9.44637,48.8521],[9.43822,48.85616],[9.4257,48.84529]]]},"properties":{"plz":"73663","name":"73663 Berglen"}},{"type":"Feature","geometry":{"type":"Polygon","coordinates":[[[9.41774,48.75807],[9.41254,48.74755],[9.41658,48.7425],[9.42642,48.72953],[9.4383,48.72566],[9.45208,48.72193],[9.46507,48.72871],[9.46499,48.75198],[9.47742,48.76549],[9.46893,48.77302],[9.4452,48.77764],[9.43552,48.77541],[9.41774,48.75807]]]},"properties":{"plz":"73666","name":"73666 Baltmannsweiler"}},{"type":"Feature","geometry":{"type":"Polygon","coordinates":[[[9.51069,48.74923],[9.50226,48.75311],[9.49256,48.76741],[9.48475,48.76527],[9.46893,48.77302],[9.47742,48.76549],[9.46499,48.75198],[9.46507,48.72871],[9.48694,48.72505],[9.51069,48.74923]]]},"properties":{"plz":"73669","name":"73669 Lichtenwald"}},{"type":"Feature","geometry":{"type":"Polygon","coordinates":[[[9.28216,48.74235],[9.30319,48.73736],[9.31704,48.72988],[9.31689,48.73778],[9.32712,48.74286],[9.30624,48.74851],[9.28216,48.74235]]]},"properties":{"plz":"73728","name":"73728 Esslingen am Neckar"}},{"type":"Feature","geometry":{"type":"Polygon","coordinates":[[[9.41658,48.7425],[9.41254,48.74755],[9.40201,48.74416],[9.38341,48.74533],[9.36845,48.74983],[9.34951,48.76201],[9.33992,48.75758],[9.35265,48.75147],[9.35645,48.74444],[9.34615,48.74746],[9.34123,48.73903],[9.32712,48.74286],[9.31689,48.73778],[9.31704,48.72988],[9.33202,48.72033],[9.33382,48.71516],[9.35377,48.71213],[9.35905,48.71314],[9.36578,48.71901],[9.36923,48.72945],[9.38197,48.73287],[9.38443,48.73977],[9.39739,48.72597],[9.40384,48.73536],[9.41658,48.7425]]]},"properties":{"plz":"73730","name":"73730 Esslingen am Neckar"}},{"type":"Feature","geometry":{"type":"Polygon","coordinates":[[[9.29729,48.77289],[9.30584,48.75904],[9.30624,48.74851],[9.32712,48.74286],[9.34123,48.73903],[9.34615,48.74746],[9.35645,48.74444],[9.35265,48.75147],[9.33992,48.75758],[9.34951,48.76201],[9.34487,48.76756],[9.33584,48.76543],[9.31438,48.77448],[9.29729,48.77289]]]},"properties":{"plz":"73732","name":"73732 Esslingen am Neckar"}},{"type":"Feature","geometry":{"type":"Polygon","coordinates":[[[9.25656,48.7414],[9.25686,48.7373],[9.27965,48.72986],[9.28216,48.74235],[9.30624,48.74851],[9.30584,48.75904],[9.29729,48.77289],[9.27284,48.76757],[9.27561,48.7565],[9.26612,48.75366],[9.25656,48.7414]]]},"properties":{"plz":"73733","name":"73733 Esslingen am Neckar"}},{"type":"Feature","geometry":{"type":"Polygon","coordinates":[[[9.28216,48.74235],[9.27965,48.72986],[9.30217,48.72376],[9.31193,48.7099],[9.31639,48.70676],[9.34274,48.70656],[9.35377,48.71213],[9.33382,48.71516],[9.33202,48.72033],[9.31704,48.72988],[9.30319,48.73736],[9.28216,48.74235]]]},"properties":{"plz":"73734","name":"73734 Esslingen am Neckar"}},{"type":"Feature","geometry":{"type":"Polygon","coordinates":[[[9.24522,48.74404],[9.23926,48.73711],[9.21524,48.73192],[9.21164,48.72667],[9.23045,48.70966],[9.23989,48.71121],[9.23942,48.69708],[9.24491,48.69467],[9.25295,48.69769],[9.28748,48.69903],[9.29992,48.69965],[9.31193,48.7099],[9.30217,48.72376],[9.27965,48.72986],[9.25686,48.7373],[9.25656,48.7414],[9.24522,48.74404]]]},"properties":{"plz":"73760","name":"73760 Ostfildern"}},{"type":"Feature","geometry":{"type":"Polygon","coordinates":[[[9.24495,48.69456],[9.2548,48.67372],[9.27022,48.66385],[9.29094,48.66649],[9.31684,48.66017],[9.30915,48.67043],[9.29875,48.6714],[9.30438,48.68219],[9.29472,48.68352],[9.28748,48.69903],[9.25295,48.69769],[9.24491,48.69467],[9.24495,48.69456]]]},"properties":{"plz":"73765","name":"73765 Neuhausen auf den Fildern"}},{"type":"Feature","geometry":{"type":"Polygon","coordinates":[[[9.31553,48.6728],[9.3297,48.67875],[9.33202,48.69033],[9.34704,48.70023],[9.37091,48.70419],[9.35905,48.71314],[9.35377,48.71213],[9.34274,48.70656],[9.31639,48.70676],[9.31193,48.7099],[9.29992,48.69965],[9.28748,48.69903],[9.29472,48.68352],[9.30438,48.68219],[9.29875,48.6714],[9.30915,48.67043],[9.31553,48.6728]]]},"properties":{"plz":"73770","name":"73770 Denkendorf"}},{"type":"Feature","geometry":{"type":"Polygon","coordinates":[[[9.35424,48.77415],[9.34487,48.76756],[9.34951,48.76201],[9.36845,48.74983],[9.38341,48.74533],[9.40201,48.74416],[9.41254,48.74755],[9.41774,48.75807],[9.41972,48.76316],[9.40792,48.77294],[9.40755,48.77856],[9.39034,48.78814],[9.38225,48.78217],[9.38664,48.7704],[9.36522,48.76965],[9.35424,48.77415]]]},"properties":{"plz":"73773","name":"73773 Aichwald"}},{"type":"Feature","geometry":{"type":"Polygon","coordinates":[[[9.39739,48.72597],[9.38443,48.73977],[9.38197,48.73287],[9.36923,48.72945],[9.36578,48.71901],[9.37148,48.71589],[9.38884,48.71869],[9.39739,48.72597]]]},"properties":{"plz":"73776","name":"73776 Altbach"}},{"type":"Feature","geometry":{"type":"Polygon","coordinates":[[[9.38884,48.71869],[9.37148,48.71589],[9.36578,48.71901],[9.35905,48.71314],[9.37091,48.70419],[9.39638,48.70076],[9.41114,48.70905],[9.38884,48.71869]]]},"properties":{"plz":"73779","name":"73779 Deizisau"}},{"type":"Feature","geometry":{"type":"Polygon","coordinates":[[[9.1514,48.94795],[9.16168,48.95288],[9.16665,48.96164],[9.1605,48.97568],[9.14865,48.97888],[9.14954,48.98367],[9.11799,48.98308],[9.10375,48.97913],[9.08954,48.98023],[9.08258,48.97281],[9.08245,48.96399],[9.09027,48.96051],[9.09451,48.95047],[9.06761,48.943],[9.07518,48.92661],[9.08856,48.9259],[9.0962,48.92426],[9.1187,48.92863],[9.13626,48.93888],[9.1534,48.93695],[9.1586,48.94341],[9.1514,48.94795]]]},"properties":{"plz":"74321","name":"74321 Bietigheim-Bissingen"}},{"type":"Feature","geometry":{"type":"Polygon","coordinates":[[[9.01008,48.9804],[9.02434,48.98241],[9.03839,48.96973],[9.04063,48.94987],[9.04725,48.9423],[9.06761,48.943],[9.09451,48.95047],[9.09027,48.96051],[9.08245,48.96399],[9.08258,48.97281],[9.08954,48.98023],[9.0586,49.0048],[9.03667,49.00486],[9.02969,49.01534],[9.01507,49.01965],[9.01752,49.02312],[9.00879,49.02155],[8.98846,49.02717],[8.98881,49.03776],[8.97133,49.04147],[8.96536,49.0347],[8.95599,49.03931],[8.93479,49.04047],[8.92827,49.03673],[8.88604,49.04487],[8.87592,49.03544],[8.90464,49.02137],[8.93092,49.01219],[8.95529,49.01156],[8.98482,49.00462],[8.99536,48.99083],[9.01008,48.9804]]]},"properties":{"plz":"74343","name":"74343 Sachsenheim"}},{"type":"Feature","geometry":{"type":"Polygon","coordinates":[[[9.14869,49.1085],[9.14571,49.1014],[9.11756,49.09762],[9.12273,49.09101],[9.12589,49.06998],[9.11552,49.06393],[9.12755,49.06281],[9.13996,49.05397],[9.15444,49.05707],[9.17441,49.05136],[9.17824,49.05872],[9.19194,49.05619],[9.19551,49.06304],[9.20875,49.06194],[9.20235,49.0711],[9.18363,49.07074],[9.17344,49.07872],[9.17813,49.08834],[9.16134,49.09289],[9.15115,49.10057],[9.14869,49.1085]]]},"properties":{"plz":"74348","name":"74348 Lauffen am Neckar"}},{"type":"Feature","geometry":{"type":"MultiPolygon","coordinates":[[[[9.1605,48.97568],[9.17741,48.97758],[9.18796,48.98612],[9.17117,48.98753],[9.17575,48.99926],[9.16908,49.00854],[9.14819,49.00474],[9.13568,49.00551],[9.1298,49.00047],[9.12391,48.99653],[9.11799,48.98308],[9.14954,48.98367],[9.14865,48.97888],[9.1605,48.97568]]],[[[9.18593,49.03047],[9.1887,49.01602],[9.19407,49.0111],[9.21848,49.01169],[9.23467,49.02255],[9.22128,49.03381],[9.21393,49.02863],[9.18593,49.03047]]]]},"properties":{"plz":"74354","name":"74354 Besigheim"}},{"type":"Feature","geometry":{"type":"Polygon","coordinates":[[[9.06404,49.04543],[9.06008,49.02527],[9.02738,49.02385],[9.03069,49.02759],[9.0165,49.02871],[9.01752,49.02312],[9.01507,49.01965],[9.02969,49.01534],[9.05032,49.01289],[9.05736,49.01649],[9.08067,49.02569],[9.09813,49.02781],[9.11147,49.03267],[9.10258,49.0234],[9.11145,49.01921],[9.10884,49.0097],[9.11662,49.00815],[9.12171,49.02119],[9.13248,49.02601],[9.1311,49.03947],[9.12365,49.05533],[9.10151,49.06251],[9.10704,49.05144],[9.08856,49.05095],[9.06404,49.04543]]]},"properties":{"plz":"74357","name":"74357 Bönnigheim"}},{"type":"Feature","geometry":{"type":"Polygon","coordinates":[[[9.319,49.06515],[9.29761,49.06025],[9.2852,49.06406],[9.27438,49.06158],[9.27241,49.06863],[9.28045,49.07829],[9.27098,49.07978],[9.25713,49.07412],[9.24885,49.08482],[9.22444,49.08339],[9.23139,49.0766],[9.21648,49.07105],[9.20235,49.0711],[9.20875,49.06194],[9.21168,49.04933],[9.22887,49.04024],[9.25408,49.03621],[9.2557,49.02774],[9.26621,49.02821],[9.27037,49.03778],[9.27685,49.03594],[9.28245,49.04389],[9.28856,49.04262],[9.29501,49.05056],[9.30243,49.05053],[9.31764,49.05832],[9.319,49.06515]]]},"properties":{"plz":"74360","name":"74360 Ilsfeld"}},{"type":"Feature","geometry":{"type":"Polygon","coordinates":[[[9.10151,49.06251],[9.12365,49.05533],[9.1311,49.03947],[9.13248,49.02601],[9.14,49.02321],[9.15106,49.02648],[9.15195,49.04898],[9.16614,49.04063],[9.17441,49.05136],[9.15444,49.05707],[9.13996,49.05397],[9.12755,49.06281],[9.11552,49.06393],[9.10151,49.06251]]]},"properties":{"plz":"74366","name":"74366 Kirchheim am Neckar"}},{"type":"Feature","geometry":{"type":"Polygon","coordinates":[[[9.11799,48.98308],[9.12391,48.99653],[9.1298,49.00047],[9.11662,49.00815],[9.10884,49.0097],[9.07316,49.00797],[9.0706,49.0013],[9.0586,49.0048],[9.08954,48.98023],[9.10375,48.97913],[9.11799,48.98308]]]},"properties":{"plz":"74369","name":"74369 Löchgau"}},{"type":"Feature","geometry":{"type":"Polygon","coordinates":[[[9.00249,48.9468],[9.04063,48.94987],[9.03839,48.96973],[9.02434,48.98241],[9.01008,48.9804],[8.99957,48.97578],[9.00225,48.96961],[8.98187,48.96455],[9.00249,48.9468]]]},"properties":{"plz":"74372","name":"74372 Sersheim"}},{"type":"Feature","geometry":{"type":"Polygon","coordinates":[[[9.16908,49.00854],[9.18136,49.00811],[9.1887,49.01602],[9.18593,49.03047],[9.17562,49.03869],[9.16614,49.04063],[9.15195,49.04898],[9.15106,49.02648],[9.1603,49.01262],[9.14819,49.00474],[9.16908,49.00854]]]},"properties":{"plz":"74376","name":"74376 Gemmrigheim"}},{"type":"Feature","geometry":{"type":"Polygon","coordinates":[[[9.18495,48.94496],[9.1881,48.95618],[9.19689,48.96045],[9.20151,48.97013],[9.2147,48.97669],[9.21524,48.97768],[9.20111,48.99376],[9.18796,48.98612],[9.17741,48.97758],[9.1605,48.97568],[9.16665,48.96164],[9.16168,48.95288],[9.1514,48.94795],[9.16527,48.9448],[9.18037,48.94796],[9.18495,48.94496]]]},"properties":{"plz":"74379","name":"74379 Ingersheim"}},{"type":"Feature","geometry":{"type":"Polygon","coordinates":[[[9.2557,49.02774],[9.25408,49.03621],[9.22887,49.04024],[9.21168,49.04933],[9.20875,49.06194],[9.19551,49.06304],[9.19194,49.05619],[9.17824,49.05872],[9.17441,49.05136],[9.16614,49.04063],[9.17562,49.03869],[9.18593,49.03047],[9.21393,49.02863],[9.22128,49.03381],[9.23467,49.02255],[9.23627,49.02033],[9.2557,49.02774]]]},"properties":{"plz":"74382","name":"74382 Neckarwestheim"}},{"type":"Feature","geometry":{"type":"Polygon","coordinates":[[[9.22151,48.95035],[9.23567,48.9529],[9.23145,48.97344],[9.2147,48.97669],[9.20151,48.97013],[9.19689,48.96045],[9.1881,48.95618],[9.18495,48.94496],[9.19661,48.94227],[9.22151,48.95035]]]},"properties":{"plz":"74385","name":"74385 Pleidelsheim"}},{"type":"Feature","geometry":{"type":"Polygon","coordinates":[[[9.0456,49.0684],[9.01553,49.06463],[9.0148,49.05636],[9.0019,49.03663],[8.98881,49.03776],[8.98846,49.02717],[9.00879,49.02155],[9.01752,49.02312],[9.0165,49.02871],[9.03069,49.02759],[9.02738,49.02385],[9.06008,49.02527],[9.06404,49.04543],[9.04323,49.04804],[9.04955,49.0578],[9.0456,49.0684]]]},"properties":{"plz":"74389","name":"74389 Cleebronn"}},{"type":"Feature","geometry":{"type":"Polygon","coordinates":[[[9.05736,49.01649],[9.07316,49.00797],[9.10884,49.0097],[9.11145,49.01921],[9.10258,49.0234],[9.11147,49.03267],[9.09813,49.02781],[9.08067,49.02569],[9.05736,49.01649]]]},"properties":{"plz":"74391","name":"74391 Erligheim"}},{"type":"Feature","geometry":{"type":"Polygon","coordinates":[[[9.0586,49.0048],[9.0706,49.0013],[9.07316,49.00797],[9.05736,49.01649],[9.05032,49.01289],[9.02969,49.01534],[9.03667,49.00486],[9.0586,49.0048]]]},"properties":{"plz":"74392","name":"74392 Freudental"}},{"type":"Feature","geometry":{"type":"Polygon","coordinates":[[[9.18796,48.98612],[9.20111,48.99376],[9.19185,49.00224],[9.19407,49.0111],[9.1887,49.01602],[9.18136,49.00811],[9.16908,49.00854],[9.17575,48.99926],[9.17117,48.98753],[9.18796,48.98612]]]},"properties":{"plz":"74394","name":"74394 Hessigheim"}},{"type":"Feature","geometry":{"type":"Polygon","coordinates":[[[9.24572,48.99535],[9.25488,49.00673],[9.2451,49.00713],[9.23627,49.02033],[9.23467,49.02255],[9.21848,49.01169],[9.19407,49.0111],[9.19185,49.00224],[9.20111,48.99376],[9.21524,48.97768],[9.22257,48.98523],[9.21986,48.99329],[9.24572,48.99535]]]},"properties":{"plz":"74395","name":"74395 Mundelsheim"}},{"type":"Feature","geometry":{"type":"Polygon","coordinates":[[[9.14819,49.00474],[9.1603,49.01262],[9.15106,49.02648],[9.14,49.02321],[9.13248,49.02601],[9.12171,49.02119],[9.11662,49.00815],[9.1298,49.00047],[9.13568,49.00551],[9.14819,49.00474]]]},"properties":{"plz":"74399","name":"74399 Walheim"}},{"type":"Feature","geometry":{"type":"Polygon","coordinates":[[[8.80874,48.86232],[8.79116,48.87203],[8.79269,48.88799],[8.77652,48.88614],[8.7748,48.89275],[8.75694,48.89935],[8.76421,48.9084],[8.75505,48.92436],[8.74061,48.92786],[8.73291,48.91062],[8.73883,48.90573],[8.73704,48.90113],[8.74579,48.89006],[8.74008,48.88562],[8.7261,48.88492],[8.73405,48.87583],[8.75539,48.86687],[8.75314,48.86468],[8.73052,48.87011],[8.71424,48.8689],[8.69944,48.87858],[8.69294,48.87391],[8.69256,48.86563],[8.68214,48.86708],[8.6743,48.85665],[8.68861,48.85502],[8.67994,48.83993],[8.69698,48.83736],[8.69786,48.83716],[8.71571,48.83124],[8.72325,48.81901],[8.74238,48.82288],[8.7498,48.82961],[8.73253,48.84412],[8.74836,48.84277],[8.74685,48.83608],[8.76897,48.83524],[8.76982,48.8478],[8.77659,48.8505],[8.78136,48.85421],[8.80687,48.85885],[8.80874,48.86232]]]},"properties":{"plz":"75181","name":"75181 Pforzheim"}},{"type":"Feature","geometry":{"type":"Polygon","coordinates":[[[8.79269,48.88799],[8.80483,48.88489],[8.82268,48.88861],[8.82682,48.89602],[8.83816,48.89976],[8.84332,48.90642],[8.83824,48.91689],[8.82302,48.92137],[8.81785,48.92159],[8.80784,48.93404],[8.7849,48.92738],[8.76313,48.92196],[8.75505,48.92436],[8.76421,48.9084],[8.75694,48.89935],[8.7748,48.89275],[8.77652,48.88614],[8.79269,48.88799]]]},"properties":{"plz":"75223","name":"75223 Niefern-Öschelbronn"}},{"type":"Feature","geometry":{"type":"Polygon","coordinates":[[[8.84255,48.79951],[8.84405,48.81312],[8.83811,48.81652],[8.82742,48.82769],[8.81231,48.82974],[8.80926,48.83519],[8.79757,48.82976],[8.7784,48.84402],[8.78433,48.84274],[8.77659,48.8505],[8.76982,48.8478],[8.76897,48.83524],[8.78768,48.8312],[8.78697,48.81824],[8.79918,48.81914],[8.81133,48.80652],[8.80092,48.79496],[8.80293,48.78759],[8.81647,48.78668],[8.83067,48.79748],[8.84255,48.79951]]]},"properties":{"plz":"75233","name":"75233 Tiefenbronn"}},{"type":"Feature","geometry":{"type":"Polygon","coordinates":[[[8.81647,48.78668],[8.80293,48.78759],[8.80092,48.79496],[8.81133,48.80652],[8.79918,48.81914],[8.78697,48.81824],[8.78768,48.8312],[8.76897,48.83524],[8.74685,48.83608],[8.74836,48.84277],[8.73253,48.84412],[8.7498,48.82961],[8.74238,48.82288],[8.72325,48.81901],[8.71571,48.83124],[8.69786,48.83716],[8.71356,48.82723],[8.71441,48.81655],[8.72177,48.81291],[8.72119,48.80446],[8.72898,48.79796],[8.74171,48.80266],[8.75667,48.79144],[8.76026,48.7824],[8.78215,48.77435],[8.79107,48.78013],[8.80456,48.7779],[8.81647,48.78668]]]},"properties":{"plz":"75242","name":"75242 Neuhausen"}},{"type":"Feature","geometry":{"type":"Polygon","coordinates":[[[8.78996,48.67316],[8.79795,48.68078],[8.80494,48.70587],[8.77314,48.71535],[8.77354,48.72022],[8.75569,48.72352],[8.75249,48.73583],[8.74862,48.73225],[8.73827,48.74373],[8.74479,48.74458],[8.74201,48.75328],[8.72908,48.76149],[8.69773,48.75915],[8.68661,48.75503],[8.69298,48.73867],[8.67409,48.7339],[8.67166,48.72689],[8.65839,48.72672],[8.67506,48.71885],[8.67144,48.7149],[8.67639,48.70411],[8.69544,48.69995],[8.70459,48.70592],[8.71353,48.7001],[8.73189,48.69577],[8.72635,48.67561],[8.73362,48.67139],[8.7255,48.66429],[8.72526,48.65469],[8.72776,48.66116],[8.74322,48.64798],[8.74424,48.65499],[8.75693,48.65603],[8.7659,48.66433],[8.76654,48.67307],[8.78996,48.67316]]]},"properties":{"plz":"75365","name":"75365 Calw"}},{"type":"Feature","geometry":{"type":"Polygon","coordinates":[[[8.80456,48.7779],[8.79107,48.78013],[8.78215,48.77435],[8.76026,48.7824],[8.75667,48.79144],[8.74171,48.80266],[8.72898,48.79796],[8.72498,48.7952],[8.71027,48.79494],[8.69134,48.78599],[8.69308,48.78],[8.67207,48.7767],[8.66647,48.77137],[8.64938,48.76912],[8.64277,48.7734],[8.63726,48.76802],[8.67422,48.76348],[8.68661,48.75503],[8.69773,48.75915],[8.72908,48.76149],[8.74201,48.75328],[8.7557,48.75816],[8.76559,48.76268],[8.77106,48.75712],[8.78418,48.75478],[8.79488,48.75166],[8.8026,48.75758],[8.81971,48.76264],[8.80105,48.77211],[8.80456,48.7779]]]},"properties":{"plz":"75378","name":"75378 Bad Liebenzell"}},{"type":"Feature","geometry":{"type":"Polygon","coordinates":[[[8.80494,48.70587],[8.82435,48.71489],[8.82175,48.73598],[8.79915,48.73876],[8.79,48.74249],[8.79488,48.75166],[8.78418,48.75478],[8.78121,48.74737],[8.76778,48.74473],[8.75941,48.74768],[8.7557,48.75816],[8.74201,48.75328],[8.74479,48.74458],[8.73827,48.74373],[8.74862,48.73225],[8.75249,48.73583],[8.75569,48.72352],[8.77354,48.72022],[8.77314,48.71535],[8.80494,48.70587]]]},"properties":{"plz":"75382","name":"75382 Althengstett"}},{"type":"Feature","geometry":{"type":"Polygon","coordinates":[[[8.85513,48.70683],[8.83513,48.70872],[8.82435,48.71489],[8.80494,48.70587],[8.79795,48.68078],[8.78996,48.67316],[8.80184,48.68006],[8.81913,48.66942],[8.83645,48.68305],[8.85108,48.68452],[8.86234,48.70022],[8.85513,48.70683]]]},"properties":{"plz":"75391","name":"75391 Gechingen"}},{"type":"Feature","geometry":{"type":"Polygon","coordinates":[[[8.8492,48.63901],[8.8526,48.64612],[8.84502,48.66096],[8.84211,48.66425],[8.81933,48.66479],[8.79866,48.65872],[8.79706,48.647],[8.80153,48.64386],[8.79082,48.63828],[8.79563,48.63485],[8.80904,48.63404],[8.82548,48.63925],[8.83488,48.63545],[8.8492,48.63901]]]},"properties":{"plz":"75392","name":"75392 Deckenpfronn"}},{"type":"Feature","geometry":{"type":"Polygon","coordinates":[[[8.87741,48.7234],[8.85488,48.73452],[8.82938,48.73644],[8.82175,48.73598],[8.82435,48.71489],[8.83513,48.70872],[8.85513,48.70683],[8.86619,48.71204],[8.86449,48.7189],[8.87741,48.7234]]]},"properties":{"plz":"75395","name":"75395 Ostelsheim"}},{"type":"Feature","geometry":{"type":"MultiPolygon","coordinates":[[[[8.81971,48.76264],[8.8026,48.75758],[8.79488,48.75166],[8.79,48.74249],[8.79915,48.73876],[8.82175,48.73598],[8.82938,48.73644],[8.83524,48.75435],[8.81971,48.76264]]],[[[8.7557,48.75816],[8.75941,48.74768],[8.76778,48.74473],[8.78121,48.74737],[8.78418,48.75478],[8.77106,48.75712],[8.76559,48.76268],[8.7557,48.75816]]]]},"properties":{"plz":"75397","name":"75397 Simmozheim"}},{"type":"Feature","geometry":{"type":"Polygon","coordinates":[[[8.90633,48.94456],[8.89565,48.95151],[8.89218,48.96589],[8.8778,48.97046],[8.87087,48.98151],[8.88056,48.9983],[8.87279,49.00023],[8.86386,48.99511],[8.84318,48.99702],[8.84011,48.98077],[8.82446,48.97137],[8.83676,48.96914],[8.83449,48.95376],[8.81387,48.94854],[8.80162,48.94956],[8.78809,48.94575],[8.77922,48.94902],[8.77232,48.94001],[8.78386,48.93449],[8.7849,48.92738],[8.80784,48.93404],[8.81785,48.92159],[8.82302,48.92137],[8.85618,48.91495],[8.85652,48.91065],[8.87674,48.90915],[8.88301,48.89723],[8.91331,48.90381],[8.90683,48.91038],[8.91564,48.91238],[8.9263,48.91965],[8.89991,48.92364],[8.906,48.92616],[8.90219,48.93508],[8.90633,48.94456]]]},"properties":{"plz":"75417","name":"75417 Mühlacker"}},{"type":"Feature","geometry":{"type":"Polygon","coordinates":[[[8.90464,49.02137],[8.89664,49.01612],[8.86922,49.01072],[8.88179,49.0008],[8.88056,48.9983],[8.87087,48.98151],[8.8778,48.97046],[8.89218,48.96589],[8.89565,48.95151],[8.90633,48.94456],[8.92741,48.93674],[8.94607,48.94088],[8.94917,48.95315],[8.93916,48.96822],[8.93077,48.97128],[8.92045,48.98203],[8.92043,48.98789],[8.93282,48.9928],[8.91669,49.00532],[8.91911,49.00838],[8.90464,49.02137]]]},"properties":{"plz":"75428","name":"75428 Illingen"}},{"type":"Feature","geometry":{"type":"Polygon","coordinates":[[[8.92868,48.86648],[8.91247,48.89549],[8.91331,48.90381],[8.88301,48.89723],[8.87674,48.90915],[8.85652,48.91065],[8.85618,48.91495],[8.82302,48.92137],[8.83824,48.91689],[8.84332,48.90642],[8.83816,48.89976],[8.82682,48.89602],[8.82268,48.88861],[8.82388,48.87983],[8.83396,48.87325],[8.84417,48.87296],[8.85166,48.87811],[8.86892,48.88047],[8.89048,48.87426],[8.90233,48.86047],[8.91955,48.8665],[8.92868,48.86648]]]},"properties":{"plz":"75446","name":"75446 Wiernsheim"}},{"type":"Feature","geometry":{"type":"Polygon","coordinates":[[[8.84417,48.87296],[8.83396,48.87325],[8.82388,48.87983],[8.82268,48.88861],[8.80483,48.88489],[8.79269,48.88799],[8.79116,48.87203],[8.80874,48.86232],[8.83693,48.86697],[8.84417,48.87296]]]},"properties":{"plz":"75449","name":"75449 Wurmberg"}}]}